Vendor,Category,Item,Price,Origin
SilentBoss239,Digital/Hacking,Hacked Pure Account,1.268163 BTC,USA/Europe
SilentVendor726,Drugs/Cannabis/Weed,Premium Grade-A Product 10g,0.992487 BTC,Poland
OmegaDirect105,Drugs/Ecstasy/Pills,Lab Ecstasy Tabs 5ct,2.432979 BTC,Poland
VenomSource815,Drugs/Stimulants/Meth,Premium Lab Meth 5g,2.864219 BTC,Czech Republic
VenomMarket709,Drugs/Prescription/Tramadol,Generic Premium Ultram 1ct,4.720707 BTC,UK
BlueStore78,Drugs/Stimulants/Speed,Quality Verified Amphetamine 500g,0.466972 BTC,Switzerland
CryptoDealer638,Drugs/Cannabis/Edibles,Quality Tested Items 14ct,2.04629 BTC,Worldwide
UltraVendor891,Drugs/Opioids/Heroin,Brown Tested Dope 5g,0.380009 BTC,Spain
DeltaMarket543,Drugs/Psychedelics/DMT,Crystal Quality DMT 1g,4.034775 BTC,Netherlands
DeltaMarket608,Fraud/Documents,Lab License Replica,7.129038 BTC,Australia
PharmaSource204,Drugs/Psychedelics/Mushrooms,Psilocybin Tested Mushrooms 5g,0.29966 BTC,Czech Republic
VenomVendor269,Drugs/Prescription/Xanax,Pressed Lab Xanax 250ct,0.83143 BTC,China
ShadowVendor954,Drugs/Stimulants/Speed,Quality Verified Amphetamine 250g,4.232992 BTC,No Info
PureMarket224,Drugs/Prescription/Tramadol,Generic Pure Ultram 7ct,0.519475 BTC,Australia
SilentMaster955,Drugs/Stimulants/Cocaine,Fishscale Verified Coke 7g,1.853954 BTC,Germany
BlueKing295,Drugs/Dissociatives/Ketamine,Research Grade Verified Ketamine 28g,4.630681 BTC,Spain
DeltaMarket608,Drugs/Stimulants/Meth,Premium Tested Meth 25g,1.377027 BTC,UK
UltraDirect809,Drugs/Stimulants/Cocaine,High Purity Tested Cocaine 14g,0.85278 BTC,Switzerland
VenomSource928,Drugs/Prescription/Xanax,Authentic Verified Xanax 10ct,4.284875 BTC,Czech Republic
DeltaStore687,Drugs/Cannabis/Hash,Premium Quality Product 28g,0.699841 BTC,Germany
EliteShop410,Drugs/Ecstasy/Pills,Blue Quality Press 5ct,4.874218 BTC,UK
AlphaStore354,Fraud/Documents,Counterfeit Verified Passport,1.547198 BTC,USA
CryptoLab868,Drugs/Cannabis/Hash,Premium Quantity 2g,2.100507 BTC,No Info
SecureBoss844,Drugs/Prescription/Xanax,Verified Benzo 500ct,6.501556 BTC,Australia
PharmaSource313,Drugs/Stimulants/Speed,Quality Grade-A Amphetamine 100g,3.576052 BTC,UK
BlackMarket588,Drugs/Cannabis/Edibles,Premium Grade-A Product 10g,3.381194 BTC,Netherlands
SpeedDealer285,Drugs/Psychedelics/LSD,High-Dose Tested Tabs 100ct,1.763295 BTC,No Info
BlueKing295,Drugs/Psychedelics/DMT,Quality Spice 25g,1.816311 BTC,Worldwide
AlphaKing463,Drugs/Cannabis/Hash,Premium Pure Product 500g,1.642903 BTC,USA
DarkShop818,Digital/Hacking,Pure Fullz,1.524043 BTC,Canada
QuickPro135,Drugs/Cannabis/Hash,Tested Quantity 50g,0.059078 BTC,Poland
KingLab317,Drugs/Prescription/Xanax,Pressed Tested Xanax 500ct,3.44991 BTC,Germany
SilentMarket838,Drugs/Dissociatives/Ketamine,Pure K Powder 7g,2.622203 BTC,USA
QuickDirect928,Drugs/Ecstasy/MDMA,Crystal Pure MDMA 1g,3.773959 BTC,USA/Europe
AlphaStore878,Drugs/Stimulants/Speed,Premium Speed Paste 10g,0.50901 BTC,Germany
AlphaKing463,Fraud/Documents,Counterfeit Quality Passport,2.62447 BTC,USA
PharmaDirect647,Drugs/Opioids/Fentanyl,Grade-A Fentanyl Powder 250g,1.600085 BTC,Poland
CryptoLab868,Drugs/Prescription/Adderall,Authentic Verified Adderall 50ct,1.618784 BTC,Australia
PharmaExpert186,Drugs/Opioids/Heroin,Verified Heroin 28g,2.944952 BTC,Czech Republic
RedLab835,Drugs/Cannabis/Weed,Premium Quality Product 50g,0.473939 BTC,No Info
UltraLab266,Drugs/Prescription/Adderall,Premium Amphetamine Salts 2ct,1.066589 BTC,Poland
AlphaStore132,Drugs/Stimulants/Cocaine,Fishscale Quality Coke 28g,1.323195 BTC,Germany
KingDirect228,Drugs/Cannabis/Hash,Premium Lab Product 7g,1.808719 BTC,Poland
KingBoss990,Drugs/Dissociatives/Ketamine,Research Grade Pure Ketamine 7g,4.44242 BTC,Poland
AlphaStore354,Drugs/Prescription/Tramadol,Lab Tramadol 2ct,1.16762 BTC,Switzerland
SpeedMarket271,Drugs/Cannabis/Hash,Quality Tested Items 50ct,2.367511 BTC,Belgium
DarkBoss582,Drugs/Cannabis/Weed,Quality Pure Items 50ct,1.758462 BTC,Czech Republic
EliteMaster689,Drugs/Opioids/Heroin,Verified Heroin 14g,3.629112 BTC,Spain
AlphaStore878,Drugs/Cannabis/Weed,Quality Premium Items 5ct,1.210805 BTC,Spain
DarkBoss582,Drugs/Opioids/Fentanyl,Pure Fentanyl Powder 500g,3.093573 BTC,Europe
AlphaStore132,Drugs/Psychedelics/DMT,Verified Spice 250g,4.953948 BTC,UK
SpeedVendor287,Drugs/Prescription/Tramadol,Quality Tramadol 500ct,1.236966 BTC,Europe
QuickKing639,Drugs/Ecstasy/Pills,Blue Premium Press 5ct,4.102471 BTC,Spain
KingLab317,Drugs/Cannabis/Hash,Quality Tested Items 5ct,4.663491 BTC,China
AlphaKing463,Drugs/Psychedelics/LSD,Verified LSD Blotters 50ct,1.414867 BTC,Switzerland
DeltaMarket543,Drugs/Prescription/Adderall,Premium Amphetamine Salts 7ct,2.407974 BTC,No Info
AlphaStore878,Drugs/Prescription/Adderall,Grade-A Amphetamine Salts 10ct,3.029412 BTC,Switzerland
CryptoDirect666,Drugs/Stimulants/Speed,Crystal Quality Speed 250g,3.016132 BTC,Australia
SpeedMarket519,Drugs/Ecstasy/MDMA,Verified Ecstasy Crystals 28g,1.503962 BTC,Canada
BlackExpert873,Drugs/Stimulants/Meth,Grade-A Methamphetamine 7g,3.308885 BTC,Czech Republic
BlueStore943,Drugs/Prescription/Xanax,Lab Benzo 100ct,6.727338 BTC,China
BlackExpert873,Drugs/Cannabis/Edibles,Premium Quantity 500g,0.935149 BTC,Poland
BlackBoss982,Drugs/Prescription/Tramadol,Generic Pure Ultram 250ct,0.183183 BTC,USA
ShadowVendor954,Drugs/Stimulants/Speed,Pure Speed Paste 14g,2.17885 BTC,China
UltraLab266,Drugs/Stimulants/Speed,Premium Speed Paste 250g,1.146816 BTC,No Info
RedMarket810,Drugs/Psychedelics/Mushrooms,Psilocybin Verified Mushrooms 250g,4.394636 BTC,Australia
SilentVendor726,Drugs/Prescription/Xanax,Authentic Lab Xanax 100ct,0.741146 BTC,India
StealthPro162,Drugs/Psychedelics/Mushrooms,Lab Cubensis 25g,3.031168 BTC,France
QuickKing639,Fraud/Documents,Counterfeit Tested Passport,2.43663 BTC,Poland
DarkExpert536,Drugs/Opioids/Heroin,Brown Tested Dope 5g,2.370077 BTC,Switzerland
AlphaMaster277,Drugs/Prescription/Xanax,Pressed Lab Xanax 1ct,3.880848 BTC,Australia
SilentMarket838,Fraud/Documents,Fake Verified ID,1.991956 BTC,Australia
EliteMaster689,Drugs/Ecstasy/Pills,Pure Ecstasy Tabs 25ct,0.182881 BTC,UK
VenomLab764,Drugs/Ecstasy/MDMA,Verified Ecstasy Crystals 7g,0.178271 BTC,No Info
BlackShop465,Drugs/Dissociatives/Ketamine,Pure K Powder 10g,3.453974 BTC,Europe
KingDirect228,Drugs/Psychedelics/Mushrooms,Psilocybin Premium Mushrooms 500g,4.925167 BTC,Poland
RedLab835,Digital/Hacking,Compromised Quality Database,0.871813 BTC,Worldwide
SwiftExpert794,Drugs/Prescription/Adderall,Quality Amphetamine Salts 14ct,1.704828 BTC,Canada
UltraSource684,Drugs/Opioids/Oxycodone,Grade-A Percs 1ct,2.948268 BTC,Netherlands
BlackExpert873,Drugs/Opioids/Fentanyl,Verified Fentanyl Powder 14g,4.435841 BTC,Australia
StealthVendor191,Drugs/Cannabis/Edibles,Quality Premium Items 2ct,5.651626 BTC,France
PureStore440,Fraud/Documents,Counterfeit Tested Passport,1.357374 BTC,Belgium
PureMarket224,Drugs/Dissociatives/Ketamine,Pure K Powder 25g,5.067542 BTC,India
CryptoDealer638,Drugs/Psychedelics/LSD,Tested Liquid LSD 2ml,0.295442 BTC,Germany
OmegaKing43,Fraud/Documents,Fake Grade-A ID,2.320111 BTC,Worldwide
KingBoss990,Drugs/Psychedelics/DMT,Crystal Lab DMT 1g,1.266041 BTC,Switzerland
SecureBoss844,Drugs/Opioids/Oxycodone,Tested Percs 25ct,4.429937 BTC,China
RedMarket810,Drugs/Opioids/Fentanyl,Research Chemical Lab Fent 50g,2.513231 BTC,Australia
VenomLab764,Drugs/Psychedelics/LSD,High-Dose Quality Tabs 25ct,1.019694 BTC,Canada
OmegaDirect105,Fraud/Documents,Counterfeit Premium Passport,0.197052 BTC,Worldwide
QuickSource60,Drugs/Stimulants/Cocaine,Verified Blow 100g,3.010036 BTC,UK
SilentMaster955,Drugs/Stimulants/Speed,Crystal Lab Speed 250g,4.151119 BTC,Poland
PharmaBoss522,Drugs/Stimulants/Speed,Crystal Lab Speed 250g,0.145128 BTC,Netherlands
GreenMarket125,Drugs/Dissociatives/Ketamine,Premium K Powder 7g,2.968629 BTC,No Info
SpeedDealer285,Drugs/Psychedelics/DMT,Pure Spice 7g,3.872486 BTC,China
KingBoss990,Drugs/Stimulants/Speed,Quality Tested Amphetamine 250g,0.730737 BTC,Canada
UltraLab620,Drugs/Opioids/Fentanyl,Research Chemical Grade-A Fent 50g,1.250536 BTC,China
SpeedVendor287,Drugs/Prescription/Tramadol,Generic Pure Ultram 5ct,0.759897 BTC,USA
SpeedVendor287,Drugs/Prescription/Adderall,Grade-A Amphetamine Salts 2ct,2.085088 BTC,India
BlueStore78,Drugs/Dissociatives/Ketamine,Research Grade Premium Ketamine 500g,3.402735 BTC,Switzerland
BlackShop465,Digital/Hacking,Compromised Quality Database,1.505261 BTC,Spain
EliteDealer235,Drugs/Stimulants/Meth,Premium Tested Meth 250g,1.129633 BTC,Netherlands
VenomLab764,Drugs/Psychedelics/DMT,Extracted Tested DMT 250g,1.170116 BTC,Poland
StealthPro162,Drugs/Prescription/Adderall,Premium Amphetamine Salts 5ct,5.965635 BTC,USA
SpeedShop526,Drugs/Psychedelics/LSD,Pure LSD Blotters 7ct,2.12178 BTC,No Info
EliteDealer235,Drugs/Cannabis/Weed,Quality Tested Items 2ct,1.080823 BTC,Australia
QuickKing639,Drugs/Psychedelics/DMT,Quality Spice 100g,2.134931 BTC,China
UltraSource684,Drugs/Cannabis/Hash,Premium Verified Product 100g,1.332105 BTC,Belgium
DarkShop818,Drugs/Stimulants/Speed,Quality Speed Paste 10g,2.489234 BTC,Switzerland
OmegaDirect105,Drugs/Stimulants/Cocaine,Pure Blow 500g,3.254656 BTC,USA/Europe
PureMarket224,Drugs/Opioids/Oxycodone,Authentic Tested Oxy 5ct,0.533338 BTC,No Info
DarkShop818,Fraud/Documents,Fake Verified ID,2.142691 BTC,Canada
AlphaStore354,Drugs/Psychedelics/DMT,Crystal Tested DMT 5g,3.14805 BTC,China
SecureBoss844,Drugs/Stimulants/Speed,Crystal Quality Speed 10g,4.418648 BTC,Switzerland
BlackExpert873,Drugs/Cannabis/Edibles,Lab Quantity 1g,9.347129 BTC,Germany
GreenMarket125,Drugs/Prescription/Xanax,Verified Benzo 2ct,1.507075 BTC,Canada
RedLab835,Drugs/Opioids/Heroin,High Quality Tested Heroin 7g,1.333766 BTC,India
VenomSource928,Drugs/Cannabis/Hash,Quality Quantity 7g,6.959281 BTC,Germany
UltraSource684,Fraud/Documents,Fake Quality ID,2.923086 BTC,Switzerland
GreenExpert605,Drugs/Opioids/Heroin,High Quality Grade-A Heroin 25g,1.825757 BTC,Germany
QuickKing639,Drugs/Stimulants/Speed,Crystal Quality Speed 250g,2.937334 BTC,Worldwide
VenomMarket709,Drugs/Opioids/Fentanyl,Premium Fentanyl Powder 1g,3.994396 BTC,Germany
KingDirect228,Drugs/Cannabis/Weed,Quality Quantity 250g,0.240889 BTC,Poland
BlackShop465,Drugs/Psychedelics/DMT,Grade-A Spice 2g,3.972615 BTC,Netherlands
PharmaDirect647,Drugs/Opioids/Fentanyl,Grade-A Fentanyl Powder 50g,1.074831 BTC,Netherlands
UltraLab620,Drugs/Cannabis/Weed,Premium Pure Product 14g,2.049467 BTC,Switzerland
AlphaStore878,Drugs/Psychedelics/Mushrooms,Premium Cubensis 28g,3.571301 BTC,UK
AlphaKing463,Drugs/Opioids/Oxycodone,Tested Percs 10ct,0.25045 BTC,Netherlands
CryptoDirect666,Drugs/Prescription/Adderall,Pure Amphetamine Salts 5ct,1.486803 BTC,Germany
PharmaSource313,Drugs/Stimulants/Speed,Quality Verified Amphetamine 28g,0.460472 BTC,Netherlands
AlphaStore354,Drugs/Prescription/Adderall,Lab Amphetamine Salts 1ct,2.012268 BTC,No Info
DeltaStore687,Drugs/Opioids/Heroin,High Quality Premium Heroin 250g,5.890881 BTC,France
UltraMarket470,Drugs/Opioids/Heroin,High Quality Pure Heroin 5g,5.048508 BTC,France
SwiftExpert794,Drugs/Stimulants/Speed,Quality Quality Amphetamine 500g,1.252088 BTC,Netherlands
PureMarket224,Drugs/Opioids/Heroin,Brown Pure Dope 50g,2.216263 BTC,Germany
StealthVendor191,Drugs/Dissociatives/Ketamine,Research Grade Verified Ketamine 28g,0.476245 BTC,Germany
DeltaMarket543,Drugs/Stimulants/Meth,Ice Verified Crystal 25g,2.131479 BTC,China
DeltaMarket543,Drugs/Cannabis/Hash,Tested Quantity 1g,5.357443 BTC,Belgium
AlphaStore878,Drugs/Opioids/Fentanyl,Research Chemical Premium Fent 5g,0.648608 BTC,Germany
PharmaExpert186,Drugs/Ecstasy/MDMA,Crystal Premium MDMA 5g,0.98434 BTC,Netherlands
UltraLab266,Drugs/Ecstasy/MDMA,Pure Premium Molly 1g,3.032086 BTC,Netherlands
RedLab835,Drugs/Stimulants/Cocaine,Fishscale Grade-A Coke 25g,0.90951 BTC,India
DeltaMarket608,Drugs/Ecstasy/MDMA,Pure Verified Molly 1g,4.267773 BTC,Australia
BlueKing295,Drugs/Ecstasy/MDMA,Crystal Tested MDMA 14g,5.566032 BTC,France
PureStore440,Drugs/Psychedelics/DMT,Extracted Premium DMT 1g,0.894857 BTC,USA
KingBoss990,Drugs/Cannabis/Weed,Premium Pure Product 7g,3.386946 BTC,Europe
SpeedShop526,Drugs/Cannabis/Edibles,Tested Quantity 250g,3.293656 BTC,France
DarkBoss582,Drugs/Psychedelics/DMT,Crystal Premium DMT 10g,2.680838 BTC,Czech Republic
QuickDealer552,Drugs/Prescription/Xanax,Pressed Premium Xanax 1ct,2.126982 BTC,China
BlackExpert873,Drugs/Prescription/Xanax,Pressed Tested Xanax 50ct,3.167287 BTC,UK
UltraLab620,Drugs/Cannabis/Hash,Quality Verified Items 50ct,0.70362 BTC,Spain
AlphaMaster277,Drugs/Stimulants/Cocaine,Fishscale Tested Coke 250g,0.700145 BTC,USA/Europe
BlackBoss982,Drugs/Cannabis/Weed,Lab Quantity 500g,4.154759 BTC,Poland
AlphaVendor354,Drugs/Prescription/Adderall,Verified Amphetamine Salts 10ct,6.216881 BTC,Czech Republic
PharmaDirect770,Drugs/Opioids/Fentanyl,Research Chemical Lab Fent 2g,0.30689 BTC,Belgium
AlphaDealer746,Drugs/Stimulants/Meth,Premium Premium Meth 2g,3.474109 BTC,Germany
CryptoLab868,Drugs/Stimulants/Meth,Tested Methamphetamine 5g,8.345454 BTC,Spain
SpeedShop481,Drugs/Prescription/Tramadol,Verified Tramadol 1ct,4.288706 BTC,Spain
PureMarket96,Drugs/Psychedelics/DMT,Extracted Premium DMT 10g,8.126471 BTC,China
SpeedVendor287,Drugs/Ecstasy/Pills,Lab Ecstasy Tabs 10ct,1.655911 BTC,No Info
SilentMaster955,Drugs/Ecstasy/Pills,Tested MDMA Pressed Pills 14ct,4.678469 BTC,USA/Europe
ShadowVendor954,Drugs/Stimulants/Cocaine,High Purity Grade-A Cocaine 500g,0.927975 BTC,USA/Europe
AlphaDealer746,Digital/Hacking,Hacked Quality Account,4.98533 BTC,Switzerland
AlphaStore878,Drugs/Prescription/Xanax,Pressed Quality Xanax 2ct,1.437157 BTC,Worldwide
SpeedShop526,Drugs/Prescription/Adderall,Pure Amphetamine Salts 50ct,0.885226 BTC,Poland
KingKing458,Drugs/Opioids/Fentanyl,Research Chemical Premium Fent 10g,1.224328 BTC,Belgium
SpeedDealer285,Drugs/Stimulants/Cocaine,Fishscale Pure Coke 250g,1.866959 BTC,Netherlands
SpeedShop526,Drugs/Opioids/Heroin,Brown Tested Dope 50g,1.337648 BTC,Canada
QuickDealer552,Fraud/Documents,Quality License Replica,0.196308 BTC,Poland
SpeedMarket271,Drugs/Psychedelics/DMT,Lab Spice 14g,2.169729 BTC,No Info
QuickDealer552,Digital/Hacking,Premium Fullz,1.858281 BTC,Switzerland
PureStore440,Drugs/Dissociatives/Ketamine,Pure K Powder 14g,4.423079 BTC,Canada
VenomPro997,Drugs/Opioids/Heroin,High Quality Premium Heroin 10g,1.307344 BTC,USA
PharmaSource313,Drugs/Cannabis/Hash,Premium Premium Product 10g,1.00718 BTC,Australia
VenomLab714,Digital/Hacking,Hacked Grade-A Account,0.71197 BTC,Europe
UltraKing555,Drugs/Psychedelics/Mushrooms,Psilocybin Tested Mushrooms 14g,0.661701 BTC,France
CryptoDirect666,Drugs/Psychedelics/DMT,Extracted Tested DMT 25g,3.079769 BTC,Switzerland
PharmaSource204,Drugs/Opioids/Heroin,Lab Heroin 25g,2.866386 BTC,Czech Republic
AlphaDirect701,Drugs/Cannabis/Hash,Quality Premium Items 50ct,3.189875 BTC,India
VenomSource815,Drugs/Opioids/Oxycodone,Authentic Verified Oxy 1ct,1.304036 BTC,Australia
SwiftExpert794,Digital/Hacking,Compromised Lab Database,3.451889 BTC,China
OmegaDirect105,Drugs/Dissociatives/Ketamine,Research Grade Lab Ketamine 500g,2.545073 BTC,Netherlands
SilentMarket189,Drugs/Prescription/Tramadol,Pure Tramadol 500ct,0.767919 BTC,Canada
SilentMarket838,Drugs/Opioids/Oxycodone,Verified Percs 14ct,1.78814 BTC,India
SilentVendor726,Drugs/Psychedelics/LSD,High-Dose Lab Tabs 5ct,2.51828 BTC,Canada
CryptoLab868,Drugs/Psychedelics/LSD,Quality Liquid LSD 100ml,5.017757 BTC,France
SilentMarket838,Fraud/Documents,Counterfeit Tested Passport,0.212942 BTC,Worldwide
PharmaSource204,Drugs/Psychedelics/Mushrooms,Quality Cubensis 7g,2.523049 BTC,Netherlands
AlphaVendor354,Drugs/Psychedelics/Mushrooms,Psilocybin Quality Mushrooms 25g,0.549012 BTC,Europe
VenomLab764,Drugs/Psychedelics/Mushrooms,Psilocybin Lab Mushrooms 5g,2.964124 BTC,Poland
DeltaMarket608,Drugs/Psychedelics/Mushrooms,Dried Premium Shrooms 2g,5.099281 BTC,USA
SwiftDealer556,Drugs/Opioids/Heroin,Brown Premium Dope 2g,1.071539 BTC,Germany
BlackShop465,Drugs/Opioids/Fentanyl,Research Chemical Quality Fent 5g,4.028317 BTC,USA
BlackShop465,Fraud/Documents,Pure License Replica,4.279588 BTC,Belgium
QuickMaster491,Drugs/Psychedelics/LSD,High-Dose Grade-A Tabs 7ct,1.335784 BTC,Spain
PharmaExpert186,Drugs/Opioids/Heroin,Grade-A Heroin 1g,0.337119 BTC,Germany
DarkShop818,Drugs/Opioids/Oxycodone,Tested Percs 25ct,8.470091 BTC,Spain
VenomLab714,Digital/Hacking,Hacked Lab Account,1.392719 BTC,UK
DarkBoss582,Drugs/Psychedelics/Mushrooms,Verified Cubensis 250g,1.072765 BTC,Canada
CryptoDealer638,Drugs/Psychedelics/Mushrooms,Psilocybin Pure Mushrooms 10g,2.345778 BTC,Switzerland
SwiftStore705,Drugs/Cannabis/Hash,Quality Quantity 5g,1.43732 BTC,Germany
SilentMaster997,Drugs/Stimulants/Speed,Verified Speed Paste 5g,5.774907 BTC,Netherlands
EliteShop410,Drugs/Dissociatives/Ketamine,Research Grade Pure Ketamine 28g,1.490775 BTC,Belgium
QuickKing639,Drugs/Prescription/Adderall,Quality Amphetamine Salts 25ct,1.289891 BTC,Worldwide
AlphaKing463,Drugs/Stimulants/Meth,Ice Premium Crystal 2g,3.131571 BTC,USA/Europe
BlueKing295,Drugs/Opioids/Fentanyl,Pure Fentanyl Powder 50g,0.607903 BTC,Germany
BlackBoss982,Drugs/Stimulants/Meth,Lab Methamphetamine 7g,2.362523 BTC,Netherlands
AlphaStore354,Digital/Hacking,Compromised Premium Database,0.800782 BTC,Switzerland
AlphaMaster277,Drugs/Prescription/Adderall,Authentic Premium Adderall 2ct,1.803481 BTC,France
SwiftKing346,Drugs/Cannabis/Weed,Premium Tested Product 100g,1.295345 BTC,Switzerland
BlackExpert873,Drugs/Opioids/Fentanyl,Research Chemical Quality Fent 14g,3.585189 BTC,No Info
UltraDirect809,Drugs/Dissociatives/Ketamine,Research Grade Quality Ketamine 1g,4.15514 BTC,No Info
SwiftDealer556,Drugs/Prescription/Xanax,Pressed Tested Xanax 25ct,8.727738 BTC,China
CryptoDealer638,Drugs/Dissociatives/Ketamine,Research Grade Lab Ketamine 7g,0.905824 BTC,Australia
AlphaStore878,Drugs/Cannabis/Edibles,Premium Verified Product 1g,6.41124 BTC,UK
UltraLab266,Fraud/Documents,Counterfeit Premium Passport,0.470713 BTC,Czech Republic
PharmaSource204,Drugs/Opioids/Fentanyl,Research Chemical Quality Fent 5g,4.358661 BTC,India
AlphaDealer746,Drugs/Psychedelics/DMT,Extracted Pure DMT 1g,2.914002 BTC,UK
KingDirect228,Digital/Hacking,Hacked Pure Account,1.416279 BTC,Poland
GhostLab755,Drugs/Cannabis/Hash,Premium Quantity 10g,3.86858 BTC,No Info
AlphaStore95,Drugs/Cannabis/Edibles,Premium Quantity 10g,5.925438 BTC,USA/Europe
DeltaMarket608,Drugs/Prescription/Tramadol,Generic Pure Ultram 25ct,2.527854 BTC,Czech Republic
BlackBoss982,Drugs/Cannabis/Edibles,Grade-A Quantity 2g,1.120568 BTC,Spain
SilentPro922,Drugs/Psychedelics/LSD,High-Dose Quality Tabs 50ct,1.716949 BTC,UK
BlueStore78,Drugs/Opioids/Fentanyl,Pure Fentanyl Powder 25g,8.106299 BTC,USA
VenomMarket709,Fraud/Documents,Fake Premium ID,3.792869 BTC,Worldwide
VenomVendor269,Drugs/Prescription/Adderall,Pure Amphetamine Salts 25ct,2.403954 BTC,Europe
DarkExpert536,Drugs/Stimulants/Cocaine,Pure Blow 2g,3.568475 BTC,Europe
QuickKing639,Drugs/Prescription/Adderall,Authentic Quality Adderall 10ct,1.355755 BTC,Switzerland
AlphaKing463,Drugs/Ecstasy/MDMA,Pure Verified Molly 1g,1.205416 BTC,No Info
StealthVendor191,Drugs/Psychedelics/LSD,High-Dose Verified Tabs 25ct,2.215218 BTC,Spain
SwiftStore884,Drugs/Cannabis/Weed,Verified Quantity 28g,5.218052 BTC,France
StealthKing618,Drugs/Ecstasy/MDMA,Pure Verified Molly 7g,1.293374 BTC,Worldwide
UltraKing555,Drugs/Opioids/Heroin,High Quality Lab Heroin 1g,0.114546 BTC,Netherlands
UltraVendor891,Drugs/Prescription/Xanax,Authentic Tested Xanax 100ct,3.520352 BTC,Spain
QuickDealer552,Drugs/Psychedelics/Mushrooms,Verified Cubensis 25g,4.310196 BTC,Australia
SilentMarket189,Drugs/Opioids/Oxycodone,Grade-A Percs 250ct,0.92799 BTC,UK
DarkExpert536,Drugs/Stimulants/Cocaine,Grade-A Blow 10g,3.682582 BTC,Canada
RedLab835,Drugs/Prescription/Tramadol,Grade-A Tramadol 7ct,1.271838 BTC,India
AlphaKing463,Drugs/Psychedelics/DMT,Crystal Tested DMT 28g,0.435595 BTC,Germany
UltraDirect809,Drugs/Ecstasy/Pills,Tested MDMA Pressed Pills 100ct,3.494957 BTC,Spain
DeltaMarket543,Drugs/Cannabis/Hash,Tested Quantity 5g,1.374334 BTC,Netherlands
QuickMaster491,Drugs/Opioids/Oxycodone,Authentic Premium Oxy 25ct,3.913572 BTC,China
SpeedMarket529,Drugs/Prescription/Adderall,Authentic Lab Adderall 100ct,6.617486 BTC,Australia
GreenDealer162,Drugs/Stimulants/Speed,Quality Premium Amphetamine 14g,4.35891 BTC,Europe
SpeedMarket529,Drugs/Stimulants/Speed,Quality Verified Amphetamine 1g,5.450555 BTC,Czech Republic
AlphaKing870,Drugs/Prescription/Tramadol,Premium Tramadol 28ct,3.41291 BTC,Europe
KingKing458,Drugs/Cannabis/Weed,Quality Verified Items 100ct,0.074302 BTC,France
BlueKing295,Drugs/Cannabis/Edibles,Quality Grade-A Items 5ct,6.083646 BTC,Worldwide
StealthShop752,Drugs/Stimulants/Meth,Premium Lab Meth 5g,2.22502 BTC,USA
GreenDealer162,Drugs/Cannabis/Edibles,Premium Quantity 50g,3.353229 BTC,India
DeltaMarket543,Drugs/Cannabis/Weed,Pure Quantity 7g,0.804345 BTC,Australia
BluePro475,Drugs/Cannabis/Edibles,Quality Quantity 250g,2.348221 BTC,Switzerland
PharmaSource313,Drugs/Dissociatives/Ketamine,Grade-A K Powder 250g,1.021958 BTC,No Info
SpeedVendor287,Drugs/Opioids/Fentanyl,Research Chemical Quality Fent 14g,2.516626 BTC,USA/Europe
EliteDealer235,Drugs/Prescription/Xanax,Premium Benzo 25ct,0.589701 BTC,Netherlands
SpeedMarket271,Drugs/Prescription/Adderall,Premium Amphetamine Salts 10ct,2.822234 BTC,Worldwide
ShadowVendor173,Drugs/Opioids/Fentanyl,Research Chemical Quality Fent 5g,3.68259 BTC,USA
PureVendor480,Drugs/Dissociatives/Ketamine,Research Grade Premium Ketamine 500g,3.357503 BTC,Spain
DarkBoss582,Drugs/Prescription/Adderall,Tested Amphetamine Salts 5ct,4.246067 BTC,Europe
VenomMarket709,Drugs/Stimulants/Cocaine,Fishscale Verified Coke 14g,1.048007 BTC,Germany
RedLab835,Drugs/Dissociatives/Ketamine,Research Grade Quality Ketamine 28g,9.656157 BTC,Australia
QuickDealer552,Drugs/Stimulants/Meth,Premium Quality Meth 1g,2.823171 BTC,Canada
DeltaMarket543,Fraud/Documents,Counterfeit Tested Passport,0.628259 BTC,India
AlphaKing463,Drugs/Stimulants/Speed,Quality Lab Amphetamine 14g,5.848716 BTC,China
SwiftExpert794,Drugs/Psychedelics/LSD,Quality Liquid LSD 2ml,1.676454 BTC,Poland
EliteDealer235,Fraud/Documents,Counterfeit Lab Passport,3.048685 BTC,Spain
SwiftKing346,Fraud/Documents,Counterfeit Quality Passport,2.480408 BTC,No Info
QuickKing639,Drugs/Cannabis/Weed,Quality Grade-A Items 50ct,2.40081 BTC,France
GhostLab755,Fraud/Documents,Tested License Replica,3.533768 BTC,France
AlphaDealer746,Drugs/Psychedelics/Mushrooms,Quality Cubensis 2g,3.171965 BTC,China
AlphaStore132,Drugs/Prescription/Adderall,Authentic Quality Adderall 50ct,0.638533 BTC,USA
SwiftStore705,Drugs/Prescription/Xanax,Pressed Grade-A Xanax 2ct,2.842974 BTC,Germany
KingKing458,Drugs/Stimulants/Speed,Pure Speed Paste 2g,2.29985 BTC,Czech Republic
SilentMaster997,Drugs/Stimulants/Meth,Premium Grade-A Meth 1g,2.364058 BTC,No Info
VenomSource928,Drugs/Prescription/Xanax,Authentic Premium Xanax 7ct,9.224553 BTC,China
SilentPro922,Drugs/Cannabis/Hash,Premium Quantity 250g,4.395998 BTC,Netherlands
SilentMarket838,Drugs/Psychedelics/LSD,High-Dose Verified Tabs 25ct,1.503115 BTC,Germany
EliteDealer235,Drugs/Cannabis/Edibles,Premium Premium Product 500g,4.882222 BTC,Belgium
OmegaKing43,Drugs/Opioids/Oxycodone,Quality Percs 5ct,2.277901 BTC,Germany
QuickDirect928,Drugs/Opioids/Oxycodone,Authentic Quality Oxy 1ct,2.434287 BTC,Spain
SwiftKing346,Drugs/Opioids/Heroin,Brown Pure Dope 250g,0.222567 BTC,Germany
AlphaStore354,Drugs/Cannabis/Weed,Tested Quantity 250g,1.596038 BTC,Spain
KingDirect228,Fraud/Documents,Counterfeit Grade-A Passport,3.785093 BTC,France
QuickSource60,Drugs/Ecstasy/Pills,Quality Ecstasy Tabs 250ct,0.885062 BTC,USA/Europe
DarkBoss582,Drugs/Prescription/Adderall,Verified Amphetamine Salts 50ct,0.843253 BTC,USA/Europe
CryptoLab868,Drugs/Opioids/Oxycodone,Lab Percs 5ct,1.619459 BTC,India
GreenExpert605,Drugs/Opioids/Heroin,Brown Pure Dope 1g,6.270938 BTC,Germany
KingLab317,Drugs/Prescription/Xanax,Authentic Verified Xanax 7ct,2.952608 BTC,Spain
PureVendor480,Drugs/Opioids/Oxycodone,Authentic Lab Oxy 10ct,4.747338 BTC,Canada
SpeedDealer285,Drugs/Cannabis/Hash,Quality Tested Items 50ct,0.566375 BTC,Belgium
SilentVendor726,Drugs/Psychedelics/LSD,Grade-A Liquid LSD 50ml,3.927335 BTC,India
BlackExpert873,Drugs/Prescription/Xanax,Pressed Lab Xanax 100ct,4.106105 BTC,Australia
RedMarket810,Drugs/Ecstasy/MDMA,Premium Ecstasy Crystals 25g,2.198832 BTC,Belgium
SwiftStore705,Drugs/Cannabis/Edibles,Quality Quality Items 28ct,1.032555 BTC,Europe
SpeedMarket529,Drugs/Cannabis/Edibles,Premium Premium Product 5g,2.449339 BTC,Europe
StealthVendor191,Drugs/Dissociatives/Ketamine,Research Grade Grade-A Ketamine 28g,1.487491 BTC,Europe
RedLab835,Drugs/Stimulants/Meth,Tested Methamphetamine 14g,1.036468 BTC,USA/Europe
KingLab317,Drugs/Cannabis/Hash,Verified Quantity 2g,0.925376 BTC,USA/Europe
DarkExpert536,Drugs/Ecstasy/Pills,Pure MDMA Pressed Pills 500ct,0.418066 BTC,UK
GreenExpert605,Drugs/Prescription/Xanax,Authentic Pure Xanax 10ct,7.095459 BTC,USA
PharmaDirect770,Drugs/Stimulants/Speed,Premium Speed Paste 25g,4.255215 BTC,Czech Republic
AlphaVendor354,Digital/Hacking,Compromised Quality Database,0.254545 BTC,France
AlphaStore878,Drugs/Cannabis/Hash,Premium Tested Product 100g,6.359642 BTC,Germany
RedLab835,Drugs/Prescription/Adderall,Authentic Verified Adderall 2ct,2.303988 BTC,Czech Republic
GreenDealer162,Drugs/Dissociatives/Ketamine,Lab K Powder 100g,7.107337 BTC,No Info
BlackBoss982,Drugs/Psychedelics/Mushrooms,Psilocybin Quality Mushrooms 14g,2.771729 BTC,Worldwide
SilentVendor726,Drugs/Opioids/Heroin,High Quality Verified Heroin 100g,3.038747 BTC,Europe
KingKing458,Drugs/Prescription/Tramadol,Verified Tramadol 28ct,7.493839 BTC,France
UltraLab266,Digital/Hacking,Hacked Tested Account,6.457224 BTC,USA/Europe
SecureBoss844,Drugs/Prescription/Xanax,Authentic Quality Xanax 28ct,1.929526 BTC,Czech Republic
PureVendor480,Drugs/Prescription/Adderall,Quality Amphetamine Salts 100ct,3.675143 BTC,Poland
PharmaExpert186,Drugs/Prescription/Adderall,Tested Amphetamine Salts 28ct,8.202139 BTC,France
StealthVendor191,Drugs/Cannabis/Weed,Premium Tested Product 1g,3.039393 BTC,Czech Republic
StealthPro162,Drugs/Stimulants/Cocaine,Grade-A Blow 100g,2.898129 BTC,Poland
DeltaStore687,Drugs/Stimulants/Meth,Lab Methamphetamine 500g,3.943896 BTC,UK
KingBoss990,Fraud/Documents,Counterfeit Premium Passport,2.683769 BTC,India
PharmaBoss522,Drugs/Opioids/Heroin,Brown Lab Dope 25g,0.594841 BTC,Australia
DarkBoss582,Drugs/Stimulants/Cocaine,High Purity Quality Cocaine 500g,1.377873 BTC,UK
EliteShop410,Drugs/Cannabis/Weed,Tested Quantity 50g,8.103791 BTC,Worldwide
VenomSource928,Drugs/Cannabis/Hash,Grade-A Quantity 50g,3.017817 BTC,India
SwiftKing346,Drugs/Opioids/Oxycodone,Authentic Quality Oxy 1ct,1.805899 BTC,China
GreenMarket125,Drugs/Prescription/Xanax,Grade-A Benzo 7ct,4.486445 BTC,France
BlackShop465,Drugs/Cannabis/Edibles,Quality Grade-A Items 1ct,1.868116 BTC,India
AlphaStore95,Fraud/Documents,Premium License Replica,2.089237 BTC,Spain
DarkShop818,Drugs/Cannabis/Edibles,Pure Quantity 14g,1.083115 BTC,Spain
DarkShop818,Drugs/Psychedelics/DMT,Crystal Pure DMT 1g,3.577704 BTC,Europe
VenomLab764,Drugs/Psychedelics/Mushrooms,Psilocybin Tested Mushrooms 50g,2.751706 BTC,Switzerland
KingKing458,Drugs/Stimulants/Speed,Quality Verified Amphetamine 5g,0.47455 BTC,No Info
AlphaDirect701,Drugs/Opioids/Heroin,High Quality Lab Heroin 1g,6.062552 BTC,USA/Europe
DeltaMarket543,Drugs/Cannabis/Hash,Quality Lab Items 500ct,3.342003 BTC,Switzerland
SilentMaster955,Fraud/Documents,Counterfeit Premium Passport,0.631084 BTC,Canada
BlackShop465,Drugs/Psychedelics/Mushrooms,Psilocybin Verified Mushrooms 2g,0.42576 BTC,Australia
PharmaExpert186,Drugs/Psychedelics/LSD,Verified Liquid LSD 2ml,5.596 BTC,Czech Republic
ShadowDealer416,Drugs/Stimulants/Meth,Premium Grade-A Meth 28g,1.560993 BTC,Europe
BlackExpert873,Drugs/Cannabis/Hash,Premium Pure Product 28g,4.098366 BTC,Belgium
QuickMaster491,Drugs/Psychedelics/LSD,High-Dose Grade-A Tabs 7ct,2.158186 BTC,No Info
DeltaMarket543,Drugs/Stimulants/Cocaine,Fishscale Quality Coke 14g,6.186087 BTC,No Info
SpeedShop526,Fraud/Documents,Counterfeit Pure Passport,6.123469 BTC,Germany
QuickDealer552,Drugs/Stimulants/Cocaine,Fishscale Lab Coke 250g,1.371636 BTC,Worldwide
SwiftStore884,Drugs/Stimulants/Speed,Quality Pure Amphetamine 14g,3.23892 BTC,Switzerland
ShadowVendor954,Drugs/Cannabis/Weed,Quality Grade-A Items 25ct,3.006803 BTC,Europe
AlphaStore95,Drugs/Ecstasy/MDMA,Quality Ecstasy Crystals 2g,1.484962 BTC,France
KingLab317,Drugs/Ecstasy/MDMA,Grade-A Ecstasy Crystals 1g,3.56931 BTC,Spain
SilentMarket838,Drugs/Prescription/Tramadol,Generic Premium Ultram 500ct,3.336511 BTC,China
VenomSource928,Fraud/Documents,Tested License Replica,0.494912 BTC,Worldwide
SwiftStore705,Drugs/Prescription/Tramadol,Generic Premium Ultram 1ct,3.654233 BTC,No Info
UltraMarket470,Drugs/Cannabis/Hash,Quality Tested Items 250ct,3.058609 BTC,France
PharmaExpert186,Drugs/Psychedelics/Mushrooms,Dried Quality Shrooms 250g,4.930804 BTC,Czech Republic
QuickKing639,Drugs/Cannabis/Hash,Quality Quantity 14g,0.581378 BTC,Spain
QuickDirect928,Drugs/Psychedelics/Mushrooms,Psilocybin Pure Mushrooms 500g,2.271747 BTC,USA/Europe
QuickPro135,Digital/Hacking,Verified Fullz,1.984119 BTC,India
VenomPro997,Drugs/Prescription/Tramadol,Verified Tramadol 250ct,5.481707 BTC,USA/Europe
QuickSource60,Drugs/Stimulants/Meth,Premium Pure Meth 25g,2.473915 BTC,UK
EliteShop410,Drugs/Cannabis/Hash,Premium Quantity 14g,3.494061 BTC,Netherlands
GreenMarket125,Drugs/Opioids/Oxycodone,Premium Percs 500ct,1.533246 BTC,Worldwide
DarkShop818,Digital/Hacking,Lab Fullz,0.557881 BTC,Australia
SilentPro922,Drugs/Stimulants/Meth,Ice Pure Crystal 14g,1.177759 BTC,UK
AlphaVendor354,Fraud/Documents,Pure License Replica,2.795148 BTC,Spain
DeltaStore687,Drugs/Psychedelics/DMT,Crystal Premium DMT 500g,0.325999 BTC,Worldwide
QuickKing639,Drugs/Opioids/Fentanyl,Research Chemical Pure Fent 10g,4.052386 BTC,USA
UltraSource684,Drugs/Cannabis/Weed,Premium Verified Product 14g,3.224178 BTC,Czech Republic
KingLab317,Drugs/Prescription/Xanax,Pressed Tested Xanax 100ct,4.443054 BTC,Australia
ShadowDealer416,Drugs/Opioids/Oxycodone,Quality Percs 28ct,5.694574 BTC,Belgium
PharmaExpert186,Drugs/Psychedelics/LSD,Quality Liquid LSD 7ml,0.698374 BTC,France
DarkExpert536,Drugs/Prescription/Xanax,Grade-A Benzo 100ct,0.54684 BTC,No Info
UltraLab266,Drugs/Stimulants/Cocaine,Grade-A Blow 7g,3.165916 BTC,France
GreenMarket125,Digital/Hacking,Compromised Tested Database,2.029297 BTC,Switzerland
DarkBoss582,Drugs/Cannabis/Hash,Lab Quantity 100g,0.704162 BTC,Germany
PharmaDirect770,Drugs/Psychedelics/DMT,Extracted Tested DMT 14g,2.375897 BTC,Europe
AlphaKing870,Fraud/Documents,Fake Pure ID,1.904056 BTC,Switzerland
DeltaMarket608,Drugs/Opioids/Heroin,Tested Heroin 5g,2.503349 BTC,Europe
BlueStore943,Drugs/Dissociatives/Ketamine,Research Grade Quality Ketamine 2g,1.508537 BTC,Switzerland
SilentMaster955,Drugs/Stimulants/Meth,Premium Lab Meth 25g,1.528943 BTC,China
VenomMarket709,Drugs/Ecstasy/MDMA,Pure Grade-A Molly 5g,1.34993 BTC,USA/Europe
UltraDirect809,Drugs/Stimulants/Cocaine,High Purity Lab Cocaine 500g,1.879967 BTC,France
PharmaSource204,Drugs/Psychedelics/LSD,High-Dose Lab Tabs 5ct,1.71792 BTC,Worldwide
GhostLab755,Drugs/Psychedelics/Mushrooms,Quality Cubensis 7g,1.245872 BTC,India
BlackBoss982,Drugs/Psychedelics/Mushrooms,Psilocybin Verified Mushrooms 7g,0.156052 BTC,USA
VenomPro997,Drugs/Opioids/Fentanyl,Tested Fentanyl Powder 5g,2.925819 BTC,Czech Republic
SpeedShop526,Drugs/Opioids/Fentanyl,Research Chemical Pure Fent 25g,3.688214 BTC,China
SilentMarket189,Drugs/Stimulants/Speed,Quality Speed Paste 25g,1.620299 BTC,Germany
VenomLab764,Drugs/Dissociatives/Ketamine,Research Grade Pure Ketamine 50g,3.03401 BTC,Germany
BlackShop465,Drugs/Cannabis/Hash,Premium Quantity 5g,2.165658 BTC,Spain
EliteShop410,Drugs/Ecstasy/Pills,Blue Verified Press 10ct,4.064611 BTC,China
SpeedShop526,Drugs/Cannabis/Hash,Quality Pure Items 10ct,0.82168 BTC,USA
AlphaKing870,Drugs/Stimulants/Cocaine,Tested Blow 100g,3.654884 BTC,Czech Republic
OmegaDirect105,Drugs/Opioids/Heroin,High Quality Pure Heroin 100g,1.852674 BTC,France
PureMarket224,Drugs/Opioids/Fentanyl,Pure Fentanyl Powder 250g,3.085645 BTC,No Info
AlphaStore95,Drugs/Opioids/Heroin,Quality Heroin 10g,4.424724 BTC,Australia
SpeedDealer285,Drugs/Prescription/Xanax,Pressed Quality Xanax 7ct,3.707582 BTC,Czech Republic
UltraDirect809,Drugs/Prescription/Xanax,Authentic Quality Xanax 50ct,4.801317 BTC,China
AlphaKing870,Drugs/Dissociatives/Ketamine,Pure K Powder 14g,4.966878 BTC,Belgium
SwiftExpert794,Drugs/Ecstasy/MDMA,Quality Ecstasy Crystals 100g,3.661407 BTC,Australia
UltraSource684,Drugs/Stimulants/Meth,Tested Methamphetamine 10g,0.252418 BTC,Australia
BlueKing295,Drugs/Cannabis/Weed,Quality Quality Items 5ct,4.441204 BTC,USA
KingKing458,Drugs/Stimulants/Cocaine,Fishscale Pure Coke 5g,1.399995 BTC,Spain
NightLab646,Drugs/Stimulants/Meth,Ice Lab Crystal 50g,0.039927 BTC,China
AlphaKing463,Drugs/Psychedelics/LSD,Verified LSD Blotters 5ct,3.398106 BTC,Spain
KingKing458,Drugs/Opioids/Oxycodone,Authentic Quality Oxy 14ct,4.047241 BTC,Australia
CryptoDirect666,Drugs/Psychedelics/Mushrooms,Dried Tested Shrooms 500g,0.324436 BTC,USA/Europe
SecureBoss844,Drugs/Cannabis/Weed,Premium Lab Product 1g,0.387873 BTC,Czech Republic
SilentMarket838,Drugs/Ecstasy/MDMA,Grade-A Ecstasy Crystals 250g,3.031987 BTC,Spain
SpeedMarket271,Drugs/Opioids/Heroin,High Quality Quality Heroin 100g,1.633739 BTC,India
PureMarket224,Drugs/Opioids/Oxycodone,Pure Percs 250ct,2.574208 BTC,Australia
GreenExpert605,Drugs/Psychedelics/Mushrooms,Dried Lab Shrooms 5g,9.182216 BTC,Worldwide
QuickMaster491,Drugs/Stimulants/Cocaine,High Purity Verified Cocaine 7g,2.868844 BTC,Europe
StealthShop752,Drugs/Opioids/Fentanyl,Verified Fentanyl Powder 1g,2.497089 BTC,Germany
GreenDealer162,Digital/Hacking,Hacked Pure Account,0.210103 BTC,Worldwide
SwiftKing346,Drugs/Prescription/Adderall,Authentic Tested Adderall 10ct,0.256475 BTC,Spain
PureMarket224,Drugs/Prescription/Tramadol,Generic Tested Ultram 500ct,2.935209 BTC,Europe
NightLab646,Drugs/Opioids/Heroin,High Quality Verified Heroin 14g,1.295957 BTC,Europe
VenomLab714,Drugs/Cannabis/Hash,Premium Tested Product 7g,0.936494 BTC,UK
NightLab646,Drugs/Dissociatives/Ketamine,Pure K Powder 25g,4.70694 BTC,Germany
UltraKing555,Drugs/Ecstasy/MDMA,Pure Verified Molly 250g,1.537382 BTC,France
EliteMaster689,Drugs/Ecstasy/Pills,Tested Ecstasy Tabs 2ct,1.389558 BTC,Switzerland
UltraKing555,Drugs/Prescription/Adderall,Authentic Premium Adderall 1ct,2.115286 BTC,Worldwide
SilentVendor726,Drugs/Stimulants/Cocaine,High Purity Premium Cocaine 7g,3.958018 BTC,Canada
QuickMaster491,Drugs/Prescription/Adderall,Authentic Lab Adderall 28ct,0.217582 BTC,Belgium
UltraMarket470,Drugs/Cannabis/Edibles,Quality Quality Items 7ct,2.899141 BTC,Germany
EliteDealer235,Drugs/Psychedelics/Mushrooms,Dried Lab Shrooms 250g,0.675583 BTC,USA/Europe
SpeedMarket271,Drugs/Prescription/Tramadol,Generic Pure Ultram 500ct,3.810052 BTC,Poland
DeltaMarket543,Drugs/Opioids/Heroin,Lab Heroin 1g,1.997231 BTC,Worldwide
KingLab317,Drugs/Psychedelics/DMT,Extracted Grade-A DMT 250g,4.756776 BTC,Spain
OmegaDirect105,Drugs/Cannabis/Weed,Premium Verified Product 5g,1.050403 BTC,India
RedLab835,Drugs/Ecstasy/Pills,Tested Ecstasy Tabs 10ct,1.797514 BTC,Poland
PharmaSource313,Fraud/Documents,Tested License Replica,1.867459 BTC,Netherlands
GhostLab755,Drugs/Prescription/Tramadol,Premium Tramadol 7ct,1.341732 BTC,India
SilentMarket838,Fraud/Documents,Tested License Replica,0.491186 BTC,Switzerland
SpeedMarket529,Drugs/Dissociatives/Ketamine,Quality K Powder 1g,1.866012 BTC,USA/Europe
AlphaDealer746,Digital/Hacking,Hacked Lab Account,1.51339 BTC,Germany
EliteDealer235,Drugs/Cannabis/Hash,Quality Quantity 250g,2.147142 BTC,France
DeltaMarket543,Drugs/Prescription/Xanax,Pressed Lab Xanax 14ct,2.112206 BTC,Netherlands
QuickMaster491,Drugs/Stimulants/Speed,Quality Grade-A Amphetamine 250g,2.151242 BTC,No Info
QuickDirect928,Drugs/Stimulants/Speed,Quality Pure Amphetamine 100g,2.781947 BTC,Netherlands
PureVendor480,Drugs/Dissociatives/Ketamine,Pure K Powder 5g,7.166756 BTC,Australia
UltraKing555,Drugs/Prescription/Adderall,Authentic Grade-A Adderall 28ct,4.954477 BTC,Switzerland
AlphaStore132,Drugs/Cannabis/Hash,Grade-A Quantity 250g,8.550296 BTC,UK
SwiftKing346,Drugs/Prescription/Xanax,Authentic Grade-A Xanax 28ct,4.947186 BTC,Poland
PharmaDirect647,Drugs/Ecstasy/MDMA,Pure Pure Molly 1g,1.991388 BTC,Czech Republic
SpeedShop481,Drugs/Cannabis/Weed,Quality Premium Items 14ct,4.673943 BTC,Worldwide
RedLab835,Drugs/Opioids/Fentanyl,Tested Fentanyl Powder 7g,2.442881 BTC,Switzerland
PureMarket96,Drugs/Ecstasy/MDMA,Crystal Verified MDMA 500g,1.586621 BTC,Worldwide
OmegaKing43,Drugs/Cannabis/Hash,Grade-A Quantity 7g,0.679213 BTC,Australia
RedMarket810,Drugs/Cannabis/Weed,Lab Quantity 250g,4.68666 BTC,Spain
PharmaDirect647,Drugs/Opioids/Heroin,Brown Lab Dope 1g,1.720963 BTC,UK
UltraLab620,Digital/Hacking,Hacked Verified Account,6.999698 BTC,Canada
ShadowDealer416,Drugs/Opioids/Heroin,High Quality Quality Heroin 1g,2.950694 BTC,USA/Europe
PureVendor480,Drugs/Ecstasy/MDMA,Grade-A Ecstasy Crystals 2g,3.70557 BTC,India
DeltaMarket543,Drugs/Cannabis/Hash,Premium Lab Product 10g,4.217842 BTC,Worldwide
BlackMarket588,Drugs/Prescription/Xanax,Pressed Grade-A Xanax 50ct,2.356436 BTC,China
EliteDealer235,Drugs/Prescription/Adderall,Premium Amphetamine Salts 2ct,3.093678 BTC,Worldwide
UltraVendor891,Drugs/Opioids/Oxycodone,Verified Percs 100ct,1.174498 BTC,France
UltraLab266,Drugs/Psychedelics/LSD,Pure LSD Blotters 28ct,1.655445 BTC,Worldwide
CryptoLab868,Drugs/Cannabis/Hash,Premium Lab Product 250g,2.41434 BTC,Canada
PharmaBoss522,Drugs/Cannabis/Hash,Quality Quality Items 5ct,2.277016 BTC,Spain
AlphaStore354,Drugs/Opioids/Oxycodone,Authentic Verified Oxy 28ct,4.736879 BTC,USA/Europe
SwiftStore705,Drugs/Opioids/Fentanyl,Tested Fentanyl Powder 28g,2.778098 BTC,Canada
AlphaStore95,Drugs/Ecstasy/Pills,Blue Pure Press 1ct,2.470233 BTC,Australia
SilentMarket189,Digital/Hacking,Hacked Tested Account,7.709765 BTC,No Info
PharmaExpert186,Drugs/Prescription/Adderall,Grade-A Amphetamine Salts 7ct,0.973239 BTC,UK
DeltaStore687,Drugs/Psychedelics/LSD,Quality Liquid LSD 500ml,0.036397 BTC,India
StealthPro162,Drugs/Cannabis/Edibles,Quality Verified Items 100ct,8.645858 BTC,France
SpeedMarket271,Drugs/Prescription/Tramadol,Pure Tramadol 5ct,4.304316 BTC,Spain
QuickPro135,Drugs/Prescription/Adderall,Lab Amphetamine Salts 7ct,3.366093 BTC,Spain
PharmaDirect647,Drugs/Psychedelics/Mushrooms,Dried Tested Shrooms 25g,4.968294 BTC,Netherlands
SilentBoss239,Drugs/Ecstasy/Pills,Grade-A Ecstasy Tabs 250ct,1.230762 BTC,Germany
StealthShop752,Drugs/Psychedelics/LSD,Verified Liquid LSD 14ml,0.258505 BTC,Czech Republic
DarkExpert536,Drugs/Opioids/Heroin,Verified Heroin 25g,1.657212 BTC,Netherlands
SilentMarket838,Drugs/Stimulants/Meth,Premium Methamphetamine 100g,1.902842 BTC,Germany
SpeedMarket519,Drugs/Stimulants/Speed,Verified Speed Paste 2g,0.990296 BTC,UK
UltraLab266,Drugs/Cannabis/Hash,Premium Quantity 2g,3.30052 BTC,Poland
SilentMarket838,Drugs/Cannabis/Edibles,Premium Pure Product 7g,1.940532 BTC,USA/Europe
BlackShop465,Drugs/Ecstasy/MDMA,Pure Lab Molly 100g,2.847737 BTC,Czech Republic
BlueKing295,Drugs/Ecstasy/MDMA,Crystal Quality MDMA 10g,2.422731 BTC,Poland
UltraMarket470,Drugs/Ecstasy/MDMA,Pure Pure Molly 5g,0.125354 BTC,Belgium
GhostLab755,Digital/Hacking,Hacked Pure Account,1.623539 BTC,Belgium
SpeedShop526,Drugs/Opioids/Oxycodone,Authentic Pure Oxy 500ct,1.195096 BTC,Switzerland
AlphaDirect701,Drugs/Prescription/Adderall,Authentic Pure Adderall 100ct,2.31711 BTC,France
PharmaBoss522,Drugs/Cannabis/Edibles,Premium Lab Product 50g,3.03166 BTC,Czech Republic
GreenExpert605,Drugs/Cannabis/Weed,Lab Quantity 25g,6.021221 BTC,Belgium
BluePro475,Digital/Hacking,Hacked Verified Account,2.92692 BTC,Belgium
AlphaDirect701,Drugs/Opioids/Heroin,High Quality Verified Heroin 2g,3.424629 BTC,Spain
GreenMarket125,Drugs/Opioids/Fentanyl,Quality Fentanyl Powder 250g,5.463166 BTC,Czech Republic
QuickPro135,Fraud/Documents,Counterfeit Quality Passport,3.445217 BTC,China
BluePro475,Drugs/Prescription/Xanax,Authentic Premium Xanax 7ct,3.569012 BTC,Spain
PureMarket96,Drugs/Psychedelics/Mushrooms,Psilocybin Tested Mushrooms 5g,2.053482 BTC,Netherlands
BlueKing295,Drugs/Psychedelics/Mushrooms,Psilocybin Grade-A Mushrooms 25g,1.71827 BTC,Netherlands
ShadowVendor173,Drugs/Psychedelics/Mushrooms,Verified Cubensis 10g,2.039527 BTC,France
BlackExpert873,Drugs/Psychedelics/DMT,Extracted Pure DMT 100g,3.932212 BTC,Australia
KingDirect228,Drugs/Ecstasy/Pills,Blue Tested Press 28ct,2.958294 BTC,Canada
ShadowDealer416,Fraud/Documents,Counterfeit Verified Passport,4.593255 BTC,Switzerland
SilentMaster997,Digital/Hacking,Compromised Grade-A Database,0.668715 BTC,No Info
UltraLab266,Drugs/Ecstasy/Pills,Lab MDMA Pressed Pills 100ct,1.462754 BTC,Spain
DeltaMarket608,Drugs/Ecstasy/Pills,Quality MDMA Pressed Pills 10ct,0.974893 BTC,India
PharmaDirect647,Drugs/Psychedelics/Mushrooms,Psilocybin Quality Mushrooms 14g,2.112427 BTC,Poland
CryptoLab868,Drugs/Psychedelics/Mushrooms,Psilocybin Tested Mushrooms 50g,1.982185 BTC,Netherlands
UltraKing555,Drugs/Ecstasy/MDMA,Crystal Grade-A MDMA 10g,0.077072 BTC,USA/Europe
EliteShop410,Drugs/Prescription/Adderall,Authentic Tested Adderall 100ct,0.052927 BTC,Australia
SwiftDealer556,Drugs/Cannabis/Hash,Premium Premium Product 14g,2.545107 BTC,Canada
SpeedShop526,Drugs/Ecstasy/Pills,Blue Pure Press 50ct,6.861373 BTC,Worldwide
VenomLab714,Drugs/Ecstasy/Pills,Blue Premium Press 2ct,4.232522 BTC,Switzerland
SpeedMarket519,Fraud/Documents,Fake Pure ID,1.847353 BTC,India
AlphaDirect701,Drugs/Opioids/Heroin,High Quality Lab Heroin 1g,5.172685 BTC,Worldwide
EliteMaster689,Drugs/Cannabis/Hash,Premium Tested Product 50g,1.759197 BTC,Poland
BlackShop465,Drugs/Stimulants/Cocaine,Fishscale Pure Coke 1g,1.951477 BTC,Czech Republic
ShadowVendor173,Fraud/Documents,Grade-A License Replica,1.428485 BTC,Canada
QuickSource60,Drugs/Stimulants/Cocaine,Fishscale Premium Coke 25g,0.481556 BTC,Netherlands
PharmaSource313,Drugs/Ecstasy/Pills,Quality MDMA Pressed Pills 250ct,1.423503 BTC,Canada
VenomPro997,Drugs/Psychedelics/DMT,Crystal Verified DMT 5g,3.234537 BTC,Germany
UltraLab266,Drugs/Cannabis/Edibles,Quality Verified Items 14ct,7.748957 BTC,Australia
CryptoDealer638,Drugs/Prescription/Tramadol,Pure Tramadol 500ct,3.214217 BTC,UK
PureMarket96,Drugs/Ecstasy/Pills,Blue Tested Press 2ct,3.086732 BTC,Poland
PharmaDirect647,Drugs/Psychedelics/DMT,Extracted Quality DMT 5g,4.906314 BTC,Canada
UltraDirect809,Drugs/Prescription/Adderall,Tested Amphetamine Salts 10ct,3.44597 BTC,Switzerland
PharmaDirect647,Drugs/Prescription/Xanax,Pressed Lab Xanax 1ct,6.898084 BTC,Germany
SilentBoss239,Fraud/Documents,Fake Lab ID,8.879145 BTC,Australia
UltraMarket470,Drugs/Ecstasy/MDMA,Crystal Verified MDMA 100g,3.44453 BTC,Spain
PureMarket96,Drugs/Cannabis/Edibles,Quality Quality Items 1ct,4.02615 BTC,Czech Republic
BlueKing295,Drugs/Prescription/Adderall,Authentic Verified Adderall 250ct,4.233497 BTC,Spain
PureStore440,Drugs/Cannabis/Edibles,Premium Grade-A Product 25g,2.75154 BTC,Germany
SpeedVendor287,Drugs/Prescription/Adderall,Pure Amphetamine Salts 250ct,6.780446 BTC,USA
UltraKing555,Drugs/Opioids/Fentanyl,Tested Fentanyl Powder 28g,1.38 BTC,Worldwide
SilentMarket838,Drugs/Stimulants/Speed,Crystal Verified Speed 250g,0.657445 BTC,UK
VenomMarket709,Drugs/Opioids/Fentanyl,Lab Fentanyl Powder 1g,0.820124 BTC,Belgium
AlphaVendor354,Drugs/Psychedelics/DMT,Crystal Premium DMT 500g,2.625288 BTC,Belgium
QuickPro135,Drugs/Psychedelics/DMT,Extracted Tested DMT 5g,3.177227 BTC,UK
SilentMarket189,Drugs/Stimulants/Speed,Premium Speed Paste 1g,1.022012 BTC,China
VenomMarket709,Drugs/Stimulants/Meth,Premium Tested Meth 50g,3.045348 BTC,Canada
AlphaStore878,Drugs/Opioids/Heroin,Premium Heroin 28g,0.164761 BTC,Germany
UltraKing555,Drugs/Psychedelics/LSD,High-Dose Verified Tabs 50ct,4.163332 BTC,Netherlands
DarkExpert536,Drugs/Dissociatives/Ketamine,Lab K Powder 100g,2.858079 BTC,Worldwide
VenomSource928,Drugs/Prescription/Tramadol,Premium Tramadol 1ct,1.923144 BTC,Poland
DarkBoss582,Drugs/Psychedelics/DMT,Crystal Quality DMT 500g,7.759354 BTC,Australia
DeltaMarket608,Drugs/Prescription/Xanax,Authentic Grade-A Xanax 100ct,4.194782 BTC,USA/Europe
OmegaDirect105,Drugs/Dissociatives/Ketamine,Research Grade Grade-A Ketamine 50g,0.069641 BTC,Worldwide
AlphaVendor354,Drugs/Stimulants/Cocaine,Premium Blow 500g,0.68499 BTC,Switzerland
StealthKing618,Drugs/Cannabis/Hash,Pure Quantity 7g,1.612952 BTC,Poland
SilentMaster955,Drugs/Cannabis/Weed,Quality Quality Items 1ct,3.970914 BTC,China
DarkBoss582,Drugs/Ecstasy/Pills,Blue Lab Press 1ct,3.982156 BTC,China
GreenExpert605,Digital/Hacking,Compromised Premium Database,4.526302 BTC,USA
UltraDirect809,Drugs/Prescription/Xanax,Pressed Lab Xanax 100ct,0.675555 BTC,USA
SpeedVendor287,Drugs/Psychedelics/LSD,Tested LSD Blotters 1ct,0.295601 BTC,USA
SpeedMarket271,Fraud/Documents,Tested License Replica,0.656953 BTC,Europe
PharmaSource204,Fraud/Documents,Counterfeit Pure Passport,2.730941 BTC,Australia
SilentMarket838,Drugs/Psychedelics/Mushrooms,Psilocybin Verified Mushrooms 500g,8.029091 BTC,France
GreenMarket125,Drugs/Cannabis/Hash,Verified Quantity 50g,3.684197 BTC,USA
SwiftStore884,Drugs/Dissociatives/Ketamine,Lab K Powder 28g,0.309037 BTC,Australia
RedMarket810,Drugs/Prescription/Tramadol,Quality Tramadol 1ct,2.623411 BTC,Poland
SilentPro922,Drugs/Psychedelics/Mushrooms,Dried Tested Shrooms 250g,1.733611 BTC,India
OmegaDirect105,Drugs/Opioids/Heroin,Pure Heroin 1g,6.067357 BTC,USA/Europe
SpeedMarket529,Digital/Hacking,Quality Fullz,2.674464 BTC,No Info
PureStore440,Drugs/Cannabis/Weed,Verified Quantity 50g,4.538373 BTC,Germany
EliteMaster689,Drugs/Prescription/Adderall,Verified Amphetamine Salts 50ct,2.594463 BTC,No Info
AlphaVendor354,Drugs/Stimulants/Cocaine,High Purity Grade-A Cocaine 50g,0.964149 BTC,France
BlueStore943,Drugs/Cannabis/Weed,Quality Pure Items 14ct,1.087867 BTC,Switzerland
SpeedShop526,Digital/Hacking,Hacked Tested Account,4.677502 BTC,China
ShadowDealer416,Drugs/Psychedelics/Mushrooms,Psilocybin Grade-A Mushrooms 7g,0.161638 BTC,France
UltraDirect809,Drugs/Psychedelics/DMT,Pure Spice 1g,1.987917 BTC,Spain
OmegaDirect105,Drugs/Ecstasy/Pills,Blue Tested Press 5ct,0.626513 BTC,China
BlackBoss982,Drugs/Cannabis/Edibles,Premium Premium Product 14g,5.953771 BTC,Czech Republic
DeltaMarket608,Drugs/Psychedelics/LSD,High-Dose Pure Tabs 500ct,3.476182 BTC,USA/Europe
CryptoDirect666,Drugs/Cannabis/Edibles,Premium Tested Product 10g,5.055906 BTC,China
KingBoss990,Drugs/Prescription/Xanax,Pressed Verified Xanax 7ct,5.123565 BTC,USA/Europe
VenomSource928,Drugs/Ecstasy/MDMA,Pure Quality Molly 250g,1.323194 BTC,Switzerland
VenomPro997,Drugs/Stimulants/Speed,Quality Lab Amphetamine 2g,0.738755 BTC,USA/Europe
UltraVendor891,Fraud/Documents,Counterfeit Pure Passport,1.989983 BTC,Poland
PharmaDirect647,Drugs/Psychedelics/Mushrooms,Grade-A Cubensis 5g,1.966996 BTC,China
DarkBoss582,Drugs/Stimulants/Meth,Quality Methamphetamine 50g,1.269934 BTC,UK
StealthPro162,Drugs/Stimulants/Meth,Grade-A Methamphetamine 10g,3.079727 BTC,UK
SpeedMarket529,Drugs/Psychedelics/LSD,High-Dose Quality Tabs 2ct,1.540563 BTC,Spain
BlackBoss982,Drugs/Cannabis/Weed,Quality Pure Items 7ct,2.91224 BTC,Czech Republic
EliteMaster689,Drugs/Cannabis/Hash,Verified Quantity 250g,1.058487 BTC,Europe
AlphaStore95,Drugs/Cannabis/Edibles,Premium Quality Product 10g,4.859212 BTC,Poland
GhostLab755,Drugs/Ecstasy/Pills,Grade-A Ecstasy Tabs 5ct,3.181002 BTC,Czech Republic
BlackBoss982,Drugs/Ecstasy/Pills,Blue Lab Press 100ct,6.812593 BTC,Europe
OmegaKing43,Drugs/Opioids/Oxycodone,Authentic Grade-A Oxy 7ct,2.121404 BTC,UK
BlueKing295,Drugs/Psychedelics/LSD,High-Dose Tested Tabs 10ct,0.075586 BTC,China
QuickDirect928,Fraud/Documents,Counterfeit Premium Passport,2.937779 BTC,USA/Europe
QuickDealer552,Drugs/Cannabis/Hash,Premium Tested Product 10g,3.31137 BTC,USA/Europe
AlphaMaster277,Drugs/Opioids/Heroin,High Quality Pure Heroin 5g,4.848101 BTC,Switzerland
StealthPro162,Digital/Hacking,Hacked Verified Account,7.116177 BTC,India
SwiftKing346,Drugs/Cannabis/Weed,Premium Premium Product 14g,4.74888 BTC,Poland
DarkShop818,Drugs/Stimulants/Cocaine,High Purity Premium Cocaine 25g,1.370288 BTC,India
SwiftStore884,Drugs/Prescription/Adderall,Grade-A Amphetamine Salts 28ct,4.568905 BTC,Germany
VenomLab714,Drugs/Dissociatives/Ketamine,Research Grade Verified Ketamine 100g,3.681429 BTC,China
QuickDealer552,Drugs/Psychedelics/LSD,Grade-A LSD Blotters 100ct,0.597156 BTC,Belgium
BlueKing295,Drugs/Prescription/Xanax,Quality Benzo 7ct,1.489271 BTC,Canada
KingBoss990,Drugs/Psychedelics/LSD,High-Dose Premium Tabs 7ct,1.693848 BTC,Poland
PureMarket224,Drugs/Prescription/Tramadol,Premium Tramadol 2ct,4.356759 BTC,USA
GhostLab755,Drugs/Prescription/Xanax,Authentic Quality Xanax 2ct,3.94626 BTC,India
QuickPro135,Drugs/Stimulants/Meth,Ice Tested Crystal 10g,0.923038 BTC,UK
SpeedVendor287,Digital/Hacking,Compromised Grade-A Database,2.605048 BTC,UK
NightLab646,Digital/Hacking,Hacked Premium Account,2.485776 BTC,UK
SpeedVendor287,Drugs/Cannabis/Weed,Quality Quality Items 250ct,3.892065 BTC,Worldwide
AlphaStore95,Drugs/Psychedelics/DMT,Quality Spice 250g,2.207534 BTC,Netherlands
QuickDirect928,Drugs/Prescription/Tramadol,Pure Tramadol 100ct,0.242794 BTC,Poland
AlphaStore878,Drugs/Ecstasy/MDMA,Crystal Premium MDMA 7g,1.008472 BTC,Switzerland
DarkShop818,Drugs/Ecstasy/MDMA,Pure Tested Molly 28g,6.758468 BTC,Switzerland
EliteMaster689,Drugs/Dissociatives/Ketamine,Research Grade Pure Ketamine 14g,5.79935 BTC,No Info
SwiftStore705,Drugs/Cannabis/Edibles,Premium Grade-A Product 1g,3.072299 BTC,Germany
PharmaDirect770,Drugs/Prescription/Tramadol,Grade-A Tramadol 14ct,2.335172 BTC,Worldwide
PharmaDirect647,Drugs/Cannabis/Hash,Quality Tested Items 10ct,2.516964 BTC,USA/Europe
UltraMarket470,Drugs/Dissociatives/Ketamine,Research Grade Premium Ketamine 50g,2.093238 BTC,Germany
AlphaKing870,Drugs/Dissociatives/Ketamine,Research Grade Verified Ketamine 2g,2.489502 BTC,Switzerland
SilentMarket838,Drugs/Cannabis/Edibles,Quality Quality Items 500ct,2.651661 BTC,USA/Europe
QuickMaster491,Drugs/Cannabis/Hash,Quality Quality Items 5ct,1.247545 BTC,France
KingBoss990,Drugs/Ecstasy/Pills,Blue Grade-A Press 14ct,9.746206 BTC,USA
SwiftDealer556,Drugs/Prescription/Xanax,Pressed Verified Xanax 250ct,2.915339 BTC,No Info
AlphaDirect701,Drugs/Psychedelics/DMT,Pure Spice 14g,0.776229 BTC,Spain
DarkBoss582,Drugs/Ecstasy/Pills,Verified Ecstasy Tabs 25ct,3.78958 BTC,France
AlphaKing463,Drugs/Psychedelics/LSD,Pure LSD Blotters 28ct,3.314126 BTC,USA
BlackExpert873,Drugs/Cannabis/Hash,Quality Quality Items 250ct,7.140721 BTC,Switzerland
SecureBoss844,Drugs/Psychedelics/LSD,Grade-A LSD Blotters 14ct,1.275306 BTC,Europe
SwiftExpert794,Drugs/Prescription/Tramadol,Generic Pure Ultram 2ct,1.304012 BTC,Spain
EliteDealer235,Drugs/Opioids/Heroin,Tested Heroin 7g,2.361731 BTC,Netherlands
StealthPro162,Drugs/Psychedelics/Mushrooms,Dried Quality Shrooms 10g,5.567445 BTC,Germany
SilentPro922,Drugs/Cannabis/Weed,Quality Quantity 10g,2.663705 BTC,No Info
SilentMaster997,Drugs/Stimulants/Cocaine,High Purity Pure Cocaine 500g,1.247395 BTC,Czech Republic
OmegaKing43,Drugs/Opioids/Oxycodone,Quality Percs 10ct,2.786375 BTC,Canada
QuickDealer552,Drugs/Prescription/Xanax,Authentic Quality Xanax 5ct,3.907569 BTC,Spain
PureVendor480,Drugs/Prescription/Xanax,Authentic Verified Xanax 100ct,1.039999 BTC,UK
VenomSource928,Drugs/Opioids/Heroin,High Quality Lab Heroin 2g,0.824727 BTC,Spain
AlphaDealer746,Drugs/Dissociatives/Ketamine,Verified K Powder 7g,3.796487 BTC,Belgium
PureStore440,Drugs/Psychedelics/LSD,High-Dose Grade-A Tabs 250ct,1.991997 BTC,No Info
DarkBoss582,Drugs/Cannabis/Weed,Quality Pure Items 100ct,6.30727 BTC,China
VenomMarket709,Drugs/Cannabis/Weed,Lab Quantity 14g,8.925076 BTC,Belgium
CryptoLab868,Drugs/Stimulants/Speed,Crystal Pure Speed 10g,2.731564 BTC,Netherlands
SpeedMarket271,Drugs/Cannabis/Hash,Quality Verified Items 500ct,0.718877 BTC,Australia
AlphaKing463,Drugs/Opioids/Fentanyl,Verified Fentanyl Powder 10g,0.8418 BTC,Belgium
ShadowVendor954,Drugs/Cannabis/Edibles,Quality Quantity 2g,0.948646 BTC,USA/Europe
AlphaStore132,Drugs/Opioids/Heroin,High Quality Verified Heroin 28g,3.514333 BTC,UK
BlueStore943,Drugs/Prescription/Xanax,Grade-A Benzo 1ct,2.786092 BTC,France
SilentMarket838,Drugs/Dissociatives/Ketamine,Grade-A K Powder 250g,0.76148 BTC,Australia
QuickDirect928,Drugs/Cannabis/Weed,Quality Tested Items 28ct,1.416589 BTC,Netherlands
PharmaExpert186,Digital/Hacking,Hacked Tested Account,1.930451 BTC,Poland
SwiftKing346,Drugs/Stimulants/Meth,Tested Methamphetamine 250g,2.84722 BTC,Switzerland
AlphaStore878,Drugs/Psychedelics/DMT,Quality Spice 100g,2.947972 BTC,USA
PharmaBoss522,Drugs/Stimulants/Speed,Crystal Grade-A Speed 10g,7.379677 BTC,Poland
StealthPro162,Drugs/Opioids/Fentanyl,Premium Fentanyl Powder 25g,2.433426 BTC,Australia
QuickDealer552,Drugs/Opioids/Oxycodone,Grade-A Percs 1ct,0.449843 BTC,Worldwide
SpeedMarket529,Fraud/Documents,Fake Quality ID,2.287137 BTC,Europe
VenomMarket709,Drugs/Opioids/Fentanyl,Lab Fentanyl Powder 7g,1.192824 BTC,China
SilentMaster997,Fraud/Documents,Tested License Replica,2.846144 BTC,Europe
ShadowDealer416,Drugs/Dissociatives/Ketamine,Pure K Powder 10g,4.612288 BTC,Germany
SpeedVendor287,Drugs/Dissociatives/Ketamine,Lab K Powder 10g,2.388164 BTC,Canada
VenomSource928,Drugs/Prescription/Adderall,Grade-A Amphetamine Salts 25ct,1.268099 BTC,No Info
EliteDealer235,Digital/Hacking,Hacked Quality Account,2.188356 BTC,No Info
SpeedShop481,Drugs/Prescription/Tramadol,Premium Tramadol 25ct,2.783733 BTC,Netherlands
UltraLab266,Drugs/Psychedelics/LSD,Premium Liquid LSD 50ml,5.773981 BTC,India
QuickKing639,Drugs/Ecstasy/MDMA,Pure Premium Molly 100g,1.765606 BTC,Belgium
PureMarket96,Drugs/Psychedelics/Mushrooms,Quality Cubensis 250g,5.390679 BTC,UK
BlueKing295,Digital/Hacking,Lab Fullz,4.629752 BTC,UK
AlphaDirect701,Fraud/Documents,Lab License Replica,1.951753 BTC,Poland
AlphaVendor354,Drugs/Cannabis/Edibles,Premium Quality Product 50g,3.046006 BTC,Switzerland
QuickSource60,Drugs/Prescription/Xanax,Authentic Verified Xanax 14ct,4.21043 BTC,France
RedMarket810,Drugs/Cannabis/Edibles,Quality Grade-A Items 250ct,1.944671 BTC,Belgium
ShadowVendor954,Drugs/Ecstasy/MDMA,Crystal Premium MDMA 14g,3.075472 BTC,France
SilentPro922,Drugs/Cannabis/Edibles,Quality Premium Items 1ct,0.471727 BTC,USA
SpeedDealer285,Drugs/Psychedelics/LSD,Pure LSD Blotters 7ct,3.690382 BTC,Canada
StealthPro162,Drugs/Prescription/Tramadol,Generic Pure Ultram 5ct,4.037658 BTC,No Info
QuickMaster491,Drugs/Stimulants/Cocaine,Tested Blow 250g,2.579796 BTC,Worldwide
SilentMaster997,Drugs/Cannabis/Hash,Premium Quantity 28g,3.755228 BTC,No Info
DarkBoss582,Drugs/Stimulants/Speed,Crystal Verified Speed 2g,4.360529 BTC,No Info
SilentBoss239,Drugs/Stimulants/Meth,Premium Tested Meth 2g,2.50903 BTC,China
ShadowVendor173,Drugs/Cannabis/Weed,Quality Tested Items 10ct,1.496707 BTC,Canada
AlphaStore132,Drugs/Cannabis/Edibles,Quality Grade-A Items 2ct,2.903805 BTC,Worldwide
UltraKing555,Drugs/Stimulants/Cocaine,Grade-A Blow 1g,3.868595 BTC,Czech Republic
PureVendor480,Drugs/Cannabis/Weed,Quality Tested Items 5ct,4.473213 BTC,USA
DeltaMarket543,Drugs/Opioids/Oxycodone,Grade-A Percs 50ct,3.473583 BTC,Netherlands
SpeedMarket271,Drugs/Ecstasy/Pills,Premium MDMA Pressed Pills 1ct,1.066481 BTC,Europe
DeltaStore687,Drugs/Cannabis/Hash,Quality Quantity 7g,2.115295 BTC,USA
StealthVendor191,Drugs/Stimulants/Speed,Verified Speed Paste 5g,2.458179 BTC,China
StealthPro162,Drugs/Opioids/Fentanyl,Premium Fentanyl Powder 14g,0.904363 BTC,Switzerland
SwiftKing346,Drugs/Psychedelics/DMT,Extracted Grade-A DMT 28g,5.427875 BTC,France
PharmaSource204,Drugs/Prescription/Adderall,Quality Amphetamine Salts 100ct,3.755419 BTC,China
OmegaDirect105,Digital/Hacking,Compromised Quality Database,2.297645 BTC,France
VenomSource815,Fraud/Documents,Quality License Replica,0.470967 BTC,France
PureMarket224,Drugs/Prescription/Tramadol,Grade-A Tramadol 5ct,0.749564 BTC,Germany
GhostLab755,Drugs/Psychedelics/Mushrooms,Quality Cubensis 7g,3.370802 BTC,Belgium
BlackExpert873,Drugs/Stimulants/Meth,Premium Quality Meth 500g,2.40145 BTC,Europe
SecureBoss844,Drugs/Prescription/Xanax,Pressed Tested Xanax 25ct,0.736031 BTC,France
SwiftDealer556,Drugs/Prescription/Xanax,Pressed Tested Xanax 1ct,3.845775 BTC,Netherlands
SpeedDealer285,Drugs/Psychedelics/LSD,High-Dose Quality Tabs 2ct,2.05204 BTC,France
PharmaDirect770,Drugs/Psychedelics/DMT,Quality Spice 5g,3.861917 BTC,Belgium
SilentMaster955,Drugs/Stimulants/Meth,Lab Methamphetamine 14g,6.12057 BTC,Spain
SilentMarket838,Drugs/Psychedelics/Mushrooms,Psilocybin Grade-A Mushrooms 5g,0.890481 BTC,Czech Republic
GhostLab755,Drugs/Cannabis/Hash,Premium Lab Product 7g,2.080575 BTC,Australia
GreenMarket125,Drugs/Stimulants/Cocaine,Fishscale Verified Coke 10g,4.075001 BTC,India
SilentMaster955,Drugs/Cannabis/Hash,Tested Quantity 14g,0.507808 BTC,Spain
UltraLab620,Drugs/Psychedelics/LSD,High-Dose Lab Tabs 10ct,3.201998 BTC,No Info
StealthVendor191,Drugs/Ecstasy/Pills,Blue Lab Press 10ct,2.28188 BTC,UK
UltraMarket470,Drugs/Cannabis/Weed,Verified Quantity 10g,3.882918 BTC,Europe
DarkExpert536,Drugs/Prescription/Adderall,Authentic Premium Adderall 2ct,3.473848 BTC,Switzerland
AlphaMaster277,Drugs/Cannabis/Weed,Quality Verified Items 250ct,2.154598 BTC,Canada
EliteMaster689,Drugs/Psychedelics/Mushrooms,Psilocybin Pure Mushrooms 500g,5.143525 BTC,Spain
QuickSource60,Drugs/Prescription/Adderall,Authentic Tested Adderall 2ct,1.129644 BTC,Canada
RedMarket810,Digital/Hacking,Hacked Pure Account,8.612693 BTC,Worldwide
PharmaBoss522,Drugs/Stimulants/Cocaine,Grade-A Blow 2g,3.673896 BTC,China
EliteShop410,Fraud/Documents,Counterfeit Pure Passport,2.953994 BTC,Czech Republic
SwiftStore884,Drugs/Ecstasy/MDMA,Crystal Premium MDMA 28g,4.173187 BTC,Germany
KingKing458,Drugs/Ecstasy/Pills,Quality MDMA Pressed Pills 14ct,3.823128 BTC,India
BlueStore78,Drugs/Stimulants/Speed,Crystal Lab Speed 10g,1.811948 BTC,Netherlands
UltraVendor891,Drugs/Dissociatives/Ketamine,Pure K Powder 100g,2.931144 BTC,France
GhostLab755,Drugs/Stimulants/Speed,Crystal Grade-A Speed 50g,2.595007 BTC,France
VenomLab764,Drugs/Psychedelics/LSD,Grade-A LSD Blotters 5ct,5.433383 BTC,China
UltraVendor891,Drugs/Stimulants/Cocaine,High Purity Premium Cocaine 250g,5.138226 BTC,Netherlands
EliteShop410,Drugs/Cannabis/Hash,Quality Quantity 7g,4.685379 BTC,Australia
DarkBoss582,Digital/Hacking,Premium Fullz,3.178004 BTC,Canada
SpeedShop526,Drugs/Prescription/Xanax,Authentic Grade-A Xanax 14ct,1.866315 BTC,Czech Republic
QuickDealer552,Drugs/Stimulants/Cocaine,Premium Blow 28g,2.261969 BTC,No Info
SwiftExpert794,Drugs/Stimulants/Cocaine,Premium Blow 500g,0.868867 BTC,USA/Europe
DarkBoss582,Drugs/Opioids/Oxycodone,Grade-A Percs 1ct,4.171215 BTC,Poland
OmegaDirect105,Fraud/Documents,Fake Lab ID,2.13024 BTC,USA
UltraLab620,Drugs/Ecstasy/Pills,Verified MDMA Pressed Pills 7ct,1.921722 BTC,Spain
BlackExpert873,Drugs/Prescription/Xanax,Authentic Pure Xanax 25ct,3.290904 BTC,Spain
AlphaDirect701,Drugs/Stimulants/Meth,Premium Verified Meth 14g,2.989813 BTC,Switzerland
ShadowDealer416,Drugs/Psychedelics/DMT,Extracted Verified DMT 10g,5.041243 BTC,France
CryptoLab868,Drugs/Stimulants/Speed,Quality Premium Amphetamine 250g,4.35639 BTC,Belgium
VenomVendor269,Drugs/Stimulants/Cocaine,Pure Blow 25g,5.872442 BTC,Germany
KingBoss990,Digital/Hacking,Grade-A Fullz,7.879347 BTC,Europe
StealthVendor191,Drugs/Opioids/Heroin,Premium Heroin 1g,1.318418 BTC,Australia
BlueKing295,Drugs/Psychedelics/Mushrooms,Premium Cubensis 5g,1.063719 BTC,Czech Republic
BluePro475,Drugs/Opioids/Oxycodone,Quality Percs 50ct,2.672954 BTC,UK
PureMarket96,Digital/Hacking,Hacked Pure Account,3.349067 BTC,Belgium
PharmaExpert186,Drugs/Prescription/Xanax,Pressed Tested Xanax 28ct,1.918316 BTC,USA
UltraKing555,Drugs/Cannabis/Weed,Quality Tested Items 250ct,0.330047 BTC,China
UltraVendor891,Drugs/Dissociatives/Ketamine,Verified K Powder 14g,2.159741 BTC,Poland
UltraVendor891,Drugs/Psychedelics/DMT,Lab Spice 25g,3.99162 BTC,Poland
QuickSource60,Drugs/Ecstasy/Pills,Lab MDMA Pressed Pills 5ct,1.424387 BTC,Switzerland
EliteDealer235,Drugs/Psychedelics/Mushrooms,Psilocybin Pure Mushrooms 50g,3.482688 BTC,Belgium
EliteShop410,Drugs/Opioids/Fentanyl,Pure Fentanyl Powder 250g,0.799269 BTC,Europe
RedMarket810,Drugs/Prescription/Tramadol,Generic Grade-A Ultram 28ct,2.978103 BTC,Australia
BlueStore943,Drugs/Prescription/Xanax,Quality Benzo 28ct,3.234065 BTC,UK
CryptoDirect666,Drugs/Stimulants/Cocaine,High Purity Quality Cocaine 1g,6.712053 BTC,Germany
SilentPro922,Drugs/Cannabis/Hash,Quality Pure Items 28ct,0.496542 BTC,Poland
BluePro475,Drugs/Ecstasy/MDMA,Pure Tested Molly 250g,0.568951 BTC,Australia
EliteDealer235,Fraud/Documents,Grade-A License Replica,1.531918 BTC,China
AlphaStore95,Drugs/Stimulants/Cocaine,High Purity Premium Cocaine 14g,5.298263 BTC,Worldwide
SpeedShop481,Drugs/Psychedelics/LSD,Tested LSD Blotters 5ct,4.18279 BTC,USA/Europe
PharmaSource313,Drugs/Opioids/Fentanyl,Grade-A Fentanyl Powder 5g,5.656617 BTC,France
SpeedMarket529,Drugs/Dissociatives/Ketamine,Research Grade Premium Ketamine 5g,3.695711 BTC,No Info
SpeedVendor287,Drugs/Psychedelics/DMT,Premium Spice 250g,3.295709 BTC,Canada
SilentMaster955,Drugs/Stimulants/Meth,Tested Methamphetamine 250g,0.49132 BTC,Worldwide
VenomVendor269,Drugs/Cannabis/Weed,Premium Grade-A Product 500g,1.496761 BTC,Worldwide
SilentVendor726,Drugs/Stimulants/Meth,Grade-A Methamphetamine 100g,3.544781 BTC,Switzerland
BlackMarket588,Drugs/Prescription/Adderall,Authentic Lab Adderall 1ct,2.787596 BTC,Switzerland
StealthPro162,Drugs/Ecstasy/MDMA,Crystal Lab MDMA 28g,1.909325 BTC,Worldwide
KingBoss990,Drugs/Prescription/Xanax,Pressed Verified Xanax 1ct,6.864615 BTC,Switzerland
AlphaStore132,Digital/Hacking,Hacked Tested Account,2.998391 BTC,Poland
KingKing458,Drugs/Cannabis/Edibles,Quality Quality Items 500ct,1.497647 BTC,India
VenomMarket709,Digital/Hacking,Verified Fullz,2.527089 BTC,India
UltraLab266,Drugs/Stimulants/Cocaine,Fishscale Grade-A Coke 5g,4.171199 BTC,Netherlands
SpeedMarket519,Drugs/Stimulants/Speed,Quality Quality Amphetamine 1g,2.168329 BTC,Germany
SilentVendor726,Drugs/Opioids/Heroin,High Quality Quality Heroin 2g,0.79151 BTC,UK
PharmaDirect770,Drugs/Cannabis/Edibles,Premium Verified Product 2g,1.156805 BTC,Switzerland
SpeedShop526,Drugs/Stimulants/Speed,Lab Speed Paste 10g,2.197748 BTC,Europe
AlphaMaster277,Drugs/Psychedelics/Mushrooms,Psilocybin Grade-A Mushrooms 100g,0.156661 BTC,Australia
SpeedMarket529,Drugs/Psychedelics/Mushrooms,Dried Tested Shrooms 100g,3.942799 BTC,Worldwide
SpeedShop526,Drugs/Stimulants/Cocaine,Premium Blow 10g,0.178547 BTC,China
UltraMarket470,Drugs/Psychedelics/DMT,Crystal Pure DMT 10g,7.804545 BTC,Netherlands
SilentBoss239,Drugs/Dissociatives/Ketamine,Research Grade Lab Ketamine 14g,5.871716 BTC,USA
BlueStore943,Drugs/Psychedelics/DMT,Extracted Pure DMT 7g,2.51773 BTC,Germany
VenomVendor269,Drugs/Cannabis/Edibles,Quality Premium Items 5ct,0.508299 BTC,Poland
SpeedVendor287,Drugs/Psychedelics/LSD,Pure Liquid LSD 10ml,2.578812 BTC,USA/Europe
DarkShop818,Digital/Hacking,Compromised Lab Database,1.88951 BTC,Netherlands
PharmaExpert186,Drugs/Cannabis/Hash,Quality Quality Items 500ct,2.03777 BTC,USA
GreenExpert605,Drugs/Ecstasy/MDMA,Pure Tested Molly 14g,3.860576 BTC,India
PharmaSource204,Drugs/Stimulants/Meth,Premium Lab Meth 14g,3.735282 BTC,Australia
EliteMaster689,Fraud/Documents,Fake Pure ID,0.378308 BTC,USA/Europe
PharmaDirect770,Drugs/Opioids/Fentanyl,Research Chemical Lab Fent 250g,2.361973 BTC,Belgium
DarkShop818,Drugs/Opioids/Oxycodone,Verified Percs 7ct,0.997608 BTC,Europe
PharmaDirect647,Drugs/Opioids/Fentanyl,Premium Fentanyl Powder 100g,3.148857 BTC,Poland
BlueStore943,Drugs/Stimulants/Speed,Quality Speed Paste 25g,7.44679 BTC,No Info
AlphaMaster277,Drugs/Cannabis/Weed,Verified Quantity 250g,1.879636 BTC,USA/Europe
PharmaExpert186,Drugs/Opioids/Oxycodone,Pure Percs 28ct,1.939833 BTC,UK
DarkShop818,Drugs/Ecstasy/MDMA,Verified Ecstasy Crystals 1g,2.482799 BTC,France
VenomLab764,Drugs/Ecstasy/MDMA,Crystal Premium MDMA 100g,1.365795 BTC,Spain
SpeedMarket519,Drugs/Stimulants/Meth,Premium Tested Meth 500g,2.284088 BTC,USA/Europe
EliteMaster689,Drugs/Prescription/Tramadol,Generic Premium Ultram 2ct,5.940793 BTC,Canada
PharmaDirect647,Drugs/Opioids/Heroin,Verified Heroin 100g,2.387344 BTC,Belgium
PharmaBoss522,Digital/Hacking,Hacked Lab Account,2.38774 BTC,France
EliteShop410,Drugs/Stimulants/Meth,Premium Pure Meth 250g,8.298667 BTC,UK
SwiftExpert794,Drugs/Psychedelics/Mushrooms,Psilocybin Pure Mushrooms 5g,2.56646 BTC,USA/Europe
AlphaVendor354,Drugs/Cannabis/Edibles,Premium Verified Product 7g,2.685188 BTC,USA
VenomVendor269,Drugs/Prescription/Adderall,Authentic Verified Adderall 2ct,0.504107 BTC,Switzerland
SpeedMarket529,Digital/Hacking,Hacked Verified Account,1.718943 BTC,Netherlands
CryptoDealer638,Drugs/Opioids/Oxycodone,Grade-A Percs 7ct,0.817888 BTC,USA
UltraLab266,Drugs/Opioids/Oxycodone,Authentic Premium Oxy 14ct,2.184521 BTC,Spain
SpeedVendor287,Drugs/Psychedelics/LSD,High-Dose Premium Tabs 250ct,3.343644 BTC,UK
VenomSource815,Drugs/Stimulants/Meth,Premium Grade-A Meth 1g,4.694298 BTC,Belgium
BlackExpert873,Drugs/Prescription/Tramadol,Quality Tramadol 500ct,3.683038 BTC,USA
DarkExpert536,Drugs/Opioids/Heroin,Brown Grade-A Dope 14g,2.415493 BTC,USA
AlphaDealer746,Drugs/Opioids/Fentanyl,Research Chemical Quality Fent 28g,1.155329 BTC,Switzerland
SwiftDealer556,Drugs/Opioids/Oxycodone,Authentic Premium Oxy 5ct,0.645918 BTC,France
AlphaStore132,Drugs/Prescription/Xanax,Lab Benzo 5ct,3.429851 BTC,France
VenomVendor269,Digital/Hacking,Hacked Lab Account,0.141319 BTC,Worldwide
GreenDealer162,Drugs/Ecstasy/MDMA,Pure Tested Molly 5g,1.471244 BTC,France
SpeedMarket529,Drugs/Cannabis/Hash,Quality Verified Items 250ct,8.13914 BTC,Switzerland
SwiftStore884,Drugs/Dissociatives/Ketamine,Tested K Powder 2g,0.449381 BTC,India
PureMarket96,Drugs/Prescription/Adderall,Authentic Verified Adderall 1ct,0.934495 BTC,Canada
CryptoDealer638,Fraud/Documents,Counterfeit Quality Passport,1.363205 BTC,Europe
UltraVendor891,Drugs/Cannabis/Hash,Quality Verified Items 100ct,3.063539 BTC,India
PureMarket224,Digital/Hacking,Hacked Verified Account,0.093584 BTC,Netherlands
SpeedDealer285,Drugs/Prescription/Adderall,Authentic Quality Adderall 25ct,0.442867 BTC,Canada
VenomLab714,Drugs/Psychedelics/LSD,Verified Liquid LSD 28ml,4.299506 BTC,Belgium
SilentMarket189,Digital/Hacking,Verified Fullz,1.953596 BTC,China
SwiftExpert794,Digital/Hacking,Verified Fullz,3.209366 BTC,Poland
KingKing458,Drugs/Cannabis/Edibles,Quality Pure Items 1ct,0.427402 BTC,Europe
StealthVendor191,Drugs/Opioids/Oxycodone,Grade-A Percs 14ct,3.770927 BTC,USA/Europe
ShadowVendor954,Drugs/Prescription/Tramadol,Generic Premium Ultram 14ct,1.555981 BTC,China
QuickPro135,Drugs/Cannabis/Hash,Quality Tested Items 10ct,1.016947 BTC,Poland
PharmaDirect770,Drugs/Dissociatives/Ketamine,Research Grade Tested Ketamine 7g,3.194558 BTC,Spain
KingDirect228,Drugs/Ecstasy/Pills,Verified Ecstasy Tabs 28ct,3.510403 BTC,Czech Republic
GhostLab755,Drugs/Prescription/Adderall,Premium Amphetamine Salts 100ct,3.495745 BTC,Netherlands
QuickDirect928,Digital/Hacking,Premium Fullz,3.427516 BTC,Belgium
SilentMaster997,Drugs/Psychedelics/Mushrooms,Quality Cubensis 28g,3.926216 BTC,UK
PharmaBoss522,Drugs/Opioids/Oxycodone,Quality Percs 2ct,3.433933 BTC,Europe
PureMarket224,Drugs/Cannabis/Edibles,Premium Quantity 28g,2.601878 BTC,Germany
PureMarket96,Drugs/Prescription/Tramadol,Generic Quality Ultram 28ct,5.640868 BTC,Worldwide
GreenDealer162,Drugs/Cannabis/Hash,Premium Premium Product 100g,1.86684 BTC,Canada
StealthVendor191,Drugs/Ecstasy/MDMA,Pure Pure Molly 250g,4.782251 BTC,USA/Europe
DeltaMarket608,Drugs/Ecstasy/MDMA,Pure Tested Molly 250g,5.937536 BTC,No Info
EliteMaster689,Drugs/Prescription/Tramadol,Tested Tramadol 28ct,3.274731 BTC,Worldwide
UltraMarket470,Drugs/Cannabis/Hash,Premium Lab Product 14g,2.111706 BTC,Australia
EliteDealer235,Digital/Hacking,Compromised Quality Database,3.821719 BTC,Germany
UltraDirect809,Drugs/Cannabis/Hash,Tested Quantity 2g,0.206491 BTC,Australia
BlueStore78,Drugs/Ecstasy/Pills,Blue Quality Press 7ct,2.509584 BTC,China
DeltaMarket608,Drugs/Prescription/Adderall,Authentic Lab Adderall 500ct,1.046566 BTC,UK
AlphaDirect701,Drugs/Psychedelics/Mushrooms,Psilocybin Quality Mushrooms 7g,5.637611 BTC,USA
GreenDealer162,Drugs/Stimulants/Speed,Crystal Quality Speed 50g,0.936468 BTC,UK
OmegaDirect105,Drugs/Prescription/Xanax,Quality Benzo 5ct,4.177091 BTC,Worldwide
EliteDealer235,Drugs/Cannabis/Hash,Quality Quantity 7g,1.976998 BTC,Switzerland
AlphaMaster277,Drugs/Opioids/Oxycodone,Authentic Tested Oxy 100ct,0.945954 BTC,No Info
BlackBoss982,Drugs/Opioids/Heroin,High Quality Pure Heroin 250g,4.071924 BTC,Switzerland
BlueStore78,Fraud/Documents,Premium License Replica,0.453155 BTC,Canada
BlueStore943,Drugs/Opioids/Oxycodone,Authentic Tested Oxy 50ct,3.191959 BTC,Germany
UltraLab620,Drugs/Prescription/Xanax,Pressed Tested Xanax 250ct,2.034988 BTC,Germany
RedLab835,Drugs/Psychedelics/LSD,Premium LSD Blotters 50ct,2.010215 BTC,Poland
UltraSource684,Drugs/Opioids/Fentanyl,Verified Fentanyl Powder 7g,3.462746 BTC,Czech Republic
UltraVendor891,Drugs/Opioids/Fentanyl,Research Chemical Tested Fent 28g,2.10961 BTC,Australia
PharmaDirect647,Drugs/Prescription/Tramadol,Generic Grade-A Ultram 1ct,7.474209 BTC,Belgium
DarkBoss582,Drugs/Dissociatives/Ketamine,Research Grade Verified Ketamine 100g,5.507185 BTC,Poland
BlackExpert873,Drugs/Opioids/Oxycodone,Grade-A Percs 14ct,2.970775 BTC,No Info
BlackExpert873,Fraud/Documents,Fake Tested ID,2.454311 BTC,Europe
UltraMarket470,Digital/Hacking,Hacked Grade-A Account,1.33954 BTC,Czech Republic
UltraSource684,Drugs/Dissociatives/Ketamine,Grade-A K Powder 2g,2.565405 BTC,Canada
EliteMaster689,Drugs/Stimulants/Meth,Grade-A Methamphetamine 2g,2.406258 BTC,No Info
VenomLab714,Drugs/Dissociatives/Ketamine,Lab K Powder 50g,1.880734 BTC,China
KingKing458,Drugs/Prescription/Xanax,Pressed Tested Xanax 7ct,5.622804 BTC,USA
UltraDirect809,Digital/Hacking,Hacked Grade-A Account,1.927105 BTC,Belgium
StealthShop752,Drugs/Stimulants/Cocaine,High Purity Lab Cocaine 2g,3.055297 BTC,France
VenomSource928,Drugs/Stimulants/Speed,Quality Tested Amphetamine 100g,2.379796 BTC,Belgium
GhostLab755,Drugs/Psychedelics/DMT,Extracted Grade-A DMT 7g,3.881665 BTC,Worldwide
SpeedMarket519,Drugs/Opioids/Fentanyl,Premium Fentanyl Powder 50g,1.658579 BTC,Poland
RedMarket810,Drugs/Psychedelics/LSD,Grade-A LSD Blotters 2ct,4.671851 BTC,Netherlands
DeltaMarket608,Drugs/Opioids/Oxycodone,Lab Percs 25ct,3.104739 BTC,Australia
StealthPro162,Drugs/Opioids/Fentanyl,Pure Fentanyl Powder 5g,1.541603 BTC,USA
KingKing458,Drugs/Cannabis/Weed,Quality Quantity 28g,2.649013 BTC,Germany
VenomMarket709,Digital/Hacking,Compromised Lab Database,0.114691 BTC,Belgium
VenomSource928,Drugs/Dissociatives/Ketamine,Lab K Powder 14g,4.226692 BTC,USA/Europe
PharmaDirect770,Drugs/Opioids/Fentanyl,Research Chemical Quality Fent 5g,4.092475 BTC,India
StealthShop752,Drugs/Psychedelics/Mushrooms,Psilocybin Grade-A Mushrooms 500g,3.175228 BTC,Australia
RedLab835,Drugs/Cannabis/Edibles,Premium Tested Product 5g,0.997339 BTC,Australia
KingKing458,Drugs/Cannabis/Edibles,Quality Lab Items 7ct,3.535096 BTC,UK
VenomLab714,Digital/Hacking,Compromised Verified Database,1.038506 BTC,Australia
StealthVendor191,Drugs/Opioids/Heroin,Verified Heroin 5g,1.414107 BTC,Australia
PharmaDirect770,Drugs/Prescription/Xanax,Authentic Tested Xanax 250ct,3.649541 BTC,China
BluePro475,Drugs/Psychedelics/Mushrooms,Dried Tested Shrooms 50g,2.357937 BTC,Netherlands
VenomVendor269,Drugs/Opioids/Heroin,Brown Tested Dope 250g,2.473463 BTC,Worldwide
BlueStore78,Drugs/Opioids/Oxycodone,Authentic Verified Oxy 50ct,2.055061 BTC,Poland
SecureBoss844,Drugs/Cannabis/Hash,Premium Grade-A Product 7g,1.820251 BTC,China
SilentPro922,Drugs/Cannabis/Weed,Grade-A Quantity 2g,4.943668 BTC,Spain
BlackBoss982,Drugs/Ecstasy/MDMA,Premium Ecstasy Crystals 100g,1.046402 BTC,No Info
UltraLab266,Drugs/Stimulants/Meth,Quality Methamphetamine 25g,1.676794 BTC,USA/Europe
UltraSource684,Drugs/Stimulants/Meth,Ice Quality Crystal 7g,1.153215 BTC,Czech Republic
GreenDealer162,Drugs/Psychedelics/Mushrooms,Psilocybin Verified Mushrooms 2g,4.712314 BTC,India
QuickKing639,Fraud/Documents,Premium License Replica,3.938018 BTC,UK
BluePro475,Drugs/Psychedelics/Mushrooms,Dried Pure Shrooms 7g,2.758796 BTC,Spain
VenomLab764,Drugs/Psychedelics/DMT,Premium Spice 10g,1.106922 BTC,Germany
CryptoDirect666,Drugs/Ecstasy/Pills,Grade-A Ecstasy Tabs 14ct,2.563238 BTC,Europe
SilentMarket838,Fraud/Documents,Counterfeit Tested Passport,1.687494 BTC,India
PureMarket224,Drugs/Ecstasy/MDMA,Crystal Grade-A MDMA 14g,0.918458 BTC,Canada
DarkBoss582,Drugs/Ecstasy/MDMA,Pure Quality Molly 1g,0.358291 BTC,China
SilentVendor726,Drugs/Psychedelics/DMT,Extracted Grade-A DMT 250g,2.248058 BTC,Australia
OmegaDirect105,Drugs/Ecstasy/Pills,Tested Ecstasy Tabs 100ct,3.196956 BTC,Europe
PharmaDirect770,Drugs/Stimulants/Speed,Crystal Premium Speed 25g,0.721883 BTC,UK
VenomSource815,Drugs/Prescription/Tramadol,Generic Premium Ultram 10ct,3.464885 BTC,USA
CryptoLab868,Drugs/Ecstasy/MDMA,Verified Ecstasy Crystals 250g,3.433725 BTC,USA/Europe
CryptoDirect666,Drugs/Cannabis/Hash,Verified Quantity 2g,6.315305 BTC,Canada
AlphaStore132,Drugs/Prescription/Adderall,Lab Amphetamine Salts 25ct,4.958097 BTC,USA
AlphaVendor354,Drugs/Psychedelics/DMT,Crystal Premium DMT 25g,1.448941 BTC,Spain
BluePro475,Drugs/Stimulants/Meth,Ice Grade-A Crystal 25g,1.272234 BTC,Europe
PureVendor480,Drugs/Stimulants/Meth,Pure Methamphetamine 250g,0.886207 BTC,USA
CryptoDealer638,Drugs/Stimulants/Meth,Ice Lab Crystal 2g,3.611995 BTC,Canada
UltraLab266,Digital/Hacking,Premium Fullz,0.277041 BTC,Canada
StealthShop752,Drugs/Opioids/Oxycodone,Pure Percs 100ct,4.194343 BTC,UK
UltraKing555,Drugs/Ecstasy/Pills,Blue Lab Press 100ct,1.066115 BTC,USA/Europe
AlphaStore354,Drugs/Opioids/Fentanyl,Research Chemical Verified Fent 7g,2.195089 BTC,Spain
StealthKing618,Drugs/Psychedelics/Mushrooms,Dried Verified Shrooms 500g,3.145762 BTC,Switzerland
SecureBoss844,Drugs/Prescription/Xanax,Authentic Grade-A Xanax 250ct,0.520813 BTC,China
PharmaSource313,Drugs/Dissociatives/Ketamine,Premium K Powder 250g,0.83309 BTC,Czech Republic
DeltaStore687,Drugs/Stimulants/Cocaine,High Purity Tested Cocaine 100g,0.099575 BTC,Australia
VenomLab714,Drugs/Opioids/Oxycodone,Quality Percs 25ct,0.416201 BTC,Germany
ShadowVendor954,Drugs/Psychedelics/DMT,Crystal Premium DMT 25g,0.772105 BTC,France
QuickSource60,Drugs/Psychedelics/DMT,Grade-A Spice 250g,2.926003 BTC,Netherlands
EliteShop410,Drugs/Ecstasy/Pills,Premium Ecstasy Tabs 100ct,0.595825 BTC,India
RedMarket810,Drugs/Dissociatives/Ketamine,Tested K Powder 100g,2.66548 BTC,India
SpeedMarket271,Fraud/Documents,Fake Lab ID,1.69991 BTC,Netherlands
AlphaStore878,Drugs/Dissociatives/Ketamine,Research Grade Grade-A Ketamine 1g,3.641645 BTC,No Info
KingDirect228,Drugs/Cannabis/Weed,Quality Pure Items 500ct,5.112858 BTC,Belgium
StealthPro162,Drugs/Cannabis/Weed,Quality Tested Items 25ct,4.460022 BTC,USA
PharmaDirect647,Drugs/Stimulants/Meth,Premium Quality Meth 100g,2.500303 BTC,USA/Europe
SilentMaster997,Drugs/Cannabis/Weed,Quality Tested Items 25ct,3.891181 BTC,Canada
PharmaSource204,Drugs/Opioids/Oxycodone,Pure Percs 14ct,4.752643 BTC,Spain
UltraVendor891,Drugs/Psychedelics/LSD,Pure LSD Blotters 14ct,2.838691 BTC,USA
AlphaKing870,Drugs/Cannabis/Weed,Quality Grade-A Items 10ct,3.143032 BTC,Canada
SwiftStore705,Drugs/Psychedelics/LSD,Premium LSD Blotters 500ct,3.609842 BTC,France
KingKing458,Drugs/Prescription/Tramadol,Lab Tramadol 5ct,2.980554 BTC,Canada
QuickSource60,Drugs/Cannabis/Hash,Quality Quantity 1g,7.004098 BTC,USA/Europe
SilentBoss239,Drugs/Cannabis/Edibles,Premium Lab Product 250g,1.410991 BTC,Spain
SilentBoss239,Drugs/Prescription/Tramadol,Generic Lab Ultram 10ct,4.990675 BTC,India
AlphaKing463,Drugs/Cannabis/Weed,Premium Lab Product 7g,1.712207 BTC,India
SpeedMarket529,Drugs/Stimulants/Cocaine,Tested Blow 100g,2.957148 BTC,Germany
DarkShop818,Drugs/Ecstasy/MDMA,Crystal Grade-A MDMA 2g,3.884027 BTC,Netherlands
KingKing458,Drugs/Cannabis/Weed,Premium Quantity 50g,3.410788 BTC,India
QuickMaster491,Drugs/Ecstasy/Pills,Blue Lab Press 50ct,1.702628 BTC,Europe
SwiftStore884,Drugs/Dissociatives/Ketamine,Tested K Powder 250g,3.236087 BTC,France
StealthVendor191,Drugs/Cannabis/Hash,Lab Quantity 250g,2.251232 BTC,Germany
AlphaStore878,Drugs/Cannabis/Hash,Quality Lab Items 100ct,4.073143 BTC,Canada
PureStore440,Drugs/Psychedelics/Mushrooms,Dried Verified Shrooms 14g,0.654443 BTC,France
SwiftStore705,Drugs/Prescription/Adderall,Authentic Quality Adderall 28ct,2.857523 BTC,Canada
PureMarket96,Drugs/Psychedelics/Mushrooms,Psilocybin Pure Mushrooms 50g,3.741318 BTC,Czech Republic
VenomMarket709,Drugs/Cannabis/Edibles,Quality Tested Items 7ct,3.618614 BTC,India
GhostLab755,Drugs/Psychedelics/LSD,Tested LSD Blotters 500ct,3.828412 BTC,No Info
VenomLab764,Drugs/Stimulants/Meth,Premium Verified Meth 7g,2.484111 BTC,India
BluePro475,Drugs/Ecstasy/Pills,Lab MDMA Pressed Pills 7ct,5.166596 BTC,Czech Republic
SilentMarket189,Drugs/Opioids/Heroin,Verified Heroin 250g,1.308461 BTC,USA/Europe
BluePro475,Drugs/Prescription/Adderall,Verified Amphetamine Salts 50ct,1.152398 BTC,Germany
EliteMaster689,Drugs/Stimulants/Speed,Quality Lab Amphetamine 14g,2.650046 BTC,Canada
AlphaKing870,Drugs/Stimulants/Cocaine,Lab Blow 25g,0.906413 BTC,Worldwide
DeltaMarket543,Drugs/Stimulants/Cocaine,High Purity Lab Cocaine 500g,0.667983 BTC,UK
NightLab646,Drugs/Prescription/Tramadol,Quality Tramadol 500ct,5.107657 BTC,Poland
SwiftKing346,Drugs/Stimulants/Cocaine,Lab Blow 1g,2.288088 BTC,Czech Republic
PharmaBoss522,Drugs/Prescription/Tramadol,Generic Grade-A Ultram 7ct,1.243388 BTC,Belgium
SilentPro922,Drugs/Opioids/Oxycodone,Lab Percs 50ct,1.622665 BTC,UK
VenomSource928,Drugs/Psychedelics/DMT,Quality Spice 14g,0.832379 BTC,Switzerland
SecureBoss844,Drugs/Prescription/Tramadol,Tested Tramadol 14ct,0.799967 BTC,Australia
PharmaDirect770,Drugs/Stimulants/Cocaine,Lab Blow 50g,3.17359 BTC,Australia
SilentMarket189,Drugs/Stimulants/Cocaine,Fishscale Pure Coke 25g,4.363203 BTC,Poland
SecureBoss844,Drugs/Opioids/Heroin,Lab Heroin 5g,4.925335 BTC,China
StealthKing618,Drugs/Psychedelics/DMT,Premium Spice 2g,0.638025 BTC,UK
SpeedMarket519,Drugs/Psychedelics/Mushrooms,Psilocybin Pure Mushrooms 5g,9.194009 BTC,Belgium
VenomSource815,Drugs/Opioids/Heroin,Pure Heroin 10g,1.287785 BTC,China
BluePro475,Drugs/Ecstasy/Pills,Blue Pure Press 2ct,0.991686 BTC,Europe
UltraKing555,Digital/Hacking,Hacked Pure Account,0.344416 BTC,USA
CryptoDirect666,Digital/Hacking,Quality Fullz,3.543599 BTC,Czech Republic
NightLab646,Drugs/Psychedelics/Mushrooms,Grade-A Cubensis 5g,4.29773 BTC,USA
SilentMarket838,Digital/Hacking,Lab Fullz,0.342198 BTC,Poland
PharmaDirect647,Drugs/Prescription/Tramadol,Generic Premium Ultram 2ct,1.959301 BTC,Poland
GhostLab755,Drugs/Ecstasy/Pills,Verified Ecstasy Tabs 5ct,2.695517 BTC,USA/Europe
OmegaDirect105,Drugs/Cannabis/Hash,Premium Grade-A Product 250g,9.378616 BTC,Belgium
SwiftKing346,Drugs/Prescription/Adderall,Authentic Premium Adderall 25ct,2.480286 BTC,USA
VenomVendor269,Drugs/Dissociatives/Ketamine,Tested K Powder 25g,0.33454 BTC,Germany
GreenDealer162,Drugs/Cannabis/Hash,Quality Quality Items 2ct,1.276178 BTC,Czech Republic
SpeedMarket519,Drugs/Prescription/Adderall,Authentic Premium Adderall 5ct,4.872362 BTC,UK
AlphaStore354,Drugs/Stimulants/Meth,Ice Lab Crystal 2g,3.151623 BTC,USA/Europe
PharmaExpert186,Drugs/Cannabis/Edibles,Quality Tested Items 50ct,1.428234 BTC,Worldwide
SpeedDealer285,Drugs/Cannabis/Edibles,Quality Tested Items 25ct,0.351085 BTC,Spain
SilentPro922,Drugs/Cannabis/Hash,Premium Lab Product 10g,3.457539 BTC,Belgium
GhostLab755,Drugs/Stimulants/Cocaine,Fishscale Lab Coke 1g,1.499649 BTC,Worldwide
UltraLab266,Drugs/Prescription/Tramadol,Generic Quality Ultram 250ct,9.015559 BTC,India
SwiftStore705,Drugs/Ecstasy/MDMA,Grade-A Ecstasy Crystals 500g,3.745752 BTC,UK
UltraLab266,Drugs/Opioids/Oxycodone,Authentic Premium Oxy 500ct,0.646695 BTC,Belgium
GreenDealer162,Drugs/Dissociatives/Ketamine,Lab K Powder 14g,2.559409 BTC,USA
BlueKing295,Drugs/Psychedelics/Mushrooms,Dried Premium Shrooms 250g,2.240606 BTC,France
SilentBoss239,Drugs/Dissociatives/Ketamine,Verified K Powder 100g,2.352515 BTC,Spain
PharmaBoss522,Drugs/Stimulants/Meth,Premium Grade-A Meth 2g,0.321162 BTC,Poland
PharmaSource313,Drugs/Prescription/Adderall,Quality Amphetamine Salts 2ct,5.054351 BTC,Europe
VenomSource815,Drugs/Stimulants/Meth,Ice Verified Crystal 25g,2.621184 BTC,Switzerland
OmegaDirect105,Drugs/Psychedelics/LSD,Lab Liquid LSD 5ml,1.429836 BTC,Australia
SwiftDealer556,Drugs/Stimulants/Cocaine,High Purity Lab Cocaine 14g,2.400532 BTC,Germany
AlphaKing870,Drugs/Psychedelics/Mushrooms,Lab Cubensis 10g,3.22697 BTC,India
SilentBoss239,Drugs/Ecstasy/Pills,Blue Lab Press 10ct,2.692667 BTC,Canada
SilentPro922,Drugs/Cannabis/Edibles,Premium Pure Product 500g,6.246529 BTC,USA/Europe
BlackShop465,Digital/Hacking,Hacked Premium Account,0.300697 BTC,Worldwide
SpeedShop526,Drugs/Ecstasy/Pills,Grade-A Ecstasy Tabs 10ct,0.116389 BTC,India
KingKing458,Drugs/Prescription/Tramadol,Generic Lab Ultram 100ct,3.407564 BTC,Europe
KingKing458,Drugs/Opioids/Heroin,Brown Premium Dope 5g,2.459971 BTC,Switzerland
DarkBoss582,Drugs/Cannabis/Weed,Quality Lab Items 10ct,0.385101 BTC,Belgium
DarkShop818,Drugs/Opioids/Heroin,Verified Heroin 2g,1.727011 BTC,Germany
SilentMarket189,Drugs/Dissociatives/Ketamine,Grade-A K Powder 5g,0.929781 BTC,Europe
BlackExpert873,Digital/Hacking,Hacked Premium Account,4.002286 BTC,USA
QuickKing639,Drugs/Opioids/Fentanyl,Research Chemical Verified Fent 10g,0.081718 BTC,Poland
UltraSource684,Drugs/Cannabis/Weed,Pure Quantity 25g,5.49711 BTC,Netherlands
SpeedMarket519,Drugs/Dissociatives/Ketamine,Research Grade Tested Ketamine 5g,3.181075 BTC,USA
AlphaMaster277,Drugs/Opioids/Oxycodone,Premium Percs 1ct,1.399027 BTC,China
PureMarket96,Drugs/Psychedelics/Mushrooms,Psilocybin Lab Mushrooms 7g,2.497472 BTC,Belgium
BlueStore78,Drugs/Opioids/Oxycodone,Lab Percs 14ct,2.128423 BTC,Worldwide
OmegaDirect105,Drugs/Psychedelics/Mushrooms,Dried Pure Shrooms 2g,0.160231 BTC,Switzerland
SilentMarket838,Drugs/Psychedelics/LSD,Quality Liquid LSD 1ml,4.118451 BTC,Belgium
SpeedMarket271,Digital/Hacking,Lab Fullz,1.92656 BTC,Europe
UltraMarket470,Drugs/Ecstasy/Pills,Quality MDMA Pressed Pills 100ct,0.423897 BTC,Canada
QuickDealer552,Drugs/Cannabis/Edibles,Quality Quality Items 100ct,3.312775 BTC,Worldwide
SpeedMarket519,Drugs/Opioids/Oxycodone,Pure Percs 10ct,1.947525 BTC,USA/Europe
UltraDirect809,Drugs/Dissociatives/Ketamine,Premium K Powder 10g,2.276129 BTC,Worldwide
PureVendor480,Drugs/Cannabis/Edibles,Premium Verified Product 500g,3.96992 BTC,Switzerland
DeltaMarket543,Drugs/Prescription/Adderall,Authentic Pure Adderall 28ct,7.355392 BTC,Czech Republic
UltraKing555,Drugs/Stimulants/Cocaine,Tested Blow 5g,1.926229 BTC,USA/Europe
CryptoDealer638,Drugs/Stimulants/Cocaine,Tested Blow 500g,2.897529 BTC,No Info
BlackMarket588,Drugs/Stimulants/Meth,Grade-A Methamphetamine 14g,0.279821 BTC,Switzerland
QuickPro135,Drugs/Cannabis/Hash,Quality Verified Items 10ct,3.023165 BTC,Poland
QuickKing639,Drugs/Opioids/Fentanyl,Research Chemical Quality Fent 500g,7.675285 BTC,UK
VenomSource815,Drugs/Ecstasy/Pills,Blue Quality Press 2ct,0.793635 BTC,Canada
BlueKing295,Drugs/Stimulants/Cocaine,Fishscale Lab Coke 500g,3.214815 BTC,Canada
AlphaVendor354,Drugs/Opioids/Fentanyl,Tested Fentanyl Powder 2g,1.256757 BTC,Germany
GhostLab755,Drugs/Psychedelics/DMT,Crystal Grade-A DMT 1g,3.879214 BTC,Germany
VenomLab764,Drugs/Stimulants/Cocaine,Lab Blow 28g,5.442202 BTC,Canada
SilentMaster997,Drugs/Opioids/Heroin,Brown Lab Dope 10g,2.044888 BTC,China
SilentMarket838,Drugs/Stimulants/Meth,Quality Methamphetamine 500g,2.214894 BTC,Netherlands
BlackBoss982,Fraud/Documents,Fake Pure ID,2.1907 BTC,USA/Europe
SilentPro922,Drugs/Cannabis/Weed,Premium Grade-A Product 14g,2.177806 BTC,India
SilentBoss239,Drugs/Stimulants/Meth,Premium Methamphetamine 5g,1.731734 BTC,France
AlphaDirect701,Drugs/Stimulants/Speed,Premium Speed Paste 1g,1.812995 BTC,UK
SilentMaster955,Drugs/Prescription/Tramadol,Grade-A Tramadol 2ct,1.654298 BTC,Germany
UltraDirect809,Drugs/Opioids/Heroin,High Quality Lab Heroin 25g,0.997726 BTC,Europe
SwiftExpert794,Fraud/Documents,Grade-A License Replica,1.720814 BTC,Europe
QuickKing639,Drugs/Opioids/Fentanyl,Tested Fentanyl Powder 25g,5.271345 BTC,China
QuickSource60,Drugs/Prescription/Tramadol,Pure Tramadol 5ct,2.974988 BTC,Switzerland
SilentBoss239,Fraud/Documents,Fake Pure ID,4.616858 BTC,Worldwide
AlphaStore878,Drugs/Stimulants/Cocaine,Grade-A Blow 100g,3.975424 BTC,China
AlphaVendor354,Drugs/Cannabis/Weed,Quality Verified Items 250ct,0.057095 BTC,Canada
VenomSource815,Drugs/Stimulants/Speed,Crystal Lab Speed 250g,1.700964 BTC,Australia
DeltaStore687,Drugs/Stimulants/Cocaine,Premium Blow 500g,2.066739 BTC,No Info
CryptoLab868,Drugs/Stimulants/Speed,Quality Quality Amphetamine 7g,4.220904 BTC,Spain
SpeedMarket271,Drugs/Stimulants/Speed,Quality Tested Amphetamine 28g,6.564169 BTC,India
StealthVendor191,Drugs/Psychedelics/LSD,Quality LSD Blotters 500ct,0.282179 BTC,USA
VenomSource928,Drugs/Cannabis/Edibles,Premium Grade-A Product 5g,1.324512 BTC,UK
VenomLab714,Digital/Hacking,Hacked Tested Account,1.033731 BTC,Canada
SpeedVendor287,Drugs/Opioids/Heroin,Brown Quality Dope 14g,1.569765 BTC,Poland
SilentVendor726,Drugs/Opioids/Oxycodone,Authentic Pure Oxy 5ct,7.009303 BTC,Switzerland
SpeedVendor287,Drugs/Cannabis/Hash,Grade-A Quantity 25g,3.187707 BTC,Poland
AlphaStore95,Drugs/Dissociatives/Ketamine,Pure K Powder 250g,5.984389 BTC,Australia
BlueStore943,Drugs/Cannabis/Edibles,Grade-A Quantity 5g,2.275244 BTC,Spain
SilentPro922,Drugs/Dissociatives/Ketamine,Research Grade Quality Ketamine 500g,0.28623 BTC,USA/Europe
GreenMarket125,Drugs/Ecstasy/Pills,Blue Premium Press 14ct,5.704007 BTC,Czech Republic
VenomPro997,Drugs/Prescription/Xanax,Grade-A Benzo 14ct,4.620252 BTC,UK
SilentBoss239,Fraud/Documents,Lab License Replica,1.084322 BTC,Czech Republic
AlphaStore95,Drugs/Opioids/Fentanyl,Research Chemical Verified Fent 50g,2.162121 BTC,Poland
RedLab835,Drugs/Prescription/Xanax,Authentic Lab Xanax 2ct,5.204629 BTC,France
VenomLab714,Drugs/Psychedelics/Mushrooms,Dried Verified Shrooms 5g,6.536217 BTC,Europe
QuickKing639,Drugs/Ecstasy/Pills,Pure MDMA Pressed Pills 7ct,1.22438 BTC,Spain
UltraSource684,Drugs/Opioids/Heroin,High Quality Grade-A Heroin 14g,3.287539 BTC,Poland
AlphaStore132,Drugs/Dissociatives/Ketamine,Pure K Powder 28g,4.801428 BTC,India
ShadowVendor954,Drugs/Ecstasy/Pills,Blue Lab Press 2ct,0.837798 BTC,USA
SpeedMarket529,Drugs/Cannabis/Hash,Premium Lab Product 50g,0.548374 BTC,Australia
UltraLab266,Drugs/Opioids/Oxycodone,Pure Percs 500ct,0.104305 BTC,Europe
PureStore440,Drugs/Stimulants/Meth,Ice Premium Crystal 500g,1.293867 BTC,Australia
AlphaDirect701,Drugs/Cannabis/Hash,Verified Quantity 10g,0.939074 BTC,UK
ShadowVendor173,Drugs/Stimulants/Speed,Premium Speed Paste 1g,3.484414 BTC,Australia
SwiftExpert794,Drugs/Ecstasy/Pills,Tested MDMA Pressed Pills 250ct,1.448603 BTC,France
PharmaDirect647,Drugs/Prescription/Tramadol,Generic Tested Ultram 250ct,1.349348 BTC,Australia
SilentMaster997,Drugs/Psychedelics/Mushrooms,Grade-A Cubensis 1g,2.779433 BTC,Worldwide
ShadowVendor173,Drugs/Dissociatives/Ketamine,Research Grade Pure Ketamine 50g,3.363408 BTC,Spain
GreenDealer162,Drugs/Psychedelics/Mushrooms,Psilocybin Grade-A Mushrooms 10g,1.337476 BTC,UK
UltraKing555,Drugs/Opioids/Oxycodone,Authentic Grade-A Oxy 100ct,3.329973 BTC,USA
DarkBoss582,Digital/Hacking,Hacked Pure Account,0.639951 BTC,No Info
SwiftDealer556,Drugs/Cannabis/Hash,Pure Quantity 5g,4.241753 BTC,Australia
AlphaStore878,Drugs/Ecstasy/Pills,Verified MDMA Pressed Pills 50ct,0.401064 BTC,Czech Republic
VenomMarket709,Drugs/Prescription/Tramadol,Generic Premium Ultram 500ct,4.91323 BTC,No Info
DeltaStore687,Drugs/Prescription/Tramadol,Lab Tramadol 14ct,5.466738 BTC,France
PharmaSource204,Drugs/Prescription/Xanax,Authentic Quality Xanax 7ct,8.293482 BTC,USA
SpeedVendor287,Drugs/Dissociatives/Ketamine,Pure K Powder 250g,1.617906 BTC,Australia
PureMarket224,Drugs/Opioids/Heroin,Brown Premium Dope 28g,3.856532 BTC,Poland
ShadowDealer416,Drugs/Ecstasy/Pills,Blue Premium Press 500ct,0.105021 BTC,Germany
QuickPro135,Drugs/Ecstasy/MDMA,Tested Ecstasy Crystals 7g,1.666817 BTC,UK
BlackExpert873,Drugs/Psychedelics/Mushrooms,Dried Lab Shrooms 2g,0.293008 BTC,Czech Republic
VenomLab714,Drugs/Psychedelics/DMT,Tested Spice 1g,4.856724 BTC,UK
PharmaBoss522,Drugs/Opioids/Fentanyl,Premium Fentanyl Powder 250g,3.575744 BTC,Switzerland
VenomSource815,Drugs/Stimulants/Cocaine,Fishscale Lab Coke 50g,2.150062 BTC,Spain
SilentBoss239,Drugs/Cannabis/Edibles,Lab Quantity 2g,0.07848 BTC,UK
UltraSource684,Drugs/Prescription/Tramadol,Generic Premium Ultram 2ct,3.699751 BTC,Czech Republic
AlphaStore878,Drugs/Psychedelics/Mushrooms,Verified Cubensis 250g,2.476326 BTC,India
UltraMarket470,Drugs/Stimulants/Speed,Grade-A Speed Paste 28g,2.840409 BTC,Switzerland
DarkBoss582,Digital/Hacking,Compromised Tested Database,1.09077 BTC,Worldwide
VenomPro997,Drugs/Psychedelics/LSD,Premium Liquid LSD 100ml,5.74063 BTC,Worldwide
PharmaExpert186,Drugs/Opioids/Heroin,High Quality Grade-A Heroin 50g,0.629221 BTC,France
QuickMaster491,Drugs/Cannabis/Weed,Quality Premium Items 500ct,3.913748 BTC,USA
SilentMarket838,Drugs/Cannabis/Edibles,Quality Grade-A Items 25ct,3.501911 BTC,USA/Europe
SpeedMarket529,Drugs/Opioids/Oxycodone,Authentic Lab Oxy 10ct,0.53724 BTC,France
GreenExpert605,Drugs/Prescription/Xanax,Premium Benzo 50ct,5.994842 BTC,India
AlphaDealer746,Drugs/Cannabis/Hash,Quality Quality Items 500ct,3.011712 BTC,Czech Republic
SilentMarket189,Drugs/Psychedelics/LSD,Tested Liquid LSD 250ml,0.979703 BTC,Germany
PureStore440,Drugs/Ecstasy/Pills,Grade-A MDMA Pressed Pills 250ct,3.030244 BTC,Spain
EliteMaster689,Drugs/Psychedelics/LSD,Premium Liquid LSD 7ml,2.237502 BTC,Worldwide
BlackExpert873,Drugs/Dissociatives/Ketamine,Research Grade Tested Ketamine 1g,0.028581 BTC,Worldwide
StealthPro162,Drugs/Opioids/Fentanyl,Lab Fentanyl Powder 25g,5.183622 BTC,USA
QuickDirect928,Drugs/Cannabis/Weed,Premium Premium Product 500g,0.154096 BTC,France
UltraDirect809,Drugs/Stimulants/Cocaine,High Purity Grade-A Cocaine 100g,2.58591 BTC,Poland
SpeedMarket271,Fraud/Documents,Fake Tested ID,2.434369 BTC,Czech Republic
KingBoss990,Drugs/Cannabis/Weed,Premium Verified Product 7g,0.40348 BTC,China
AlphaDealer746,Drugs/Psychedelics/DMT,Extracted Pure DMT 50g,1.728853 BTC,No Info
DeltaMarket543,Drugs/Opioids/Fentanyl,Research Chemical Premium Fent 28g,1.707819 BTC,Worldwide
DarkShop818,Drugs/Psychedelics/LSD,Quality LSD Blotters 28ct,0.677154 BTC,China
StealthShop752,Drugs/Psychedelics/DMT,Grade-A Spice 500g,7.273682 BTC,Canada
OmegaKing43,Drugs/Cannabis/Weed,Premium Premium Product 50g,0.414949 BTC,Europe
ShadowVendor954,Drugs/Psychedelics/LSD,High-Dose Lab Tabs 2ct,3.315625 BTC,Poland
SpeedShop481,Drugs/Ecstasy/Pills,Blue Premium Press 100ct,1.561124 BTC,Australia
DeltaMarket608,Drugs/Psychedelics/Mushrooms,Psilocybin Premium Mushrooms 250g,0.49235 BTC,USA
SilentPro922,Drugs/Stimulants/Cocaine,Lab Blow 50g,3.516872 BTC,USA/Europe
SpeedMarket529,Drugs/Prescription/Adderall,Grade-A Amphetamine Salts 14ct,1.413271 BTC,USA
BlackShop465,Drugs/Stimulants/Speed,Verified Speed Paste 100g,1.173981 BTC,India
RedLab835,Drugs/Stimulants/Cocaine,Fishscale Grade-A Coke 1g,1.986025 BTC,USA/Europe
PharmaSource204,Drugs/Cannabis/Edibles,Pure Quantity 7g,0.96991 BTC,Czech Republic
SilentMaster997,Drugs/Ecstasy/MDMA,Crystal Verified MDMA 1g,6.14613 BTC,USA
BlackShop465,Drugs/Cannabis/Edibles,Quality Tested Items 500ct,1.805748 BTC,Canada
StealthKing618,Drugs/Opioids/Fentanyl,Grade-A Fentanyl Powder 500g,0.654961 BTC,USA
StealthKing618,Drugs/Opioids/Fentanyl,Verified Fentanyl Powder 14g,4.348278 BTC,Poland
SpeedDealer285,Drugs/Psychedelics/Mushrooms,Dried Quality Shrooms 25g,2.097984 BTC,Spain
UltraSource684,Drugs/Stimulants/Meth,Lab Methamphetamine 14g,3.083332 BTC,China
EliteMaster689,Drugs/Cannabis/Edibles,Grade-A Quantity 7g,3.092164 BTC,UK
AlphaKing870,Drugs/Stimulants/Meth,Premium Quality Meth 250g,3.424343 BTC,Canada
ShadowVendor173,Drugs/Cannabis/Weed,Quality Premium Items 7ct,3.113192 BTC,Belgium
SilentPro922,Drugs/Stimulants/Speed,Crystal Pure Speed 10g,0.739749 BTC,Netherlands
StealthShop752,Drugs/Prescription/Xanax,Pressed Tested Xanax 5ct,3.900675 BTC,Spain
StealthKing618,Drugs/Cannabis/Edibles,Premium Grade-A Product 5g,1.18153 BTC,Europe
UltraLab266,Drugs/Opioids/Oxycodone,Authentic Quality Oxy 50ct,0.61318 BTC,Canada
RedMarket810,Drugs/Psychedelics/Mushrooms,Psilocybin Lab Mushrooms 1g,0.514687 BTC,Belgium
SpeedMarket519,Drugs/Ecstasy/Pills,Premium MDMA Pressed Pills 500ct,2.805061 BTC,Canada
GreenDealer162,Drugs/Cannabis/Weed,Premium Quantity 28g,4.153063 BTC,Spain
SilentMaster997,Digital/Hacking,Lab Fullz,4.32647 BTC,UK
AlphaStore354,Drugs/Prescription/Tramadol,Generic Pure Ultram 250ct,5.305223 BTC,Czech Republic
UltraMarket470,Drugs/Stimulants/Meth,Premium Pure Meth 250g,4.006509 BTC,Worldwide
SwiftKing346,Drugs/Ecstasy/MDMA,Pure Quality Molly 50g,2.288505 BTC,China
PharmaDirect647,Drugs/Cannabis/Edibles,Quality Verified Items 10ct,0.456953 BTC,Germany
PureMarket96,Drugs/Stimulants/Meth,Grade-A Methamphetamine 100g,2.47016 BTC,USA
UltraMarket470,Drugs/Psychedelics/LSD,Tested LSD Blotters 50ct,1.356169 BTC,India
PharmaSource204,Drugs/Prescription/Xanax,Pressed Tested Xanax 50ct,4.376844 BTC,Switzerland
StealthVendor191,Drugs/Prescription/Tramadol,Generic Premium Ultram 100ct,2.333749 BTC,Poland
SpeedShop526,Drugs/Prescription/Adderall,Pure Amphetamine Salts 1ct,3.1835 BTC,UK
AlphaDealer746,Drugs/Stimulants/Cocaine,High Purity Quality Cocaine 100g,0.28365 BTC,India
UltraLab266,Drugs/Opioids/Fentanyl,Research Chemical Premium Fent 500g,2.483965 BTC,Netherlands
UltraKing555,Drugs/Cannabis/Hash,Quality Premium Items 25ct,2.366341 BTC,Australia
KingLab317,Drugs/Psychedelics/Mushrooms,Dried Pure Shrooms 2g,2.841066 BTC,Europe
BluePro475,Drugs/Prescription/Tramadol,Lab Tramadol 2ct,5.650702 BTC,India
DarkBoss582,Digital/Hacking,Compromised Lab Database,0.817836 BTC,Spain
EliteDealer235,Drugs/Psychedelics/DMT,Extracted Quality DMT 100g,3.379252 BTC,India
AlphaVendor354,Fraud/Documents,Premium License Replica,2.693323 BTC,Belgium
QuickDealer552,Drugs/Stimulants/Speed,Quality Grade-A Amphetamine 50g,0.461736 BTC,Worldwide
UltraVendor891,Drugs/Stimulants/Cocaine,Fishscale Quality Coke 1g,6.700423 BTC,Canada
BlackExpert873,Drugs/Prescription/Adderall,Authentic Lab Adderall 14ct,0.63221 BTC,France
SilentBoss239,Drugs/Cannabis/Weed,Quality Premium Items 14ct,1.465936 BTC,Germany
ShadowDealer416,Drugs/Psychedelics/LSD,Grade-A LSD Blotters 7ct,1.82907 BTC,Australia
UltraLab266,Drugs/Stimulants/Speed,Crystal Verified Speed 1g,7.097198 BTC,Netherlands
VenomLab764,Drugs/Stimulants/Cocaine,Tested Blow 25g,1.618554 BTC,Belgium
SilentBoss239,Drugs/Cannabis/Hash,Premium Verified Product 7g,1.842763 BTC,Worldwide
SwiftKing346,Drugs/Cannabis/Hash,Quality Premium Items 2ct,2.23746 BTC,Czech Republic
BlackBoss982,Drugs/Ecstasy/Pills,Tested MDMA Pressed Pills 50ct,7.356817 BTC,China
SilentMaster955,Drugs/Cannabis/Edibles,Quality Pure Items 1ct,1.665953 BTC,India
SilentMarket838,Drugs/Ecstasy/Pills,Verified Ecstasy Tabs 250ct,3.322612 BTC,Canada
SpeedMarket519,Drugs/Stimulants/Speed,Crystal Tested Speed 250g,2.227268 BTC,Czech Republic
StealthKing618,Drugs/Cannabis/Weed,Verified Quantity 500g,9.120764 BTC,Worldwide
AlphaStore878,Fraud/Documents,Counterfeit Pure Passport,1.650034 BTC,Spain
SpeedShop481,Drugs/Cannabis/Hash,Premium Premium Product 1g,0.487569 BTC,Switzerland
SpeedVendor287,Drugs/Psychedelics/DMT,Pure Spice 100g,6.133904 BTC,Belgium
KingDirect228,Drugs/Psychedelics/Mushrooms,Premium Cubensis 10g,0.327154 BTC,France
QuickDirect928,Drugs/Stimulants/Meth,Premium Lab Meth 28g,3.085825 BTC,USA/Europe
PharmaDirect647,Fraud/Documents,Counterfeit Premium Passport,2.871452 BTC,No Info
AlphaStore95,Drugs/Psychedelics/Mushrooms,Dried Quality Shrooms 250g,0.887749 BTC,Netherlands
VenomSource928,Drugs/Prescription/Xanax,Authentic Verified Xanax 7ct,1.697248 BTC,No Info
BlackExpert873,Drugs/Stimulants/Speed,Crystal Quality Speed 100g,3.517129 BTC,Spain
GreenDealer162,Drugs/Opioids/Oxycodone,Authentic Premium Oxy 7ct,1.162273 BTC,Germany
BlackMarket588,Drugs/Opioids/Fentanyl,Quality Fentanyl Powder 500g,3.176547 BTC,Europe
DeltaMarket608,Drugs/Prescription/Xanax,Authentic Tested Xanax 25ct,3.299318 BTC,Spain
OmegaDirect105,Drugs/Ecstasy/Pills,Verified MDMA Pressed Pills 14ct,2.709802 BTC,Czech Republic
BlueKing295,Drugs/Ecstasy/Pills,Premium Ecstasy Tabs 5ct,0.529808 BTC,Switzerland
KingLab317,Drugs/Opioids/Heroin,Premium Heroin 5g,1.523572 BTC,India
StealthPro162,Drugs/Ecstasy/Pills,Pure MDMA Pressed Pills 5ct,2.904386 BTC,USA
PharmaSource204,Drugs/Psychedelics/Mushrooms,Psilocybin Tested Mushrooms 10g,4.445479 BTC,France
PharmaSource204,Drugs/Cannabis/Hash,Premium Verified Product 25g,2.053183 BTC,UK
SilentPro922,Drugs/Psychedelics/LSD,High-Dose Premium Tabs 25ct,4.334606 BTC,Germany
VenomPro997,Fraud/Documents,Grade-A License Replica,3.609142 BTC,India
GreenExpert605,Drugs/Psychedelics/DMT,Extracted Grade-A DMT 100g,0.394181 BTC,Australia
KingBoss990,Drugs/Dissociatives/Ketamine,Research Grade Tested Ketamine 7g,2.272933 BTC,Europe
SpeedShop481,Drugs/Prescription/Adderall,Grade-A Amphetamine Salts 14ct,1.24238 BTC,Switzerland
AlphaStore132,Drugs/Cannabis/Edibles,Quality Premium Items 14ct,4.412074 BTC,Netherlands
NightLab646,Drugs/Ecstasy/MDMA,Pure Verified Molly 14g,1.952091 BTC,USA/Europe
StealthPro162,Fraud/Documents,Lab License Replica,7.277979 BTC,Europe
SilentMarket189,Drugs/Prescription/Adderall,Premium Amphetamine Salts 28ct,3.272278 BTC,China
BluePro475,Digital/Hacking,Premium Fullz,2.381348 BTC,UK
SpeedMarket271,Drugs/Psychedelics/Mushrooms,Psilocybin Verified Mushrooms 28g,2.24376 BTC,UK
CryptoDirect666,Drugs/Psychedelics/DMT,Verified Spice 25g,3.328478 BTC,Europe
SpeedMarket529,Drugs/Cannabis/Hash,Premium Tested Product 28g,5.957473 BTC,Spain
BlackShop465,Drugs/Dissociatives/Ketamine,Research Grade Verified Ketamine 5g,3.073419 BTC,No Info
BlackShop465,Fraud/Documents,Tested License Replica,3.231357 BTC,Poland
GreenDealer162,Drugs/Prescription/Xanax,Quality Benzo 25ct,2.711452 BTC,UK
SwiftExpert794,Drugs/Opioids/Heroin,Brown Pure Dope 7g,0.314367 BTC,Germany
PureVendor480,Drugs/Ecstasy/MDMA,Pure Lab Molly 28g,3.126862 BTC,China
SpeedShop481,Drugs/Stimulants/Cocaine,High Purity Premium Cocaine 250g,5.32604 BTC,Spain
BlackBoss982,Drugs/Psychedelics/LSD,High-Dose Premium Tabs 7ct,1.857123 BTC,Netherlands
BlackExpert873,Drugs/Cannabis/Edibles,Quality Tested Items 1ct,2.655539 BTC,Australia
DeltaMarket543,Drugs/Dissociatives/Ketamine,Research Grade Premium Ketamine 7g,1.302222 BTC,Germany
StealthVendor191,Drugs/Opioids/Fentanyl,Research Chemical Premium Fent 7g,1.115286 BTC,Netherlands
SpeedMarket519,Drugs/Stimulants/Cocaine,High Purity Grade-A Cocaine 250g,1.510705 BTC,Netherlands
UltraLab266,Drugs/Stimulants/Cocaine,High Purity Verified Cocaine 100g,1.513525 BTC,Worldwide
QuickDealer552,Drugs/Stimulants/Meth,Pure Methamphetamine 25g,1.521822 BTC,No Info
UltraLab266,Drugs/Psychedelics/Mushrooms,Dried Quality Shrooms 14g,2.909853 BTC,No Info
SilentVendor726,Drugs/Prescription/Adderall,Authentic Grade-A Adderall 50ct,2.708823 BTC,Netherlands
AlphaKing463,Drugs/Opioids/Fentanyl,Research Chemical Premium Fent 2g,1.81053 BTC,India
UltraMarket470,Drugs/Prescription/Adderall,Grade-A Amphetamine Salts 1ct,2.207657 BTC,Worldwide
VenomSource815,Drugs/Cannabis/Edibles,Verified Quantity 1g,5.010408 BTC,Poland
DeltaStore687,Drugs/Cannabis/Hash,Premium Quantity 5g,0.417511 BTC,China
CryptoLab868,Drugs/Dissociatives/Ketamine,Research Grade Pure Ketamine 5g,1.374393 BTC,Belgium
ShadowVendor954,Drugs/Prescription/Tramadol,Quality Tramadol 250ct,2.425229 BTC,Switzerland
BlackBoss982,Digital/Hacking,Hacked Tested Account,0.645951 BTC,Switzerland
EliteShop410,Drugs/Psychedelics/Mushrooms,Dried Tested Shrooms 100g,3.227586 BTC,Worldwide
EliteDealer235,Drugs/Stimulants/Meth,Premium Grade-A Meth 14g,4.489337 BTC,UK
CryptoDirect666,Drugs/Cannabis/Hash,Tested Quantity 28g,1.003905 BTC,Spain
PharmaExpert186,Drugs/Cannabis/Hash,Quality Lab Items 50ct,4.886759 BTC,USA/Europe
SwiftDealer556,Drugs/Stimulants/Cocaine,Fishscale Premium Coke 1g,0.184563 BTC,Canada
StealthShop752,Drugs/Prescription/Tramadol,Premium Tramadol 500ct,1.59991 BTC,Czech Republic
VenomVendor269,Drugs/Opioids/Oxycodone,Quality Percs 500ct,0.556471 BTC,China
VenomMarket709,Drugs/Stimulants/Meth,Premium Quality Meth 50g,4.018783 BTC,No Info
VenomPro997,Drugs/Stimulants/Meth,Premium Lab Meth 28g,2.75585 BTC,USA/Europe
StealthVendor191,Drugs/Opioids/Oxycodone,Quality Percs 5ct,2.514862 BTC,China
SpeedDealer285,Drugs/Psychedelics/DMT,Crystal Premium DMT 28g,3.938988 BTC,Worldwide
OmegaDirect105,Drugs/Prescription/Adderall,Authentic Lab Adderall 100ct,1.380062 BTC,Poland
PharmaDirect770,Fraud/Documents,Counterfeit Pure Passport,6.833126 BTC,UK
ShadowVendor954,Drugs/Opioids/Oxycodone,Authentic Grade-A Oxy 25ct,1.038859 BTC,USA/Europe
BlackExpert873,Drugs/Psychedelics/DMT,Pure Spice 10g,1.558978 BTC,Czech Republic
VenomMarket709,Drugs/Prescription/Tramadol,Generic Lab Ultram 7ct,1.402949 BTC,China
QuickPro135,Drugs/Prescription/Xanax,Authentic Premium Xanax 28ct,2.561385 BTC,France
PureStore440,Digital/Hacking,Compromised Verified Database,4.874865 BTC,USA/Europe
GreenDealer162,Drugs/Cannabis/Weed,Pure Quantity 10g,4.540567 BTC,Czech Republic
SpeedShop526,Drugs/Cannabis/Edibles,Tested Quantity 100g,3.884031 BTC,Canada
KingDirect228,Drugs/Ecstasy/Pills,Verified Ecstasy Tabs 5ct,2.367026 BTC,Spain
PureMarket96,Drugs/Psychedelics/LSD,Quality LSD Blotters 1ct,0.532799 BTC,Spain
BluePro475,Drugs/Psychedelics/Mushrooms,Psilocybin Tested Mushrooms 14g,2.164665 BTC,Poland
EliteDealer235,Drugs/Ecstasy/MDMA,Crystal Premium MDMA 50g,7.815687 BTC,Spain
PharmaExpert186,Drugs/Stimulants/Cocaine,Verified Blow 5g,2.389838 BTC,UK
UltraKing555,Drugs/Dissociatives/Ketamine,Tested K Powder 50g,2.8801 BTC,Europe
AlphaStore354,Drugs/Ecstasy/MDMA,Crystal Tested MDMA 2g,1.731387 BTC,France
StealthVendor191,Fraud/Documents,Counterfeit Pure Passport,4.681298 BTC,Europe
SilentMaster997,Drugs/Stimulants/Speed,Grade-A Speed Paste 28g,5.513342 BTC,USA/Europe
StealthShop752,Digital/Hacking,Compromised Lab Database,0.861558 BTC,Worldwide
KingLab317,Drugs/Prescription/Tramadol,Generic Quality Ultram 1ct,1.161151 BTC,Europe
AlphaVendor354,Digital/Hacking,Hacked Verified Account,3.700067 BTC,Netherlands
BlueKing295,Drugs/Psychedelics/DMT,Crystal Grade-A DMT 50g,1.590174 BTC,Switzerland
OmegaKing43,Drugs/Stimulants/Meth,Ice Quality Crystal 5g,0.024309 BTC,USA
DeltaStore687,Drugs/Stimulants/Meth,Premium Quality Meth 14g,1.027848 BTC,China
SilentMarket838,Drugs/Cannabis/Edibles,Premium Quantity 1g,3.249615 BTC,Australia
QuickSource60,Digital/Hacking,Lab Fullz,5.218187 BTC,Germany
VenomLab764,Drugs/Opioids/Fentanyl,Research Chemical Quality Fent 50g,3.275221 BTC,USA/Europe
PharmaBoss522,Drugs/Opioids/Heroin,Brown Tested Dope 28g,0.156513 BTC,India
VenomSource815,Drugs/Psychedelics/Mushrooms,Pure Cubensis 50g,1.321249 BTC,Germany
CryptoDirect666,Drugs/Prescription/Adderall,Authentic Pure Adderall 500ct,1.904517 BTC,Germany
QuickKing639,Drugs/Dissociatives/Ketamine,Research Grade Verified Ketamine 50g,4.533892 BTC,France
BlackMarket588,Drugs/Ecstasy/Pills,Blue Lab Press 7ct,1.190995 BTC,France
OmegaDirect105,Drugs/Stimulants/Speed,Quality Lab Amphetamine 25g,3.304134 BTC,Australia
SwiftExpert794,Drugs/Cannabis/Hash,Premium Quality Product 7g,4.11089 BTC,Czech Republic
AlphaMaster277,Fraud/Documents,Fake Premium ID,2.00877 BTC,USA
SilentPro922,Drugs/Dissociatives/Ketamine,Research Grade Tested Ketamine 14g,3.113814 BTC,USA/Europe
AlphaStore95,Drugs/Ecstasy/MDMA,Crystal Pure MDMA 50g,3.245269 BTC,Belgium
ShadowVendor954,Drugs/Prescription/Tramadol,Generic Lab Ultram 7ct,3.549074 BTC,No Info
NightLab646,Drugs/Prescription/Tramadol,Premium Tramadol 50ct,0.592905 BTC,Europe
StealthKing618,Drugs/Stimulants/Meth,Tested Methamphetamine 28g,1.17979 BTC,Czech Republic
BluePro475,Drugs/Cannabis/Hash,Premium Premium Product 100g,2.571574 BTC,Australia
UltraMarket470,Drugs/Stimulants/Cocaine,Premium Blow 14g,4.638928 BTC,Spain
SilentMarket189,Drugs/Opioids/Fentanyl,Research Chemical Lab Fent 5g,4.01624 BTC,China
VenomPro997,Drugs/Stimulants/Speed,Crystal Quality Speed 500g,0.593466 BTC,USA/Europe
SwiftExpert794,Drugs/Opioids/Oxycodone,Authentic Quality Oxy 50ct,2.148305 BTC,UK
QuickSource60,Drugs/Prescription/Tramadol,Tested Tramadol 50ct,4.102858 BTC,Australia
UltraLab266,Drugs/Psychedelics/Mushrooms,Verified Cubensis 500g,6.188732 BTC,France
UltraMarket470,Fraud/Documents,Counterfeit Lab Passport,2.844027 BTC,Poland
PureMarket224,Drugs/Cannabis/Edibles,Premium Quantity 5g,0.10365 BTC,Europe
SilentMarket838,Drugs/Opioids/Oxycodone,Authentic Grade-A Oxy 1ct,1.405724 BTC,China
ShadowDealer416,Drugs/Stimulants/Meth,Ice Pure Crystal 250g,6.99877 BTC,USA
KingKing458,Drugs/Prescription/Tramadol,Generic Grade-A Ultram 7ct,4.712156 BTC,Australia
KingDirect228,Digital/Hacking,Hacked Pure Account,4.309686 BTC,Europe
SwiftStore884,Drugs/Stimulants/Meth,Ice Verified Crystal 50g,7.699797 BTC,Czech Republic
PharmaExpert186,Drugs/Opioids/Oxycodone,Grade-A Percs 2ct,2.793546 BTC,France
SilentMaster997,Drugs/Opioids/Oxycodone,Authentic Quality Oxy 25ct,3.172919 BTC,Switzerland
GhostLab755,Drugs/Opioids/Oxycodone,Authentic Tested Oxy 28ct,3.517056 BTC,Spain
AlphaStore354,Drugs/Prescription/Adderall,Authentic Premium Adderall 250ct,0.052269 BTC,Netherlands
QuickMaster491,Drugs/Opioids/Heroin,Tested Heroin 50g,1.69426 BTC,Belgium
StealthKing618,Drugs/Opioids/Fentanyl,Research Chemical Pure Fent 28g,1.62284 BTC,USA/Europe
SwiftStore884,Drugs/Prescription/Adderall,Authentic Lab Adderall 28ct,5.826801 BTC,India
VenomSource815,Drugs/Ecstasy/MDMA,Crystal Quality MDMA 1g,1.808031 BTC,USA
VenomPro997,Drugs/Opioids/Heroin,Brown Quality Dope 25g,4.19765 BTC,Canada
PharmaExpert186,Drugs/Stimulants/Meth,Ice Grade-A Crystal 50g,0.135496 BTC,Spain
VenomSource815,Drugs/Stimulants/Meth,Grade-A Methamphetamine 100g,0.388455 BTC,Netherlands
GreenMarket125,Digital/Hacking,Hacked Verified Account,3.711532 BTC,Czech Republic
SilentMaster955,Drugs/Psychedelics/LSD,Grade-A Liquid LSD 5ml,3.040624 BTC,Canada
SwiftStore705,Drugs/Prescription/Tramadol,Pure Tramadol 1ct,1.718396 BTC,USA
SpeedDealer285,Drugs/Prescription/Tramadol,Lab Tramadol 50ct,2.123074 BTC,Netherlands
VenomSource815,Drugs/Prescription/Adderall,Authentic Pure Adderall 50ct,0.416739 BTC,Australia
BlackBoss982,Drugs/Cannabis/Edibles,Lab Quantity 100g,2.254813 BTC,Switzerland
SpeedMarket271,Drugs/Prescription/Xanax,Pressed Quality Xanax 28ct,4.841639 BTC,Worldwide
VenomLab714,Drugs/Psychedelics/LSD,High-Dose Verified Tabs 1ct,1.03688 BTC,Europe
DarkExpert536,Drugs/Stimulants/Meth,Premium Pure Meth 50g,5.380833 BTC,Switzerland
DarkBoss582,Drugs/Psychedelics/DMT,Verified Spice 500g,4.824001 BTC,Netherlands
SpeedDealer285,Drugs/Prescription/Tramadol,Verified Tramadol 250ct,3.15428 BTC,Belgium
BlackBoss982,Drugs/Ecstasy/MDMA,Pure Pure Molly 14g,4.683984 BTC,Czech Republic
GreenExpert605,Drugs/Ecstasy/Pills,Grade-A MDMA Pressed Pills 500ct,6.889615 BTC,France
AlphaVendor354,Drugs/Opioids/Heroin,High Quality Pure Heroin 25g,4.252901 BTC,France
SpeedMarket271,Drugs/Stimulants/Speed,Crystal Tested Speed 7g,0.027522 BTC,France
BlackExpert873,Digital/Hacking,Pure Fullz,4.750022 BTC,Belgium
StealthVendor191,Drugs/Ecstasy/MDMA,Pure Verified Molly 500g,2.489618 BTC,Czech Republic
SpeedShop526,Drugs/Opioids/Fentanyl,Lab Fentanyl Powder 7g,2.497622 BTC,Canada
GreenMarket125,Drugs/Stimulants/Speed,Crystal Pure Speed 100g,3.923165 BTC,Canada
AlphaKing463,Drugs/Stimulants/Speed,Quality Lab Amphetamine 500g,4.438423 BTC,No Info
PureVendor480,Drugs/Prescription/Tramadol,Generic Grade-A Ultram 14ct,2.788137 BTC,No Info
SwiftStore884,Drugs/Opioids/Fentanyl,Tested Fentanyl Powder 100g,2.32351 BTC,Worldwide
SwiftExpert794,Drugs/Opioids/Oxycodone,Lab Percs 2ct,1.699886 BTC,China
PharmaSource204,Fraud/Documents,Grade-A License Replica,0.102874 BTC,Netherlands
BlueStore943,Drugs/Stimulants/Cocaine,Fishscale Verified Coke 5g,2.60257 BTC,Poland
VenomLab764,Drugs/Prescription/Xanax,Pressed Quality Xanax 28ct,0.325471 BTC,China
GreenExpert605,Drugs/Cannabis/Weed,Quality Quantity 14g,1.394167 BTC,Netherlands
QuickKing639,Drugs/Dissociatives/Ketamine,Quality K Powder 25g,3.179837 BTC,Switzerland
VenomSource928,Drugs/Stimulants/Meth,Ice Tested Crystal 28g,4.24022 BTC,USA/Europe
BlueStore943,Drugs/Psychedelics/DMT,Crystal Tested DMT 500g,4.387281 BTC,Switzerland
AlphaStore95,Drugs/Opioids/Fentanyl,Research Chemical Premium Fent 14g,2.351666 BTC,Worldwide
KingLab317,Drugs/Cannabis/Weed,Premium Premium Product 5g,2.343193 BTC,France
DarkExpert536,Drugs/Prescription/Tramadol,Generic Grade-A Ultram 2ct,1.644104 BTC,USA/Europe
PharmaDirect770,Drugs/Psychedelics/DMT,Crystal Tested DMT 500g,1.960188 BTC,UK
RedLab835,Drugs/Psychedelics/Mushrooms,Premium Cubensis 50g,1.60964 BTC,Europe
AlphaKing870,Drugs/Prescription/Xanax,Pressed Pure Xanax 14ct,2.546475 BTC,UK
ShadowDealer416,Fraud/Documents,Counterfeit Lab Passport,4.933873 BTC,China
SwiftExpert794,Drugs/Opioids/Heroin,Brown Quality Dope 100g,1.731695 BTC,Germany
DeltaMarket543,Drugs/Psychedelics/Mushrooms,Psilocybin Tested Mushrooms 1g,0.493658 BTC,USA/Europe
StealthKing618,Drugs/Cannabis/Hash,Grade-A Quantity 7g,4.223913 BTC,Poland
DarkShop818,Drugs/Stimulants/Cocaine,Verified Blow 50g,3.41889 BTC,USA/Europe
UltraLab620,Drugs/Dissociatives/Ketamine,Verified K Powder 100g,0.352482 BTC,Belgium
CryptoDealer638,Drugs/Opioids/Fentanyl,Research Chemical Verified Fent 10g,3.129323 BTC,China
StealthShop752,Fraud/Documents,Fake Tested ID,1.37862 BTC,Canada
StealthKing618,Drugs/Dissociatives/Ketamine,Research Grade Grade-A Ketamine 14g,2.535455 BTC,Worldwide
SilentMaster997,Drugs/Opioids/Fentanyl,Quality Fentanyl Powder 28g,4.216409 BTC,Germany
AlphaVendor354,Drugs/Ecstasy/MDMA,Pure Ecstasy Crystals 1g,3.265837 BTC,No Info
AlphaDirect701,Drugs/Stimulants/Cocaine,Fishscale Pure Coke 5g,4.376449 BTC,Germany
OmegaKing43,Drugs/Cannabis/Hash,Quality Premium Items 500ct,2.441193 BTC,No Info
SpeedVendor287,Drugs/Dissociatives/Ketamine,Research Grade Grade-A Ketamine 1g,1.616837 BTC,France
AlphaStore354,Drugs/Stimulants/Meth,Premium Premium Meth 250g,0.725753 BTC,Europe
EliteDealer235,Drugs/Cannabis/Hash,Premium Lab Product 28g,0.420293 BTC,Australia
SpeedMarket519,Drugs/Opioids/Heroin,Quality Heroin 250g,1.786207 BTC,Australia
SilentMarket838,Drugs/Ecstasy/MDMA,Pure Lab Molly 25g,0.52788 BTC,Switzerland
SpeedMarket271,Drugs/Stimulants/Speed,Quality Premium Amphetamine 14g,0.40484 BTC,China
StealthShop752,Drugs/Cannabis/Weed,Quality Verified Items 10ct,3.84161 BTC,USA/Europe
BlackExpert873,Drugs/Cannabis/Weed,Premium Pure Product 1g,5.761752 BTC,No Info
AlphaStore132,Drugs/Psychedelics/LSD,Grade-A LSD Blotters 5ct,2.033599 BTC,France
VenomSource928,Drugs/Ecstasy/Pills,Blue Quality Press 500ct,3.126165 BTC,Poland
GreenMarket125,Drugs/Psychedelics/DMT,Premium Spice 100g,1.919099 BTC,Spain
SwiftExpert794,Drugs/Opioids/Fentanyl,Research Chemical Verified Fent 25g,3.066031 BTC,Worldwide
GreenExpert605,Drugs/Opioids/Oxycodone,Lab Percs 2ct,6.430053 BTC,No Info
AlphaStore354,Drugs/Opioids/Fentanyl,Verified Fentanyl Powder 5g,1.758151 BTC,Netherlands
SwiftStore705,Drugs/Opioids/Heroin,High Quality Tested Heroin 7g,4.560139 BTC,No Info
AlphaKing870,Drugs/Psychedelics/LSD,Grade-A Liquid LSD 5ml,3.949804 BTC,Netherlands
SilentMarket838,Drugs/Prescription/Tramadol,Generic Pure Ultram 1ct,4.309026 BTC,France
StealthKing618,Drugs/Cannabis/Hash,Pure Quantity 100g,1.915667 BTC,No Info
SwiftStore705,Drugs/Ecstasy/MDMA,Verified Ecstasy Crystals 28g,1.843177 BTC,No Info
PharmaExpert186,Drugs/Cannabis/Weed,Premium Tested Product 100g,0.572268 BTC,Netherlands
VenomPro997,Drugs/Stimulants/Speed,Quality Grade-A Amphetamine 500g,3.189132 BTC,Poland
VenomPro997,Drugs/Cannabis/Edibles,Premium Tested Product 100g,3.622184 BTC,France
AlphaKing870,Digital/Hacking,Hacked Quality Account,7.803218 BTC,Europe
PharmaDirect647,Drugs/Stimulants/Cocaine,Tested Blow 28g,4.924566 BTC,India
SilentMaster955,Drugs/Psychedelics/Mushrooms,Verified Cubensis 500g,4.508127 BTC,Europe
DarkExpert536,Digital/Hacking,Compromised Verified Database,3.947704 BTC,UK
SpeedMarket519,Drugs/Ecstasy/MDMA,Crystal Quality MDMA 25g,1.559446 BTC,Australia
SilentMarket838,Digital/Hacking,Hacked Premium Account,5.604627 BTC,Belgium
SwiftKing346,Drugs/Dissociatives/Ketamine,Premium K Powder 2g,3.127283 BTC,USA/Europe
GreenMarket125,Drugs/Ecstasy/Pills,Blue Premium Press 28ct,7.210001 BTC,Switzerland
DeltaStore687,Drugs/Stimulants/Meth,Ice Premium Crystal 2g,3.010549 BTC,Belgium
ShadowVendor954,Drugs/Prescription/Tramadol,Generic Quality Ultram 1ct,5.141319 BTC,China
BlackShop465,Drugs/Cannabis/Edibles,Premium Verified Product 500g,0.926331 BTC,India
AlphaVendor354,Drugs/Psychedelics/DMT,Extracted Quality DMT 25g,2.222117 BTC,Switzerland
SpeedMarket529,Drugs/Stimulants/Meth,Ice Premium Crystal 7g,0.108299 BTC,Germany
SilentMarket838,Drugs/Opioids/Oxycodone,Authentic Premium Oxy 5ct,2.797327 BTC,Australia
SilentPro922,Drugs/Ecstasy/Pills,Blue Lab Press 2ct,1.38848 BTC,India
CryptoDealer638,Drugs/Cannabis/Weed,Quality Pure Items 100ct,6.700694 BTC,Belgium
AlphaKing463,Drugs/Opioids/Oxycodone,Authentic Verified Oxy 10ct,6.695722 BTC,Spain
RedLab835,Drugs/Ecstasy/MDMA,Lab Ecstasy Crystals 28g,6.216801 BTC,USA/Europe
OmegaDirect105,Drugs/Cannabis/Edibles,Quality Tested Items 28ct,2.333864 BTC,Europe
AlphaDirect701,Drugs/Opioids/Heroin,Lab Heroin 28g,0.9155 BTC,Switzerland
SpeedVendor287,Drugs/Cannabis/Hash,Premium Lab Product 1g,2.920894 BTC,Europe
ShadowDealer416,Drugs/Stimulants/Meth,Pure Methamphetamine 14g,2.039093 BTC,No Info
QuickDealer552,Drugs/Prescription/Xanax,Authentic Pure Xanax 250ct,3.962622 BTC,No Info
StealthKing618,Drugs/Opioids/Fentanyl,Pure Fentanyl Powder 25g,3.721048 BTC,USA/Europe
BlackBoss982,Drugs/Ecstasy/MDMA,Grade-A Ecstasy Crystals 100g,2.185221 BTC,India
PharmaDirect647,Drugs/Prescription/Adderall,Premium Amphetamine Salts 100ct,5.105589 BTC,USA
DarkExpert536,Digital/Hacking,Verified Fullz,1.013945 BTC,USA/Europe
VenomSource928,Fraud/Documents,Counterfeit Quality Passport,0.432562 BTC,Poland
OmegaKing43,Drugs/Opioids/Fentanyl,Tested Fentanyl Powder 500g,7.49064 BTC,Worldwide
PureMarket224,Drugs/Stimulants/Speed,Crystal Pure Speed 50g,3.487156 BTC,Europe
ShadowVendor954,Drugs/Prescription/Tramadol,Grade-A Tramadol 7ct,3.892789 BTC,Australia
OmegaKing43,Drugs/Cannabis/Hash,Quality Tested Items 10ct,1.531094 BTC,UK
EliteShop410,Fraud/Documents,Counterfeit Quality Passport,3.53972 BTC,Germany
EliteMaster689,Drugs/Psychedelics/LSD,High-Dose Grade-A Tabs 2ct,3.050136 BTC,UK
AlphaKing463,Drugs/Cannabis/Edibles,Quality Tested Items 1ct,2.38152 BTC,France
SilentBoss239,Drugs/Psychedelics/LSD,Lab LSD Blotters 28ct,4.403558 BTC,Canada
ShadowVendor173,Drugs/Cannabis/Edibles,Quality Premium Items 28ct,1.55252 BTC,Belgium
CryptoLab868,Drugs/Prescription/Adderall,Tested Amphetamine Salts 25ct,0.269727 BTC,Australia
OmegaKing43,Drugs/Cannabis/Edibles,Premium Quantity 250g,2.865244 BTC,France
QuickKing639,Drugs/Prescription/Adderall,Lab Amphetamine Salts 28ct,8.064589 BTC,Europe
SwiftStore884,Drugs/Psychedelics/LSD,High-Dose Pure Tabs 28ct,0.748725 BTC,USA
UltraVendor891,Digital/Hacking,Verified Fullz,0.845866 BTC,Netherlands
AlphaStore132,Drugs/Ecstasy/Pills,Lab MDMA Pressed Pills 25ct,2.264462 BTC,Poland
SpeedShop526,Drugs/Ecstasy/Pills,Verified Ecstasy Tabs 14ct,3.466817 BTC,Belgium
PureVendor480,Drugs/Stimulants/Meth,Ice Verified Crystal 100g,2.018969 BTC,Europe
QuickKing639,Drugs/Stimulants/Speed,Crystal Quality Speed 500g,2.310954 BTC,Europe
QuickSource60,Drugs/Ecstasy/MDMA,Crystal Verified MDMA 25g,2.572968 BTC,Switzerland
PureVendor480,Digital/Hacking,Compromised Lab Database,2.834444 BTC,Czech Republic
QuickDealer552,Drugs/Psychedelics/LSD,Premium Liquid LSD 100ml,7.628845 BTC,Netherlands
UltraVendor891,Drugs/Ecstasy/MDMA,Crystal Lab MDMA 25g,5.111856 BTC,Czech Republic
SpeedShop481,Drugs/Cannabis/Hash,Premium Premium Product 500g,0.10679 BTC,Poland
AlphaStore132,Drugs/Cannabis/Edibles,Tested Quantity 5g,0.222958 BTC,India
CryptoDealer638,Drugs/Prescription/Adderall,Verified Amphetamine Salts 50ct,3.407245 BTC,Europe
AlphaStore878,Drugs/Cannabis/Hash,Premium Pure Product 28g,1.578178 BTC,Poland
UltraVendor891,Drugs/Opioids/Fentanyl,Research Chemical Quality Fent 10g,0.84995 BTC,Worldwide
VenomLab714,Drugs/Psychedelics/LSD,Verified LSD Blotters 7ct,3.70333 BTC,China
ShadowVendor173,Drugs/Dissociatives/Ketamine,Verified K Powder 1g,3.323369 BTC,Australia
ShadowDealer416,Drugs/Ecstasy/MDMA,Crystal Tested MDMA 100g,3.285602 BTC,USA
PureStore440,Fraud/Documents,Fake Premium ID,2.643079 BTC,UK
SpeedMarket519,Drugs/Stimulants/Meth,Ice Tested Crystal 1g,3.846804 BTC,Czech Republic
SilentMarket189,Drugs/Opioids/Oxycodone,Authentic Quality Oxy 10ct,1.07243 BTC,USA
SilentMarket189,Drugs/Cannabis/Edibles,Quality Pure Items 100ct,5.409155 BTC,Worldwide
ShadowDealer416,Drugs/Stimulants/Meth,Premium Methamphetamine 10g,1.374219 BTC,Worldwide
AlphaVendor354,Drugs/Opioids/Fentanyl,Research Chemical Quality Fent 14g,6.47027 BTC,Australia
DeltaStore687,Drugs/Dissociatives/Ketamine,Research Grade Premium Ketamine 500g,3.90339 BTC,Europe
BlackExpert873,Digital/Hacking,Premium Fullz,0.852104 BTC,No Info
SilentVendor726,Drugs/Cannabis/Edibles,Quality Lab Items 25ct,2.501775 BTC,USA
StealthKing618,Drugs/Stimulants/Cocaine,Fishscale Pure Coke 14g,0.46136 BTC,Germany
BlueKing295,Drugs/Stimulants/Cocaine,High Purity Tested Cocaine 25g,1.235413 BTC,Europe
DarkBoss582,Drugs/Stimulants/Speed,Verified Speed Paste 1g,6.307197 BTC,India
DarkShop818,Fraud/Documents,Tested License Replica,1.032529 BTC,Australia
PharmaDirect770,Drugs/Cannabis/Weed,Quality Tested Items 1ct,0.767948 BTC,Germany
SwiftExpert794,Drugs/Ecstasy/MDMA,Quality Ecstasy Crystals 10g,2.846757 BTC,France
DeltaMarket608,Drugs/Psychedelics/DMT,Crystal Pure DMT 25g,1.287788 BTC,USA/Europe
SwiftExpert794,Drugs/Stimulants/Meth,Ice Quality Crystal 7g,4.069269 BTC,China
PharmaExpert186,Drugs/Psychedelics/LSD,Grade-A LSD Blotters 7ct,3.297287 BTC,UK
BlackMarket588,Fraud/Documents,Tested License Replica,3.303339 BTC,Germany
PharmaSource313,Fraud/Documents,Fake Premium ID,0.788631 BTC,No Info
AlphaDealer746,Drugs/Cannabis/Weed,Lab Quantity 28g,0.646816 BTC,Switzerland
SpeedShop481,Drugs/Prescription/Tramadol,Generic Verified Ultram 5ct,0.163002 BTC,France
GhostLab755,Drugs/Psychedelics/DMT,Crystal Pure DMT 7g,0.935782 BTC,China
SilentMaster997,Drugs/Prescription/Xanax,Verified Benzo 5ct,1.201862 BTC,Netherlands
PureStore440,Fraud/Documents,Lab License Replica,2.116648 BTC,USA/Europe
KingLab317,Drugs/Cannabis/Edibles,Lab Quantity 1g,1.414587 BTC,Switzerland
SilentBoss239,Drugs/Ecstasy/MDMA,Crystal Quality MDMA 50g,8.013744 BTC,Europe
SilentMaster955,Drugs/Ecstasy/Pills,Blue Premium Press 250ct,1.64124 BTC,Switzerland
PureVendor480,Drugs/Cannabis/Hash,Quality Quality Items 28ct,3.575248 BTC,India
KingBoss990,Drugs/Stimulants/Meth,Premium Grade-A Meth 25g,1.739461 BTC,Worldwide
SpeedShop526,Digital/Hacking,Verified Fullz,4.002819 BTC,Czech Republic
SilentMaster955,Drugs/Stimulants/Meth,Premium Pure Meth 500g,7.486904 BTC,Germany
CryptoDealer638,Drugs/Dissociatives/Ketamine,Research Grade Grade-A Ketamine 7g,4.727944 BTC,China
QuickSource60,Drugs/Cannabis/Hash,Grade-A Quantity 500g,5.229891 BTC,No Info
AlphaVendor354,Drugs/Cannabis/Weed,Quality Quantity 5g,2.026347 BTC,Belgium
PharmaDirect770,Drugs/Cannabis/Weed,Quality Grade-A Items 1ct,7.026958 BTC,Worldwide
DeltaMarket608,Drugs/Stimulants/Meth,Ice Quality Crystal 14g,3.798564 BTC,Worldwide
DarkShop818,Drugs/Prescription/Adderall,Pure Amphetamine Salts 28ct,4.254661 BTC,Czech Republic
AlphaVendor354,Drugs/Stimulants/Cocaine,Pure Blow 500g,0.884141 BTC,Europe
OmegaDirect105,Drugs/Psychedelics/LSD,Tested LSD Blotters 250ct,2.885637 BTC,India
StealthVendor191,Drugs/Stimulants/Meth,Grade-A Methamphetamine 28g,1.674244 BTC,Netherlands
BluePro475,Drugs/Cannabis/Hash,Premium Premium Product 2g,1.097649 BTC,Switzerland
GreenExpert605,Drugs/Cannabis/Hash,Quality Verified Items 5ct,5.493265 BTC,Europe
BlueKing295,Drugs/Stimulants/Cocaine,High Purity Tested Cocaine 500g,2.68924 BTC,Germany
SwiftKing346,Drugs/Stimulants/Cocaine,Pure Blow 10g,1.338243 BTC,Czech Republic
GhostLab755,Drugs/Ecstasy/Pills,Lab MDMA Pressed Pills 500ct,1.369439 BTC,UK
KingKing458,Drugs/Opioids/Fentanyl,Research Chemical Lab Fent 7g,3.774176 BTC,Switzerland
StealthKing618,Drugs/Ecstasy/Pills,Blue Verified Press 100ct,0.218393 BTC,Australia
NightLab646,Drugs/Opioids/Oxycodone,Authentic Quality Oxy 2ct,2.497106 BTC,USA
CryptoLab868,Drugs/Psychedelics/LSD,Premium Liquid LSD 100ml,2.612165 BTC,France
CryptoDirect666,Drugs/Prescription/Xanax,Authentic Verified Xanax 250ct,5.642045 BTC,Europe
RedLab835,Drugs/Prescription/Tramadol,Generic Verified Ultram 100ct,3.225042 BTC,France
VenomPro997,Drugs/Cannabis/Weed,Quality Lab Items 500ct,3.40713 BTC,Belgium
CryptoLab868,Digital/Hacking,Compromised Pure Database,2.502127 BTC,Canada
SilentPro922,Drugs/Opioids/Heroin,Brown Verified Dope 25g,2.249071 BTC,Belgium
OmegaDirect105,Drugs/Ecstasy/Pills,Blue Lab Press 5ct,4.499349 BTC,Worldwide
CryptoLab868,Digital/Hacking,Pure Fullz,2.540097 BTC,Worldwide
SpeedVendor287,Drugs/Stimulants/Speed,Lab Speed Paste 28g,1.906337 BTC,USA/Europe
CryptoDirect666,Drugs/Ecstasy/Pills,Pure MDMA Pressed Pills 50ct,2.302778 BTC,Europe
OmegaDirect105,Drugs/Cannabis/Hash,Premium Grade-A Product 5g,7.380501 BTC,Australia
BlueStore943,Drugs/Psychedelics/DMT,Extracted Quality DMT 500g,1.067454 BTC,Czech Republic
EliteDealer235,Drugs/Ecstasy/Pills,Lab Ecstasy Tabs 100ct,2.94705 BTC,China
VenomSource815,Drugs/Prescription/Adderall,Authentic Tested Adderall 500ct,5.551105 BTC,Canada
DarkExpert536,Drugs/Prescription/Adderall,Premium Amphetamine Salts 250ct,3.84235 BTC,India
PureVendor480,Drugs/Dissociatives/Ketamine,Grade-A K Powder 28g,3.226396 BTC,France
PureVendor480,Drugs/Opioids/Fentanyl,Pure Fentanyl Powder 5g,2.380562 BTC,Czech Republic
GhostLab755,Drugs/Prescription/Xanax,Authentic Pure Xanax 14ct,3.416125 BTC,China
QuickMaster491,Drugs/Stimulants/Meth,Grade-A Methamphetamine 7g,3.932955 BTC,Worldwide
SpeedMarket271,Drugs/Prescription/Xanax,Authentic Pure Xanax 5ct,3.274781 BTC,Switzerland
StealthKing618,Drugs/Cannabis/Hash,Quality Verified Items 50ct,5.494095 BTC,Australia
AlphaStore95,Fraud/Documents,Counterfeit Pure Passport,2.701161 BTC,France
SwiftDealer556,Drugs/Ecstasy/Pills,Lab MDMA Pressed Pills 14ct,0.886346 BTC,Czech Republic
SpeedMarket519,Drugs/Opioids/Oxycodone,Pure Percs 50ct,1.805399 BTC,Poland
BlackShop465,Drugs/Ecstasy/MDMA,Pure Ecstasy Crystals 50g,3.365196 BTC,Switzerland
EliteDealer235,Drugs/Opioids/Oxycodone,Quality Percs 100ct,1.982158 BTC,France
PureMarket224,Drugs/Opioids/Oxycodone,Grade-A Percs 25ct,0.248284 BTC,India
SpeedVendor287,Digital/Hacking,Hacked Lab Account,4.609332 BTC,No Info
KingBoss990,Drugs/Prescription/Xanax,Pure Benzo 25ct,1.502119 BTC,Germany
DeltaMarket543,Drugs/Dissociatives/Ketamine,Research Grade Verified Ketamine 7g,1.223564 BTC,Canada
SilentVendor726,Drugs/Ecstasy/Pills,Premium Ecstasy Tabs 14ct,1.528925 BTC,UK
PureVendor480,Drugs/Cannabis/Weed,Premium Tested Product 100g,3.868662 BTC,Australia
SilentVendor726,Drugs/Stimulants/Meth,Premium Methamphetamine 10g,0.250836 BTC,India
QuickKing639,Drugs/Prescription/Xanax,Authentic Lab Xanax 5ct,4.125972 BTC,Belgium
SpeedDealer285,Drugs/Cannabis/Hash,Premium Verified Product 28g,0.366085 BTC,Worldwide
KingDirect228,Drugs/Stimulants/Cocaine,Fishscale Lab Coke 500g,4.200393 BTC,Australia
SilentVendor726,Drugs/Stimulants/Cocaine,Lab Blow 14g,1.510568 BTC,Canada
SpeedMarket271,Digital/Hacking,Compromised Premium Database,2.53444 BTC,India
DarkShop818,Digital/Hacking,Tested Fullz,0.572943 BTC,Switzerland
StealthShop752,Drugs/Ecstasy/MDMA,Pure Verified Molly 14g,0.180308 BTC,Australia
SpeedVendor287,Drugs/Ecstasy/Pills,Lab MDMA Pressed Pills 14ct,4.679256 BTC,Worldwide
PharmaSource204,Drugs/Psychedelics/LSD,Tested LSD Blotters 7ct,1.23075 BTC,China
SwiftExpert794,Drugs/Ecstasy/Pills,Tested Ecstasy Tabs 7ct,2.766216 BTC,Czech Republic
AlphaStore95,Drugs/Dissociatives/Ketamine,Research Grade Verified Ketamine 100g,1.086499 BTC,UK
GhostLab755,Drugs/Psychedelics/LSD,High-Dose Lab Tabs 1ct,1.81627 BTC,Canada
KingLab317,Fraud/Documents,Fake Premium ID,3.157174 BTC,France
AlphaDealer746,Drugs/Stimulants/Cocaine,Lab Blow 100g,1.503923 BTC,France
PharmaExpert186,Drugs/Cannabis/Weed,Quality Grade-A Items 25ct,1.323649 BTC,No Info
RedLab835,Drugs/Cannabis/Edibles,Quality Grade-A Items 2ct,3.618197 BTC,USA
GreenMarket125,Drugs/Stimulants/Speed,Grade-A Speed Paste 28g,1.533766 BTC,Belgium
KingLab317,Drugs/Stimulants/Speed,Quality Pure Amphetamine 7g,4.179761 BTC,Europe
SilentMarket189,Drugs/Psychedelics/LSD,Grade-A Liquid LSD 14ml,7.574728 BTC,Switzerland
SwiftStore705,Drugs/Prescription/Adderall,Verified Amphetamine Salts 5ct,1.777368 BTC,UK
RedMarket810,Drugs/Psychedelics/DMT,Verified Spice 5g,2.71262 BTC,Belgium
PureMarket224,Drugs/Psychedelics/LSD,High-Dose Verified Tabs 100ct,2.9766 BTC,Canada
StealthPro162,Drugs/Stimulants/Speed,Pure Speed Paste 500g,2.671305 BTC,Poland
PureStore440,Drugs/Prescription/Xanax,Authentic Tested Xanax 50ct,1.695155 BTC,Worldwide
KingBoss990,Drugs/Psychedelics/DMT,Crystal Tested DMT 1g,1.766318 BTC,USA/Europe
VenomMarket709,Drugs/Opioids/Fentanyl,Premium Fentanyl Powder 2g,2.242029 BTC,India
EliteMaster689,Drugs/Cannabis/Hash,Quality Lab Items 25ct,0.328346 BTC,France
DarkShop818,Drugs/Ecstasy/Pills,Blue Lab Press 28ct,4.492691 BTC,Canada
SecureBoss844,Drugs/Ecstasy/Pills,Blue Lab Press 25ct,1.284012 BTC,USA
SilentVendor726,Drugs/Ecstasy/MDMA,Verified Ecstasy Crystals 25g,1.256759 BTC,Germany
UltraVendor891,Drugs/Psychedelics/Mushrooms,Lab Cubensis 14g,2.788557 BTC,China
GreenExpert605,Fraud/Documents,Fake Premium ID,2.521639 BTC,Czech Republic
NightLab646,Drugs/Opioids/Fentanyl,Research Chemical Pure Fent 1g,2.50971 BTC,Switzerland
CryptoDirect666,Drugs/Opioids/Oxycodone,Verified Percs 10ct,0.592787 BTC,Australia
SpeedDealer285,Drugs/Stimulants/Meth,Premium Quality Meth 14g,0.657199 BTC,Germany
AlphaMaster277,Drugs/Cannabis/Edibles,Quality Lab Items 28ct,3.283344 BTC,UK
SpeedDealer285,Drugs/Opioids/Fentanyl,Grade-A Fentanyl Powder 500g,1.359573 BTC,Poland
UltraVendor891,Drugs/Prescription/Tramadol,Generic Grade-A Ultram 500ct,2.473398 BTC,France
EliteDealer235,Drugs/Prescription/Adderall,Authentic Verified Adderall 28ct,1.552252 BTC,Europe
UltraVendor891,Drugs/Cannabis/Edibles,Premium Tested Product 500g,2.749122 BTC,USA
KingKing458,Drugs/Opioids/Fentanyl,Lab Fentanyl Powder 14g,0.306676 BTC,Worldwide
NightLab646,Drugs/Opioids/Fentanyl,Pure Fentanyl Powder 100g,3.10513 BTC,Netherlands
SecureBoss844,Drugs/Cannabis/Weed,Quality Tested Items 28ct,2.985865 BTC,USA/Europe
AlphaDealer746,Drugs/Ecstasy/Pills,Pure Ecstasy Tabs 500ct,4.324168 BTC,UK
EliteMaster689,Drugs/Stimulants/Speed,Crystal Tested Speed 500g,5.044354 BTC,Belgium
QuickSource60,Fraud/Documents,Fake Verified ID,0.142669 BTC,Australia
SpeedShop481,Drugs/Opioids/Fentanyl,Tested Fentanyl Powder 50g,2.725075 BTC,Poland
PharmaDirect647,Drugs/Prescription/Xanax,Pressed Verified Xanax 10ct,4.212428 BTC,Spain
StealthPro162,Drugs/Stimulants/Cocaine,Lab Blow 2g,3.455095 BTC,Switzerland
AlphaVendor354,Drugs/Stimulants/Speed,Quality Tested Amphetamine 2g,2.411004 BTC,Australia
QuickPro135,Drugs/Psychedelics/Mushrooms,Dried Grade-A Shrooms 100g,0.398598 BTC,UK
KingLab317,Drugs/Ecstasy/MDMA,Grade-A Ecstasy Crystals 2g,6.348158 BTC,Netherlands
SpeedMarket519,Drugs/Stimulants/Speed,Crystal Premium Speed 25g,3.699513 BTC,Belgium
VenomMarket709,Drugs/Ecstasy/MDMA,Pure Lab Molly 14g,1.114809 BTC,France
AlphaDirect701,Drugs/Stimulants/Meth,Pure Methamphetamine 100g,4.473317 BTC,India
SilentBoss239,Drugs/Psychedelics/LSD,Lab LSD Blotters 500ct,2.382777 BTC,Worldwide
SecureBoss844,Drugs/Dissociatives/Ketamine,Research Grade Verified Ketamine 2g,1.763315 BTC,China
BlackBoss982,Drugs/Prescription/Adderall,Authentic Grade-A Adderall 7ct,4.645468 BTC,Germany
RedLab835,Drugs/Stimulants/Speed,Grade-A Speed Paste 28g,2.539588 BTC,India
SilentMarket838,Drugs/Ecstasy/MDMA,Crystal Pure MDMA 25g,0.150028 BTC,No Info
GreenExpert605,Drugs/Psychedelics/Mushrooms,Dried Tested Shrooms 250g,0.701185 BTC,USA
OmegaDirect105,Drugs/Stimulants/Meth,Premium Verified Meth 500g,0.22015 BTC,Switzerland
QuickMaster491,Drugs/Prescription/Adderall,Tested Amphetamine Salts 10ct,3.355742 BTC,China
QuickMaster491,Drugs/Prescription/Tramadol,Grade-A Tramadol 100ct,0.924261 BTC,Spain
EliteDealer235,Drugs/Psychedelics/LSD,Lab Liquid LSD 2ml,7.527496 BTC,Worldwide
SpeedShop526,Drugs/Prescription/Xanax,Pressed Pure Xanax 2ct,2.517263 BTC,Czech Republic
AlphaDealer746,Fraud/Documents,Counterfeit Lab Passport,3.249541 BTC,UK
StealthShop752,Drugs/Ecstasy/MDMA,Crystal Premium MDMA 25g,4.365553 BTC,Czech Republic
BlueKing295,Drugs/Prescription/Xanax,Tested Benzo 2ct,2.804061 BTC,China
SilentBoss239,Drugs/Opioids/Heroin,Brown Lab Dope 7g,1.72843 BTC,Czech Republic
DarkShop818,Drugs/Cannabis/Hash,Premium Grade-A Product 100g,5.873513 BTC,Czech Republic
RedLab835,Digital/Hacking,Compromised Lab Database,0.429671 BTC,Spain
SpeedShop481,Drugs/Cannabis/Edibles,Quality Premium Items 1ct,1.947284 BTC,Poland
OmegaDirect105,Drugs/Cannabis/Weed,Quality Verified Items 14ct,0.629963 BTC,Belgium
OmegaDirect105,Drugs/Cannabis/Hash,Quality Premium Items 2ct,2.68402 BTC,Australia
KingBoss990,Drugs/Opioids/Heroin,Tested Heroin 50g,0.872464 BTC,USA/Europe
DeltaStore687,Drugs/Ecstasy/Pills,Verified MDMA Pressed Pills 7ct,2.87082 BTC,Australia
QuickDealer552,Drugs/Stimulants/Cocaine,Fishscale Grade-A Coke 100g,1.53082 BTC,Belgium
SilentMarket838,Drugs/Cannabis/Hash,Premium Quantity 2g,1.439293 BTC,India
BlackShop465,Drugs/Prescription/Adderall,Authentic Premium Adderall 7ct,0.13025 BTC,China
VenomLab714,Drugs/Cannabis/Hash,Quality Lab Items 500ct,2.712069 BTC,USA/Europe
VenomLab764,Drugs/Prescription/Tramadol,Generic Pure Ultram 10ct,4.232868 BTC,Poland
SpeedMarket519,Drugs/Prescription/Tramadol,Grade-A Tramadol 500ct,1.590219 BTC,India
StealthPro162,Drugs/Psychedelics/Mushrooms,Psilocybin Quality Mushrooms 50g,4.447442 BTC,Europe
UltraVendor891,Fraud/Documents,Counterfeit Lab Passport,0.577081 BTC,Europe
OmegaDirect105,Drugs/Stimulants/Speed,Quality Pure Amphetamine 7g,3.464224 BTC,No Info
UltraMarket470,Drugs/Prescription/Tramadol,Generic Lab Ultram 500ct,3.391096 BTC,China
BlackShop465,Drugs/Prescription/Xanax,Lab Benzo 50ct,2.201765 BTC,Worldwide
ShadowVendor173,Drugs/Stimulants/Speed,Grade-A Speed Paste 500g,1.742557 BTC,China
StealthKing618,Digital/Hacking,Hacked Tested Account,2.616466 BTC,Worldwide
UltraKing555,Drugs/Dissociatives/Ketamine,Research Grade Premium Ketamine 100g,2.917955 BTC,Netherlands
StealthKing618,Drugs/Opioids/Fentanyl,Research Chemical Quality Fent 28g,0.912987 BTC,Canada
QuickKing639,Drugs/Prescription/Tramadol,Verified Tramadol 100ct,3.955312 BTC,Canada
VenomPro997,Drugs/Psychedelics/Mushrooms,Dried Premium Shrooms 500g,3.063441 BTC,Germany
KingDirect228,Drugs/Opioids/Oxycodone,Premium Percs 50ct,2.90258 BTC,Poland
SilentBoss239,Drugs/Ecstasy/MDMA,Tested Ecstasy Crystals 50g,3.173173 BTC,USA
SwiftKing346,Drugs/Dissociatives/Ketamine,Verified K Powder 250g,2.21123 BTC,USA/Europe
GreenMarket125,Fraud/Documents,Counterfeit Grade-A Passport,2.296593 BTC,China
VenomVendor269,Fraud/Documents,Tested License Replica,1.191656 BTC,Czech Republic
UltraLab620,Drugs/Psychedelics/DMT,Extracted Quality DMT 10g,2.417136 BTC,UK
SilentMarket838,Drugs/Opioids/Heroin,High Quality Pure Heroin 10g,0.97006 BTC,Belgium
OmegaKing43,Drugs/Stimulants/Meth,Premium Verified Meth 500g,2.983919 BTC,Europe
AlphaStore354,Drugs/Prescription/Xanax,Pure Benzo 250ct,6.964819 BTC,India
AlphaKing870,Drugs/Cannabis/Hash,Premium Quantity 2g,5.275952 BTC,France
PharmaExpert186,Fraud/Documents,Fake Tested ID,1.366978 BTC,Australia
SilentMarket838,Drugs/Opioids/Heroin,High Quality Verified Heroin 500g,2.765617 BTC,Switzerland
DarkBoss582,Drugs/Cannabis/Edibles,Premium Quantity 10g,0.165458 BTC,Switzerland
SecureBoss844,Digital/Hacking,Compromised Pure Database,5.553069 BTC,Netherlands
BlackBoss982,Digital/Hacking,Lab Fullz,2.699166 BTC,USA
SilentVendor726,Drugs/Psychedelics/Mushrooms,Pure Cubensis 5g,4.450051 BTC,UK
BlackShop465,Drugs/Prescription/Xanax,Pressed Tested Xanax 5ct,0.077776 BTC,Europe
SilentMaster955,Drugs/Prescription/Adderall,Authentic Quality Adderall 250ct,4.906264 BTC,Poland
ShadowDealer416,Drugs/Psychedelics/LSD,High-Dose Grade-A Tabs 50ct,7.221092 BTC,Netherlands
SpeedShop481,Drugs/Ecstasy/Pills,Blue Lab Press 5ct,5.676933 BTC,UK
StealthPro162,Drugs/Stimulants/Speed,Crystal Grade-A Speed 14g,2.046399 BTC,Spain
KingDirect228,Drugs/Opioids/Oxycodone,Quality Percs 250ct,0.851798 BTC,Poland
GreenMarket125,Drugs/Prescription/Tramadol,Quality Tramadol 1ct,2.227441 BTC,Canada
SpeedShop481,Drugs/Psychedelics/Mushrooms,Dried Lab Shrooms 500g,1.635896 BTC,USA
SilentMaster997,Drugs/Dissociatives/Ketamine,Research Grade Pure Ketamine 500g,6.062685 BTC,UK
VenomPro997,Drugs/Psychedelics/Mushrooms,Psilocybin Quality Mushrooms 25g,3.128997 BTC,Germany
UltraKing555,Digital/Hacking,Compromised Lab Database,3.282574 BTC,India
QuickPro135,Drugs/Cannabis/Edibles,Quality Tested Items 25ct,0.951926 BTC,No Info
BlueStore943,Drugs/Ecstasy/Pills,Pure Ecstasy Tabs 100ct,0.784657 BTC,China
KingLab317,Drugs/Cannabis/Weed,Quality Verified Items 14ct,1.655287 BTC,Worldwide
QuickMaster491,Drugs/Prescription/Adderall,Authentic Premium Adderall 25ct,2.236996 BTC,USA
QuickKing639,Drugs/Ecstasy/Pills,Quality MDMA Pressed Pills 50ct,4.265921 BTC,India
PharmaSource313,Drugs/Cannabis/Hash,Quality Pure Items 5ct,1.887298 BTC,USA
ShadowVendor173,Drugs/Stimulants/Speed,Quality Speed Paste 250g,1.750762 BTC,UK
PharmaDirect647,Drugs/Cannabis/Edibles,Quality Lab Items 250ct,2.847596 BTC,Switzerland
SpeedShop481,Drugs/Prescription/Adderall,Authentic Tested Adderall 7ct,3.511131 BTC,Czech Republic
SwiftDealer556,Drugs/Ecstasy/MDMA,Pure Tested Molly 500g,3.176951 BTC,France
AlphaMaster277,Drugs/Stimulants/Meth,Premium Premium Meth 50g,2.3303 BTC,Belgium
KingDirect228,Drugs/Prescription/Xanax,Pressed Quality Xanax 500ct,3.854181 BTC,UK
SilentMaster955,Drugs/Stimulants/Meth,Ice Premium Crystal 50g,2.924335 BTC,India
EliteMaster689,Drugs/Prescription/Adderall,Authentic Pure Adderall 2ct,1.519527 BTC,France
PureMarket96,Drugs/Prescription/Adderall,Quality Amphetamine Salts 100ct,4.165171 BTC,Belgium
AlphaStore132,Drugs/Prescription/Xanax,Pure Benzo 28ct,8.23524 BTC,Spain
UltraLab266,Drugs/Stimulants/Speed,Quality Grade-A Amphetamine 2g,1.785849 BTC,Poland
SwiftStore884,Drugs/Ecstasy/MDMA,Pure Grade-A Molly 28g,5.615547 BTC,Worldwide
QuickMaster491,Drugs/Cannabis/Hash,Premium Grade-A Product 50g,2.180396 BTC,USA
SpeedVendor287,Drugs/Psychedelics/DMT,Grade-A Spice 2g,5.042474 BTC,Belgium
AlphaMaster277,Drugs/Cannabis/Weed,Premium Quantity 10g,4.935408 BTC,France
AlphaVendor354,Drugs/Stimulants/Meth,Ice Grade-A Crystal 50g,2.492156 BTC,USA/Europe
OmegaKing43,Drugs/Cannabis/Weed,Premium Premium Product 28g,3.573123 BTC,Australia
VenomLab714,Drugs/Ecstasy/Pills,Premium MDMA Pressed Pills 100ct,1.470204 BTC,India
OmegaDirect105,Drugs/Opioids/Oxycodone,Grade-A Percs 1ct,0.555396 BTC,No Info
StealthVendor191,Drugs/Cannabis/Hash,Pure Quantity 14g,1.422265 BTC,No Info
BlueKing295,Drugs/Ecstasy/Pills,Pure MDMA Pressed Pills 5ct,1.720794 BTC,Australia
KingDirect228,Drugs/Ecstasy/Pills,Blue Lab Press 2ct,4.56053 BTC,Netherlands
VenomSource815,Drugs/Cannabis/Weed,Quality Grade-A Items 250ct,3.287957 BTC,Worldwide
VenomVendor269,Fraud/Documents,Fake Premium ID,0.58208 BTC,Spain
DeltaMarket543,Drugs/Opioids/Fentanyl,Quality Fentanyl Powder 250g,0.037236 BTC,Netherlands
GreenExpert605,Drugs/Ecstasy/Pills,Grade-A MDMA Pressed Pills 28ct,2.93697 BTC,Netherlands
SilentMaster997,Drugs/Cannabis/Weed,Quality Quantity 25g,1.860233 BTC,Australia
SwiftExpert794,Drugs/Opioids/Heroin,Brown Quality Dope 28g,0.283393 BTC,Germany
VenomMarket709,Drugs/Stimulants/Meth,Pure Methamphetamine 25g,1.612531 BTC,Poland
QuickDirect928,Digital/Hacking,Hacked Pure Account,2.197971 BTC,Poland
QuickDealer552,Drugs/Ecstasy/Pills,Verified Ecstasy Tabs 10ct,2.375695 BTC,UK
BlackMarket588,Drugs/Ecstasy/Pills,Quality Ecstasy Tabs 10ct,5.515061 BTC,Switzerland
DarkExpert536,Drugs/Stimulants/Cocaine,High Purity Pure Cocaine 1g,5.124331 BTC,Australia
QuickDirect928,Drugs/Cannabis/Edibles,Quality Quantity 2g,3.978437 BTC,Australia
AlphaStore354,Drugs/Cannabis/Edibles,Lab Quantity 7g,4.99816 BTC,India
GreenMarket125,Drugs/Cannabis/Edibles,Quality Premium Items 2ct,0.019929 BTC,Australia
SilentPro922,Drugs/Dissociatives/Ketamine,Research Grade Pure Ketamine 10g,2.735309 BTC,Germany
BlueStore943,Drugs/Psychedelics/LSD,Grade-A LSD Blotters 14ct,1.047106 BTC,Switzerland
PureMarket96,Drugs/Psychedelics/LSD,Tested LSD Blotters 1ct,0.631562 BTC,Spain
SecureBoss844,Drugs/Prescription/Adderall,Premium Amphetamine Salts 28ct,0.483321 BTC,Switzerland
UltraLab620,Drugs/Cannabis/Edibles,Quality Quality Items 250ct,2.329878 BTC,Worldwide
CryptoDealer638,Drugs/Opioids/Fentanyl,Research Chemical Quality Fent 5g,2.363522 BTC,Canada
QuickMaster491,Drugs/Opioids/Oxycodone,Premium Percs 1ct,5.602745 BTC,India
GreenDealer162,Drugs/Cannabis/Hash,Premium Quality Product 10g,5.09579 BTC,Europe
BlackMarket588,Drugs/Psychedelics/DMT,Extracted Verified DMT 250g,1.012244 BTC,Netherlands
AlphaDirect701,Drugs/Psychedelics/Mushrooms,Quality Cubensis 25g,0.384505 BTC,No Info
ShadowVendor954,Drugs/Opioids/Heroin,Brown Pure Dope 100g,3.104451 BTC,Netherlands
UltraLab620,Drugs/Cannabis/Edibles,Quality Grade-A Items 5ct,4.124754 BTC,Canada
DeltaMarket608,Drugs/Stimulants/Cocaine,Fishscale Premium Coke 7g,3.717354 BTC,Canada
SilentMarket189,Drugs/Psychedelics/DMT,Verified Spice 100g,3.587235 BTC,Spain
CryptoLab868,Drugs/Ecstasy/Pills,Grade-A Ecstasy Tabs 28ct,5.368881 BTC,India
ShadowDealer416,Drugs/Dissociatives/Ketamine,Premium K Powder 2g,5.922035 BTC,China
DeltaMarket608,Drugs/Psychedelics/DMT,Verified Spice 28g,0.623018 BTC,Belgium
SilentMarket838,Drugs/Prescription/Xanax,Authentic Lab Xanax 7ct,1.476714 BTC,Canada
VenomSource928,Drugs/Ecstasy/Pills,Verified Ecstasy Tabs 50ct,5.048478 BTC,Australia
VenomVendor269,Drugs/Cannabis/Hash,Tested Quantity 50g,4.010332 BTC,Germany
SpeedMarket519,Drugs/Cannabis/Weed,Quality Premium Items 25ct,8.304991 BTC,No Info
GreenMarket125,Drugs/Psychedelics/Mushrooms,Premium Cubensis 25g,6.149552 BTC,USA/Europe
PharmaDirect770,Drugs/Stimulants/Meth,Ice Verified Crystal 5g,3.977508 BTC,Switzerland
VenomVendor269,Drugs/Prescription/Xanax,Pressed Pure Xanax 100ct,2.760745 BTC,Switzerland
QuickDirect928,Drugs/Prescription/Xanax,Pressed Verified Xanax 7ct,2.754588 BTC,Poland
AlphaStore132,Drugs/Cannabis/Edibles,Premium Quantity 7g,1.287909 BTC,China
AlphaStore95,Drugs/Opioids/Oxycodone,Premium Percs 28ct,0.728672 BTC,UK
UltraDirect809,Drugs/Stimulants/Cocaine,Fishscale Premium Coke 28g,3.448857 BTC,India
SpeedShop481,Drugs/Opioids/Fentanyl,Pure Fentanyl Powder 14g,7.024046 BTC,India
BlueStore943,Drugs/Stimulants/Cocaine,Fishscale Lab Coke 10g,1.45345 BTC,Belgium
EliteShop410,Drugs/Opioids/Heroin,High Quality Pure Heroin 1g,5.244617 BTC,India
VenomPro997,Drugs/Stimulants/Cocaine,Grade-A Blow 1g,2.964363 BTC,Canada
BlackMarket588,Drugs/Stimulants/Speed,Quality Tested Amphetamine 100g,0.905059 BTC,India
SwiftDealer556,Drugs/Dissociatives/Ketamine,Research Grade Lab Ketamine 10g,6.463622 BTC,France
BlueKing295,Drugs/Psychedelics/DMT,Extracted Quality DMT 250g,0.902706 BTC,Germany
SilentMaster997,Drugs/Dissociatives/Ketamine,Research Grade Lab Ketamine 7g,7.622432 BTC,China
StealthVendor191,Drugs/Prescription/Tramadol,Generic Lab Ultram 1ct,3.426789 BTC,Poland
SwiftStore884,Drugs/Prescription/Xanax,Premium Benzo 14ct,1.436211 BTC,Australia
SpeedMarket271,Drugs/Opioids/Fentanyl,Research Chemical Pure Fent 2g,2.734502 BTC,India
SwiftExpert794,Drugs/Psychedelics/DMT,Crystal Pure DMT 7g,2.446128 BTC,Czech Republic
DeltaStore687,Fraud/Documents,Pure License Replica,2.113062 BTC,Australia
GhostLab755,Drugs/Stimulants/Cocaine,High Purity Premium Cocaine 25g,1.763915 BTC,USA
DeltaMarket608,Fraud/Documents,Counterfeit Premium Passport,2.527626 BTC,No Info
KingLab317,Drugs/Psychedelics/LSD,Grade-A Liquid LSD 10ml,2.13992 BTC,Czech Republic
AlphaKing870,Drugs/Prescription/Adderall,Tested Amphetamine Salts 50ct,4.605823 BTC,Spain
SpeedMarket519,Drugs/Dissociatives/Ketamine,Premium K Powder 1g,1.373742 BTC,China
PureStore440,Drugs/Cannabis/Weed,Premium Lab Product 500g,4.441396 BTC,USA/Europe
PureMarket224,Digital/Hacking,Compromised Premium Database,1.9269 BTC,France
SwiftKing346,Drugs/Cannabis/Weed,Quality Quality Items 10ct,1.187695 BTC,Belgium
EliteShop410,Drugs/Cannabis/Edibles,Premium Lab Product 500g,3.182292 BTC,Worldwide
AlphaVendor354,Digital/Hacking,Hacked Grade-A Account,3.036483 BTC,Spain
BlackShop465,Drugs/Psychedelics/DMT,Quality Spice 100g,1.336017 BTC,Australia
AlphaDealer746,Drugs/Ecstasy/MDMA,Lab Ecstasy Crystals 50g,1.850375 BTC,Europe
SpeedMarket519,Drugs/Prescription/Adderall,Premium Amphetamine Salts 10ct,2.316331 BTC,Netherlands
SwiftKing346,Drugs/Ecstasy/MDMA,Crystal Quality MDMA 250g,0.113322 BTC,Australia
ShadowVendor954,Drugs/Cannabis/Hash,Quality Grade-A Items 500ct,2.764842 BTC,India
PureMarket224,Drugs/Prescription/Xanax,Authentic Quality Xanax 10ct,3.253732 BTC,Australia
UltraVendor891,Drugs/Opioids/Fentanyl,Research Chemical Pure Fent 14g,0.411763 BTC,India
VenomLab764,Drugs/Ecstasy/Pills,Blue Lab Press 2ct,1.808536 BTC,UK
SwiftDealer556,Drugs/Ecstasy/Pills,Lab Ecstasy Tabs 100ct,1.200043 BTC,Worldwide
QuickSource60,Drugs/Ecstasy/MDMA,Verified Ecstasy Crystals 5g,5.757852 BTC,Spain
SpeedShop526,Drugs/Psychedelics/Mushrooms,Verified Cubensis 50g,3.033502 BTC,USA
AlphaStore95,Drugs/Opioids/Oxycodone,Lab Percs 10ct,1.136051 BTC,Australia
StealthPro162,Drugs/Cannabis/Weed,Pure Quantity 2g,8.577456 BTC,China
StealthKing618,Drugs/Dissociatives/Ketamine,Verified K Powder 50g,2.25483 BTC,France
UltraSource684,Drugs/Psychedelics/Mushrooms,Dried Tested Shrooms 7g,0.693832 BTC,UK
CryptoLab868,Drugs/Prescription/Tramadol,Generic Quality Ultram 5ct,0.275179 BTC,USA
PureStore440,Fraud/Documents,Grade-A License Replica,3.023195 BTC,USA/Europe
GreenMarket125,Drugs/Psychedelics/Mushrooms,Tested Cubensis 100g,2.791925 BTC,Spain
StealthKing618,Drugs/Psychedelics/Mushrooms,Dried Quality Shrooms 500g,1.217047 BTC,Europe
DarkExpert536,Drugs/Dissociatives/Ketamine,Lab K Powder 100g,1.365195 BTC,France
DeltaStore687,Drugs/Prescription/Tramadol,Premium Tramadol 7ct,2.650287 BTC,Germany
KingKing458,Drugs/Cannabis/Edibles,Pure Quantity 250g,3.377387 BTC,Poland
VenomLab764,Drugs/Psychedelics/LSD,High-Dose Quality Tabs 10ct,4.095439 BTC,Poland
StealthVendor191,Drugs/Ecstasy/MDMA,Lab Ecstasy Crystals 1g,4.457611 BTC,Belgium
UltraKing555,Drugs/Ecstasy/MDMA,Verified Ecstasy Crystals 5g,1.37232 BTC,Australia
OmegaDirect105,Drugs/Ecstasy/MDMA,Pure Verified Molly 100g,2.806873 BTC,Poland
OmegaKing43,Digital/Hacking,Hacked Premium Account,2.3364 BTC,Czech Republic
GreenDealer162,Fraud/Documents,Fake Lab ID,3.741879 BTC,Canada
PharmaSource313,Drugs/Opioids/Oxycodone,Verified Percs 10ct,1.751972 BTC,Netherlands
SpeedShop526,Drugs/Psychedelics/Mushrooms,Psilocybin Pure Mushrooms 250g,4.220457 BTC,No Info
DarkBoss582,Drugs/Psychedelics/LSD,Pure LSD Blotters 50ct,4.359467 BTC,Poland
SpeedShop526,Drugs/Prescription/Adderall,Quality Amphetamine Salts 500ct,3.61692 BTC,Netherlands
OmegaKing43,Drugs/Opioids/Fentanyl,Premium Fentanyl Powder 5g,3.364273 BTC,Poland
SpeedMarket271,Drugs/Opioids/Heroin,High Quality Premium Heroin 1g,1.454324 BTC,Australia
QuickDealer552,Drugs/Cannabis/Edibles,Verified Quantity 14g,3.500039 BTC,Netherlands
SwiftDealer556,Drugs/Prescription/Xanax,Authentic Verified Xanax 100ct,3.77643 BTC,Spain
SwiftDealer556,Drugs/Prescription/Xanax,Premium Benzo 1ct,3.474996 BTC,Australia
RedLab835,Drugs/Prescription/Adderall,Grade-A Amphetamine Salts 50ct,4.568297 BTC,No Info
PharmaExpert186,Fraud/Documents,Lab License Replica,3.45491 BTC,Switzerland
CryptoDealer638,Drugs/Psychedelics/Mushrooms,Psilocybin Premium Mushrooms 2g,1.703226 BTC,USA/Europe
QuickSource60,Drugs/Prescription/Adderall,Pure Amphetamine Salts 250ct,1.324705 BTC,Worldwide
AlphaDirect701,Drugs/Opioids/Heroin,Quality Heroin 1g,1.944044 BTC,India
VenomLab764,Drugs/Cannabis/Hash,Grade-A Quantity 500g,0.676571 BTC,Germany
EliteShop410,Digital/Hacking,Compromised Tested Database,2.497624 BTC,Europe
UltraKing555,Drugs/Stimulants/Speed,Verified Speed Paste 250g,4.08117 BTC,USA
UltraLab620,Drugs/Psychedelics/LSD,Lab LSD Blotters 7ct,0.996497 BTC,UK
GreenDealer162,Drugs/Ecstasy/Pills,Tested Ecstasy Tabs 1ct,0.594807 BTC,Netherlands
SpeedDealer285,Drugs/Psychedelics/LSD,Tested LSD Blotters 25ct,3.032086 BTC,Europe
SwiftStore705,Digital/Hacking,Compromised Premium Database,1.039261 BTC,Spain
EliteDealer235,Drugs/Stimulants/Cocaine,Fishscale Verified Coke 2g,2.034815 BTC,Europe
PureStore440,Drugs/Cannabis/Edibles,Premium Quantity 1g,2.640119 BTC,Poland
AlphaMaster277,Drugs/Opioids/Heroin,Tested Heroin 500g,9.702316 BTC,India
GreenExpert605,Drugs/Opioids/Fentanyl,Quality Fentanyl Powder 14g,0.980948 BTC,China
UltraVendor891,Drugs/Ecstasy/Pills,Tested MDMA Pressed Pills 2ct,3.32216 BTC,France
QuickMaster491,Drugs/Opioids/Fentanyl,Research Chemical Grade-A Fent 100g,3.391163 BTC,Poland
QuickKing639,Drugs/Cannabis/Edibles,Premium Lab Product 2g,1.952922 BTC,Poland
BluePro475,Drugs/Prescription/Adderall,Verified Amphetamine Salts 5ct,1.115394 BTC,India
PharmaBoss522,Drugs/Ecstasy/Pills,Lab Ecstasy Tabs 7ct,3.760935 BTC,Canada
AlphaStore132,Drugs/Stimulants/Speed,Lab Speed Paste 100g,3.358424 BTC,Canada
SilentPro922,Drugs/Cannabis/Weed,Premium Lab Product 10g,4.89574 BTC,Worldwide
SpeedVendor287,Drugs/Prescription/Tramadol,Tested Tramadol 2ct,1.793128 BTC,France
DarkBoss582,Drugs/Dissociatives/Ketamine,Grade-A K Powder 7g,6.380472 BTC,India
DarkShop818,Fraud/Documents,Counterfeit Quality Passport,2.655309 BTC,France
SwiftExpert794,Drugs/Opioids/Fentanyl,Pure Fentanyl Powder 28g,2.32273 BTC,Spain
AlphaKing463,Drugs/Prescription/Xanax,Authentic Lab Xanax 5ct,2.003529 BTC,Switzerland
StealthVendor191,Drugs/Cannabis/Edibles,Premium Tested Product 7g,3.584254 BTC,USA
UltraDirect809,Drugs/Cannabis/Edibles,Premium Lab Product 500g,4.675107 BTC,Worldwide
PharmaDirect770,Drugs/Cannabis/Edibles,Premium Grade-A Product 250g,4.263107 BTC,USA
AlphaDirect701,Drugs/Stimulants/Cocaine,High Purity Tested Cocaine 14g,5.610769 BTC,Europe
GreenDealer162,Drugs/Ecstasy/Pills,Lab Ecstasy Tabs 1ct,3.86735 BTC,Germany
EliteShop410,Drugs/Prescription/Adderall,Grade-A Amphetamine Salts 2ct,2.195006 BTC,No Info
SwiftExpert794,Drugs/Dissociatives/Ketamine,Research Grade Premium Ketamine 5g,0.155549 BTC,China
PharmaSource313,Drugs/Ecstasy/Pills,Blue Quality Press 50ct,4.326458 BTC,Canada
StealthKing618,Digital/Hacking,Compromised Lab Database,5.400509 BTC,Poland
SwiftStore705,Drugs/Stimulants/Meth,Ice Pure Crystal 100g,2.023973 BTC,Worldwide
PharmaSource204,Fraud/Documents,Fake Verified ID,2.310829 BTC,Australia
SpeedVendor287,Drugs/Psychedelics/Mushrooms,Psilocybin Tested Mushrooms 100g,5.069705 BTC,Spain
OmegaKing43,Drugs/Cannabis/Edibles,Pure Quantity 1g,4.597327 BTC,Worldwide
BlueKing295,Drugs/Psychedelics/Mushrooms,Psilocybin Tested Mushrooms 5g,1.480053 BTC,Canada
SpeedShop481,Drugs/Prescription/Tramadol,Generic Lab Ultram 500ct,1.991704 BTC,Czech Republic
QuickMaster491,Drugs/Stimulants/Speed,Crystal Grade-A Speed 1g,3.3098 BTC,Belgium
AlphaDealer746,Drugs/Prescription/Tramadol,Generic Tested Ultram 1ct,2.807726 BTC,Czech Republic
SwiftStore884,Drugs/Opioids/Heroin,Brown Premium Dope 28g,2.660602 BTC,Spain
VenomPro997,Drugs/Dissociatives/Ketamine,Grade-A K Powder 250g,3.116886 BTC,Germany
RedLab835,Fraud/Documents,Fake Quality ID,7.718514 BTC,Canada
StealthKing618,Drugs/Prescription/Xanax,Pressed Verified Xanax 500ct,2.596204 BTC,China
UltraSource684,Drugs/Stimulants/Cocaine,High Purity Lab Cocaine 500g,8.192138 BTC,Spain
SilentBoss239,Drugs/Psychedelics/DMT,Pure Spice 25g,2.976914 BTC,Belgium
StealthVendor191,Drugs/Ecstasy/Pills,Lab MDMA Pressed Pills 2ct,0.574991 BTC,Belgium
VenomLab714,Drugs/Cannabis/Weed,Premium Tested Product 5g,5.504855 BTC,Spain
CryptoLab868,Drugs/Ecstasy/MDMA,Quality Ecstasy Crystals 5g,1.990581 BTC,China
RedMarket810,Drugs/Prescription/Xanax,Lab Benzo 50ct,1.170501 BTC,Australia
UltraLab620,Drugs/Opioids/Fentanyl,Research Chemical Grade-A Fent 500g,2.398596 BTC,Europe
DarkShop818,Drugs/Ecstasy/Pills,Grade-A MDMA Pressed Pills 10ct,0.041776 BTC,Czech Republic
StealthVendor191,Drugs/Psychedelics/Mushrooms,Psilocybin Pure Mushrooms 5g,2.550542 BTC,Germany
KingDirect228,Drugs/Cannabis/Edibles,Lab Quantity 10g,1.815894 BTC,UK
PureVendor480,Drugs/Opioids/Heroin,High Quality Quality Heroin 2g,3.606868 BTC,USA/Europe
SilentMarket838,Drugs/Prescription/Adderall,Authentic Quality Adderall 50ct,3.91866 BTC,India
PharmaDirect647,Drugs/Stimulants/Speed,Quality Tested Amphetamine 2g,1.401486 BTC,UK
StealthPro162,Drugs/Psychedelics/LSD,Grade-A LSD Blotters 7ct,0.580617 BTC,No Info
SecureBoss844,Drugs/Stimulants/Meth,Ice Tested Crystal 250g,0.161249 BTC,Spain
StealthKing618,Drugs/Ecstasy/MDMA,Crystal Grade-A MDMA 5g,2.652344 BTC,India
SpeedMarket271,Drugs/Stimulants/Speed,Crystal Premium Speed 7g,3.546356 BTC,Switzerland
DeltaMarket543,Drugs/Psychedelics/LSD,Pure Liquid LSD 14ml,3.188777 BTC,Netherlands
SpeedMarket529,Drugs/Dissociatives/Ketamine,Research Grade Verified Ketamine 50g,3.312345 BTC,China
EliteDealer235,Drugs/Psychedelics/DMT,Crystal Quality DMT 1g,3.019212 BTC,Spain
PureMarket224,Drugs/Ecstasy/Pills,Blue Lab Press 7ct,3.293008 BTC,Switzerland
VenomSource928,Drugs/Psychedelics/DMT,Verified Spice 500g,2.742533 BTC,USA
SpeedVendor287,Drugs/Stimulants/Cocaine,Tested Blow 100g,1.200148 BTC,France
VenomVendor269,Drugs/Prescription/Adderall,Authentic Pure Adderall 28ct,6.49579 BTC,Switzerland
UltraSource684,Drugs/Stimulants/Cocaine,High Purity Premium Cocaine 500g,4.092534 BTC,Canada
SpeedMarket271,Drugs/Opioids/Oxycodone,Authentic Tested Oxy 10ct,1.465328 BTC,Europe
UltraLab266,Drugs/Prescription/Tramadol,Verified Tramadol 28ct,2.773178 BTC,Canada
VenomVendor269,Drugs/Opioids/Fentanyl,Research Chemical Lab Fent 5g,0.300953 BTC,China
PureVendor480,Drugs/Opioids/Fentanyl,Research Chemical Pure Fent 25g,1.6852 BTC,Europe
StealthPro162,Digital/Hacking,Hacked Pure Account,3.244084 BTC,China
VenomPro997,Drugs/Stimulants/Meth,Ice Tested Crystal 250g,0.688432 BTC,No Info
QuickDealer552,Drugs/Stimulants/Meth,Premium Methamphetamine 28g,5.371712 BTC,Belgium
SwiftDealer556,Drugs/Ecstasy/Pills,Verified Ecstasy Tabs 500ct,1.834578 BTC,Spain
ShadowVendor173,Drugs/Opioids/Heroin,Brown Verified Dope 1g,4.659254 BTC,UK
GreenExpert605,Drugs/Opioids/Heroin,Verified Heroin 5g,0.506961 BTC,Switzerland
BlackShop465,Drugs/Opioids/Heroin,Pure Heroin 5g,1.883468 BTC,China
VenomPro997,Drugs/Stimulants/Meth,Ice Grade-A Crystal 25g,2.335038 BTC,Australia
StealthShop752,Drugs/Stimulants/Meth,Tested Methamphetamine 1g,3.240398 BTC,Worldwide
BlackBoss982,Drugs/Opioids/Fentanyl,Premium Fentanyl Powder 100g,3.483802 BTC,Worldwide
UltraLab620,Drugs/Opioids/Oxycodone,Grade-A Percs 50ct,2.19429 BTC,USA/Europe
VenomLab714,Drugs/Psychedelics/DMT,Extracted Premium DMT 50g,3.996156 BTC,India
SilentBoss239,Drugs/Prescription/Adderall,Authentic Tested Adderall 14ct,0.098569 BTC,Australia
SpeedDealer285,Drugs/Cannabis/Weed,Quality Tested Items 500ct,0.261681 BTC,UK
DeltaStore687,Drugs/Cannabis/Hash,Grade-A Quantity 1g,2.697749 BTC,France
GhostLab755,Drugs/Ecstasy/Pills,Grade-A MDMA Pressed Pills 2ct,2.782307 BTC,USA/Europe
EliteShop410,Drugs/Stimulants/Meth,Premium Tested Meth 50g,2.916582 BTC,UK
GreenDealer162,Drugs/Opioids/Fentanyl,Research Chemical Quality Fent 14g,6.413699 BTC,India
PureStore440,Fraud/Documents,Lab License Replica,0.722888 BTC,Netherlands
SwiftKing346,Drugs/Opioids/Heroin,Brown Quality Dope 14g,0.604833 BTC,USA/Europe
SilentBoss239,Drugs/Prescription/Adderall,Quality Amphetamine Salts 250ct,2.295736 BTC,Belgium
EliteDealer235,Drugs/Prescription/Adderall,Quality Amphetamine Salts 14ct,0.775999 BTC,No Info
GreenMarket125,Drugs/Psychedelics/LSD,Grade-A Liquid LSD 250ml,1.937812 BTC,France
AlphaStore95,Drugs/Psychedelics/Mushrooms,Dried Lab Shrooms 14g,0.884561 BTC,No Info
AlphaDirect701,Drugs/Opioids/Oxycodone,Tested Percs 50ct,2.897252 BTC,Czech Republic
SpeedShop526,Drugs/Prescription/Adderall,Authentic Premium Adderall 2ct,1.012976 BTC,Germany
SilentBoss239,Drugs/Stimulants/Meth,Premium Lab Meth 28g,2.211475 BTC,India
SwiftStore705,Drugs/Opioids/Heroin,Brown Premium Dope 5g,3.632729 BTC,Canada
KingBoss990,Drugs/Psychedelics/Mushrooms,Pure Cubensis 100g,2.880227 BTC,Europe
SpeedShop481,Fraud/Documents,Lab License Replica,2.072369 BTC,Czech Republic
AlphaMaster277,Drugs/Opioids/Oxycodone,Pure Percs 14ct,4.102383 BTC,Canada
KingLab317,Drugs/Ecstasy/Pills,Blue Tested Press 14ct,4.326781 BTC,Europe
SilentVendor726,Drugs/Cannabis/Hash,Premium Lab Product 5g,3.304534 BTC,France
SilentMarket838,Drugs/Psychedelics/Mushrooms,Pure Cubensis 500g,2.91343 BTC,France
AlphaStore95,Drugs/Opioids/Heroin,High Quality Verified Heroin 250g,2.109281 BTC,Canada
SpeedMarket271,Drugs/Cannabis/Hash,Premium Verified Product 25g,0.648408 BTC,China
EliteMaster689,Digital/Hacking,Compromised Premium Database,3.686474 BTC,India
SilentPro922,Drugs/Stimulants/Meth,Ice Tested Crystal 100g,0.601859 BTC,Poland
StealthKing618,Drugs/Stimulants/Meth,Ice Grade-A Crystal 28g,2.531067 BTC,France
SpeedMarket519,Drugs/Stimulants/Cocaine,Fishscale Verified Coke 1g,1.79579 BTC,UK
GreenMarket125,Drugs/Ecstasy/Pills,Blue Verified Press 50ct,3.789722 BTC,Worldwide
ShadowVendor954,Drugs/Prescription/Xanax,Pressed Premium Xanax 50ct,3.633198 BTC,Worldwide
CryptoDirect666,Drugs/Psychedelics/DMT,Pure Spice 250g,2.290001 BTC,USA
SpeedShop526,Fraud/Documents,Fake Pure ID,1.032158 BTC,Australia
SpeedShop526,Drugs/Opioids/Fentanyl,Tested Fentanyl Powder 1g,2.431364 BTC,Europe
GreenMarket125,Drugs/Prescription/Xanax,Pressed Pure Xanax 25ct,3.744796 BTC,Worldwide
EliteShop410,Drugs/Cannabis/Weed,Tested Quantity 50g,3.160377 BTC,Poland
AlphaStore354,Drugs/Opioids/Oxycodone,Authentic Pure Oxy 2ct,0.928086 BTC,India
EliteShop410,Drugs/Psychedelics/DMT,Crystal Lab DMT 1g,1.25246 BTC,Czech Republic
QuickPro135,Drugs/Prescription/Xanax,Authentic Lab Xanax 500ct,2.501414 BTC,Poland
UltraKing555,Drugs/Prescription/Adderall,Quality Amphetamine Salts 10ct,2.662626 BTC,Europe
CryptoDirect666,Drugs/Cannabis/Hash,Pure Quantity 250g,3.702445 BTC,Netherlands
KingLab317,Drugs/Opioids/Fentanyl,Research Chemical Premium Fent 500g,3.344736 BTC,Worldwide
VenomMarket709,Drugs/Prescription/Xanax,Authentic Lab Xanax 7ct,3.357332 BTC,Poland
PureMarket96,Drugs/Ecstasy/Pills,Pure Ecstasy Tabs 2ct,2.82094 BTC,Germany
GreenDealer162,Drugs/Prescription/Xanax,Authentic Pure Xanax 100ct,1.626447 BTC,India
PharmaDirect647,Drugs/Prescription/Adderall,Quality Amphetamine Salts 25ct,2.543087 BTC,Germany
PureMarket96,Drugs/Prescription/Xanax,Authentic Verified Xanax 250ct,5.323031 BTC,USA
BlueStore78,Drugs/Psychedelics/Mushrooms,Tested Cubensis 25g,0.163266 BTC,Spain
SpeedShop481,Drugs/Stimulants/Speed,Quality Grade-A Amphetamine 250g,3.813716 BTC,Netherlands
KingKing458,Fraud/Documents,Fake Premium ID,1.771997 BTC,UK
UltraLab266,Drugs/Opioids/Fentanyl,Premium Fentanyl Powder 7g,7.820895 BTC,Belgium
BlueKing295,Drugs/Opioids/Oxycodone,Tested Percs 1ct,0.371963 BTC,Europe
PharmaSource313,Drugs/Cannabis/Hash,Premium Quantity 5g,5.313077 BTC,USA/Europe
QuickKing639,Drugs/Prescription/Adderall,Authentic Lab Adderall 5ct,1.518186 BTC,Europe
SpeedMarket519,Drugs/Dissociatives/Ketamine,Premium K Powder 500g,1.854644 BTC,China
BlackExpert873,Drugs/Opioids/Heroin,Lab Heroin 25g,1.72092 BTC,China
QuickMaster491,Drugs/Psychedelics/DMT,Lab Spice 100g,2.085958 BTC,USA/Europe
GreenMarket125,Drugs/Opioids/Fentanyl,Research Chemical Premium Fent 250g,3.829783 BTC,Spain
GreenDealer162,Drugs/Prescription/Adderall,Authentic Verified Adderall 100ct,1.211592 BTC,Canada
NightLab646,Drugs/Opioids/Oxycodone,Authentic Tested Oxy 250ct,1.703162 BTC,India
PureMarket224,Drugs/Dissociatives/Ketamine,Premium K Powder 25g,5.303787 BTC,UK
AlphaKing463,Drugs/Opioids/Heroin,Brown Lab Dope 28g,1.271552 BTC,Poland
SilentMaster997,Drugs/Prescription/Adderall,Authentic Premium Adderall 500ct,1.402222 BTC,Australia
VenomMarket709,Drugs/Dissociatives/Ketamine,Research Grade Premium Ketamine 500g,3.463319 BTC,Netherlands
PharmaSource204,Drugs/Cannabis/Hash,Quality Verified Items 50ct,2.483527 BTC,Worldwide
GreenExpert605,Drugs/Psychedelics/LSD,Premium LSD Blotters 250ct,3.443567 BTC,No Info
GhostLab755,Drugs/Opioids/Fentanyl,Verified Fentanyl Powder 100g,2.213805 BTC,Europe
SilentVendor726,Drugs/Psychedelics/Mushrooms,Dried Premium Shrooms 25g,1.174117 BTC,Europe
DeltaMarket543,Drugs/Ecstasy/MDMA,Quality Ecstasy Crystals 14g,2.945387 BTC,Poland
AlphaVendor354,Drugs/Opioids/Heroin,High Quality Pure Heroin 14g,2.321252 BTC,UK
AlphaStore878,Drugs/Psychedelics/DMT,Extracted Tested DMT 50g,7.209936 BTC,Poland
AlphaStore878,Drugs/Cannabis/Edibles,Quality Premium Items 50ct,4.016956 BTC,Spain
BluePro475,Drugs/Stimulants/Meth,Ice Quality Crystal 1g,0.111554 BTC,USA
BluePro475,Drugs/Stimulants/Meth,Premium Premium Meth 2g,0.49315 BTC,India
PharmaExpert186,Drugs/Psychedelics/DMT,Extracted Pure DMT 7g,4.523527 BTC,India
PureMarket96,Drugs/Ecstasy/Pills,Quality Ecstasy Tabs 100ct,0.697733 BTC,USA
QuickKing639,Drugs/Opioids/Oxycodone,Authentic Premium Oxy 7ct,0.747769 BTC,France
QuickDealer552,Drugs/Opioids/Oxycodone,Verified Percs 1ct,1.451212 BTC,China
PharmaBoss522,Fraud/Documents,Premium License Replica,2.560716 BTC,Belgium
UltraKing555,Drugs/Prescription/Adderall,Premium Amphetamine Salts 100ct,3.118484 BTC,Worldwide
CryptoLab868,Drugs/Dissociatives/Ketamine,Quality K Powder 100g,2.596838 BTC,Europe
QuickMaster491,Drugs/Stimulants/Speed,Crystal Quality Speed 2g,2.657105 BTC,USA/Europe
SwiftStore705,Drugs/Ecstasy/Pills,Pure MDMA Pressed Pills 7ct,2.131375 BTC,Worldwide
UltraDirect809,Drugs/Cannabis/Hash,Premium Quantity 28g,1.375458 BTC,Poland
RedLab835,Drugs/Prescription/Adderall,Lab Amphetamine Salts 28ct,3.969963 BTC,Belgium
SecureBoss844,Drugs/Prescription/Tramadol,Lab Tramadol 50ct,2.681964 BTC,Poland
BlackMarket588,Drugs/Stimulants/Cocaine,High Purity Premium Cocaine 2g,0.467988 BTC,UK
SecureBoss844,Drugs/Cannabis/Edibles,Quality Quality Items 2ct,0.394966 BTC,Spain
SpeedShop526,Fraud/Documents,Fake Grade-A ID,0.538572 BTC,UK
OmegaKing43,Drugs/Opioids/Fentanyl,Research Chemical Grade-A Fent 25g,3.635102 BTC,Netherlands
UltraSource684,Drugs/Prescription/Tramadol,Quality Tramadol 10ct,0.403115 BTC,Switzerland
VenomLab714,Drugs/Prescription/Tramadol,Lab Tramadol 2ct,3.24637 BTC,USA
SwiftDealer556,Drugs/Prescription/Adderall,Tested Amphetamine Salts 14ct,5.278544 BTC,No Info
SwiftStore884,Drugs/Opioids/Heroin,High Quality Pure Heroin 1g,1.111374 BTC,Belgium
KingLab317,Drugs/Stimulants/Speed,Crystal Quality Speed 100g,3.146649 BTC,Worldwide
SilentBoss239,Drugs/Opioids/Heroin,High Quality Lab Heroin 100g,0.651155 BTC,Switzerland
SilentMaster997,Drugs/Prescription/Tramadol,Generic Pure Ultram 2ct,3.318309 BTC,USA/Europe
RedLab835,Drugs/Prescription/Adderall,Authentic Lab Adderall 50ct,9.135335 BTC,Germany
QuickDealer552,Drugs/Opioids/Fentanyl,Research Chemical Tested Fent 100g,3.257991 BTC,Australia
PharmaBoss522,Drugs/Cannabis/Hash,Premium Pure Product 250g,3.974061 BTC,France
PharmaDirect770,Drugs/Prescription/Adderall,Verified Amphetamine Salts 100ct,3.321479 BTC,Canada
VenomLab764,Drugs/Dissociatives/Ketamine,Tested K Powder 25g,1.272575 BTC,Canada
CryptoLab868,Drugs/Opioids/Fentanyl,Verified Fentanyl Powder 100g,2.080467 BTC,Europe
BlueStore943,Drugs/Dissociatives/Ketamine,Pure K Powder 14g,0.90981 BTC,China
StealthVendor191,Drugs/Stimulants/Meth,Premium Lab Meth 1g,1.337223 BTC,UK
SwiftKing346,Drugs/Ecstasy/MDMA,Crystal Lab MDMA 250g,2.720278 BTC,Canada
PureStore440,Digital/Hacking,Verified Fullz,0.55226 BTC,No Info
UltraLab266,Drugs/Prescription/Tramadol,Generic Tested Ultram 2ct,2.241642 BTC,Switzerland
QuickKing639,Drugs/Dissociatives/Ketamine,Research Grade Verified Ketamine 1g,2.690293 BTC,UK
KingLab317,Drugs/Cannabis/Hash,Premium Premium Product 28g,0.80066 BTC,Germany
UltraMarket470,Drugs/Stimulants/Speed,Quality Tested Amphetamine 1g,3.192072 BTC,Australia
QuickDealer552,Drugs/Opioids/Oxycodone,Premium Percs 1ct,0.323946 BTC,USA/Europe
AlphaDealer746,Drugs/Stimulants/Cocaine,Pure Blow 50g,4.869471 BTC,France
PureMarket96,Drugs/Prescription/Xanax,Lab Benzo 2ct,3.326065 BTC,Czech Republic
KingBoss990,Drugs/Stimulants/Meth,Premium Methamphetamine 25g,0.112549 BTC,Germany
CryptoDealer638,Drugs/Ecstasy/MDMA,Pure Quality Molly 500g,1.049432 BTC,India
EliteMaster689,Drugs/Psychedelics/LSD,Verified Liquid LSD 100ml,2.943092 BTC,Worldwide
SilentMaster997,Drugs/Prescription/Xanax,Authentic Pure Xanax 25ct,1.112677 BTC,Canada
VenomSource928,Drugs/Opioids/Heroin,High Quality Pure Heroin 50g,0.666168 BTC,Poland
BluePro475,Drugs/Psychedelics/Mushrooms,Psilocybin Verified Mushrooms 7g,4.662188 BTC,Czech Republic
ShadowDealer416,Drugs/Psychedelics/DMT,Extracted Verified DMT 250g,2.026332 BTC,USA/Europe
BlackBoss982,Drugs/Opioids/Oxycodone,Authentic Verified Oxy 5ct,1.138513 BTC,Czech Republic
PharmaSource313,Drugs/Prescription/Adderall,Authentic Premium Adderall 25ct,5.893476 BTC,India
SpeedMarket519,Drugs/Stimulants/Speed,Quality Verified Amphetamine 10g,5.927809 BTC,USA/Europe
AlphaStore354,Drugs/Ecstasy/MDMA,Pure Grade-A Molly 25g,2.409364 BTC,Australia
UltraMarket470,Drugs/Dissociatives/Ketamine,Quality K Powder 10g,3.367376 BTC,India
UltraDirect809,Drugs/Ecstasy/MDMA,Crystal Lab MDMA 100g,5.172128 BTC,No Info
PureVendor480,Fraud/Documents,Premium License Replica,0.109116 BTC,Worldwide
PureMarket96,Drugs/Opioids/Heroin,Brown Quality Dope 1g,2.792183 BTC,Netherlands
KingBoss990,Drugs/Prescription/Tramadol,Generic Tested Ultram 1ct,5.085022 BTC,Canada
KingLab317,Drugs/Ecstasy/MDMA,Premium Ecstasy Crystals 1g,4.338328 BTC,France
ShadowDealer416,Drugs/Opioids/Oxycodone,Authentic Lab Oxy 500ct,2.246639 BTC,Germany
GhostLab755,Drugs/Dissociatives/Ketamine,Premium K Powder 25g,1.586465 BTC,China
BlackMarket588,Digital/Hacking,Hacked Premium Account,0.488062 BTC,Canada
AlphaDirect701,Digital/Hacking,Compromised Quality Database,3.25922 BTC,Worldwide
CryptoDealer638,Drugs/Prescription/Xanax,Quality Benzo 100ct,2.222202 BTC,France
SilentMarket189,Fraud/Documents,Fake Verified ID,4.044567 BTC,UK
AlphaKing463,Drugs/Ecstasy/Pills,Blue Pure Press 100ct,1.796434 BTC,India
KingLab317,Drugs/Prescription/Adderall,Authentic Lab Adderall 7ct,3.320574 BTC,No Info
UltraVendor891,Drugs/Prescription/Adderall,Premium Amphetamine Salts 5ct,1.807377 BTC,Spain
UltraDirect809,Drugs/Ecstasy/Pills,Blue Tested Press 10ct,1.033978 BTC,India
VenomSource928,Drugs/Cannabis/Weed,Premium Quality Product 10g,2.423308 BTC,No Info
PharmaSource313,Drugs/Opioids/Oxycodone,Verified Percs 500ct,0.451242 BTC,Switzerland
UltraDirect809,Drugs/Stimulants/Meth,Ice Lab Crystal 7g,1.596086 BTC,China
BlueStore78,Drugs/Prescription/Xanax,Pure Benzo 1ct,4.520732 BTC,France
DeltaStore687,Drugs/Opioids/Heroin,Lab Heroin 100g,1.240647 BTC,Poland
ShadowVendor954,Drugs/Opioids/Fentanyl,Pure Fentanyl Powder 25g,0.159091 BTC,Netherlands
DeltaMarket608,Digital/Hacking,Hacked Quality Account,3.929128 BTC,Switzerland
BlueStore943,Drugs/Prescription/Xanax,Lab Benzo 10ct,1.762637 BTC,USA
GreenExpert605,Drugs/Psychedelics/DMT,Crystal Verified DMT 14g,3.307395 BTC,Switzerland
QuickDirect928,Drugs/Psychedelics/LSD,High-Dose Premium Tabs 25ct,4.307338 BTC,France
SwiftExpert794,Drugs/Stimulants/Cocaine,High Purity Lab Cocaine 250g,2.344089 BTC,USA/Europe
QuickSource60,Drugs/Prescription/Adderall,Verified Amphetamine Salts 10ct,5.455322 BTC,Europe
EliteMaster689,Drugs/Psychedelics/DMT,Crystal Tested DMT 14g,0.117112 BTC,China
KingBoss990,Drugs/Prescription/Xanax,Authentic Quality Xanax 100ct,3.222352 BTC,Europe
QuickMaster491,Drugs/Opioids/Oxycodone,Authentic Premium Oxy 250ct,9.221638 BTC,UK
VenomSource815,Drugs/Stimulants/Meth,Ice Verified Crystal 1g,3.07443 BTC,USA
PharmaSource313,Drugs/Stimulants/Cocaine,Tested Blow 5g,3.741769 BTC,Switzerland
DeltaStore687,Drugs/Stimulants/Cocaine,High Purity Lab Cocaine 10g,0.865809 BTC,France
PharmaDirect647,Drugs/Stimulants/Meth,Ice Lab Crystal 1g,2.468092 BTC,Germany
VenomLab764,Drugs/Psychedelics/LSD,High-Dose Grade-A Tabs 25ct,1.707986 BTC,Switzerland
QuickKing639,Drugs/Psychedelics/Mushrooms,Dried Premium Shrooms 250g,2.930737 BTC,Switzerland
CryptoDirect666,Drugs/Prescription/Xanax,Verified Benzo 100ct,2.926118 BTC,France
UltraKing555,Drugs/Opioids/Fentanyl,Verified Fentanyl Powder 25g,6.108242 BTC,UK
BlueKing295,Drugs/Prescription/Adderall,Pure Amphetamine Salts 250ct,2.379579 BTC,India
VenomMarket709,Digital/Hacking,Hacked Grade-A Account,2.052727 BTC,Worldwide
SwiftStore705,Drugs/Opioids/Oxycodone,Quality Percs 7ct,1.924512 BTC,India
AlphaStore132,Drugs/Stimulants/Speed,Crystal Grade-A Speed 500g,1.783512 BTC,Switzerland
RedMarket810,Drugs/Cannabis/Weed,Premium Quantity 28g,1.587271 BTC,France
PharmaDirect770,Drugs/Prescription/Tramadol,Grade-A Tramadol 500ct,1.996953 BTC,Canada
EliteShop410,Drugs/Stimulants/Meth,Tested Methamphetamine 100g,1.110641 BTC,Europe
StealthPro162,Drugs/Stimulants/Meth,Ice Grade-A Crystal 500g,1.63557 BTC,Canada
PureMarket96,Drugs/Dissociatives/Ketamine,Tested K Powder 250g,2.321344 BTC,Czech Republic
SilentVendor726,Drugs/Opioids/Fentanyl,Premium Fentanyl Powder 5g,3.675416 BTC,Czech Republic
PharmaDirect770,Drugs/Ecstasy/MDMA,Quality Ecstasy Crystals 50g,3.551838 BTC,UK
CryptoDealer638,Fraud/Documents,Counterfeit Quality Passport,6.169394 BTC,Canada
KingLab317,Drugs/Cannabis/Edibles,Quality Quantity 10g,1.038083 BTC,Spain
SpeedShop481,Drugs/Opioids/Oxycodone,Authentic Premium Oxy 250ct,0.065207 BTC,Belgium
BlackMarket588,Drugs/Opioids/Oxycodone,Lab Percs 2ct,4.163483 BTC,Czech Republic
CryptoDealer638,Drugs/Psychedelics/Mushrooms,Quality Cubensis 50g,1.986677 BTC,Switzerland
VenomVendor269,Drugs/Opioids/Oxycodone,Verified Percs 1ct,6.415508 BTC,Netherlands
EliteShop410,Drugs/Stimulants/Speed,Tested Speed Paste 14g,2.158922 BTC,No Info
UltraLab266,Drugs/Psychedelics/Mushrooms,Tested Cubensis 50g,3.155609 BTC,Canada
PharmaBoss522,Drugs/Stimulants/Speed,Quality Pure Amphetamine 2g,0.960874 BTC,Netherlands
SpeedMarket519,Drugs/Cannabis/Edibles,Premium Lab Product 500g,6.477804 BTC,Belgium
DarkExpert536,Drugs/Stimulants/Meth,Ice Lab Crystal 25g,2.052933 BTC,Europe
AlphaKing870,Fraud/Documents,Lab License Replica,2.618175 BTC,USA/Europe
CryptoDealer638,Drugs/Cannabis/Weed,Quality Grade-A Items 100ct,2.74263 BTC,China
StealthVendor191,Drugs/Stimulants/Speed,Quality Premium Amphetamine 250g,0.237186 BTC,Canada
StealthPro162,Drugs/Stimulants/Meth,Ice Verified Crystal 250g,4.02494 BTC,Spain
ShadowDealer416,Drugs/Psychedelics/LSD,Pure Liquid LSD 50ml,1.728553 BTC,Europe
NightLab646,Drugs/Psychedelics/LSD,High-Dose Tested Tabs 14ct,3.354784 BTC,Germany
KingLab317,Drugs/Opioids/Fentanyl,Research Chemical Quality Fent 50g,3.389432 BTC,Switzerland
SwiftStore884,Drugs/Psychedelics/LSD,Quality LSD Blotters 10ct,0.035258 BTC,Czech Republic
KingLab317,Drugs/Cannabis/Hash,Premium Tested Product 50g,6.782351 BTC,Czech Republic
PureVendor480,Digital/Hacking,Compromised Grade-A Database,2.627512 BTC,USA/Europe
AlphaKing870,Drugs/Ecstasy/Pills,Quality Ecstasy Tabs 7ct,5.323 BTC,Worldwide
BlackExpert873,Drugs/Stimulants/Cocaine,Fishscale Tested Coke 50g,1.903365 BTC,France
StealthPro162,Drugs/Psychedelics/Mushrooms,Pure Cubensis 28g,0.475092 BTC,Switzerland
SpeedMarket519,Drugs/Ecstasy/MDMA,Pure Premium Molly 250g,0.355357 BTC,China
BlueStore943,Drugs/Psychedelics/LSD,High-Dose Lab Tabs 14ct,4.304604 BTC,Switzerland
VenomPro997,Drugs/Prescription/Xanax,Quality Benzo 28ct,2.2699 BTC,Belgium
SilentMarket838,Drugs/Stimulants/Meth,Premium Tested Meth 14g,0.157774 BTC,India
QuickSource60,Drugs/Psychedelics/LSD,High-Dose Grade-A Tabs 100ct,2.720302 BTC,Germany
SilentMarket838,Drugs/Prescription/Adderall,Authentic Lab Adderall 7ct,4.369127 BTC,USA
SwiftExpert794,Drugs/Prescription/Xanax,Pure Benzo 2ct,1.729269 BTC,Switzerland
SilentMarket189,Drugs/Ecstasy/Pills,Blue Verified Press 7ct,2.796525 BTC,India
OmegaKing43,Drugs/Dissociatives/Ketamine,Research Grade Lab Ketamine 100g,2.997155 BTC,No Info
UltraVendor891,Drugs/Ecstasy/MDMA,Pure Pure Molly 100g,2.964002 BTC,Europe
PureMarket224,Drugs/Cannabis/Edibles,Pure Quantity 250g,3.08331 BTC,Europe
DarkShop818,Drugs/Cannabis/Edibles,Premium Pure Product 5g,0.269342 BTC,France
UltraMarket470,Digital/Hacking,Premium Fullz,3.302443 BTC,Europe
KingKing458,Drugs/Prescription/Tramadol,Premium Tramadol 14ct,1.530561 BTC,Czech Republic
SilentMarket838,Drugs/Opioids/Fentanyl,Research Chemical Pure Fent 14g,4.520298 BTC,Australia
AlphaVendor354,Drugs/Prescription/Xanax,Verified Benzo 25ct,0.266563 BTC,Australia
PureVendor480,Drugs/Stimulants/Speed,Quality Speed Paste 5g,1.292423 BTC,Worldwide
GhostLab755,Drugs/Dissociatives/Ketamine,Premium K Powder 2g,0.978238 BTC,Australia
UltraKing555,Drugs/Ecstasy/MDMA,Pure Pure Molly 14g,0.142302 BTC,USA
VenomPro997,Drugs/Psychedelics/DMT,Grade-A Spice 250g,0.912294 BTC,Poland
BlueStore78,Drugs/Ecstasy/Pills,Blue Premium Press 50ct,0.995314 BTC,USA/Europe
DarkBoss582,Drugs/Opioids/Heroin,Brown Quality Dope 50g,1.550016 BTC,Czech Republic
PharmaSource204,Drugs/Stimulants/Cocaine,Fishscale Lab Coke 28g,2.299835 BTC,India
ShadowVendor173,Drugs/Stimulants/Cocaine,Fishscale Lab Coke 1g,0.656589 BTC,Netherlands
QuickDirect928,Fraud/Documents,Counterfeit Tested Passport,5.345116 BTC,Switzerland
AlphaStore354,Drugs/Ecstasy/MDMA,Grade-A Ecstasy Crystals 7g,4.809457 BTC,Czech Republic
OmegaDirect105,Drugs/Dissociatives/Ketamine,Premium K Powder 100g,0.562245 BTC,Belgium
OmegaDirect105,Drugs/Psychedelics/Mushrooms,Dried Pure Shrooms 250g,0.144314 BTC,India
BlueStore943,Fraud/Documents,Premium License Replica,2.443153 BTC,UK
PharmaBoss522,Drugs/Stimulants/Cocaine,High Purity Quality Cocaine 100g,3.378793 BTC,Poland
GreenDealer162,Drugs/Psychedelics/LSD,Verified LSD Blotters 250ct,4.058499 BTC,Canada
BlueStore943,Drugs/Psychedelics/DMT,Lab Spice 7g,1.713091 BTC,Australia
AlphaStore878,Drugs/Stimulants/Speed,Quality Pure Amphetamine 5g,0.113277 BTC,Europe
RedLab835,Drugs/Opioids/Fentanyl,Quality Fentanyl Powder 14g,2.936384 BTC,USA
SilentPro922,Drugs/Opioids/Oxycodone,Authentic Grade-A Oxy 28ct,1.999033 BTC,Belgium
QuickDealer552,Drugs/Opioids/Fentanyl,Research Chemical Tested Fent 10g,4.343525 BTC,Switzerland
GreenExpert605,Drugs/Prescription/Xanax,Pressed Quality Xanax 500ct,2.543872 BTC,No Info
OmegaKing43,Digital/Hacking,Compromised Pure Database,3.915557 BTC,Germany
PharmaDirect647,Drugs/Psychedelics/DMT,Extracted Lab DMT 2g,0.457204 BTC,Poland
SpeedShop481,Drugs/Dissociatives/Ketamine,Quality K Powder 14g,1.59038 BTC,Spain
UltraDirect809,Drugs/Prescription/Adderall,Authentic Pure Adderall 50ct,0.586447 BTC,Worldwide
DarkShop818,Drugs/Opioids/Fentanyl,Tested Fentanyl Powder 5g,1.582054 BTC,Czech Republic
PureMarket224,Digital/Hacking,Compromised Tested Database,2.304922 BTC,Netherlands
KingDirect228,Fraud/Documents,Fake Pure ID,2.29118 BTC,Australia
QuickSource60,Drugs/Ecstasy/MDMA,Crystal Lab MDMA 500g,2.599559 BTC,Worldwide
OmegaDirect105,Drugs/Prescription/Adderall,Grade-A Amphetamine Salts 1ct,2.081073 BTC,No Info
QuickMaster491,Drugs/Psychedelics/Mushrooms,Psilocybin Quality Mushrooms 10g,1.971194 BTC,India
UltraDirect809,Drugs/Prescription/Adderall,Authentic Verified Adderall 25ct,0.932342 BTC,France
SilentMarket189,Drugs/Psychedelics/Mushrooms,Quality Cubensis 500g,2.204229 BTC,Belgium
SilentVendor726,Drugs/Opioids/Heroin,Verified Heroin 5g,0.886994 BTC,Australia
SpeedMarket271,Digital/Hacking,Quality Fullz,2.605525 BTC,Europe
VenomSource815,Drugs/Cannabis/Weed,Quality Grade-A Items 1ct,0.381471 BTC,Belgium
VenomLab714,Drugs/Prescription/Xanax,Pressed Grade-A Xanax 28ct,1.009124 BTC,Canada
VenomLab714,Drugs/Ecstasy/Pills,Tested MDMA Pressed Pills 7ct,2.784023 BTC,Europe
AlphaMaster277,Drugs/Prescription/Xanax,Authentic Quality Xanax 10ct,9.07832 BTC,Worldwide
VenomVendor269,Drugs/Stimulants/Meth,Premium Verified Meth 250g,3.766549 BTC,Canada
AlphaMaster277,Drugs/Opioids/Heroin,Lab Heroin 1g,3.401395 BTC,UK
AlphaStore878,Drugs/Dissociatives/Ketamine,Research Grade Pure Ketamine 14g,2.462823 BTC,Europe
StealthPro162,Drugs/Prescription/Tramadol,Grade-A Tramadol 5ct,1.842457 BTC,USA
ShadowVendor173,Drugs/Stimulants/Speed,Quality Tested Amphetamine 14g,4.560614 BTC,Canada
SwiftKing346,Drugs/Dissociatives/Ketamine,Premium K Powder 100g,1.412844 BTC,Czech Republic
GhostLab755,Drugs/Cannabis/Hash,Premium Verified Product 28g,1.0985 BTC,UK
DarkShop818,Fraud/Documents,Counterfeit Tested Passport,1.487556 BTC,Czech Republic
BlackBoss982,Drugs/Ecstasy/MDMA,Grade-A Ecstasy Crystals 50g,2.210312 BTC,USA/Europe
BlueStore943,Drugs/Cannabis/Edibles,Quality Verified Items 50ct,3.564351 BTC,Belgium
QuickMaster491,Drugs/Ecstasy/Pills,Verified MDMA Pressed Pills 100ct,0.714364 BTC,Spain
KingKing458,Drugs/Prescription/Xanax,Verified Benzo 14ct,2.826033 BTC,Switzerland
SilentBoss239,Drugs/Stimulants/Speed,Verified Speed Paste 7g,1.398857 BTC,Netherlands
EliteDealer235,Drugs/Opioids/Oxycodone,Authentic Premium Oxy 5ct,0.696185 BTC,Belgium
BlackMarket588,Drugs/Stimulants/Speed,Crystal Verified Speed 50g,0.220258 BTC,Canada
AlphaVendor354,Drugs/Stimulants/Cocaine,High Purity Grade-A Cocaine 5g,2.622 BTC,China
BlackExpert873,Drugs/Stimulants/Speed,Crystal Premium Speed 14g,2.520077 BTC,France
GhostLab755,Drugs/Cannabis/Edibles,Premium Tested Product 50g,6.491085 BTC,No Info
UltraLab620,Drugs/Prescription/Xanax,Authentic Quality Xanax 100ct,4.041187 BTC,Worldwide
PureMarket96,Drugs/Opioids/Fentanyl,Verified Fentanyl Powder 14g,0.255302 BTC,Poland
QuickKing639,Drugs/Cannabis/Hash,Premium Verified Product 2g,2.967466 BTC,Europe
QuickMaster491,Drugs/Cannabis/Hash,Quality Quality Items 2ct,3.153708 BTC,No Info
PureMarket224,Drugs/Stimulants/Cocaine,Fishscale Grade-A Coke 5g,5.356006 BTC,Germany
KingDirect228,Drugs/Ecstasy/Pills,Lab Ecstasy Tabs 100ct,2.575825 BTC,Canada
AlphaKing870,Drugs/Psychedelics/LSD,High-Dose Verified Tabs 7ct,2.024226 BTC,Poland
EliteShop410,Drugs/Psychedelics/Mushrooms,Psilocybin Grade-A Mushrooms 25g,2.215108 BTC,Europe
CryptoDealer638,Drugs/Prescription/Xanax,Pressed Lab Xanax 1ct,4.57833 BTC,Australia
PureVendor480,Drugs/Prescription/Xanax,Authentic Verified Xanax 500ct,3.07013 BTC,Germany
StealthShop752,Drugs/Prescription/Tramadol,Generic Quality Ultram 28ct,5.86319 BTC,France
QuickSource60,Drugs/Prescription/Adderall,Authentic Pure Adderall 1ct,2.783383 BTC,Canada
VenomSource815,Drugs/Ecstasy/MDMA,Crystal Quality MDMA 100g,0.84119 BTC,India
SpeedMarket529,Drugs/Prescription/Tramadol,Verified Tramadol 100ct,1.119886 BTC,No Info
AlphaDealer746,Drugs/Prescription/Xanax,Authentic Tested Xanax 25ct,1.419096 BTC,USA
PharmaDirect647,Drugs/Opioids/Fentanyl,Research Chemical Pure Fent 2g,2.65128 BTC,Spain
SilentMaster955,Drugs/Psychedelics/DMT,Crystal Lab DMT 25g,3.180405 BTC,China
GreenMarket125,Drugs/Prescription/Adderall,Quality Amphetamine Salts 50ct,0.637911 BTC,Netherlands
VenomLab714,Drugs/Opioids/Fentanyl,Research Chemical Verified Fent 14g,2.8152 BTC,No Info
EliteDealer235,Drugs/Prescription/Xanax,Authentic Tested Xanax 5ct,3.380273 BTC,USA
CryptoLab868,Fraud/Documents,Fake Verified ID,2.422168 BTC,No Info
PureMarket96,Drugs/Dissociatives/Ketamine,Research Grade Premium Ketamine 50g,4.076123 BTC,No Info
KingKing458,Drugs/Ecstasy/Pills,Grade-A MDMA Pressed Pills 7ct,3.021412 BTC,Switzerland
UltraKing555,Drugs/Opioids/Fentanyl,Verified Fentanyl Powder 7g,1.886246 BTC,Germany
ShadowVendor173,Drugs/Stimulants/Speed,Grade-A Speed Paste 10g,0.47923 BTC,Poland
PharmaDirect770,Fraud/Documents,Fake Premium ID,4.881665 BTC,China
BlueStore78,Drugs/Opioids/Oxycodone,Verified Percs 10ct,2.484887 BTC,Worldwide
VenomVendor269,Drugs/Ecstasy/Pills,Pure MDMA Pressed Pills 100ct,0.04144 BTC,Worldwide
ShadowVendor954,Digital/Hacking,Hacked Grade-A Account,2.666974 BTC,Poland
KingDirect228,Fraud/Documents,Fake Tested ID,3.602955 BTC,Belgium
KingKing458,Drugs/Opioids/Heroin,High Quality Quality Heroin 50g,2.914712 BTC,Czech Republic
SwiftStore884,Drugs/Stimulants/Speed,Crystal Pure Speed 2g,2.856297 BTC,Czech Republic
SwiftStore884,Drugs/Cannabis/Edibles,Grade-A Quantity 1g,1.750527 BTC,Spain
BlueStore943,Drugs/Cannabis/Edibles,Grade-A Quantity 2g,2.817741 BTC,Czech Republic
VenomSource928,Drugs/Prescription/Tramadol,Verified Tramadol 500ct,9.151971 BTC,No Info
QuickSource60,Drugs/Cannabis/Hash,Pure Quantity 14g,2.093806 BTC,USA/Europe
StealthVendor191,Digital/Hacking,Compromised Premium Database,0.309273 BTC,Germany
BlackExpert873,Drugs/Stimulants/Cocaine,Verified Blow 10g,3.13726 BTC,USA
BlueStore943,Drugs/Psychedelics/LSD,High-Dose Lab Tabs 28ct,1.960784 BTC,Germany
PureMarket224,Drugs/Dissociatives/Ketamine,Research Grade Tested Ketamine 14g,1.369316 BTC,France
CryptoDealer638,Drugs/Stimulants/Cocaine,High Purity Grade-A Cocaine 10g,5.003965 BTC,Switzerland
QuickDirect928,Drugs/Cannabis/Weed,Grade-A Quantity 25g,5.838956 BTC,Europe
PharmaSource313,Fraud/Documents,Counterfeit Lab Passport,5.05973 BTC,Poland
SpeedMarket519,Drugs/Stimulants/Speed,Tested Speed Paste 2g,3.341056 BTC,Worldwide
CryptoDealer638,Drugs/Stimulants/Cocaine,Lab Blow 25g,3.129441 BTC,USA/Europe
GreenDealer162,Drugs/Opioids/Heroin,Premium Heroin 250g,1.584114 BTC,No Info
DarkExpert536,Drugs/Dissociatives/Ketamine,Lab K Powder 25g,1.586441 BTC,France
PureMarket224,Digital/Hacking,Quality Fullz,3.273619 BTC,USA
SwiftStore884,Drugs/Prescription/Adderall,Authentic Grade-A Adderall 100ct,0.376823 BTC,Switzerland
GreenExpert605,Digital/Hacking,Hacked Grade-A Account,0.249636 BTC,Poland
SpeedShop481,Drugs/Stimulants/Cocaine,High Purity Tested Cocaine 5g,6.036745 BTC,India
NightLab646,Drugs/Opioids/Heroin,Brown Quality Dope 1g,2.763188 BTC,China
AlphaDirect701,Fraud/Documents,Fake Tested ID,4.621582 BTC,Belgium
BlueStore78,Drugs/Cannabis/Hash,Quality Lab Items 50ct,2.134639 BTC,UK
AlphaKing463,Drugs/Cannabis/Hash,Premium Grade-A Product 250g,1.611907 BTC,Canada
VenomLab714,Drugs/Prescription/Tramadol,Verified Tramadol 14ct,3.434284 BTC,Netherlands
SilentPro922,Digital/Hacking,Compromised Premium Database,5.451822 BTC,France
ShadowDealer416,Drugs/Stimulants/Speed,Quality Tested Amphetamine 25g,5.89878 BTC,USA/Europe
PureStore440,Drugs/Psychedelics/DMT,Extracted Premium DMT 500g,1.276048 BTC,UK
PharmaDirect647,Drugs/Stimulants/Speed,Quality Verified Amphetamine 5g,6.800313 BTC,China
UltraSource684,Drugs/Psychedelics/DMT,Extracted Pure DMT 100g,2.566773 BTC,USA
AlphaStore878,Drugs/Stimulants/Meth,Premium Quality Meth 500g,0.41661 BTC,India
RedMarket810,Drugs/Stimulants/Cocaine,Tested Blow 28g,2.642032 BTC,Germany
SilentMaster955,Drugs/Prescription/Adderall,Lab Amphetamine Salts 14ct,4.727371 BTC,Netherlands
BlackShop465,Digital/Hacking,Compromised Verified Database,4.717455 BTC,USA
BlueStore78,Drugs/Cannabis/Hash,Tested Quantity 2g,1.785983 BTC,Canada
CryptoLab868,Drugs/Ecstasy/MDMA,Pure Verified Molly 250g,0.82367 BTC,UK
VenomVendor269,Drugs/Prescription/Xanax,Authentic Lab Xanax 5ct,2.691391 BTC,Australia
GreenMarket125,Drugs/Cannabis/Edibles,Lab Quantity 100g,2.20043 BTC,UK
AlphaMaster277,Drugs/Psychedelics/Mushrooms,Premium Cubensis 100g,3.022523 BTC,Switzerland
AlphaDealer746,Drugs/Opioids/Fentanyl,Pure Fentanyl Powder 14g,2.160673 BTC,Canada
CryptoDealer638,Drugs/Opioids/Oxycodone,Premium Percs 28ct,1.65926 BTC,Germany
SilentMarket838,Drugs/Opioids/Heroin,Brown Verified Dope 250g,2.19523 BTC,USA
DeltaMarket608,Drugs/Dissociatives/Ketamine,Pure K Powder 7g,2.485712 BTC,Canada
SilentPro922,Drugs/Dissociatives/Ketamine,Research Grade Pure Ketamine 50g,0.865039 BTC,USA/Europe
NightLab646,Drugs/Prescription/Xanax,Lab Benzo 2ct,3.435801 BTC,Spain
SpeedMarket519,Drugs/Opioids/Heroin,High Quality Pure Heroin 1g,3.232372 BTC,Europe
UltraKing555,Drugs/Opioids/Oxycodone,Tested Percs 1ct,2.615713 BTC,Germany
ShadowVendor954,Drugs/Ecstasy/MDMA,Pure Ecstasy Crystals 5g,1.44837 BTC,Australia
PharmaBoss522,Drugs/Opioids/Oxycodone,Authentic Lab Oxy 100ct,2.294722 BTC,UK
UltraDirect809,Drugs/Psychedelics/DMT,Verified Spice 7g,1.816663 BTC,Spain
VenomSource928,Drugs/Opioids/Oxycodone,Authentic Verified Oxy 7ct,3.866671 BTC,Czech Republic
UltraSource684,Drugs/Prescription/Adderall,Grade-A Amphetamine Salts 25ct,3.295579 BTC,Canada
EliteDealer235,Drugs/Cannabis/Hash,Premium Quantity 500g,2.432337 BTC,Switzerland
UltraLab620,Drugs/Opioids/Heroin,Premium Heroin 50g,2.475757 BTC,Canada
SpeedVendor287,Drugs/Cannabis/Edibles,Quality Pure Items 500ct,0.046317 BTC,Spain
AlphaVendor354,Drugs/Ecstasy/MDMA,Premium Ecstasy Crystals 7g,1.109891 BTC,Canada
QuickMaster491,Drugs/Psychedelics/DMT,Grade-A Spice 100g,2.170033 BTC,USA
QuickKing639,Drugs/Stimulants/Cocaine,Fishscale Verified Coke 7g,5.053662 BTC,India
BlueStore943,Drugs/Prescription/Adderall,Authentic Verified Adderall 50ct,1.057911 BTC,Canada
AlphaDealer746,Drugs/Opioids/Fentanyl,Research Chemical Verified Fent 5g,0.438641 BTC,Worldwide
KingKing458,Drugs/Prescription/Tramadol,Generic Lab Ultram 100ct,1.909753 BTC,India
UltraKing555,Digital/Hacking,Compromised Verified Database,4.669517 BTC,Czech Republic
DeltaStore687,Drugs/Cannabis/Weed,Quality Verified Items 25ct,3.170326 BTC,China
VenomLab714,Drugs/Opioids/Oxycodone,Quality Percs 7ct,7.052138 BTC,USA
RedMarket810,Digital/Hacking,Compromised Grade-A Database,3.500445 BTC,Canada
SilentMarket838,Drugs/Psychedelics/DMT,Extracted Tested DMT 1g,1.011652 BTC,Switzerland
SilentMaster997,Drugs/Opioids/Oxycodone,Quality Percs 10ct,2.604874 BTC,No Info
SwiftStore705,Drugs/Ecstasy/Pills,Blue Pure Press 250ct,2.806414 BTC,Worldwide
StealthKing618,Drugs/Psychedelics/LSD,High-Dose Premium Tabs 5ct,1.006884 BTC,India
SecureBoss844,Drugs/Psychedelics/DMT,Extracted Pure DMT 2g,0.051298 BTC,Belgium
ShadowVendor173,Drugs/Cannabis/Weed,Quality Premium Items 7ct,1.32984 BTC,UK
QuickSource60,Drugs/Cannabis/Hash,Quality Lab Items 14ct,5.14704 BTC,India
QuickDealer552,Drugs/Prescription/Tramadol,Tested Tramadol 1ct,3.769801 BTC,USA
SwiftStore705,Drugs/Prescription/Tramadol,Generic Premium Ultram 100ct,3.208785 BTC,USA
ShadowDealer416,Drugs/Opioids/Oxycodone,Grade-A Percs 250ct,0.196952 BTC,France
OmegaDirect105,Drugs/Ecstasy/Pills,Tested MDMA Pressed Pills 10ct,4.183287 BTC,Spain
QuickSource60,Drugs/Psychedelics/LSD,Quality LSD Blotters 500ct,5.709513 BTC,Spain
StealthShop752,Drugs/Cannabis/Hash,Premium Lab Product 5g,3.605662 BTC,Belgium
UltraMarket470,Drugs/Ecstasy/MDMA,Crystal Grade-A MDMA 1g,1.923457 BTC,India
SilentPro922,Drugs/Cannabis/Weed,Quality Grade-A Items 500ct,2.86588 BTC,No Info
VenomVendor269,Drugs/Stimulants/Cocaine,Fishscale Lab Coke 14g,3.641411 BTC,India
QuickDealer552,Drugs/Cannabis/Weed,Quality Pure Items 5ct,0.782977 BTC,Czech Republic
NightLab646,Drugs/Opioids/Oxycodone,Authentic Grade-A Oxy 25ct,3.046521 BTC,Canada
VenomLab764,Drugs/Prescription/Adderall,Premium Amphetamine Salts 28ct,1.175618 BTC,No Info
SwiftStore705,Fraud/Documents,Premium License Replica,1.917272 BTC,China
AlphaVendor354,Drugs/Cannabis/Edibles,Premium Tested Product 7g,1.437678 BTC,India
ShadowDealer416,Drugs/Prescription/Tramadol,Generic Grade-A Ultram 5ct,2.807023 BTC,UK
AlphaStore95,Drugs/Opioids/Oxycodone,Tested Percs 100ct,3.551287 BTC,Belgium
DarkExpert536,Drugs/Opioids/Fentanyl,Research Chemical Verified Fent 25g,4.361872 BTC,Worldwide
GreenDealer162,Drugs/Opioids/Fentanyl,Pure Fentanyl Powder 28g,3.867997 BTC,Belgium
SilentPro922,Drugs/Psychedelics/Mushrooms,Dried Tested Shrooms 14g,5.458218 BTC,Spain
GreenDealer162,Fraud/Documents,Fake Quality ID,4.307385 BTC,China
GhostLab755,Digital/Hacking,Compromised Premium Database,8.077144 BTC,China
SpeedVendor287,Fraud/Documents,Counterfeit Verified Passport,3.521948 BTC,No Info
AlphaKing870,Drugs/Opioids/Fentanyl,Grade-A Fentanyl Powder 250g,2.199615 BTC,France
EliteShop410,Drugs/Psychedelics/Mushrooms,Dried Quality Shrooms 10g,0.982711 BTC,Germany
SpeedMarket271,Drugs/Stimulants/Speed,Quality Speed Paste 10g,2.878901 BTC,Spain
PharmaSource204,Drugs/Opioids/Heroin,Verified Heroin 2g,1.567778 BTC,Poland
UltraMarket470,Drugs/Psychedelics/LSD,High-Dose Quality Tabs 25ct,4.912954 BTC,Canada
DeltaMarket543,Drugs/Stimulants/Meth,Ice Lab Crystal 50g,4.173852 BTC,UK
SpeedShop481,Drugs/Opioids/Fentanyl,Research Chemical Verified Fent 50g,0.40529 BTC,Switzerland
CryptoLab868,Drugs/Stimulants/Cocaine,Fishscale Lab Coke 28g,0.747609 BTC,Belgium
VenomMarket709,Drugs/Prescription/Adderall,Authentic Quality Adderall 50ct,0.025233 BTC,Switzerland
ShadowVendor954,Drugs/Prescription/Adderall,Lab Amphetamine Salts 28ct,3.76931 BTC,Czech Republic
AlphaStore878,Drugs/Cannabis/Edibles,Lab Quantity 1g,0.320686 BTC,Belgium
EliteShop410,Drugs/Prescription/Xanax,Pressed Verified Xanax 14ct,3.162829 BTC,Netherlands
QuickPro135,Drugs/Opioids/Oxycodone,Verified Percs 1ct,3.007674 BTC,Australia
BlackShop465,Drugs/Prescription/Xanax,Pressed Pure Xanax 500ct,0.561815 BTC,UK
RedLab835,Drugs/Opioids/Fentanyl,Quality Fentanyl Powder 10g,2.871079 BTC,India
UltraMarket470,Drugs/Opioids/Heroin,Quality Heroin 500g,2.012051 BTC,China
AlphaDealer746,Drugs/Prescription/Adderall,Lab Amphetamine Salts 14ct,0.675935 BTC,Canada
PharmaSource313,Drugs/Psychedelics/DMT,Crystal Quality DMT 28g,3.657052 BTC,India
SecureBoss844,Drugs/Ecstasy/Pills,Premium MDMA Pressed Pills 250ct,1.203124 BTC,USA/Europe
SpeedDealer285,Drugs/Psychedelics/LSD,High-Dose Tested Tabs 5ct,0.85966 BTC,Switzerland
AlphaStore95,Drugs/Prescription/Tramadol,Lab Tramadol 50ct,2.165669 BTC,Canada
GreenDealer162,Drugs/Opioids/Oxycodone,Authentic Quality Oxy 1ct,4.077521 BTC,France
BluePro475,Digital/Hacking,Compromised Verified Database,3.833383 BTC,Poland
QuickMaster491,Digital/Hacking,Compromised Pure Database,3.669932 BTC,Czech Republic
DarkBoss582,Drugs/Ecstasy/Pills,Blue Grade-A Press 100ct,4.597149 BTC,Belgium
PharmaSource204,Drugs/Opioids/Fentanyl,Quality Fentanyl Powder 7g,3.769799 BTC,Australia
QuickPro135,Fraud/Documents,Fake Pure ID,2.464098 BTC,China
QuickPro135,Drugs/Ecstasy/Pills,Verified Ecstasy Tabs 500ct,1.923649 BTC,India
BlueKing295,Drugs/Ecstasy/MDMA,Pure Quality Molly 100g,0.438669 BTC,Poland
UltraMarket470,Drugs/Psychedelics/LSD,Premium Liquid LSD 28ml,2.698725 BTC,France
QuickSource60,Drugs/Dissociatives/Ketamine,Quality K Powder 5g,4.704641 BTC,Canada
UltraSource684,Drugs/Psychedelics/LSD,High-Dose Premium Tabs 28ct,2.862902 BTC,USA
SpeedShop481,Drugs/Opioids/Heroin,High Quality Pure Heroin 1g,2.84167 BTC,Spain
UltraMarket470,Drugs/Prescription/Adderall,Grade-A Amphetamine Salts 14ct,2.518028 BTC,Poland
PharmaSource313,Drugs/Prescription/Adderall,Pure Amphetamine Salts 14ct,2.486605 BTC,Australia
SpeedMarket529,Drugs/Psychedelics/Mushrooms,Psilocybin Grade-A Mushrooms 5g,2.73085 BTC,Europe
SpeedMarket271,Drugs/Ecstasy/Pills,Grade-A MDMA Pressed Pills 50ct,2.263467 BTC,India
VenomSource815,Drugs/Ecstasy/MDMA,Pure Ecstasy Crystals 5g,4.996793 BTC,Germany
DarkBoss582,Drugs/Prescription/Adderall,Quality Amphetamine Salts 1ct,0.358596 BTC,Switzerland
UltraDirect809,Drugs/Cannabis/Edibles,Premium Quantity 25g,3.543695 BTC,No Info
AlphaMaster277,Digital/Hacking,Compromised Tested Database,3.173414 BTC,No Info
PharmaExpert186,Drugs/Cannabis/Edibles,Quality Pure Items 14ct,2.566636 BTC,India
SpeedShop526,Drugs/Stimulants/Speed,Quality Tested Amphetamine 14g,2.446912 BTC,Canada
CryptoDirect666,Fraud/Documents,Counterfeit Lab Passport,0.390851 BTC,Europe
UltraMarket470,Drugs/Stimulants/Meth,Ice Premium Crystal 50g,3.471222 BTC,China
CryptoDealer638,Drugs/Opioids/Oxycodone,Authentic Grade-A Oxy 5ct,0.587999 BTC,Czech Republic
ShadowDealer416,Drugs/Psychedelics/DMT,Pure Spice 5g,0.157482 BTC,UK
DarkShop818,Drugs/Cannabis/Hash,Pure Quantity 50g,5.847602 BTC,Spain
StealthShop752,Drugs/Psychedelics/Mushrooms,Dried Tested Shrooms 10g,4.522628 BTC,France
QuickSource60,Drugs/Ecstasy/Pills,Pure MDMA Pressed Pills 5ct,4.306995 BTC,Spain
PharmaBoss522,Drugs/Psychedelics/DMT,Extracted Premium DMT 10g,3.178218 BTC,Czech Republic
EliteShop410,Drugs/Opioids/Heroin,Grade-A Heroin 1g,1.251658 BTC,Germany
BlackExpert873,Drugs/Cannabis/Edibles,Quality Grade-A Items 100ct,3.590701 BTC,Europe
RedMarket810,Drugs/Dissociatives/Ketamine,Lab K Powder 14g,0.382827 BTC,Europe
SilentBoss239,Drugs/Ecstasy/MDMA,Crystal Tested MDMA 2g,0.161281 BTC,Germany
GhostLab755,Drugs/Stimulants/Cocaine,Lab Blow 100g,3.066958 BTC,Czech Republic
ShadowVendor954,Drugs/Psychedelics/DMT,Crystal Grade-A DMT 25g,5.527153 BTC,France
ShadowVendor954,Drugs/Dissociatives/Ketamine,Research Grade Quality Ketamine 28g,2.210631 BTC,UK
UltraDirect809,Drugs/Psychedelics/Mushrooms,Dried Tested Shrooms 100g,2.649232 BTC,Switzerland
BlackShop465,Drugs/Psychedelics/Mushrooms,Dried Quality Shrooms 28g,1.607298 BTC,Netherlands
DeltaMarket608,Drugs/Opioids/Oxycodone,Authentic Premium Oxy 250ct,0.888237 BTC,Germany
EliteShop410,Drugs/Stimulants/Meth,Lab Methamphetamine 28g,0.50327 BTC,Netherlands
DarkExpert536,Drugs/Prescription/Tramadol,Generic Grade-A Ultram 500ct,1.632913 BTC,Poland
UltraDirect809,Drugs/Opioids/Fentanyl,Research Chemical Tested Fent 1g,0.273177 BTC,Europe
SpeedMarket529,Drugs/Dissociatives/Ketamine,Research Grade Quality Ketamine 500g,1.104017 BTC,Europe
OmegaKing43,Drugs/Psychedelics/Mushrooms,Grade-A Cubensis 25g,2.929584 BTC,India
PureMarket96,Drugs/Opioids/Heroin,Brown Tested Dope 5g,5.469815 BTC,USA/Europe
GreenDealer162,Drugs/Prescription/Adderall,Authentic Lab Adderall 2ct,0.404923 BTC,No Info
StealthShop752,Fraud/Documents,Fake Quality ID,1.375829 BTC,Australia
PureStore440,Drugs/Dissociatives/Ketamine,Tested K Powder 10g,0.638752 BTC,Canada
UltraDirect809,Drugs/Dissociatives/Ketamine,Research Grade Quality Ketamine 500g,0.276255 BTC,Worldwide
PharmaExpert186,Drugs/Cannabis/Weed,Premium Lab Product 100g,6.474287 BTC,China
VenomLab764,Drugs/Psychedelics/DMT,Premium Spice 2g,1.757368 BTC,Czech Republic
QuickPro135,Drugs/Psychedelics/Mushrooms,Dried Quality Shrooms 50g,1.570805 BTC,Czech Republic
OmegaKing43,Fraud/Documents,Quality License Replica,3.81267 BTC,China
KingKing458,Drugs/Dissociatives/Ketamine,Research Grade Lab Ketamine 250g,3.335942 BTC,India
AlphaKing463,Drugs/Dissociatives/Ketamine,Research Grade Premium Ketamine 5g,2.385607 BTC,Spain
EliteDealer235,Drugs/Cannabis/Weed,Quality Quality Items 14ct,2.546566 BTC,Czech Republic
SilentMaster997,Drugs/Psychedelics/Mushrooms,Lab Cubensis 250g,1.348883 BTC,Belgium
DeltaMarket608,Drugs/Psychedelics/DMT,Lab Spice 250g,5.500012 BTC,Czech Republic
PharmaSource204,Drugs/Opioids/Oxycodone,Authentic Quality Oxy 25ct,3.879115 BTC,Australia
SwiftDealer556,Drugs/Opioids/Fentanyl,Research Chemical Grade-A Fent 250g,3.446737 BTC,Worldwide
PharmaBoss522,Drugs/Stimulants/Cocaine,Lab Blow 1g,2.164325 BTC,Canada
ShadowVendor954,Drugs/Prescription/Tramadol,Premium Tramadol 50ct,3.156059 BTC,USA
AlphaStore95,Drugs/Psychedelics/DMT,Verified Spice 10g,0.411796 BTC,Spain
SilentMarket838,Drugs/Cannabis/Edibles,Quality Quality Items 5ct,0.057082 BTC,Germany
BlackShop465,Drugs/Stimulants/Speed,Quality Lab Amphetamine 2g,4.2779 BTC,Canada
UltraKing555,Drugs/Prescription/Tramadol,Premium Tramadol 14ct,1.006316 BTC,Czech Republic
QuickDealer552,Drugs/Prescription/Tramadol,Premium Tramadol 7ct,2.721472 BTC,Poland
KingDirect228,Drugs/Opioids/Fentanyl,Pure Fentanyl Powder 5g,1.697275 BTC,France
SwiftDealer556,Drugs/Stimulants/Meth,Premium Lab Meth 7g,2.620514 BTC,Europe
BlackExpert873,Drugs/Cannabis/Edibles,Pure Quantity 28g,0.582411 BTC,Switzerland
ShadowVendor173,Drugs/Stimulants/Meth,Pure Methamphetamine 1g,0.140959 BTC,Germany
EliteShop410,Drugs/Psychedelics/LSD,Verified LSD Blotters 7ct,1.336201 BTC,USA/Europe
GreenMarket125,Drugs/Opioids/Oxycodone,Lab Percs 25ct,3.292493 BTC,Poland
AlphaStore95,Drugs/Ecstasy/Pills,Quality Ecstasy Tabs 500ct,0.26146 BTC,Europe
VenomLab714,Drugs/Psychedelics/LSD,Quality LSD Blotters 2ct,8.139866 BTC,Germany
QuickPro135,Digital/Hacking,Grade-A Fullz,2.698316 BTC,USA
UltraKing555,Fraud/Documents,Fake Tested ID,4.18844 BTC,No Info
SilentMarket189,Drugs/Opioids/Fentanyl,Quality Fentanyl Powder 500g,7.619826 BTC,India
SilentBoss239,Drugs/Psychedelics/Mushrooms,Dried Tested Shrooms 50g,0.378192 BTC,Netherlands
BlackMarket588,Drugs/Opioids/Fentanyl,Verified Fentanyl Powder 10g,4.074727 BTC,Europe
CryptoDirect666,Drugs/Ecstasy/MDMA,Crystal Verified MDMA 50g,0.439199 BTC,France
BlueKing295,Drugs/Stimulants/Speed,Quality Grade-A Amphetamine 250g,2.355721 BTC,Switzerland
ShadowVendor954,Drugs/Prescription/Adderall,Authentic Quality Adderall 5ct,1.957267 BTC,France
AlphaKing870,Drugs/Psychedelics/DMT,Lab Spice 7g,5.289302 BTC,Belgium
BluePro475,Drugs/Prescription/Adderall,Premium Amphetamine Salts 10ct,6.042488 BTC,USA/Europe
QuickDirect928,Drugs/Cannabis/Hash,Quality Grade-A Items 7ct,1.146477 BTC,UK
AlphaMaster277,Fraud/Documents,Fake Quality ID,2.541618 BTC,Czech Republic
AlphaStore878,Drugs/Prescription/Xanax,Tested Benzo 7ct,2.301037 BTC,Australia
PureStore440,Drugs/Ecstasy/MDMA,Grade-A Ecstasy Crystals 14g,0.777335 BTC,UK
NightLab646,Drugs/Prescription/Tramadol,Quality Tramadol 2ct,4.197859 BTC,UK
QuickKing639,Drugs/Opioids/Heroin,Brown Lab Dope 50g,1.014467 BTC,China
OmegaKing43,Drugs/Cannabis/Hash,Premium Quality Product 5g,0.763184 BTC,UK
SilentVendor726,Drugs/Prescription/Adderall,Premium Amphetamine Salts 50ct,1.955819 BTC,No Info
PharmaSource204,Drugs/Psychedelics/DMT,Pure Spice 14g,3.242818 BTC,India
SilentMaster997,Drugs/Cannabis/Weed,Verified Quantity 28g,1.636539 BTC,Switzerland
SpeedMarket271,Drugs/Opioids/Oxycodone,Authentic Lab Oxy 500ct,2.368477 BTC,Europe
GreenMarket125,Drugs/Cannabis/Hash,Quality Lab Items 10ct,2.724833 BTC,Netherlands
SpeedMarket529,Drugs/Cannabis/Weed,Premium Grade-A Product 7g,2.686543 BTC,India
BlueStore943,Drugs/Dissociatives/Ketamine,Premium K Powder 1g,0.753653 BTC,No Info
SilentBoss239,Drugs/Psychedelics/LSD,High-Dose Pure Tabs 250ct,0.342564 BTC,No Info
GreenDealer162,Drugs/Cannabis/Hash,Lab Quantity 250g,3.196942 BTC,Poland
DeltaMarket543,Drugs/Psychedelics/LSD,Tested Liquid LSD 14ml,8.359448 BTC,USA/Europe
SpeedShop526,Drugs/Cannabis/Hash,Premium Premium Product 5g,3.515004 BTC,UK
CryptoLab868,Drugs/Opioids/Heroin,Brown Tested Dope 7g,8.385864 BTC,France
EliteMaster689,Drugs/Opioids/Heroin,Brown Pure Dope 250g,0.131682 BTC,China
KingDirect228,Drugs/Ecstasy/MDMA,Pure Verified Molly 5g,3.485034 BTC,China
ShadowDealer416,Drugs/Psychedelics/DMT,Crystal Pure DMT 1g,0.967247 BTC,Switzerland
PharmaExpert186,Drugs/Stimulants/Speed,Quality Lab Amphetamine 10g,2.787775 BTC,Netherlands
VenomLab764,Drugs/Stimulants/Speed,Crystal Tested Speed 100g,3.591655 BTC,Germany
PharmaDirect770,Drugs/Psychedelics/DMT,Extracted Tested DMT 100g,1.243873 BTC,Netherlands
CryptoDirect666,Drugs/Prescription/Tramadol,Pure Tramadol 2ct,0.980764 BTC,No Info
VenomSource815,Digital/Hacking,Hacked Pure Account,7.258031 BTC,No Info
BlackShop465,Drugs/Opioids/Heroin,High Quality Grade-A Heroin 25g,1.202874 BTC,Switzerland
DarkBoss582,Drugs/Opioids/Fentanyl,Research Chemical Pure Fent 10g,0.793096 BTC,USA
VenomLab714,Drugs/Ecstasy/Pills,Blue Premium Press 1ct,1.265572 BTC,UK
AlphaStore878,Drugs/Cannabis/Edibles,Tested Quantity 10g,2.952809 BTC,USA
AlphaStore132,Drugs/Ecstasy/Pills,Blue Quality Press 7ct,3.54995 BTC,Australia
CryptoLab868,Drugs/Prescription/Xanax,Authentic Grade-A Xanax 7ct,5.127129 BTC,Netherlands
KingLab317,Drugs/Prescription/Tramadol,Grade-A Tramadol 50ct,1.320075 BTC,Australia
UltraLab620,Drugs/Opioids/Heroin,High Quality Premium Heroin 14g,5.396925 BTC,Europe
PharmaDirect770,Drugs/Prescription/Xanax,Premium Benzo 100ct,0.334476 BTC,USA
VenomVendor269,Drugs/Stimulants/Meth,Ice Premium Crystal 7g,6.302264 BTC,France
BlueKing295,Drugs/Cannabis/Edibles,Lab Quantity 500g,0.131381 BTC,Spain
RedLab835,Drugs/Prescription/Xanax,Quality Benzo 25ct,5.892104 BTC,Australia
EliteMaster689,Drugs/Stimulants/Cocaine,Fishscale Pure Coke 7g,5.596679 BTC,Germany
StealthPro162,Drugs/Opioids/Fentanyl,Research Chemical Grade-A Fent 5g,0.920876 BTC,Europe
QuickPro135,Drugs/Cannabis/Weed,Premium Lab Product 7g,6.230468 BTC,Belgium
QuickPro135,Drugs/Prescription/Adderall,Lab Amphetamine Salts 7ct,3.993232 BTC,China
VenomSource815,Drugs/Stimulants/Speed,Crystal Premium Speed 14g,2.529133 BTC,China
VenomVendor269,Drugs/Cannabis/Hash,Tested Quantity 28g,0.77217 BTC,Switzerland
SilentMaster997,Drugs/Psychedelics/DMT,Crystal Tested DMT 50g,3.348435 BTC,UK
StealthVendor191,Drugs/Ecstasy/MDMA,Pure Quality Molly 7g,2.206428 BTC,Netherlands
VenomMarket709,Digital/Hacking,Hacked Tested Account,5.436593 BTC,Germany
SwiftKing346,Fraud/Documents,Counterfeit Verified Passport,5.655897 BTC,No Info
UltraVendor891,Drugs/Stimulants/Speed,Lab Speed Paste 1g,1.566584 BTC,Worldwide
SpeedMarket519,Drugs/Psychedelics/LSD,Verified Liquid LSD 2ml,5.25399 BTC,Czech Republic
BlackShop465,Drugs/Dissociatives/Ketamine,Research Grade Lab Ketamine 50g,1.524439 BTC,France
GhostLab755,Drugs/Opioids/Oxycodone,Pure Percs 5ct,5.583637 BTC,Czech Republic
DeltaMarket543,Drugs/Opioids/Oxycodone,Grade-A Percs 5ct,4.12699 BTC,Worldwide
SilentPro922,Drugs/Cannabis/Edibles,Quality Lab Items 10ct,0.800437 BTC,Czech Republic
SilentMaster997,Drugs/Psychedelics/Mushrooms,Psilocybin Lab Mushrooms 10g,1.506848 BTC,USA
PureMarket96,Drugs/Opioids/Fentanyl,Research Chemical Verified Fent 1g,1.339999 BTC,China
SecureBoss844,Drugs/Ecstasy/MDMA,Crystal Pure MDMA 14g,6.506691 BTC,Europe
UltraLab620,Drugs/Prescription/Xanax,Premium Benzo 250ct,1.211319 BTC,Canada
SwiftKing346,Drugs/Prescription/Tramadol,Generic Pure Ultram 250ct,0.787083 BTC,No Info
BlackShop465,Drugs/Opioids/Oxycodone,Authentic Premium Oxy 500ct,3.319382 BTC,USA/Europe
BlackMarket588,Drugs/Prescription/Tramadol,Tested Tramadol 10ct,1.310948 BTC,India
QuickMaster491,Drugs/Psychedelics/Mushrooms,Dried Quality Shrooms 50g,5.39784 BTC,Australia
BlueKing295,Drugs/Stimulants/Speed,Crystal Pure Speed 2g,2.658257 BTC,Czech Republic
SpeedMarket271,Drugs/Opioids/Fentanyl,Quality Fentanyl Powder 250g,3.974858 BTC,Belgium
SwiftDealer556,Drugs/Psychedelics/DMT,Extracted Grade-A DMT 2g,3.144153 BTC,Europe
AlphaKing463,Drugs/Ecstasy/Pills,Blue Premium Press 7ct,0.731558 BTC,China
KingBoss990,Drugs/Cannabis/Weed,Quality Tested Items 250ct,0.135221 BTC,China
PharmaDirect647,Drugs/Cannabis/Hash,Premium Grade-A Product 10g,6.463332 BTC,USA/Europe
GreenExpert605,Drugs/Psychedelics/DMT,Extracted Lab DMT 10g,1.262114 BTC,France
PharmaDirect770,Drugs/Stimulants/Speed,Quality Speed Paste 5g,1.197856 BTC,Europe
GreenDealer162,Drugs/Cannabis/Edibles,Premium Premium Product 50g,0.302372 BTC,France
UltraLab266,Drugs/Psychedelics/LSD,Quality Liquid LSD 25ml,1.34201 BTC,Europe
AlphaStore132,Drugs/Psychedelics/LSD,High-Dose Verified Tabs 10ct,5.338962 BTC,Poland
DarkShop818,Drugs/Stimulants/Cocaine,Fishscale Grade-A Coke 1g,0.804208 BTC,UK
UltraLab620,Digital/Hacking,Quality Fullz,0.386039 BTC,China
RedMarket810,Drugs/Psychedelics/Mushrooms,Quality Cubensis 1g,4.577011 BTC,UK
SecureBoss844,Drugs/Opioids/Oxycodone,Authentic Grade-A Oxy 250ct,1.722291 BTC,France
QuickKing639,Drugs/Cannabis/Edibles,Premium Tested Product 28g,5.74382 BTC,Netherlands
StealthPro162,Drugs/Opioids/Heroin,Verified Heroin 1g,4.426529 BTC,USA/Europe
SwiftExpert794,Drugs/Psychedelics/Mushrooms,Psilocybin Verified Mushrooms 250g,0.772102 BTC,Spain
AlphaMaster277,Fraud/Documents,Fake Grade-A ID,0.351665 BTC,Canada
QuickDealer552,Drugs/Psychedelics/LSD,Quality LSD Blotters 1ct,4.743298 BTC,Australia
KingDirect228,Drugs/Ecstasy/MDMA,Crystal Quality MDMA 28g,1.81441 BTC,Australia
BlueKing295,Drugs/Opioids/Heroin,High Quality Pure Heroin 1g,3.261629 BTC,China
OmegaDirect105,Drugs/Opioids/Fentanyl,Pure Fentanyl Powder 7g,1.053224 BTC,Belgium
PharmaSource313,Drugs/Prescription/Tramadol,Lab Tramadol 7ct,0.043887 BTC,Czech Republic
CryptoDealer638,Drugs/Stimulants/Speed,Crystal Tested Speed 1g,2.262773 BTC,No Info
AlphaStore132,Digital/Hacking,Grade-A Fullz,3.416949 BTC,Czech Republic
QuickDirect928,Drugs/Stimulants/Meth,Grade-A Methamphetamine 28g,0.133569 BTC,Czech Republic
GhostLab755,Drugs/Opioids/Oxycodone,Premium Percs 7ct,6.810927 BTC,USA
SilentMaster997,Drugs/Cannabis/Edibles,Premium Verified Product 50g,0.529636 BTC,Worldwide
AlphaDirect701,Drugs/Cannabis/Edibles,Grade-A Quantity 2g,0.124941 BTC,Germany
DeltaMarket543,Drugs/Stimulants/Cocaine,Fishscale Pure Coke 14g,2.122264 BTC,China
SilentMaster955,Drugs/Prescription/Tramadol,Generic Lab Ultram 1ct,3.385214 BTC,Germany
VenomLab764,Drugs/Prescription/Tramadol,Pure Tramadol 25ct,0.401581 BTC,India
ShadowDealer416,Drugs/Cannabis/Hash,Premium Grade-A Product 28g,3.190255 BTC,Europe
SecureBoss844,Drugs/Ecstasy/MDMA,Pure Grade-A Molly 1g,2.460496 BTC,Switzerland
VenomSource928,Drugs/Opioids/Fentanyl,Tested Fentanyl Powder 100g,3.477152 BTC,Germany
QuickDealer552,Drugs/Stimulants/Cocaine,Premium Blow 1g,5.637159 BTC,India
BlackShop465,Drugs/Opioids/Heroin,Quality Heroin 50g,0.57192 BTC,UK
ShadowVendor954,Drugs/Stimulants/Meth,Quality Methamphetamine 5g,0.263861 BTC,Switzerland
KingLab317,Drugs/Stimulants/Speed,Quality Premium Amphetamine 5g,3.738932 BTC,Germany
UltraKing555,Drugs/Stimulants/Speed,Crystal Verified Speed 10g,1.556405 BTC,Germany
VenomSource928,Drugs/Stimulants/Meth,Ice Pure Crystal 5g,1.159969 BTC,USA/Europe
DeltaMarket608,Digital/Hacking,Hacked Quality Account,0.372944 BTC,Europe
KingKing458,Drugs/Cannabis/Edibles,Quality Quality Items 2ct,0.353142 BTC,India
AlphaMaster277,Drugs/Psychedelics/LSD,Tested Liquid LSD 5ml,0.520717 BTC,Poland
PharmaBoss522,Drugs/Stimulants/Cocaine,Quality Blow 100g,4.123065 BTC,No Info
VenomVendor269,Drugs/Opioids/Fentanyl,Lab Fentanyl Powder 50g,1.078307 BTC,France
AlphaVendor354,Drugs/Cannabis/Hash,Premium Quantity 10g,1.477133 BTC,Worldwide
BlueStore943,Drugs/Stimulants/Speed,Crystal Pure Speed 500g,4.531173 BTC,India
PharmaBoss522,Digital/Hacking,Hacked Pure Account,1.10478 BTC,Germany
UltraMarket470,Drugs/Opioids/Oxycodone,Authentic Lab Oxy 28ct,0.848705 BTC,USA/Europe
AlphaDirect701,Drugs/Prescription/Tramadol,Generic Quality Ultram 28ct,0.268237 BTC,Australia
SpeedMarket529,Drugs/Ecstasy/Pills,Grade-A MDMA Pressed Pills 14ct,2.648997 BTC,Netherlands
GreenDealer162,Digital/Hacking,Verified Fullz,6.576977 BTC,Worldwide
GreenExpert605,Drugs/Psychedelics/LSD,High-Dose Grade-A Tabs 500ct,3.31185 BTC,India
VenomMarket709,Drugs/Ecstasy/MDMA,Pure Lab Molly 250g,2.057417 BTC,USA/Europe
BlackBoss982,Drugs/Psychedelics/Mushrooms,Premium Cubensis 1g,0.99447 BTC,Spain
PharmaBoss522,Drugs/Cannabis/Edibles,Premium Grade-A Product 1g,3.279579 BTC,Canada
ShadowDealer416,Drugs/Cannabis/Hash,Lab Quantity 25g,6.199601 BTC,Australia
ShadowDealer416,Drugs/Prescription/Tramadol,Generic Premium Ultram 14ct,1.089152 BTC,Europe
VenomLab764,Digital/Hacking,Hacked Verified Account,1.944668 BTC,Germany
CryptoLab868,Drugs/Stimulants/Cocaine,High Purity Premium Cocaine 25g,4.081549 BTC,USA
NightLab646,Drugs/Stimulants/Meth,Premium Pure Meth 1g,0.803794 BTC,Belgium
VenomSource928,Drugs/Prescription/Adderall,Verified Amphetamine Salts 500ct,1.84443 BTC,China
EliteMaster689,Drugs/Opioids/Fentanyl,Research Chemical Tested Fent 10g,3.16481 BTC,India
SpeedShop526,Drugs/Prescription/Tramadol,Generic Lab Ultram 100ct,2.748371 BTC,France
StealthShop752,Drugs/Opioids/Heroin,Brown Lab Dope 2g,4.790945 BTC,USA
KingBoss990,Drugs/Cannabis/Hash,Premium Quantity 10g,5.34033 BTC,Switzerland
SpeedShop481,Drugs/Prescription/Adderall,Authentic Quality Adderall 10ct,4.064372 BTC,Czech Republic
PureMarket96,Drugs/Cannabis/Hash,Quality Quantity 250g,0.663316 BTC,Canada
BlackShop465,Fraud/Documents,Pure License Replica,1.242059 BTC,Belgium
GreenMarket125,Drugs/Opioids/Oxycodone,Premium Percs 7ct,0.035998 BTC,Belgium
AlphaStore95,Drugs/Cannabis/Edibles,Premium Tested Product 50g,5.280521 BTC,Belgium
AlphaStore878,Drugs/Cannabis/Weed,Premium Tested Product 100g,4.780447 BTC,Australia
BlackShop465,Drugs/Prescription/Adderall,Pure Amphetamine Salts 100ct,2.336126 BTC,Australia
GreenExpert605,Drugs/Opioids/Oxycodone,Pure Percs 250ct,3.707391 BTC,No Info
KingDirect228,Drugs/Psychedelics/LSD,Verified Liquid LSD 50ml,0.117995 BTC,Belgium
AlphaStore354,Drugs/Psychedelics/LSD,Tested Liquid LSD 500ml,1.799132 BTC,Germany
PureMarket224,Drugs/Stimulants/Speed,Verified Speed Paste 500g,5.325887 BTC,No Info
BlueStore78,Drugs/Prescription/Tramadol,Generic Pure Ultram 7ct,3.153972 BTC,Canada
PureStore440,Drugs/Ecstasy/Pills,Blue Tested Press 100ct,4.266196 BTC,Worldwide
QuickKing639,Drugs/Prescription/Adderall,Authentic Lab Adderall 1ct,5.712361 BTC,UK
GreenExpert605,Drugs/Psychedelics/Mushrooms,Quality Cubensis 2g,0.62417 BTC,Australia
VenomLab714,Drugs/Psychedelics/LSD,High-Dose Verified Tabs 500ct,6.568361 BTC,USA
KingBoss990,Fraud/Documents,Counterfeit Premium Passport,6.425814 BTC,Belgium
QuickMaster491,Drugs/Cannabis/Hash,Verified Quantity 100g,3.407307 BTC,Belgium
QuickDirect928,Drugs/Stimulants/Speed,Crystal Grade-A Speed 28g,3.900458 BTC,France
SpeedShop526,Drugs/Opioids/Oxycodone,Authentic Tested Oxy 14ct,6.516336 BTC,Europe
RedMarket810,Drugs/Stimulants/Cocaine,Fishscale Tested Coke 14g,4.442185 BTC,China
AlphaStore354,Drugs/Opioids/Heroin,Tested Heroin 28g,2.614716 BTC,Australia
SwiftKing346,Drugs/Prescription/Adderall,Lab Amphetamine Salts 1ct,4.220691 BTC,Australia
GreenDealer162,Fraud/Documents,Counterfeit Grade-A Passport,3.600267 BTC,USA/Europe
KingLab317,Drugs/Stimulants/Cocaine,Fishscale Lab Coke 5g,3.365266 BTC,Netherlands
DeltaStore687,Fraud/Documents,Verified License Replica,2.646932 BTC,Canada
DeltaMarket543,Drugs/Cannabis/Edibles,Premium Quantity 5g,3.560271 BTC,Poland
GreenMarket125,Drugs/Dissociatives/Ketamine,Lab K Powder 250g,4.823887 BTC,USA/Europe
EliteDealer235,Drugs/Prescription/Tramadol,Generic Pure Ultram 250ct,1.604182 BTC,No Info
NightLab646,Drugs/Ecstasy/Pills,Blue Grade-A Press 100ct,1.033538 BTC,Worldwide
SilentBoss239,Drugs/Opioids/Heroin,Verified Heroin 7g,2.214927 BTC,No Info
SpeedVendor287,Drugs/Dissociatives/Ketamine,Verified K Powder 1g,2.117164 BTC,UK
CryptoDirect666,Drugs/Ecstasy/MDMA,Crystal Quality MDMA 100g,3.059894 BTC,Canada
PharmaSource313,Drugs/Opioids/Fentanyl,Research Chemical Lab Fent 1g,2.790082 BTC,Worldwide
RedMarket810,Fraud/Documents,Fake Quality ID,1.137995 BTC,Poland
RedMarket810,Drugs/Psychedelics/DMT,Crystal Quality DMT 5g,0.494206 BTC,No Info
GreenDealer162,Drugs/Psychedelics/Mushrooms,Psilocybin Premium Mushrooms 5g,0.87537 BTC,France
SwiftDealer556,Drugs/Ecstasy/MDMA,Pure Premium Molly 25g,0.311134 BTC,USA/Europe
SilentBoss239,Drugs/Cannabis/Edibles,Premium Quality Product 500g,3.090197 BTC,Germany
VenomLab764,Drugs/Cannabis/Edibles,Verified Quantity 28g,6.372457 BTC,China
VenomLab764,Fraud/Documents,Counterfeit Premium Passport,0.655041 BTC,USA/Europe
PureVendor480,Drugs/Opioids/Fentanyl,Grade-A Fentanyl Powder 14g,1.897825 BTC,Worldwide
AlphaStore878,Drugs/Opioids/Fentanyl,Lab Fentanyl Powder 2g,0.539031 BTC,Canada
AlphaStore132,Drugs/Psychedelics/LSD,Premium LSD Blotters 7ct,2.982235 BTC,Europe
BlackMarket588,Drugs/Stimulants/Cocaine,Grade-A Blow 2g,0.542749 BTC,USA/Europe
VenomMarket709,Drugs/Prescription/Tramadol,Pure Tramadol 14ct,1.718167 BTC,Spain
SilentBoss239,Drugs/Prescription/Tramadol,Lab Tramadol 5ct,2.500428 BTC,Worldwide
KingLab317,Drugs/Dissociatives/Ketamine,Research Grade Premium Ketamine 100g,2.850086 BTC,USA/Europe
SilentMarket189,Drugs/Prescription/Adderall,Premium Amphetamine Salts 28ct,2.646916 BTC,Belgium
AlphaKing463,Drugs/Prescription/Xanax,Pressed Premium Xanax 2ct,4.069116 BTC,Spain
QuickSource60,Drugs/Opioids/Oxycodone,Authentic Tested Oxy 25ct,0.811949 BTC,Switzerland
ShadowVendor173,Drugs/Dissociatives/Ketamine,Premium K Powder 250g,4.627716 BTC,USA
PharmaExpert186,Drugs/Opioids/Oxycodone,Authentic Verified Oxy 7ct,2.483319 BTC,China
ShadowVendor954,Drugs/Psychedelics/DMT,Pure Spice 1g,0.59343 BTC,Germany
SwiftStore884,Digital/Hacking,Compromised Pure Database,0.944642 BTC,France
SpeedShop481,Drugs/Cannabis/Hash,Premium Verified Product 1g,1.796029 BTC,Worldwide
PureVendor480,Drugs/Psychedelics/LSD,Tested Liquid LSD 50ml,2.551872 BTC,Czech Republic
UltraVendor891,Drugs/Dissociatives/Ketamine,Tested K Powder 500g,2.149877 BTC,Poland
PharmaBoss522,Drugs/Opioids/Heroin,High Quality Premium Heroin 7g,1.205452 BTC,Netherlands
StealthPro162,Drugs/Opioids/Oxycodone,Authentic Grade-A Oxy 100ct,1.08548 BTC,Australia
SilentMaster955,Drugs/Cannabis/Hash,Pure Quantity 1g,3.954403 BTC,Australia
GreenMarket125,Drugs/Cannabis/Weed,Premium Tested Product 500g,5.80541 BTC,Canada
BluePro475,Drugs/Cannabis/Hash,Quality Tested Items 500ct,0.951895 BTC,Poland
AlphaMaster277,Drugs/Prescription/Xanax,Pure Benzo 28ct,0.526409 BTC,Germany
SecureBoss844,Drugs/Stimulants/Meth,Tested Methamphetamine 1g,2.486935 BTC,Netherlands
PharmaSource204,Drugs/Psychedelics/DMT,Quality Spice 250g,0.716357 BTC,Czech Republic
KingDirect228,Drugs/Prescription/Tramadol,Pure Tramadol 1ct,3.066536 BTC,Germany
UltraLab266,Drugs/Dissociatives/Ketamine,Research Grade Grade-A Ketamine 1g,4.672346 BTC,France
AlphaStore354,Drugs/Opioids/Fentanyl,Verified Fentanyl Powder 25g,1.152108 BTC,Czech Republic
QuickMaster491,Drugs/Cannabis/Hash,Premium Lab Product 5g,2.346168 BTC,Belgium
DarkShop818,Drugs/Prescription/Adderall,Quality Amphetamine Salts 2ct,1.217405 BTC,India
QuickDealer552,Drugs/Prescription/Xanax,Pressed Tested Xanax 500ct,0.38873 BTC,Spain
EliteMaster689,Drugs/Ecstasy/MDMA,Pure Tested Molly 10g,0.831439 BTC,Europe
CryptoDirect666,Digital/Hacking,Hacked Verified Account,2.768649 BTC,Spain
PureVendor480,Drugs/Psychedelics/LSD,High-Dose Quality Tabs 250ct,2.216431 BTC,Netherlands
UltraSource684,Drugs/Cannabis/Edibles,Pure Quantity 1g,1.862464 BTC,No Info
SwiftStore884,Drugs/Cannabis/Weed,Verified Quantity 100g,4.191716 BTC,Australia
UltraKing555,Drugs/Prescription/Adderall,Verified Amphetamine Salts 5ct,5.892065 BTC,Belgium
SilentMarket189,Drugs/Stimulants/Meth,Premium Lab Meth 1g,7.524981 BTC,Australia
CryptoDirect666,Drugs/Psychedelics/Mushrooms,Lab Cubensis 250g,1.038047 BTC,Australia
VenomLab714,Drugs/Stimulants/Cocaine,Pure Blow 25g,5.113871 BTC,Canada
ShadowDealer416,Drugs/Opioids/Heroin,Grade-A Heroin 50g,2.654205 BTC,Worldwide
DeltaMarket543,Drugs/Psychedelics/Mushrooms,Quality Cubensis 50g,4.00761 BTC,USA
SpeedShop526,Drugs/Opioids/Heroin,Brown Grade-A Dope 7g,1.359351 BTC,India
QuickDirect928,Fraud/Documents,Fake Tested ID,1.405083 BTC,Germany
UltraDirect809,Drugs/Psychedelics/Mushrooms,Dried Quality Shrooms 2g,2.828021 BTC,Worldwide
SilentMaster955,Drugs/Ecstasy/Pills,Lab MDMA Pressed Pills 1ct,0.614064 BTC,Canada
QuickPro135,Fraud/Documents,Premium License Replica,2.223033 BTC,Poland
AlphaDirect701,Drugs/Cannabis/Weed,Premium Premium Product 100g,2.335854 BTC,Switzerland
QuickKing639,Drugs/Prescription/Xanax,Pure Benzo 100ct,0.827581 BTC,Spain
AlphaStore95,Drugs/Prescription/Tramadol,Generic Lab Ultram 50ct,1.935207 BTC,Czech Republic
DeltaMarket543,Drugs/Cannabis/Edibles,Pure Quantity 28g,2.983464 BTC,USA/Europe
QuickKing639,Drugs/Ecstasy/Pills,Pure MDMA Pressed Pills 50ct,4.308271 BTC,France
BlackBoss982,Drugs/Stimulants/Meth,Ice Tested Crystal 1g,1.611221 BTC,India
SilentMarket838,Drugs/Psychedelics/LSD,Tested LSD Blotters 500ct,3.607883 BTC,Czech Republic
AlphaKing463,Drugs/Psychedelics/Mushrooms,Psilocybin Verified Mushrooms 14g,0.440868 BTC,Netherlands
AlphaStore132,Digital/Hacking,Compromised Pure Database,2.533269 BTC,Spain
QuickKing639,Drugs/Psychedelics/DMT,Crystal Verified DMT 7g,3.652704 BTC,No Info
QuickPro135,Drugs/Stimulants/Meth,Premium Pure Meth 10g,6.236628 BTC,USA
PureMarket224,Drugs/Cannabis/Weed,Premium Pure Product 10g,2.119678 BTC,Czech Republic
StealthVendor191,Drugs/Prescription/Adderall,Premium Amphetamine Salts 5ct,0.209409 BTC,Belgium
BlackMarket588,Drugs/Opioids/Heroin,High Quality Lab Heroin 100g,1.37829 BTC,Czech Republic
SpeedVendor287,Drugs/Prescription/Tramadol,Generic Lab Ultram 50ct,0.150008 BTC,Germany
SilentVendor726,Drugs/Cannabis/Hash,Premium Grade-A Product 14g,2.875745 BTC,India
AlphaDirect701,Drugs/Prescription/Xanax,Pressed Quality Xanax 28ct,0.741847 BTC,Netherlands
QuickSource60,Drugs/Psychedelics/Mushrooms,Dried Quality Shrooms 50g,0.751357 BTC,Europe
QuickPro135,Drugs/Cannabis/Hash,Lab Quantity 7g,4.557309 BTC,Germany
SwiftExpert794,Drugs/Prescription/Tramadol,Premium Tramadol 50ct,0.293255 BTC,Australia
PureMarket224,Drugs/Stimulants/Cocaine,Fishscale Premium Coke 500g,0.967544 BTC,Germany
AlphaMaster277,Drugs/Cannabis/Hash,Grade-A Quantity 50g,1.048728 BTC,Poland
CryptoDealer638,Drugs/Cannabis/Hash,Lab Quantity 100g,0.713455 BTC,USA/Europe
StealthKing618,Drugs/Stimulants/Speed,Lab Speed Paste 500g,0.063225 BTC,China
BlackBoss982,Drugs/Prescription/Xanax,Authentic Lab Xanax 250ct,1.877841 BTC,Netherlands
EliteMaster689,Drugs/Cannabis/Edibles,Premium Grade-A Product 50g,3.278815 BTC,Czech Republic
PureStore440,Drugs/Psychedelics/LSD,Lab LSD Blotters 7ct,0.779314 BTC,China
AlphaVendor354,Digital/Hacking,Grade-A Fullz,0.174193 BTC,Belgium
StealthVendor191,Drugs/Prescription/Xanax,Pressed Grade-A Xanax 28ct,1.270385 BTC,Poland
SilentMaster997,Drugs/Prescription/Tramadol,Quality Tramadol 100ct,1.204602 BTC,Czech Republic
ShadowDealer416,Drugs/Ecstasy/MDMA,Pure Pure Molly 100g,0.549608 BTC,India
SilentBoss239,Drugs/Opioids/Heroin,High Quality Verified Heroin 2g,3.955755 BTC,USA
BlackMarket588,Drugs/Ecstasy/MDMA,Pure Tested Molly 1g,8.144263 BTC,Europe
QuickKing639,Digital/Hacking,Hacked Verified Account,4.000018 BTC,Netherlands
NightLab646,Drugs/Opioids/Oxycodone,Grade-A Percs 2ct,2.862947 BTC,Poland
KingDirect228,Drugs/Opioids/Fentanyl,Grade-A Fentanyl Powder 28g,0.230306 BTC,France
SwiftStore705,Drugs/Psychedelics/LSD,Grade-A Liquid LSD 10ml,2.689173 BTC,Germany
VenomPro997,Drugs/Ecstasy/MDMA,Premium Ecstasy Crystals 500g,0.87488 BTC,UK
CryptoLab868,Drugs/Opioids/Oxycodone,Authentic Pure Oxy 25ct,1.535668 BTC,USA
VenomLab714,Drugs/Cannabis/Edibles,Quality Quantity 250g,2.704008 BTC,USA/Europe
AlphaDirect701,Drugs/Cannabis/Edibles,Lab Quantity 25g,6.218921 BTC,Canada
AlphaStore354,Drugs/Psychedelics/Mushrooms,Grade-A Cubensis 250g,3.635025 BTC,UK
AlphaStore354,Drugs/Cannabis/Hash,Premium Quality Product 28g,3.322521 BTC,Canada
StealthPro162,Drugs/Opioids/Heroin,High Quality Lab Heroin 2g,1.312094 BTC,Germany
GhostLab755,Drugs/Prescription/Xanax,Authentic Tested Xanax 250ct,2.277945 BTC,Worldwide
AlphaStore95,Drugs/Ecstasy/Pills,Blue Grade-A Press 10ct,1.846029 BTC,India
SecureBoss844,Drugs/Psychedelics/DMT,Crystal Pure DMT 28g,8.030406 BTC,USA
PureStore440,Drugs/Ecstasy/Pills,Blue Lab Press 5ct,0.273544 BTC,Spain
DeltaMarket608,Drugs/Cannabis/Edibles,Quality Quantity 28g,1.539268 BTC,Canada
DeltaMarket543,Drugs/Dissociatives/Ketamine,Research Grade Pure Ketamine 500g,3.956247 BTC,Europe
PharmaDirect770,Drugs/Psychedelics/DMT,Crystal Quality DMT 250g,4.74031 BTC,UK
UltraLab266,Drugs/Prescription/Xanax,Tested Benzo 28ct,0.595363 BTC,Canada
SecureBoss844,Fraud/Documents,Fake Verified ID,1.210566 BTC,Poland
VenomSource928,Drugs/Psychedelics/Mushrooms,Psilocybin Verified Mushrooms 50g,0.652414 BTC,Spain
RedMarket810,Drugs/Opioids/Oxycodone,Authentic Quality Oxy 25ct,1.531278 BTC,Switzerland
SilentVendor726,Drugs/Prescription/Adderall,Tested Amphetamine Salts 100ct,3.789756 BTC,Worldwide
VenomVendor269,Drugs/Prescription/Tramadol,Verified Tramadol 10ct,2.809624 BTC,Worldwide
DeltaMarket543,Drugs/Cannabis/Edibles,Quality Lab Items 25ct,0.511857 BTC,No Info
BlackExpert873,Drugs/Psychedelics/DMT,Extracted Pure DMT 250g,3.221961 BTC,China
SwiftStore705,Fraud/Documents,Pure License Replica,1.317562 BTC,China
PureStore440,Drugs/Cannabis/Weed,Pure Quantity 500g,3.304011 BTC,Canada
KingKing458,Drugs/Cannabis/Weed,Premium Quality Product 28g,0.456888 BTC,UK
StealthPro162,Drugs/Psychedelics/DMT,Extracted Verified DMT 100g,2.350865 BTC,UK
ShadowDealer416,Drugs/Opioids/Fentanyl,Lab Fentanyl Powder 500g,0.097764 BTC,Switzerland
CryptoDirect666,Drugs/Opioids/Fentanyl,Research Chemical Tested Fent 14g,3.495337 BTC,Switzerland
ShadowVendor173,Digital/Hacking,Grade-A Fullz,1.973195 BTC,No Info
OmegaKing43,Drugs/Stimulants/Meth,Ice Tested Crystal 2g,1.199575 BTC,Worldwide
PharmaSource204,Drugs/Cannabis/Hash,Quality Tested Items 250ct,0.882567 BTC,Spain
VenomSource815,Drugs/Prescription/Xanax,Grade-A Benzo 100ct,5.002504 BTC,Australia
SwiftStore705,Drugs/Ecstasy/MDMA,Pure Lab Molly 100g,0.08285 BTC,Australia
DeltaStore687,Drugs/Stimulants/Speed,Crystal Pure Speed 10g,1.802621 BTC,Worldwide
BlueKing295,Drugs/Cannabis/Edibles,Premium Premium Product 28g,2.741722 BTC,Poland
BlackMarket588,Drugs/Psychedelics/DMT,Extracted Premium DMT 100g,0.569887 BTC,Canada
SilentVendor726,Drugs/Ecstasy/MDMA,Verified Ecstasy Crystals 1g,3.889142 BTC,Australia
SwiftKing346,Drugs/Psychedelics/Mushrooms,Premium Cubensis 14g,3.034161 BTC,Czech Republic
UltraSource684,Drugs/Ecstasy/Pills,Verified Ecstasy Tabs 50ct,3.575012 BTC,USA/Europe
QuickPro135,Drugs/Opioids/Heroin,Premium Heroin 10g,1.989381 BTC,Czech Republic
KingBoss990,Digital/Hacking,Compromised Tested Database,0.389163 BTC,Australia
UltraLab620,Drugs/Opioids/Fentanyl,Research Chemical Quality Fent 5g,6.94575 BTC,UK
SilentMaster997,Drugs/Cannabis/Weed,Quality Lab Items 7ct,3.447851 BTC,Canada
GhostLab755,Drugs/Stimulants/Meth,Premium Verified Meth 5g,2.718135 BTC,China
ShadowDealer416,Drugs/Dissociatives/Ketamine,Quality K Powder 25g,3.630607 BTC,India
AlphaStore354,Drugs/Psychedelics/Mushrooms,Dried Pure Shrooms 25g,1.180825 BTC,No Info
PharmaDirect770,Drugs/Stimulants/Meth,Premium Tested Meth 7g,0.199683 BTC,France
QuickKing639,Drugs/Opioids/Heroin,Pure Heroin 50g,7.150899 BTC,Spain
PharmaDirect647,Drugs/Stimulants/Speed,Tested Speed Paste 2g,6.904494 BTC,Spain
VenomPro997,Drugs/Opioids/Oxycodone,Authentic Grade-A Oxy 10ct,0.22621 BTC,Worldwide
NightLab646,Drugs/Stimulants/Cocaine,Fishscale Grade-A Coke 2g,2.795011 BTC,Belgium
UltraSource684,Drugs/Psychedelics/DMT,Premium Spice 500g,4.845791 BTC,UK
RedMarket810,Drugs/Stimulants/Meth,Ice Premium Crystal 25g,3.117043 BTC,Germany
VenomSource815,Drugs/Prescription/Xanax,Verified Benzo 25ct,0.877287 BTC,Netherlands
UltraVendor891,Drugs/Dissociatives/Ketamine,Quality K Powder 5g,0.267919 BTC,Belgium
SilentMarket838,Drugs/Cannabis/Weed,Lab Quantity 28g,6.896389 BTC,France
SwiftExpert794,Drugs/Stimulants/Meth,Premium Premium Meth 28g,3.36271 BTC,UK
CryptoDealer638,Drugs/Stimulants/Cocaine,High Purity Tested Cocaine 14g,8.120007 BTC,No Info
UltraMarket470,Drugs/Cannabis/Hash,Lab Quantity 7g,6.798076 BTC,Australia
GhostLab755,Drugs/Opioids/Fentanyl,Research Chemical Pure Fent 25g,0.570794 BTC,France
SwiftExpert794,Drugs/Ecstasy/Pills,Tested Ecstasy Tabs 14ct,3.39727 BTC,Czech Republic
SpeedMarket519,Drugs/Prescription/Adderall,Verified Amphetamine Salts 500ct,3.980588 BTC,India
DeltaMarket608,Drugs/Ecstasy/MDMA,Verified Ecstasy Crystals 28g,3.130771 BTC,No Info
SpeedMarket271,Drugs/Cannabis/Weed,Premium Quality Product 10g,0.096717 BTC,India
VenomVendor269,Drugs/Stimulants/Cocaine,Premium Blow 14g,4.674005 BTC,France
UltraMarket470,Drugs/Prescription/Tramadol,Generic Pure Ultram 10ct,2.658654 BTC,China
PharmaDirect770,Drugs/Cannabis/Hash,Premium Quantity 10g,0.704041 BTC,China
GhostLab755,Drugs/Prescription/Xanax,Premium Benzo 500ct,3.832145 BTC,Worldwide
SwiftStore705,Drugs/Psychedelics/DMT,Crystal Quality DMT 250g,6.151008 BTC,Australia
SilentMarket189,Fraud/Documents,Fake Pure ID,0.367754 BTC,Spain
OmegaKing43,Drugs/Ecstasy/Pills,Blue Lab Press 10ct,4.807718 BTC,UK
VenomLab714,Drugs/Prescription/Xanax,Pressed Premium Xanax 28ct,3.193883 BTC,Canada
SpeedVendor287,Drugs/Cannabis/Edibles,Premium Grade-A Product 250g,3.064133 BTC,Czech Republic
VenomMarket709,Fraud/Documents,Fake Verified ID,3.033098 BTC,Worldwide
SwiftStore884,Drugs/Prescription/Adderall,Verified Amphetamine Salts 2ct,1.918865 BTC,Netherlands
SpeedMarket529,Drugs/Cannabis/Edibles,Pure Quantity 100g,8.13742 BTC,China
ShadowVendor954,Drugs/Ecstasy/MDMA,Pure Pure Molly 28g,6.870954 BTC,USA/Europe
VenomSource928,Drugs/Psychedelics/DMT,Extracted Quality DMT 28g,1.285099 BTC,USA
SilentMaster997,Drugs/Psychedelics/Mushrooms,Premium Cubensis 10g,2.745582 BTC,Worldwide
QuickPro135,Drugs/Psychedelics/LSD,High-Dose Pure Tabs 14ct,1.408656 BTC,Spain
AlphaStore878,Drugs/Ecstasy/Pills,Verified Ecstasy Tabs 250ct,0.833117 BTC,Poland
AlphaStore878,Drugs/Opioids/Oxycodone,Authentic Lab Oxy 10ct,2.379136 BTC,Europe
BlueStore78,Drugs/Cannabis/Edibles,Verified Quantity 2g,3.427837 BTC,Worldwide
QuickKing639,Fraud/Documents,Tested License Replica,3.256294 BTC,Poland
QuickPro135,Drugs/Ecstasy/Pills,Blue Grade-A Press 5ct,0.454864 BTC,Netherlands
RedMarket810,Drugs/Stimulants/Cocaine,Fishscale Quality Coke 28g,3.504414 BTC,USA
SwiftStore884,Drugs/Prescription/Xanax,Quality Benzo 250ct,7.461512 BTC,Belgium
QuickDealer552,Drugs/Cannabis/Edibles,Quality Pure Items 10ct,2.834969 BTC,Worldwide
StealthShop752,Drugs/Prescription/Adderall,Verified Amphetamine Salts 50ct,0.662805 BTC,UK
VenomMarket709,Drugs/Stimulants/Speed,Crystal Tested Speed 28g,4.559165 BTC,Worldwide
SilentVendor726,Digital/Hacking,Compromised Quality Database,3.459632 BTC,Poland
BluePro475,Drugs/Psychedelics/LSD,Premium Liquid LSD 5ml,2.763773 BTC,USA/Europe
GreenExpert605,Drugs/Cannabis/Weed,Quality Grade-A Items 10ct,2.343307 BTC,USA/Europe
SilentMaster955,Drugs/Opioids/Fentanyl,Lab Fentanyl Powder 250g,4.871474 BTC,UK
SilentMaster955,Drugs/Ecstasy/MDMA,Crystal Pure MDMA 50g,5.703954 BTC,Spain
DarkBoss582,Drugs/Stimulants/Speed,Quality Speed Paste 50g,1.077977 BTC,Canada
DeltaMarket543,Drugs/Prescription/Tramadol,Generic Premium Ultram 100ct,3.123875 BTC,Czech Republic
PharmaSource313,Drugs/Opioids/Oxycodone,Verified Percs 10ct,0.847151 BTC,China
AlphaStore354,Drugs/Cannabis/Hash,Quality Tested Items 5ct,1.129051 BTC,France
QuickDirect928,Drugs/Opioids/Heroin,High Quality Premium Heroin 100g,0.399113 BTC,China
StealthKing618,Drugs/Psychedelics/Mushrooms,Psilocybin Grade-A Mushrooms 14g,4.420837 BTC,Czech Republic
VenomSource815,Drugs/Prescription/Xanax,Authentic Premium Xanax 7ct,4.086311 BTC,No Info
AlphaStore95,Drugs/Cannabis/Edibles,Quality Quality Items 28ct,3.733289 BTC,Canada
DeltaMarket543,Drugs/Ecstasy/Pills,Verified MDMA Pressed Pills 14ct,1.812667 BTC,UK
SilentBoss239,Drugs/Stimulants/Cocaine,Fishscale Pure Coke 10g,5.02634 BTC,UK
VenomSource928,Drugs/Ecstasy/MDMA,Crystal Grade-A MDMA 28g,4.848987 BTC,No Info
PharmaSource313,Drugs/Cannabis/Hash,Quality Tested Items 25ct,1.231837 BTC,Germany
SpeedVendor287,Drugs/Stimulants/Meth,Ice Pure Crystal 5g,3.233868 BTC,France
NightLab646,Drugs/Dissociatives/Ketamine,Research Grade Quality Ketamine 2g,1.005295 BTC,India
BlackBoss982,Drugs/Stimulants/Cocaine,Pure Blow 50g,7.72463 BTC,Europe
AlphaStore354,Drugs/Opioids/Oxycodone,Authentic Lab Oxy 50ct,0.924114 BTC,China
KingDirect228,Drugs/Opioids/Fentanyl,Research Chemical Quality Fent 50g,0.993494 BTC,Poland
ShadowVendor954,Drugs/Ecstasy/MDMA,Crystal Tested MDMA 25g,2.844487 BTC,Europe
SpeedShop526,Fraud/Documents,Lab License Replica,1.654353 BTC,UK
QuickPro135,Drugs/Psychedelics/DMT,Pure Spice 50g,5.102913 BTC,India
PharmaExpert186,Digital/Hacking,Compromised Lab Database,1.564977 BTC,Canada
QuickDealer552,Drugs/Prescription/Xanax,Pressed Tested Xanax 500ct,4.271841 BTC,China
SecureBoss844,Drugs/Cannabis/Edibles,Grade-A Quantity 2g,3.429462 BTC,Canada
PharmaDirect770,Drugs/Prescription/Tramadol,Generic Pure Ultram 250ct,2.876739 BTC,Spain
VenomLab714,Drugs/Ecstasy/MDMA,Pure Grade-A Molly 10g,1.404028 BTC,Australia
AlphaKing463,Drugs/Opioids/Fentanyl,Pure Fentanyl Powder 2g,4.580923 BTC,USA
PharmaBoss522,Drugs/Stimulants/Meth,Ice Grade-A Crystal 7g,1.392428 BTC,Netherlands
DarkBoss582,Fraud/Documents,Counterfeit Premium Passport,2.792427 BTC,USA/Europe
PureMarket96,Drugs/Opioids/Oxycodone,Lab Percs 100ct,0.468983 BTC,No Info
ShadowVendor173,Drugs/Prescription/Tramadol,Premium Tramadol 50ct,6.397897 BTC,Poland
QuickDealer552,Drugs/Psychedelics/LSD,High-Dose Lab Tabs 2ct,3.1566 BTC,Netherlands
CryptoDirect666,Drugs/Psychedelics/LSD,Verified LSD Blotters 250ct,3.903226 BTC,India
SilentBoss239,Drugs/Cannabis/Weed,Pure Quantity 1g,3.338456 BTC,Poland
SilentBoss239,Drugs/Cannabis/Hash,Quality Premium Items 100ct,4.098335 BTC,Worldwide
UltraLab266,Drugs/Opioids/Heroin,Brown Premium Dope 25g,1.224446 BTC,Australia
VenomLab714,Drugs/Opioids/Fentanyl,Lab Fentanyl Powder 28g,4.208062 BTC,Netherlands
PharmaDirect647,Drugs/Dissociatives/Ketamine,Premium K Powder 500g,0.131171 BTC,USA
GreenDealer162,Drugs/Opioids/Fentanyl,Verified Fentanyl Powder 25g,1.733501 BTC,Netherlands
DeltaMarket608,Drugs/Psychedelics/DMT,Tested Spice 7g,1.761004 BTC,Germany
RedMarket810,Drugs/Psychedelics/Mushrooms,Dried Pure Shrooms 100g,3.777662 BTC,India
SilentPro922,Drugs/Prescription/Tramadol,Premium Tramadol 25ct,2.652541 BTC,Germany
UltraKing555,Drugs/Psychedelics/LSD,Pure LSD Blotters 10ct,2.255188 BTC,Europe
AlphaKing870,Drugs/Cannabis/Weed,Premium Quantity 100g,5.992299 BTC,Netherlands
CryptoLab868,Drugs/Cannabis/Hash,Premium Pure Product 100g,3.639045 BTC,USA/Europe
BlackExpert873,Drugs/Dissociatives/Ketamine,Pure K Powder 14g,0.38524 BTC,Australia
QuickDealer552,Drugs/Stimulants/Speed,Crystal Premium Speed 14g,2.469038 BTC,Germany
SilentMarket189,Drugs/Ecstasy/MDMA,Pure Verified Molly 25g,1.709748 BTC,USA/Europe
QuickDirect928,Drugs/Cannabis/Weed,Premium Lab Product 7g,4.300322 BTC,Czech Republic
EliteMaster689,Drugs/Ecstasy/MDMA,Pure Pure Molly 28g,3.411618 BTC,India
SilentMaster955,Drugs/Dissociatives/Ketamine,Pure K Powder 250g,1.012515 BTC,Belgium
BlueStore78,Drugs/Opioids/Oxycodone,Authentic Pure Oxy 14ct,0.180484 BTC,China
AlphaKing463,Drugs/Opioids/Heroin,Verified Heroin 14g,3.265862 BTC,Australia
SilentPro922,Fraud/Documents,Counterfeit Pure Passport,1.429903 BTC,No Info
UltraDirect809,Drugs/Cannabis/Edibles,Quality Grade-A Items 2ct,3.842257 BTC,Worldwide
ShadowVendor954,Drugs/Ecstasy/Pills,Blue Premium Press 2ct,0.915125 BTC,Canada
UltraDirect809,Drugs/Prescription/Tramadol,Generic Tested Ultram 250ct,0.786014 BTC,Switzerland
AlphaMaster277,Drugs/Opioids/Oxycodone,Verified Percs 25ct,0.800857 BTC,UK
GreenExpert605,Drugs/Stimulants/Speed,Premium Speed Paste 2g,2.365214 BTC,Europe
OmegaKing43,Drugs/Cannabis/Hash,Pure Quantity 5g,0.045315 BTC,Belgium
SwiftStore705,Drugs/Prescription/Tramadol,Grade-A Tramadol 5ct,2.211885 BTC,India
AlphaStore132,Drugs/Opioids/Oxycodone,Lab Percs 5ct,4.534416 BTC,China
KingKing458,Drugs/Cannabis/Edibles,Premium Quality Product 500g,3.880073 BTC,Poland
GhostLab755,Drugs/Stimulants/Cocaine,Lab Blow 7g,4.43432 BTC,Germany
DarkExpert536,Drugs/Opioids/Heroin,Brown Grade-A Dope 2g,2.240532 BTC,Switzerland
SilentPro922,Drugs/Psychedelics/Mushrooms,Psilocybin Premium Mushrooms 25g,2.594353 BTC,Belgium
OmegaDirect105,Drugs/Psychedelics/DMT,Crystal Lab DMT 50g,3.48858 BTC,USA
VenomMarket709,Drugs/Stimulants/Speed,Verified Speed Paste 2g,1.93086 BTC,Australia
OmegaDirect105,Fraud/Documents,Fake Verified ID,0.858448 BTC,Australia
QuickSource60,Drugs/Psychedelics/DMT,Premium Spice 1g,0.091179 BTC,UK
AlphaStore95,Drugs/Cannabis/Edibles,Tested Quantity 50g,2.858604 BTC,China
QuickMaster491,Drugs/Dissociatives/Ketamine,Research Grade Verified Ketamine 25g,0.967793 BTC,USA
PharmaDirect770,Drugs/Ecstasy/MDMA,Pure Quality Molly 7g,4.840521 BTC,Belgium
QuickSource60,Drugs/Stimulants/Meth,Ice Tested Crystal 7g,1.618565 BTC,No Info
SilentVendor726,Drugs/Cannabis/Edibles,Quality Lab Items 2ct,0.111736 BTC,Czech Republic
SpeedVendor287,Drugs/Ecstasy/MDMA,Pure Verified Molly 100g,3.321058 BTC,Poland
SpeedMarket271,Drugs/Opioids/Fentanyl,Research Chemical Pure Fent 50g,0.113294 BTC,China
BlueStore78,Drugs/Cannabis/Weed,Quality Lab Items 10ct,1.238278 BTC,Switzerland
DeltaStore687,Drugs/Opioids/Fentanyl,Quality Fentanyl Powder 28g,2.048605 BTC,Czech Republic
VenomVendor269,Drugs/Opioids/Heroin,High Quality Pure Heroin 28g,1.029994 BTC,Belgium
BlueStore78,Drugs/Psychedelics/Mushrooms,Verified Cubensis 14g,8.068337 BTC,France
SpeedMarket529,Drugs/Prescription/Xanax,Pressed Premium Xanax 5ct,0.357082 BTC,USA/Europe
BlueStore78,Drugs/Psychedelics/Mushrooms,Psilocybin Premium Mushrooms 14g,3.374304 BTC,USA/Europe
DeltaMarket543,Drugs/Stimulants/Meth,Tested Methamphetamine 10g,2.688596 BTC,Netherlands
UltraVendor891,Drugs/Stimulants/Meth,Quality Methamphetamine 7g,0.164403 BTC,Europe
BlackShop465,Drugs/Psychedelics/LSD,High-Dose Lab Tabs 28ct,2.599946 BTC,UK
SpeedMarket519,Drugs/Cannabis/Edibles,Quality Lab Items 28ct,4.534446 BTC,No Info
VenomSource928,Drugs/Ecstasy/MDMA,Premium Ecstasy Crystals 14g,0.099477 BTC,France
SpeedDealer285,Drugs/Psychedelics/DMT,Verified Spice 5g,5.616558 BTC,Canada
StealthPro162,Drugs/Cannabis/Hash,Quality Lab Items 2ct,7.098315 BTC,UK
OmegaKing43,Drugs/Psychedelics/LSD,High-Dose Quality Tabs 250ct,1.20381 BTC,Germany
BlueStore78,Drugs/Opioids/Oxycodone,Authentic Quality Oxy 100ct,2.639869 BTC,China
AlphaDirect701,Drugs/Opioids/Fentanyl,Research Chemical Lab Fent 2g,2.944421 BTC,Worldwide
StealthKing618,Drugs/Opioids/Oxycodone,Authentic Tested Oxy 50ct,0.217349 BTC,UK
UltraLab620,Drugs/Cannabis/Hash,Grade-A Quantity 5g,2.698538 BTC,Switzerland
BlueStore943,Drugs/Cannabis/Hash,Verified Quantity 2g,0.712148 BTC,Canada
SpeedDealer285,Drugs/Prescription/Adderall,Authentic Pure Adderall 50ct,3.303406 BTC,Spain
AlphaDirect701,Drugs/Cannabis/Hash,Pure Quantity 500g,4.964153 BTC,Belgium
KingBoss990,Digital/Hacking,Pure Fullz,0.033906 BTC,China
GreenExpert605,Drugs/Psychedelics/Mushrooms,Dried Quality Shrooms 500g,7.574273 BTC,Switzerland
AlphaStore354,Drugs/Stimulants/Cocaine,Fishscale Lab Coke 25g,2.58461 BTC,Poland
GreenDealer162,Digital/Hacking,Compromised Pure Database,1.433897 BTC,No Info
AlphaKing870,Drugs/Psychedelics/Mushrooms,Quality Cubensis 250g,1.534054 BTC,Poland
AlphaMaster277,Drugs/Opioids/Heroin,Verified Heroin 50g,4.032238 BTC,Czech Republic
PureMarket224,Drugs/Ecstasy/MDMA,Crystal Grade-A MDMA 25g,4.26596 BTC,Worldwide
SpeedDealer285,Drugs/Psychedelics/LSD,High-Dose Quality Tabs 10ct,1.103558 BTC,USA/Europe
UltraSource684,Drugs/Psychedelics/LSD,Grade-A Liquid LSD 10ml,0.523537 BTC,Canada
SwiftDealer556,Drugs/Psychedelics/Mushrooms,Psilocybin Pure Mushrooms 5g,8.194081 BTC,Switzerland
SilentMarket838,Drugs/Psychedelics/DMT,Verified Spice 1g,1.378198 BTC,UK
PureMarket96,Drugs/Psychedelics/DMT,Crystal Tested DMT 28g,1.391949 BTC,France
BlueStore78,Drugs/Opioids/Fentanyl,Pure Fentanyl Powder 2g,2.696037 BTC,Belgium
SpeedShop526,Drugs/Opioids/Fentanyl,Verified Fentanyl Powder 28g,3.712172 BTC,Poland
KingLab317,Fraud/Documents,Fake Quality ID,0.545593 BTC,Czech Republic
SpeedVendor287,Drugs/Ecstasy/Pills,Lab Ecstasy Tabs 10ct,0.046294 BTC,Australia
BlackMarket588,Drugs/Psychedelics/Mushrooms,Dried Pure Shrooms 7g,4.047091 BTC,Belgium
CryptoDealer638,Fraud/Documents,Fake Tested ID,0.30977 BTC,Netherlands
VenomPro997,Drugs/Dissociatives/Ketamine,Research Grade Pure Ketamine 5g,4.143145 BTC,USA/Europe
QuickDirect928,Drugs/Ecstasy/MDMA,Pure Grade-A Molly 1g,2.263695 BTC,Czech Republic
AlphaDirect701,Drugs/Cannabis/Edibles,Premium Tested Product 5g,2.319483 BTC,India
PharmaDirect770,Drugs/Psychedelics/Mushrooms,Dried Lab Shrooms 25g,4.395916 BTC,Spain
UltraVendor891,Fraud/Documents,Premium License Replica,0.803455 BTC,USA/Europe
QuickPro135,Drugs/Stimulants/Speed,Quality Verified Amphetamine 10g,4.112165 BTC,Canada
QuickKing639,Drugs/Opioids/Oxycodone,Authentic Pure Oxy 14ct,3.399775 BTC,Netherlands
BluePro475,Drugs/Stimulants/Meth,Ice Lab Crystal 2g,2.491641 BTC,USA
KingBoss990,Digital/Hacking,Compromised Premium Database,0.139236 BTC,France
StealthShop752,Drugs/Prescription/Xanax,Grade-A Benzo 2ct,2.955335 BTC,China
SwiftDealer556,Drugs/Psychedelics/Mushrooms,Premium Cubensis 25g,3.118331 BTC,USA
DarkBoss582,Drugs/Stimulants/Meth,Lab Methamphetamine 50g,3.206372 BTC,Switzerland
NightLab646,Drugs/Psychedelics/Mushrooms,Dried Pure Shrooms 5g,3.058816 BTC,Spain
AlphaStore354,Fraud/Documents,Counterfeit Grade-A Passport,5.205756 BTC,Netherlands
VenomVendor269,Drugs/Cannabis/Weed,Quality Grade-A Items 50ct,2.00446 BTC,Switzerland
SecureBoss844,Drugs/Psychedelics/LSD,Lab LSD Blotters 50ct,2.649304 BTC,UK
PharmaDirect647,Drugs/Opioids/Heroin,Brown Premium Dope 50g,7.243918 BTC,Australia
SilentVendor726,Drugs/Stimulants/Meth,Ice Premium Crystal 10g,4.369854 BTC,France
SwiftStore884,Fraud/Documents,Fake Verified ID,3.816559 BTC,France
AlphaStore95,Drugs/Psychedelics/Mushrooms,Premium Cubensis 1g,0.324059 BTC,Australia
DeltaMarket543,Drugs/Cannabis/Edibles,Grade-A Quantity 7g,5.346299 BTC,Europe
AlphaStore878,Drugs/Cannabis/Edibles,Premium Pure Product 2g,4.067618 BTC,Worldwide
SilentMaster997,Drugs/Prescription/Adderall,Verified Amphetamine Salts 5ct,3.127837 BTC,France
GhostLab755,Drugs/Stimulants/Meth,Premium Pure Meth 10g,6.171401 BTC,USA
StealthVendor191,Drugs/Stimulants/Speed,Crystal Quality Speed 14g,1.378721 BTC,USA
ShadowVendor173,Digital/Hacking,Compromised Tested Database,0.413103 BTC,China
PharmaSource204,Digital/Hacking,Compromised Tested Database,0.121215 BTC,Canada
CryptoDirect666,Digital/Hacking,Lab Fullz,4.540269 BTC,Poland
PharmaDirect770,Drugs/Ecstasy/Pills,Premium Ecstasy Tabs 50ct,3.317326 BTC,USA/Europe
RedLab835,Drugs/Opioids/Oxycodone,Authentic Lab Oxy 500ct,4.596572 BTC,India
BlueKing295,Drugs/Ecstasy/Pills,Premium Ecstasy Tabs 50ct,3.598523 BTC,India
GreenMarket125,Drugs/Opioids/Fentanyl,Research Chemical Tested Fent 28g,6.889904 BTC,Poland
OmegaDirect105,Drugs/Prescription/Xanax,Pressed Premium Xanax 14ct,1.270152 BTC,Canada
QuickDirect928,Drugs/Stimulants/Cocaine,Quality Blow 28g,1.352536 BTC,Spain
SilentMarket189,Drugs/Prescription/Adderall,Verified Amphetamine Salts 14ct,1.150036 BTC,Poland
AlphaKing463,Digital/Hacking,Hacked Grade-A Account,0.790006 BTC,Worldwide
AlphaKing870,Drugs/Prescription/Xanax,Authentic Lab Xanax 50ct,7.38217 BTC,USA/Europe
PharmaExpert186,Drugs/Psychedelics/LSD,Verified Liquid LSD 25ml,6.550847 BTC,Belgium
GhostLab755,Drugs/Cannabis/Hash,Lab Quantity 500g,4.79665 BTC,Spain
QuickDirect928,Drugs/Cannabis/Edibles,Quality Verified Items 50ct,4.339746 BTC,Spain
SpeedMarket529,Drugs/Opioids/Heroin,Brown Grade-A Dope 1g,2.847285 BTC,France
PureVendor480,Drugs/Stimulants/Cocaine,Fishscale Tested Coke 1g,2.181492 BTC,Europe
StealthPro162,Fraud/Documents,Quality License Replica,0.48731 BTC,Czech Republic
QuickDealer552,Drugs/Prescription/Xanax,Pressed Quality Xanax 1ct,0.666108 BTC,Poland
DarkExpert536,Drugs/Dissociatives/Ketamine,Research Grade Grade-A Ketamine 250g,3.012053 BTC,Worldwide
AlphaStore354,Drugs/Prescription/Adderall,Authentic Quality Adderall 14ct,0.534177 BTC,Spain
AlphaKing463,Drugs/Opioids/Fentanyl,Quality Fentanyl Powder 100g,2.769078 BTC,Australia
SpeedDealer285,Drugs/Dissociatives/Ketamine,Quality K Powder 14g,1.186282 BTC,Belgium
UltraKing555,Drugs/Psychedelics/Mushrooms,Psilocybin Pure Mushrooms 28g,1.043603 BTC,Canada
PureMarket96,Drugs/Ecstasy/MDMA,Pure Verified Molly 50g,2.230399 BTC,UK
SilentMarket838,Drugs/Ecstasy/Pills,Quality MDMA Pressed Pills 7ct,3.326832 BTC,Germany
SpeedVendor287,Drugs/Prescription/Adderall,Authentic Premium Adderall 2ct,4.793366 BTC,Germany
PharmaSource204,Drugs/Opioids/Oxycodone,Authentic Pure Oxy 25ct,0.358294 BTC,Europe
BlackMarket588,Fraud/Documents,Fake Grade-A ID,1.137137 BTC,Worldwide
BlackExpert873,Drugs/Stimulants/Speed,Grade-A Speed Paste 2g,2.402749 BTC,Spain
KingBoss990,Drugs/Stimulants/Speed,Quality Grade-A Amphetamine 25g,3.505795 BTC,Canada
SilentMaster997,Drugs/Cannabis/Weed,Premium Lab Product 1g,0.610247 BTC,Czech Republic
VenomSource928,Fraud/Documents,Premium License Replica,1.664363 BTC,Europe
DarkBoss582,Drugs/Prescription/Tramadol,Generic Grade-A Ultram 250ct,3.592207 BTC,USA
UltraVendor891,Drugs/Opioids/Fentanyl,Grade-A Fentanyl Powder 28g,4.832338 BTC,Switzerland
KingBoss990,Digital/Hacking,Premium Fullz,2.757809 BTC,India
KingLab317,Drugs/Stimulants/Cocaine,High Purity Grade-A Cocaine 2g,0.71661 BTC,Poland
OmegaKing43,Drugs/Cannabis/Weed,Quality Pure Items 500ct,2.4439 BTC,USA/Europe
OmegaDirect105,Drugs/Opioids/Heroin,Brown Verified Dope 7g,2.817396 BTC,Germany
StealthKing618,Drugs/Cannabis/Weed,Premium Grade-A Product 2g,3.397279 BTC,No Info
BluePro475,Drugs/Cannabis/Edibles,Premium Tested Product 14g,3.484864 BTC,Poland
QuickKing639,Fraud/Documents,Quality License Replica,1.923423 BTC,USA
CryptoDirect666,Drugs/Dissociatives/Ketamine,Grade-A K Powder 250g,2.610706 BTC,Czech Republic
SwiftDealer556,Drugs/Opioids/Heroin,Brown Pure Dope 14g,3.946383 BTC,Belgium
VenomSource928,Fraud/Documents,Lab License Replica,2.064905 BTC,USA
AlphaDirect701,Drugs/Cannabis/Hash,Quality Verified Items 25ct,0.892634 BTC,Germany
UltraKing555,Digital/Hacking,Hacked Verified Account,2.502778 BTC,No Info
DarkShop818,Drugs/Cannabis/Edibles,Quality Grade-A Items 14ct,0.780937 BTC,USA/Europe
ShadowVendor173,Drugs/Cannabis/Edibles,Lab Quantity 100g,3.849513 BTC,No Info
PharmaDirect770,Drugs/Cannabis/Weed,Premium Pure Product 14g,1.81001 BTC,Spain
QuickMaster491,Fraud/Documents,Counterfeit Grade-A Passport,4.95122 BTC,Switzerland
QuickMaster491,Drugs/Dissociatives/Ketamine,Grade-A K Powder 25g,0.211111 BTC,Spain
BlueStore78,Digital/Hacking,Tested Fullz,1.435737 BTC,Canada
CryptoDirect666,Drugs/Cannabis/Hash,Quality Quantity 25g,4.801423 BTC,Netherlands
KingKing458,Fraud/Documents,Fake Pure ID,3.074189 BTC,France
SwiftExpert794,Drugs/Opioids/Fentanyl,Premium Fentanyl Powder 250g,1.30608 BTC,No Info
UltraDirect809,Drugs/Psychedelics/Mushrooms,Psilocybin Pure Mushrooms 50g,4.730473 BTC,France
BlueKing295,Fraud/Documents,Counterfeit Premium Passport,6.425403 BTC,Netherlands
SwiftKing346,Fraud/Documents,Fake Lab ID,3.014977 BTC,Belgium
UltraKing555,Digital/Hacking,Hacked Premium Account,0.79817 BTC,UK
VenomSource928,Fraud/Documents,Fake Pure ID,1.813094 BTC,Europe
AlphaMaster277,Drugs/Stimulants/Speed,Verified Speed Paste 25g,5.243941 BTC,Netherlands
SilentMarket189,Digital/Hacking,Verified Fullz,9.139986 BTC,Worldwide
SwiftKing346,Drugs/Psychedelics/Mushrooms,Psilocybin Verified Mushrooms 50g,0.912189 BTC,No Info
UltraLab620,Drugs/Psychedelics/LSD,Premium Liquid LSD 14ml,4.583393 BTC,China
KingKing458,Drugs/Psychedelics/Mushrooms,Grade-A Cubensis 2g,0.966598 BTC,UK
BlackBoss982,Drugs/Prescription/Tramadol,Generic Lab Ultram 500ct,2.055743 BTC,Poland
EliteMaster689,Drugs/Psychedelics/Mushrooms,Dried Premium Shrooms 2g,3.624838 BTC,France
EliteMaster689,Drugs/Opioids/Oxycodone,Tested Percs 28ct,1.211066 BTC,USA/Europe
AlphaVendor354,Digital/Hacking,Grade-A Fullz,0.28314 BTC,China
AlphaVendor354,Drugs/Opioids/Heroin,Brown Premium Dope 7g,4.93154 BTC,No Info
AlphaMaster277,Drugs/Opioids/Oxycodone,Grade-A Percs 5ct,0.713424 BTC,Germany
SwiftDealer556,Drugs/Stimulants/Cocaine,Fishscale Grade-A Coke 10g,4.172717 BTC,Poland
SilentMaster997,Drugs/Cannabis/Hash,Tested Quantity 100g,1.308012 BTC,France
UltraDirect809,Drugs/Stimulants/Cocaine,High Purity Lab Cocaine 250g,2.744958 BTC,France
UltraKing555,Drugs/Ecstasy/MDMA,Grade-A Ecstasy Crystals 2g,1.852017 BTC,Australia
SpeedMarket519,Drugs/Psychedelics/Mushrooms,Psilocybin Tested Mushrooms 100g,5.786518 BTC,Europe
QuickDirect928,Drugs/Stimulants/Speed,Crystal Tested Speed 100g,4.073022 BTC,Netherlands
SpeedMarket519,Drugs/Dissociatives/Ketamine,Research Grade Quality Ketamine 25g,1.118289 BTC,Belgium
PharmaSource313,Drugs/Psychedelics/Mushrooms,Psilocybin Verified Mushrooms 2g,2.042167 BTC,UK
DeltaMarket608,Drugs/Opioids/Oxycodone,Authentic Grade-A Oxy 2ct,1.78052 BTC,Worldwide
PureMarket96,Drugs/Psychedelics/LSD,High-Dose Grade-A Tabs 1ct,4.290327 BTC,Europe
NightLab646,Drugs/Cannabis/Weed,Quality Pure Items 7ct,1.019155 BTC,Worldwide
StealthKing618,Drugs/Opioids/Heroin,Grade-A Heroin 100g,1.824337 BTC,Australia
PharmaDirect647,Drugs/Psychedelics/DMT,Extracted Verified DMT 250g,2.600887 BTC,Canada
SpeedDealer285,Drugs/Cannabis/Weed,Quality Grade-A Items 250ct,1.139551 BTC,Switzerland
AlphaKing463,Drugs/Stimulants/Cocaine,Pure Blow 25g,1.302631 BTC,Worldwide
BlackShop465,Drugs/Psychedelics/Mushrooms,Premium Cubensis 50g,1.282433 BTC,USA
VenomSource815,Drugs/Opioids/Oxycodone,Authentic Grade-A Oxy 25ct,0.543955 BTC,USA/Europe
DeltaMarket543,Drugs/Stimulants/Speed,Crystal Grade-A Speed 25g,2.447891 BTC,France
CryptoDealer638,Fraud/Documents,Tested License Replica,1.996932 BTC,Czech Republic
UltraDirect809,Drugs/Opioids/Heroin,High Quality Lab Heroin 14g,5.849587 BTC,Spain
UltraMarket470,Drugs/Stimulants/Meth,Ice Grade-A Crystal 1g,1.582551 BTC,No Info
PureVendor480,Drugs/Ecstasy/MDMA,Premium Ecstasy Crystals 10g,3.007452 BTC,Netherlands
BlueStore78,Drugs/Ecstasy/MDMA,Quality Ecstasy Crystals 500g,2.670864 BTC,Germany
SilentMaster955,Drugs/Psychedelics/DMT,Extracted Tested DMT 14g,0.102616 BTC,Europe
PharmaDirect770,Drugs/Opioids/Oxycodone,Grade-A Percs 7ct,0.950197 BTC,No Info
AlphaStore354,Drugs/Psychedelics/Mushrooms,Psilocybin Premium Mushrooms 1g,1.011943 BTC,Germany
UltraVendor891,Fraud/Documents,Fake Pure ID,3.140773 BTC,No Info
AlphaKing463,Drugs/Cannabis/Hash,Quality Grade-A Items 10ct,0.194174 BTC,Netherlands
GhostLab755,Drugs/Psychedelics/Mushrooms,Psilocybin Verified Mushrooms 50g,0.74216 BTC,China
SpeedVendor287,Drugs/Ecstasy/Pills,Blue Verified Press 28ct,0.619331 BTC,China
BlueKing295,Drugs/Opioids/Fentanyl,Research Chemical Pure Fent 250g,3.476729 BTC,USA/Europe
SpeedMarket271,Drugs/Prescription/Adderall,Authentic Premium Adderall 1ct,6.708866 BTC,UK
DarkBoss582,Drugs/Cannabis/Edibles,Tested Quantity 25g,5.617099 BTC,No Info
ShadowVendor954,Drugs/Psychedelics/DMT,Crystal Lab DMT 14g,1.941027 BTC,Canada
VenomSource815,Drugs/Opioids/Heroin,Quality Heroin 10g,2.363981 BTC,UK
AlphaStore132,Drugs/Stimulants/Meth,Premium Methamphetamine 14g,5.67651 BTC,UK
GreenMarket125,Drugs/Opioids/Oxycodone,Authentic Premium Oxy 100ct,4.285805 BTC,USA
EliteMaster689,Drugs/Cannabis/Edibles,Lab Quantity 5g,2.125873 BTC,India
PharmaExpert186,Drugs/Prescription/Adderall,Verified Amphetamine Salts 1ct,3.487814 BTC,Canada
CryptoDirect666,Drugs/Stimulants/Meth,Ice Pure Crystal 10g,2.519619 BTC,Switzerland
DarkExpert536,Fraud/Documents,Premium License Replica,4.056073 BTC,USA
VenomLab714,Drugs/Stimulants/Cocaine,Pure Blow 2g,3.360146 BTC,Germany
AlphaStore95,Drugs/Cannabis/Hash,Premium Tested Product 100g,1.862331 BTC,Belgium
VenomLab764,Drugs/Opioids/Oxycodone,Pure Percs 5ct,4.435144 BTC,Belgium
DeltaStore687,Drugs/Dissociatives/Ketamine,Verified K Powder 10g,3.163906 BTC,Netherlands
EliteShop410,Drugs/Psychedelics/Mushrooms,Psilocybin Grade-A Mushrooms 28g,1.583172 BTC,Germany
DarkShop818,Drugs/Prescription/Tramadol,Generic Lab Ultram 10ct,4.23629 BTC,Spain
AlphaStore878,Drugs/Cannabis/Edibles,Quality Pure Items 14ct,0.641806 BTC,Switzerland
SwiftStore884,Drugs/Prescription/Tramadol,Generic Quality Ultram 10ct,3.914878 BTC,Europe
CryptoDealer638,Drugs/Ecstasy/MDMA,Pure Grade-A Molly 50g,0.819317 BTC,China
ShadowVendor954,Drugs/Stimulants/Speed,Quality Lab Amphetamine 1g,7.384268 BTC,Belgium
AlphaStore878,Digital/Hacking,Compromised Pure Database,8.526696 BTC,Worldwide
VenomLab764,Drugs/Opioids/Fentanyl,Lab Fentanyl Powder 50g,1.927707 BTC,Czech Republic
AlphaStore878,Drugs/Opioids/Fentanyl,Research Chemical Premium Fent 100g,1.00125 BTC,Belgium
KingBoss990,Drugs/Cannabis/Edibles,Quality Lab Items 5ct,4.148954 BTC,Canada
AlphaDirect701,Drugs/Opioids/Oxycodone,Authentic Quality Oxy 14ct,0.98595 BTC,UK
SwiftKing346,Drugs/Cannabis/Hash,Verified Quantity 500g,2.457078 BTC,UK
SwiftStore884,Drugs/Psychedelics/LSD,Verified Liquid LSD 1ml,5.996346 BTC,No Info
VenomPro997,Drugs/Prescription/Tramadol,Premium Tramadol 14ct,2.093714 BTC,Spain
BlueKing295,Digital/Hacking,Premium Fullz,2.918637 BTC,France
GreenMarket125,Drugs/Opioids/Fentanyl,Lab Fentanyl Powder 100g,3.402244 BTC,USA/Europe
CryptoDirect666,Drugs/Stimulants/Speed,Crystal Tested Speed 500g,5.406795 BTC,Belgium
PharmaExpert186,Drugs/Psychedelics/Mushrooms,Quality Cubensis 5g,6.279363 BTC,USA/Europe
QuickMaster491,Drugs/Opioids/Oxycodone,Authentic Tested Oxy 2ct,1.66079 BTC,India
VenomSource928,Drugs/Stimulants/Cocaine,Tested Blow 100g,5.087716 BTC,Canada
DarkShop818,Drugs/Cannabis/Hash,Premium Tested Product 1g,2.894906 BTC,Netherlands
QuickDealer552,Drugs/Stimulants/Meth,Grade-A Methamphetamine 10g,4.904357 BTC,Europe
VenomVendor269,Drugs/Opioids/Heroin,Grade-A Heroin 500g,3.684508 BTC,No Info
UltraMarket470,Drugs/Psychedelics/Mushrooms,Premium Cubensis 50g,2.700872 BTC,Canada
PureMarket224,Drugs/Stimulants/Speed,Crystal Pure Speed 1g,1.737557 BTC,Spain
PharmaBoss522,Drugs/Prescription/Adderall,Verified Amphetamine Salts 100ct,1.702191 BTC,Germany
SwiftDealer556,Drugs/Opioids/Fentanyl,Grade-A Fentanyl Powder 250g,2.952298 BTC,Germany
DarkExpert536,Digital/Hacking,Verified Fullz,4.758678 BTC,Spain
SwiftStore884,Drugs/Psychedelics/DMT,Extracted Lab DMT 10g,1.173053 BTC,No Info
SpeedVendor287,Drugs/Prescription/Adderall,Authentic Premium Adderall 2ct,2.1656 BTC,Canada
ShadowVendor173,Drugs/Prescription/Xanax,Premium Benzo 25ct,3.607275 BTC,Europe
DarkShop818,Drugs/Psychedelics/Mushrooms,Psilocybin Tested Mushrooms 28g,4.342687 BTC,France
QuickKing639,Drugs/Stimulants/Cocaine,High Purity Premium Cocaine 10g,7.324298 BTC,France
GreenExpert605,Drugs/Cannabis/Weed,Premium Quantity 100g,0.16101 BTC,USA
BlueStore78,Drugs/Psychedelics/LSD,Lab LSD Blotters 28ct,4.287076 BTC,USA/Europe
UltraDirect809,Drugs/Ecstasy/MDMA,Crystal Pure MDMA 500g,3.020778 BTC,Belgium
DarkBoss582,Digital/Hacking,Compromised Premium Database,7.075056 BTC,Canada
GreenExpert605,Drugs/Dissociatives/Ketamine,Research Grade Grade-A Ketamine 100g,3.673475 BTC,USA
BlueStore943,Drugs/Prescription/Adderall,Pure Amphetamine Salts 5ct,0.271117 BTC,USA
EliteShop410,Drugs/Opioids/Heroin,Tested Heroin 2g,3.451824 BTC,France
ShadowDealer416,Drugs/Psychedelics/LSD,Tested Liquid LSD 50ml,5.05341 BTC,France
GreenDealer162,Drugs/Cannabis/Hash,Quality Quality Items 5ct,1.395473 BTC,India
SilentMaster955,Drugs/Ecstasy/MDMA,Crystal Lab MDMA 100g,2.995537 BTC,Czech Republic
BlueStore78,Drugs/Opioids/Oxycodone,Authentic Lab Oxy 2ct,0.953831 BTC,Europe
SilentMarket189,Drugs/Cannabis/Hash,Premium Verified Product 5g,7.556158 BTC,Czech Republic
GreenExpert605,Drugs/Dissociatives/Ketamine,Research Grade Quality Ketamine 28g,0.190084 BTC,France
Example,Drugs/Opioids/Heroin,Test Intelligence,,Unknown
Example,Drugs/Opioids/Heroin,Heroin Vendor Investigation,,Unknown
Example,Drugs/Opioids/Heroin,Test Intelligence,,Unknown
Example,Drugs/Uncategorized,Test content,,Unknown
127,Drugs/Stimulants/Cocaine,A simple public message stream,,Unknown
127,Drugs/Uncategorized,C Chandigarh_Big_Drug_ManHello my friend ChittaPatialaKing pls supply me fresh maal from your patiala farms,,Unknown
127,Drugs/Stimulants/Cocaine,"A abc123Mega deal, get 1kg flour free on 1kg cocaine, Come to sector 17, Chandigarh or Patiala,Punjab",,Unknown
127,Drugs/Stimulants/Cocaine,"A abc123Mega deal, get 1kg flour free on 1kg cocaine, Come to sector 17, Chandigarh or Patiala,Punjab",,Unknown
10,Drugs/Stimulants/Cocaine,"A abc123Mega deal, 1kg flour free with 1 kg cocaine, come get it at sector 17,Chandigarh, or Patiala,Punjab",,Unknown
10,Drugs/Stimulants/Cocaine,"A abc123Mega deal, 1kg flour free with 1 kg cocaine, come get it at sector 17,Chandigarh, or Patiala,Punjab",,Unknown
10,Drugs/Stimulants/Cocaine,"[ { ""created_at"": ""2026-09-08T03:20:43.990986+00:00"", ""id"": 1, ""msg"": ""just testing this thing out, ignore me"", ""sender""",,Unknown
10,Drugs/Opioids/Heroin,"[ { ""created_at"": ""2026-09-08T03:20:43.990986+00:00"", ""id"": 1, ""msg"": ""just testing this thing out, ignore me"", ""sender""",,Unknown
10,Drugs/Stimulants/Cocaine,"A abc123Mega deal, 1kg flour free with 1 kg cocaine, come get it at sector 17,Chandigarh, or Patiala,Punjab",,Unknown
10,Drugs/Opioids/Heroin,A simple public message stream,,Unknown
127,Drugs/Stimulants/Cocaine,"E eryluyveuinmelrhello my friends, i am your favourite seller eryluyveuinmelr, come to Jammu, cocaine is at 50% off",,Unknown
127,Drugs/Stimulants/Cocaine,A simple public message stream,,Unknown
