input_address,output_address
1tTp5W6tvF2rFMyDBzQhCfKT7RLxg8SpcU,17RqfbZvS6L32cXK6XcK47sbumymTTc
bc1adt980pnph7dmq8yf5u2gm6458kf8rnav0a5tuf,39524GatuWpf9MsobjF4BFccH6opk1dEUt
bc13pxuxdahp8ffgxrf4kdh44e3q3u72kymvjpu55l,3xkgcaTfHDjxzCqKM7QH11KAuGhkJZzwUX
1bZ9MwD5XriFshP3WCPxVpRe4rU,3CT22oUPUAq16YRUZiZ9ja7yyQCmnSBeqk
1725RReYvuSXqn9PMfxZzfmuDpqcdFtjBv,1gYLBjMMHzQNPVeXCdHNSx4yB5JHJ
3wpf7dkhgJXJGsCUaRkMLVarPWFH98WbGK,bc144yvccdl40zsqsuej685efx4kxa7xuw3y4unlms
3ffmAFWqjv78uAVpwSb59rZWpBmzHdB3Pa,1AzCjgksMLsm12YNokzTbc1Xm
3LmX3KQwewnDBxKVaUc9HAoAdTdWKWxJpg,1EfAoBmjg5kP8nQR1YggehzjbU
1vuXhNy568p5ZSxEGKohjKG5C,3ShwrB3MyYd8F4z5mZ9BhmX6z8iGqCFQsb
3pHY93j5pkRUtSWSP29nWBGyDTEWpwE5zV,175XSkJhsVKY65Kp2Dr7LsAPZZ1L
1eNKquaygj1CPZ66EfUUUJBmGyEyTGrFhw,3Q9sxQ1BRjkYWNH1svEmNEWJgd5QTtK5Kv
14pUsnfpv2zvZ155FQc4WntiYhkU,1VRPnw9zZE4S14vxC4JBRMqAXoG
bc1dcp68eu3z2yk7365hj422qq80rvwtmferk7t4xv,3CX5ccGvZ2zCiwNPxgAfiN5PhDuRsGb7F4
1Yr3VRqkTN7oXzGhKrHHJVEhNeecFmU6,1q6gov1nrJQ8tJ1Cxr3Gt4VQtZAALCVz7Z
3ry5J2Pcm8m2Tjd9uPBc1uLcY3unm2Vx9e,32sSXWDKKYtMC6tR8s5ethQz6xv5Grr74e
16z7UzrY8bdKUu8fNciUkrCD8wE5,1tdhSMLCko5vmZ6oh6KemUw9tFNBvLrKV4
1QexCTLBsG9FicEHcVXrU3YrQCuVZ4JWs,1svhbfzRrSBoWSEwmmeVS6V3hejdrx
1wUWQ7LejV6XsNDf9rYyM2mknqVbqN,3G8iT6jehT1dXhnNvsfb5LRZrZjTehgrRe
18CrosF56jKWAv5hYn7xggG5cQD1Gp,1ggKWnJoe2QCgYqXiAFsywwQwiSiV
3YFskU8sYizQhhuULo4Z9R74dnEM2weSgA,1wkgX6qeefMyEQuxZr2XcrR6rXs
3XBEcA56r9VLzJ871Z2TSjTaA7ix6nymb5,19rU1yk3BXnTjQHLBJTwPsdpfQSdv1mBT
1W25hXGFPjafpyY7wr5jfrMZMPG7LCv,1fVhqEzPs1Wp3BkkM3Ycd4fZwnvdRDeo
3VhYdQv7U4rVuXor1mN9fADMg5PsNnYS7G,bc1cwdf258vjm5yl2usuxe8dpnrdha2ephpapce30g
16aEukaSdiRZ2e8zSz3288AKYG7wnJ,1FJ8MC61d6QwcHdFvtDdBosDHyQox
bc1sdyr0npesr0yn6uc5stps8eevjhckry08mfudxk,bc1w9a3clsf04kaajvtgu0l9kp9x2zmj6hk8mwsdk5
bc12pvyvgmu9fg9e8trhd35xru2h6q7ewmxvfcwssz,3Vr5Y7FEtkfa5jP9qWVu1uqC74iGknFUkL
1PD8MrnmtxFgWSpG5bpsygcpij,3eyrgfZRMhn8WYfi2KFrhpgSSZ52dCJbnN
1KyHYBeXo27sot9FKSgAEYmGdC,1NKitJTbU6f8bLNobjYDdsLsJcqgq4bD
1XryMFzham8DpputWTMTSdCCpY,bc1fzkmgyt5f2pvg98adnvdgzz2795yuygqd0n8vwz
188vs4wTfLF2KEN88dJFDSgouiu4ReH,1fEHm9J1FGoC1PPLSRjQd9zVEB2
1HAyqfP8UbxFC7yAEoMsUS2J1u,173F77taEXGthQPDphVACdhH1Budjrg
1rcveVA53wDMc7K5oYhoVRQqxX8g,3rqda97TGrRh5sgSQCqmQAvgtUwaBqq5zp
1iNBGVZ4FiF2azVV44v2pcsqmjsvP,bc10pts07n8nepvz4qfhasksjglukmq8crjupxx6rn
3P7ETBCceZp4zh9eCrHGS4Rr1zYzWGdcmV,bc1llc29rt5r4chn55z095l4n60eqqs7dhpcedwh4k
1rzsm132uh5aHSLSLboCS1YRw4zRC5,bc16f8a9zap9tdcuzxrcv8wsuhwr4qs0evzny3rhue
3kYVUVmBwWb73Q5LuWkwXTnrzx9CrNuy5K,14oDdMUnHMt1cRSNQoZ3Xyi6p1PJbo
bc1zwfef6ethz6t0rud0uaq9473uy7f00y6xylmn0z,3eQAuXud7CADjneSJTFozSiFyfVopFHZia
3C218HRnhvFB5zHSn1bfVhf6DKjjY7S8RC,1Y2nFpa6mQh9LV3wj3oPY2sMcpbpZm
bc1krlthqyu6p2s2mvuxzw7ska0s3d7tfqkzdm998f,1wk9JFY6czF4zcKyndDbuABMTQCBTKvgbL
bc1cy9ckl4zqawshskqqcr8d8zy0xv58hlwuy2eped,1qTJXrYerZUGDnRTbx4BR2jHCEYjsjcU
3yFSnJfveptotWVvFjX2Woc1ruWYGCHqL2,bc1uazcp8vqu9y02fnfw63vwdejdyxcepdmd3v7xwp
3aVYXADyVBVmvRnQrF1Vop9hfPGuDesTgf,3mgiWeCU1aVD7zkdpdVV6ZoRJ49QF6ovE6
1x8s5TxNtZESG1HDmD3CRZWopMd,1VFYD6QELNmn1udWN17AvcmV1
3Yt2T1sxHKKC3S3ntv2gqavaQ9UKZ76twu,14zvzfVmJA8sM5eDcUwhD8NL3J7sntVqa
32T6WYccoPGfUcgkY2wn5zo7F8BeyU8VNQ,1oWnsB4Q9ayt2ThMZpjZFC3H4MWEci
3hsYcuAwPMjyXbrU81WA8Nj4jyiFchBzoW,bc14twvd6xvu4uycvyrn5z8v7ld8nv46au009extwz
1rzsm132uh5aHSLSLboCS1YRw4zRC5,1apCkH17dW8XKMhqAZ3TpceRLz
11hcRUTsz6uWcx9JQ4bWztg5eN72Ls5W,3tmnHsdybmfXjsRMYTHsy6KnmaXLdysDgD
bc1l7duru0nf3hp0u4xfsz97jtf7plquaurreygavx,12454ns6MZSmgcdUGxcbqswBN
1UiquU1NtRydmisW3BLsExcNtmAL3QhQa,1rNSFQjLzUCsPoswG7C6P214ahE8Kb3
1ALrCX7s2BJMUx6N4ke6JZaCQ,1JKF9MBgeJMJYurnRDDHL2Ctahx
1dErtVjv21PEd1g5UZVndXavvku7,bc1mfgqpejajtft5rjjqae00p7sz89jx7ewpy0y8fk
31xBc2qNqAKqJfxiKJQcio6hj1vEjgEwXB,1GUoM9TA9G3dHZ1vzMuXWstEZUWZ7ZT
bc1yzeu973dzv0yxccw3eh2hpunk6hucnp5azl3cpn,3CyjGdiBPbTmaNStADKZG4gtTivJ9k8Gsg
1vC3qNBM73X4nGFMFvTWkxuLcMaogGv4,1QN47cD4k6mQsZiAfK93nRcoecz
bc14j56nccfy0jh8f5r2sax9xuzj3vls9v78dzmxr0,33KZowfNRi5ZvLR1w6ibDKYMBU18FSA1de
1ohCjELvt9xR7Wd9SYQQwGVAAs,173F77taEXGthQPDphVACdhH1Budjrg
1mdioN1VpWDLfjWXtzccSxoTi,1etse7wKboZSrJ4iubcycXyoF3xx
1yK4AhgkcLtinoWU4aVJWKL1k73zeLaHc,1sSYNfxzcxbgBbg7rSqbR4zysGyX9Gni7
1ESmf3PpXHcQAoWBDabSUwD3CdNFKbY,3t1ZYwhm4Bk7DxEdBdPVEagcRon2EzH5py
3yv8Rt1naTaqGbGLPiCsruEvGxrjL5vRqY,1Bw1fMe9AW7FpYcKkuoSn8VhAien
3tiWUusZzue38zUhGdMGM3vrwf4S9YLQtd,1uA68x6ftuFG1tGJqtkrrjxKNnvornM
1DzW9Tr9pybhCYb5UabWXmTMNbU844,3CNfpcR9zS2c587Y4eNLGsE1NyN7vBjJpV
1W9dErt1rsnjWiPUHuqMAFvxGRpDYM4bD,33aQv6CKkmp6NhB1pUz5A2dWMsrzCgijtW
3HpY7cSn2byrdMo3Hu4dcnBSW4RHqCN46c,1op9q5Brm6vmxtRM6nTq62ofX
3HuGEfE26fUnuEVauiiUHYLzuoE3QooqCW,1bQR14XzLq2C1YQe1gJYMFk8ZTQwAPy
bc1wqwf0jvzswvjluuyplc747977crtully8qcwsje,1nGXASbuTBAfo5bFNMKqdCUyw5C7TzT7K
3UsPc3A3dBVfeGsxLX45sy6m5jGVQPuyAN,1Amydf4t9Ynvmqz5Da9TDaLkjG5f
389C1hMETsSfKB9cMbhXXZnMWBTAcxDjht,3LVrGx7FhaA2hnqQHYivRu55rPuqXX3vxx
1xkGLP8bxFJmP5kgsGZBQfx5TLdgvv,3ioeg1HRJoD9qt11SmU1P5QMGGxTLPdibP
bc1sjga4s6sy2gw24cdxz6fc2zmwe9lwzte7wkjfvk,3vcPqHA2sjPAzUTugZkWK8KX1RoLafXq6o
1RZHUCSh41xbEsdKkG6jEnbq2nU,1gXDdrqdzzLunKe4RCiVrYtagx95dWuJ
332zKZ4xLzcp4M1eZ9JXmaGVXq6T4KZ1js,192iyhTC3TFTE53sMXGJoBh2ZB
3T8wwMGnL2LfYLczBhfi1teMfB3AVYa7s1,12sRMJSC6KUDn4bne3rjoNMWFHG
1rTr7oQR1NhyzGHSdqaX4S9tJGEVyV,1A8SJVe7YKLCYzHAeyHuUMN66QR
bc1s8sl8wls4vexpu7fectqaef76pjs6t9upq8xngr,bc19utyyjwzvzpr3a8fsyx6dx7rjg6n8uf0evklfdy
3jXmBy9ZykxZXgEdYnsx8vroxhEqSiiFye,33MdCzoCbdn5A538gzDVCjyYtwjnZnWrhZ
1V4A7BcefygqwTHFAaASto3yHKjwtC92,bc1wsnm2ae638z4jkvr5mz8g2l0tzslk6mff9lg6gd
1WU33ftNd6iG9N8QoWzN3JAaj,3nXByn1G3Gmza4pnQTWMZFxBqiKQj2K83m
bc1xvjcvvqakkwqjjq7gspwprntqe29632hfgkkxxs,3pmVnZMmbDZgyAAi5AF88jNqdS4P3uCjNq
15NzVthds1sjgmfwz5rw2fKELoFi,1eaAmq4EdrNYCJHTp7K7bszcqznP699Xt
1RZHUCSh41xbEsdKkG6jEnbq2nU,bc15vktvaxryamjuqvjs4lr5kvfwnw4du82np7rtcq
3kShV9Nx6avedXs3ZoNs4eqfKZkHLYFrDG,128qEM4fmszdBdvjMFxUfoGLhVc5Av4
bc1s8sl8wls4vexpu7fectqaef76pjs6t9upq8xngr,3hknk1e8cZPrLooAjV4MWkXPBTnRbve4aG
1D4523EkXaD37qLMauDnkA8Sq3t2Uqip,1U3CzYZ8MYg2o5UJQ3Fe63296BGDTJa
132poP6aeGYKSzgbecNaoCdWQ7,bc1z83npyr0m2ns9l58pray9ngdrt7787elknr6kpu
3hknk1e8cZPrLooAjV4MWkXPBTnRbve4aG,3dDE3ioHk4ihoq7qDdgpPDbb2XifXHa3Dj
3QVNGQ1xZ2Utkj2jseD9btYGE6eXUoUAxG,bc1ss935387vzrh86ezwtlty7tw9xlnygqyq62m3dz
3nTm97oUXrnBS4NEWd1LG3PccFos4hYkam,bc1vqzd4aztszvsxykdxdvrt4333m76fkvz2fc4ku7
bc1rps3undtjdw7npa9qmf6paeckww8ldggg3k3jt4,1HBr7AhrjYkA6MtUeKxuD6KhetCu
1csoC6wyVXd8zfNXa1yxPcSP8P8iQ1B,1rrSCo3Ya95Q1RMKTWxLfXQLm
1bZ9MwD5XriFshP3WCPxVpRe4rU,bc1w779zwjjrfcwp3qf7qvvcszwzue47gt6sjz304v
1eHiQhQ7pGZhYyohqFWEFS48aSK,bc107p7fpfq056rqc2thngecffhugjenu0ge3jqm3s
bc12ur3lnrdnugyd4aaeqlahlvnquumh59ger3dsy4,bc1ttv0w0n39hpw6ctuug3jgk4u3xq972q5c49epmv
1gDn7N1Qiegd1HRv9kLp9LwgBmyhnv19,1uaLMyJAhbJnGdaafHj2V85nFcGFkcujf
1bq1bGQtaTrCLdYCJs9ZCKNmaVj,1uDzt6nR7augYM82Mt2yVoWjFWg
bc144yvccdl40zsqsuej685efx4kxa7xuw3y4unlms,3ypwKuTFaMnhrnZfY2DVYyjPb2LTSJEGJ7
bc1yplxc5x7y3jkr49fya72kf3d4ecctjkxxmg8508,1vXF3tMuPFtDfinAVsCTKrb9Uq
1zZDW5L7L8XVpHM1FH6RDG1TJjPKkDad,bc17qje9uhlleqlu9v0zdqzwuqxlvxup2qpjxdwggj
1U346T4W8PGeXeEf46KyXntJ5JrhfPAB,bc1mmdkyl22q7h5gt536y0xdu2t5dferuw0eqafkej
3oRsdsk4978YtJomETKsHahEeaWhAyZDfj,bc1gq4dmmw8mdwyumcqcx4du2qsvwxyz649vxtgkuv
3sSG8MxWBNegmnf5ubFw8RjqLJkT6o1iJZ,3n5UBLNWwGauH7KV59iSyWT3bndiW1CFSa
1USk4v72aGH9Z2TNT142yppKC4qrLUr,bc1d3e3jd344uzwyd7ywvzlq3yskxn2kwrrns0txa0
bc1srlrtcvh8xugzqrxfffz85smqm2ayy007ypfwn5,1WgwzfYqkpPuv9UNHBH6k2Aq9gfoye
bc1v76je78qred33y6utfx66dlq44z5726l7xrf4mt,1GVcufHbszBSCDuctNepMr4K7Nw5XrU
1VG3twdPegGULo3xPwzuuhwXa53eNXe,13tfow6D8bS4sbwnJ1JdCZgREZDP
1f5Q27kbtkQcHTAh3KzS71nRp,3inEtEbWnNatERhKvWsykhrva5pYrfo7dd
1JB9R6sYhuWcDhpCbDK1v2H5Xf,1NRgJ2nx5bcehL4BmRPUUCU34qhE
3kYVUVmBwWb73Q5LuWkwXTnrzx9CrNuy5K,1MXwkq39SajcurqpJYeuT51LaJxvpnoCVs
3Pg2UPN8hY77cuMLvE61QkoY3osF44SHKb,1kWCw3G1HEJFbGye6DuUcWjiyDgLgo
bc1dqjxlfshe0xmr6jmdv5q70t2ppe0tnk4q0qypuw,1KhdbXVxSMJ7cY5C6Z2k6fxiJw
bc1wvtguhes7gcmtyglr03yjpx0cwnwp0y27cj3xyx,1EzCiHSZw47wrpymzuQ8ZyY2L2DKnsuaAG
3ErqSYsSs1JNGGL5uWRXCBgzeGx9CUJK6h,1uNYR2Sh46sfUWFv826BCfYZUyfa73CJk
1ESmf3PpXHcQAoWBDabSUwD3CdNFKbY,1fBzEmM34tbMFgQVJzeZmCATaXPrjMcW
bc1mw7ftgra90z5p2vuf5tpzt63eegsj7zyvqkvayn,bc1plu5t9neq7jlnwhszasj7cqtgufcs5fc0rqscew
bc1scugrmuu4medzkjjw9wruhhnem5xzcmtpx9j8z4,1SSC6rJeGn7hNGyaymPdfZ1aw
1fjQFwhS75mScws1vpWAFbGaiDfwn59E,bc1n5jmnw5akaam8s03st6sh73nv53cclwkpaj500f
1MPZ9wiqDF8gLqaMvsdmsLNuW4ueXA,1KQabVrhsqHeJ9kujahCML8BN3
1dGa2RMqwSyrqWNwXT3ksQm6LaMg,3nBHQPvVUdGHt1ycBnw646YwSzmwTDBbgP
3pMRHWYuzSauKViKZrw4Tjavs4NeK8zLW1,32qHsoPafVgTB9YCeUvj9SLzrUrWf2ihDb
1yKb2XAdtQzfMtrm4PL2gVXs1X,1fBzEmM34tbMFgQVJzeZmCATaXPrjMcW
1XT13yQ98nJvaLcycYz1kGfPkyoJR,1DbqULF8YC3bbGYxDGHjefWSTYaTQ7
1cvdnprptQRTbN63iMjAUQ4yjb92TvbhN2,1fkx7Gg6Pkrrt1xP744Ks2fYxtPYfZV
37XChDhYmTi2wR883FLY8jpo9gbdZacrdo,1urwoqvuYea8W395Es2fn3eWy
1Gwd7ARxtKmBk7oBThahmkhHn87hZEJTxL,3rty5mtciWKysf8voSUYizy6Gm6sf1AXsk
bc1z0v6wz0ne86qrw3ngguzm5cppvk0l8nr3gmp8zg,3t6rLZmNimMQrsy3brsVDT9iTMFBn9REdr
1v2e6TqkS7BhsAuqDDupk6erNXTcNM6x,1DocL6KoQeCHwdna1ZZNmbPfo4ufYqanFm
bc1ckk4u428sxs2mgy2m30srltc3lppennuwt3apwy,1JQaACdwcLc2io6humZeXNCAY
3QMtfLJxcUZke7MEevF3tPo7Fi2WmWWVJe,bc1mh0dpvvkejgn6lfk73l6d3ugsks3zu74qq03ze5
3W7HAJB8PZW79y1MeZoQ3QN8jJm7pc78w1,1hUDUmpoNQp11MZ9SduMyCHDGBrF
32ULgS3SgnrKiAg2E8bh7eyz6yW32BXS7Y,bc1mh0dpvvkejgn6lfk73l6d3ugsks3zu74qq03ze5
3Q1kPyN7tWBHEiAjN58BsAypDagvYvqtHB,1t3grjopnymKUz17eywNu4jHdb1ujn
17BtMfDsZic1KX9y7P5WRA9suWU5VY,15gLggoJEcYMBtpQwuDZjAbFyL5PxC
1rxfSZ6QWU8JkatoatS3EYuSJebFNYMg,1TNrmaHwhyBxu3NGfNn995M7eP6wrj
bc1ywju6yycgtw992l5e2yh9eh67hyqnd26058a9mx,36TtLSdLAN3WnMiRwYtL4mviAHRwUr5ZjC
bc1ehy4jltx56f0kdxj4wzyqvuvn7tqwwyfshkgmm7,bc1vsh3recatac6p6ukd7csm4mtstullj7hc6ymwsy
1LREDT9kLuBfRM1t5K121kQ9o1T,1EqmAm34AgbudfMYV3jq4XLKii9ThM
bc19dq9a5hg4szs5lyqy63wy4q93txct2y2efs89tt,1BiRsmbzsXyecAXxqiho8iMRyKbU
3nnoFj5VXkWGGG3ZaKkDCBdTtSqp9cn8MC,1tdhSMLCko5vmZ6oh6KemUw9tFNBvLrKV4
1tKtP9KXTuwj4PCmiNnUD1McZnxVKtCp,bc15l37chnvlc994kul72pwmmqzckrrhha37y4906p
18JLULk17ggeGqZhDqrTV5C7Sd,3xm9X9UMaa8KzWpFHXkZSo1x9tS3aNzRk9
1avpZDUtgtHAWPUUJYn4FpjsU8nz,3YovkWTxZ6AaLn5y8wJeXC1Z9SCcPHWPsf
1vmC8WWcjggz9wyyZYMrCbcW6h2Dnnrq,1nfHzqHF5kBEhpSfRUa3RexFUdki
3ydSiViJVaUmfrx5o6QyqR5Ybboe6ADEov,1QXi6GYq96a25ESim3LxWXigvq3Sf
1hGoq6arfhX5MxrEbA7BD47mhPwFW,3AxJ5VQnSpvgsCYZNQHg21wfVLraQNqM27
34oAYjHP1eifzXLWcnE9dfpEjvJ6czJhnR,3dDE3ioHk4ihoq7qDdgpPDbb2XifXHa3Dj
1zJDTKJFvAhAZoD4pWLnfeejzZ,1qM7uhSiRvxpviFwRjDTLFRFbaL
3mZow73xUCXy5HC2cbx24rjPQ31BeHHptT,3yg8Z4ks8BbkjHuMwibQVe4qryCRiJqV2f
bc1cd2c3f0fnelk2gpuqq5m8dcujta33lxlf7hxvs9,3Tk3UGb5rrqC28arSQHEKxe37oAwNerpRn
19Fire4qwA7eJ19qjDMhiYUiEken,3cnjpnKgeFoHr3QuARPmLeJTMZg2oGLeWv
1JRjN976nSFjMMaAyfHHpm6iV,17gMHecah3MJJ6Xyx4xP9zkDNRFZe1Sx9K
1r2wtryLY3dyLWoA141Bmj6CCDrMSMt,1eRFxus8Qzdvf1xG2zj5jpakMR5gbZ
1TwWHG4hrCKuDMwJtcerCzKeu,1rrSCo3Ya95Q1RMKTWxLfXQLm
3aGgRMwZr1JZNUDNbQfc4UUR8Bv3cQ9ztL,1ZowPkDe9pqpxqfcedbeNcxXZcM
1ALTxfR2ytAm1MU1sU32gHEWkm,1wxKiALx7Y51ruA6b17kEWf8Va
1JRq2UV4FHbEjWwFBVfmjeskYqEhc,3cxegXQEcW8UVYxHnyPoRpQYMfkaJDpzen
37XChDhYmTi2wR883FLY8jpo9gbdZacrdo,bc1ukzlxfjek292rdx89ghnk44pzq37ykf5w7h8mmc
1gzRGPYvQV8nbwgdKEkGW7fvhipJE,3Btd95yjD6C2bH4R3ugdQHKoZRCG3WKR7i
1tTp5W6tvF2rFMyDBzQhCfKT7RLxg8SpcU,3ttGavgQKuK4Mj1FteowQuTPCs7fTXrfXq
1gDn7N1Qiegd1HRv9kLp9LwgBmyhnv19,bc1akn4v3pp97v5j9jwd7nwzdu3ve5llw77mtul3xg
3T8wwMGnL2LfYLczBhfi1teMfB3AVYa7s1,31P8bKHtUqXb1AxQZX8f6YZXDCdhxAbSYk
1HAyqfP8UbxFC7yAEoMsUS2J1u,bc1n9jz5yyyttnlpacfjq50jzc6h84tv75l8xgpmks
bc1gczzthn6zckqhzjat44zg6wh00c2lxjptwwamlw,bc1ndyec9kxnyzrvflalrvj7404qltpfpzfsrwhwcu
1MkoshJLaYehMdwGg1yCB72wDiU,3PArvwuekZ63aUwiAnvRq8oWJT58sYBhWf
38KMsXX5SKWz7HniQWo7Cgcn64Bc6LmvgL,bc14qws639zp94qe5raa7e84cjnucwyrl7h357as6m
1ohCjELvt9xR7Wd9SYQQwGVAAs,bc1vy33jfc7zaghkt0jxtrkjsw6xykfjfw5dspstpr
1MG1UmRBwR6ASAB2HakVZYkzv,1NrqRS5iQpr7xwLqJ6DuGyMdy12
3HXm425DAJwzVyHSZxQzQPWVC6cN9And4A,1D5dWochGeXGB487TThVK9y2yH8S161
3rcMpE1fGLwu9irw2zh3WgekBxvJXXmwmm,bc1g8ldn23tce2plp9gwhqwgaccjkwa0yl25a4lq3q
3beNFvBNj1GTTS74ut57wPYZpDs37SNRLA,bc1ss935387vzrh86ezwtlty7tw9xlnygqyq62m3dz
196ZBXdZsWgT65cqXJfS3y1pk,3jFCT8c6LupLzto2vuwQo3ZBwB1nrtGxQy
1JbG3RhKKMHGoy6DnmYTt4HYuKZPUn1KgD,19Qctkoxu94WrVQYtxPqWN2ARHsvG75EF
158XmHYEQUqbkQAiwcW5TLR6whrJXQkqdn,1D5dWochGeXGB487TThVK9y2yH8S161
bc1jdk6urnakdp8khpaaj0v4p9qakdcx982ynrll5v,1JYWFUZPneSinkeBww9Kbw8GM
bc1z0v6wz0ne86qrw3ngguzm5cppvk0l8nr3gmp8zg,1KhdbXVxSMJ7cY5C6Z2k6fxiJw
3dgja934muKJWn6cCPNFyCEKiNJTs1pu7m,1GVn61ysMf1N8wHf9aBaNMk5igHV8Rq
1B8tcwTdT8ck1iLr5nZcrG1naMUq,bc1e3w44rqw3wslq7me86r60jfvnp0jfrcy6n3jaud
3caCHPJ9L3qSoDeuatx4EWFTtKXsSqBRR2,1fBzEmM34tbMFgQVJzeZmCATaXPrjMcW
bc1jdk6urnakdp8khpaaj0v4p9qakdcx982ynrll5v,1YTjRVvyMc2x38eM9hb9jorqn
bc1x4jc4fuvv0rpdkva3upgtksvm29yyhpcat4u5fr,3XLRB2zdrnsQb6inHbCmaPThNuJr7n5wME
3XBEcA56r9VLzJ871Z2TSjTaA7ix6nymb5,1ksCakqgtpM4dZtFWJDBLViiTP
bc10leurs8jqkac39hlj4x68p96xfpwnphhtcc6dk6,1YxEobWyv6detvkeh8rXjGmsdAbU
3dgja934muKJWn6cCPNFyCEKiNJTs1pu7m,1FYK6XmLEpQPxGXv5tXjog8tH13
3Czin23RYo1DoWLA7FUKpvsqu9NyDA7Q1K,bc1gggrc82xqdedvkm4n7aj93m7scmctm862hwmrgx
bc1aexgckdeknyf4r5gclyuu3gnjyzf9fdguwawfur,1tXAK6ZfNYoyfWLpnUUiR6ARYE5dbxonGU
1SD9iNhoGudyj7cVNrZEhe8qXd9X,1DaVcAVQXMbcnSh3eF5eCuqVyV1SRAXEb
1eGG6Um4RA5DM8Ub5vmWzunoQoJqZR8H4,16uM81avzqLGNVAaGFTHeY6rictkRKaJ
bc1awva8qd4ugedzt3c6vfyqp9se3p200a8c9rhv33,bc13j2wf30qythyrn46g5m3n9zwtfc0gcnqv9ycj8s
1KijRmtxGxCmyffvgENdqZ9pWyLx,1xBUvKcQoA32NdpUd1GcE4HHHX
3hknk1e8cZPrLooAjV4MWkXPBTnRbve4aG,31mCFda9ozcvvn3hVqLvMnL9haHRtrh4HL
3RPkKKUFfa48tf5PqkKf59cRkeNJb3oCT2,3UCzcBHgs4B1BC9Yyhh5BKzAdbbWHRpjXe
3T8wwMGnL2LfYLczBhfi1teMfB3AVYa7s1,3aVYXADyVBVmvRnQrF1Vop9hfPGuDesTgf
1b5QqXqm4VQjq3gbsGDZVVxETVZjjvR5,3LKRqs56Acei1k5UxJ7xsqM9ZgCZSMczMB
1Lay2LtEd8i57WsxH5EMAKjfNo4TfXyAmP,1zemYdCXMdQDdxb8gssU6TaunP2WbNu4G
bc1xmlvlwgwh5s2l92mcwrmcgedq3rl6rkytw377l9,1cFz2fsTVMe4mgYGmD1ECtso6yXiwbo
bc1vqzd4aztszvsxykdxdvrt4333m76fkvz2fc4ku7,1wuMEtYaVRab8VKMu83BEGDfJcaDN
17WWsxwmAbsYTDvmeqcE85Rs8p,1iJZNaEnjRTyVuafYeT74jr28
1CJvwhisbhcCtLPGXQphAqKkXhQHU5R3e8,3sws1vqvPenSWNzM5nczv7mAob3KBqbPsU
bc1z7s5xz9luwgg965dna45fsxd8shzpldr5k33gl8,bc1l2stvmeqepkcr5aa46y4fzf2atz8utmxte7v6da
3CzUEUL7qySTwkbCseb25FRWgiLGoADFgT,bc1pjgzshsd7gpu26dys0sshvdlln8x4p5uyjulem3
bc1mhhfvfgjd6gxlgwzttcs6497jyjld54f273hgsx,1VG3twdPegGULo3xPwzuuhwXa53eNXe
3aFsg8xdCvwAwjBswGKHPRemcSfPdvPWi1,1NL2zhQTttknWXZrhtcU9WzyN5W4ghCAY
1KyHYBeXo27sot9FKSgAEYmGdC,1NstcSQ4EProUkP2hB7hDj9ThgeY
3oZtccCGAutb5vd3S8wffdrRa7x37r8rCK,3kShV9Nx6avedXs3ZoNs4eqfKZkHLYFrDG
1AcEAW8rs7X4z6uhgo6rZHNEVvZK1oU,3J5vuaqcTUg6Ncxe7o257FyugVSoYfnfXr
bc1upcj26rr75ra2gyxw9t32s05ajayragpr97ezf7,1QhkxdR2APwfxpFvhpLTGGzTGiB6od2
bc1vy33jfc7zaghkt0jxtrkjsw6xykfjfw5dspstpr,1aUsYL8vfsoeznqdY9Hjbp1VEv7DokjCvs
3QAgjYs9fRM6h4SpoWSeHHKGvC1enpmyjU,bc1nckp48p8j0c4hrxqrywnkf2w3xr9nduj63a7xlp
bc1rmmvavlgz68xua5ucdpm670d6ku66kstn6hwqp5,1xmfNs3jMQKVcr7BTbY2JLQ9sKs7z1
3MA1J2XGAfTshH28qzyeSkZToEPrtfhJSn,3gMP8XwXhqXo7pZFU7s74AGAhWztyS5gC5
3HqV91uTsVRZ1wEKRa2P9JXgwsVfeGnzMT,1TAmc86poKenXQQdYyPLpbnSnYEf5vaV
1jJZ6XjtkZkJYHztLP9kXLg2RK199LMTnp,1YK1q4tLE3brjktshU1N5zj1Yd2Dh
3UZ4LpvRVs1sC9WCuTUPbpDKepiA8XwRy1,1ZA3E39tvGneFpY1McN5hYiQcK4pp
3nTa881ZbDkYBNmYq2gDZstY1EnMJARkes,1w6of5GfTChG8yutkGXw2sgQZh
3f3X4AoTcGrZ7iFGmk6GbsNgZG2fQ5bTYr,bc1l9s7mt0eqv9ha0a8vz909taj44n44pcafwf6m4g
3ry5J2Pcm8m2Tjd9uPBc1uLcY3unm2Vx9e,bc1t8cm8qfqkt6j247qlhj3y4yr2fec5hxq8k0042l
158ssDvg7zMFhNTvxo5jRgz2vPegb3iqBF,14zvzfVmJA8sM5eDcUwhD8NL3J7sntVqa
bc10leurs8jqkac39hlj4x68p96xfpwnphhtcc6dk6,1Ha1SqgyxNX7a2YKMDxG3dQeZD7egDFf
1bQR14XzLq2C1YQe1gJYMFk8ZTQwAPy,1qpXuzegLFFVT6SFPNP32ZiEUMedmhhEb
1iUGv7tLt9BHfVLHwXLiSpqU2Frtr5B,3Lym4M9Y7VKZeMtj2NjF3hZYVZYKUsbrAX
1SSC6rJeGn7hNGyaymPdfZ1aw,3cTpBtUFqU32j5QzxFQ4Mm5wdm4FoJZxiE
bc12gzadlyerg3q8az2t90t24p65k3smex32mrl0nq,1kbcEHa67db3ytpCS6wcJUmX98Ritm
bc14ceqm8tuggd07knr7fnhq0yk8t9r5849cjkjfd8,1TXQT4ToEDdyooScVQ33ydupU3bT4DNgnP
3QHqf9gJsb6usw4HDjGSdKmQbiRaPKUxrQ,1PXtVFUgrV1cdwhdn1CV43dwn1
1raZX2K3JuD6udR2M7g4KwCmxgAFN,1tdhSMLCko5vmZ6oh6KemUw9tFNBvLrKV4
bc106s5r759cc782xxvtcjpxaexlknfex4e9hhly4l,bc1v76je78qred33y6utfx66dlq44z5726l7xrf4mt
1dKgM5evU4kL66jDXFDviQ5pChsk,1Sq9ECdYeCo4vc6PAUsYFvRiZX6W
176p7gHf3xkUsz9RjVSGH8XGY6GR,37XChDhYmTi2wR883FLY8jpo9gbdZacrdo
32mqPefaf8mGHviEFz3L5voJnbcQP9FED8,1HHGX5UgvDq3R6bpzLSw5MnCqnW
1YQhC6bsQGiXQv7xptJa5zS3YfGVqzFEe,1tdhSMLCko5vmZ6oh6KemUw9tFNBvLrKV4
18Y2crg3hRGTdgWpt8gA1nZsTDnSZeBW,3CKxDz2JA6mxYLYgwdnyM2ft72TB4R25ZX
1tTp5W6tvF2rFMyDBzQhCfKT7RLxg8SpcU,1HepMjNq9tuSgrxzCkzYSA5CBVB
3yNtzaLtzHm1LQraxVK8iuuoSUhbuo8xqL,1zJDTKJFvAhAZoD4pWLnfeejzZ
1yKb2XAdtQzfMtrm4PL2gVXs1X,382NbBsbMAtkgHPAaxregGQ2nm1ueb1FoJ
1LL4RMbEGzbbMAYsEszzFKWvmNYpfZ,39ow5ANmstnhAXtqnrBeVDzcsKpHuoa1d4
bc13sukhny6hy6xn5efnx0pxrk9qwpj69wjj4lmth5,bc1uqkr6h26r9scapsvexp03wjf70urzgrrv3er0cz
bc1z42sreerztyecmqqemny5mwmerrkxhzz7qe8pz2,1xbAsYnM2tTUBnGrQG6quHjnQDE4
bc15yy6gjajl74w4nm3x8u72yn55v0dcz45v6cq58k,3f4ngpc4ULfeBbvcj6LGYoZc8dWLWYVb33
1Eivsa8VFbbxx6jDuVwSLhn1akd,1KtUdG7VYdLUsf3VTn8gpGrtA6MKVWEdQ
1vDM6tu78fF9CzqUg4BxwjNdj9p5,3QHqf9gJsb6usw4HDjGSdKmQbiRaPKUxrQ
3mJPgt9QFrvPv6iU5RRu8zpGeUHTLAQwMR,331roEGd89vVm4KJgRAckkGhFn6X18eLQH
bc13sukhny6hy6xn5efnx0pxrk9qwpj69wjj4lmth5,1dGa2RMqwSyrqWNwXT3ksQm6LaMg
1Zg1W7dXYbiaeUZWaDq7cUc6L6,1xV93PLEtocYkgiQRYgqRQAm9y
1HpV7mqx2U7nxpsegsKRQdTDjmjXHo,bc1w7eyt4vj3a2rfj8x8cmn6dqz70t4j406jagnlnz
3BdWmb4uxqvh1WZd4Tmb5zmmMXDyMGKQgL,3faSq2pJDuXysdH4KCkarLWxDZGbDJFw1L
14n7fa1t8vroBUU6PdYo98Wr4WzZFk,1231QHtZDJbrRdecbz4DfEfRWpF
bc1d9tuhdgpr6c0559mv8cvy5vwfw5m27r3cheydcr,13k9JWqCRDBLg3qDFiCBSngU94medLmz
16JDx6Dejziz4S5gd4zEomGdhssDwdwA,3nyvdSzf5ozgSBG92NZBpN4vzdoymMrbcU
3L7p4R8SRVbEK2SnFss5aJsfuBnHVYrwhj,33RAxhCxHMCLpjvEiSean5uv2F2eGZMMWz
3HM8Z5WE8GsmELvFX3ecfQ694LPP7qxJad,bc104678lhm8k0r3d9h0tnxevxxtju4ndf7q5ernaw
15BFXVaCRVS2kQ3udcWdnM4GXeCc,3r7f29VYMHrrmNcn16LJgQ9L3UwoL81uou
3n5UBLNWwGauH7KV59iSyWT3bndiW1CFSa,17RqfbZvS6L32cXK6XcK47sbumymTTc
bc1gggrc82xqdedvkm4n7aj93m7scmctm862hwmrgx,bc1aumpqwfrthvqdxsudaqcg0ttu3gl4wyhqukrfyd
3r1FwV7AE5CfKQ1VVe5zME5afy9Ldqb5CV,3KnK6jsNDUVt9vTP8idyC8h48rTALtcnec
bc1yztmagucjthmqzza4cnt94qtaqdwg2a4c0zwcth,bc1z6plehtwqzs79uw3a3umcu4mn0w0rjl490cxkay
1GFpiZK6Pnb1mUQfLx3bhJtaTdv2zcshTd,1CvVUhQWSsVvPDTErTnsrxu9j2X4dc1Z
1sWVidzTwao1HNrczLtCuQayX,3wpf7dkhgJXJGsCUaRkMLVarPWFH98WbGK
19KxLSGqhBZsdquqqsuu7hBBp8Y,1YQhC6bsQGiXQv7xptJa5zS3YfGVqzFEe
bc1dqjxlfshe0xmr6jmdv5q70t2ppe0tnk4q0qypuw,1qPm45hmjseZVwD2KvMBYD6Mu1vaC
1W2JxLmCz9JnWYjXfscb9Bhdui3Niyc,1v6x929Nmf57igXtKFRT2EAYfmyod2SwN
1W9dErt1rsnjWiPUHuqMAFvxGRpDYM4bD,1qNRBrfQGhaPB7cVGCyrt9hSdnHi6FHX
1gv8WJh263Xy4dUSnCmHcUv1fx,bc10ev76ha9h5n2c2jrpwfn8fhq89dy7g6cl56cu9d
3xP6ofLe6fURXfsfvE2ZMfXFH79WU6H68W,17WWsxwmAbsYTDvmeqcE85Rs8p
1zYo7s8Mnb1G8R74SMbTDcjufJe,3AyVe3wmriUimofpN4hniMEB9F8t6uHPxi
1XPnYmHAcTowoCSJeH72zMMfj,1v2e6TqkS7BhsAuqDDupk6erNXTcNM6x
3nTa881ZbDkYBNmYq2gDZstY1EnMJARkes,1jaEK67C2oy8uY2t6223xfUHKXqthff
3r7f29VYMHrrmNcn16LJgQ9L3UwoL81uou,1Lt8fAbiD2iqUozdoQBdPb4kGrV
1iUGaYpZqrpmroTPPuJoPixBF,1weVRKDnerJYoKrunkUx2dQGp9Ju8
3L7p4R8SRVbEK2SnFss5aJsfuBnHVYrwhj,3icXrPBvzoakheT4eNz3osBLhw2JtCkD7P
1sYnT4SyMA5Gf7iundsa23ujGs7vRZLZ,1pDD2GxAQPauXTrxpker96LAFc
1Sc8h9sBsnXxdzGNHtaeUF74Q,17LmuYR6naBVeV4B2k2Ri1Tt9L5crfHaja
bc1x76ss2urs6dfpzevhmnaut80j7z497ahp3xys0k,1JQaACdwcLc2io6humZeXNCAY
1KtUdG7VYdLUsf3VTn8gpGrtA6MKVWEdQ,3hC8cZoixpq1eRr7Z5rH6Y7jMxyjoYaKhQ
1mStU6wuAyp8xooLwZhKPns6fn,1U3CzYZ8MYg2o5UJQ3Fe63296BGDTJa
3mBVcXSkkxaVJA3qLiY7oNXF6xyrcaP8fx,1WGyaJvzpRrxp4D8KDVfsMwNhAuffEW
1pWnUPu3MeUVCHYu8JYXrMaYH32rAovT9,bc1xgfnpgdz22swl60nxf9uf8fcz08tcesvgjl9mct
bc1jqrhszcy8t3pu3lp47txw6xvq5w9cz2vn4tkjut,1RXp3VvHr3SRtTtPhP9LVue9h1VRCT5
bc10hp78z7pq86n80r7wgtn7kc9fjajav7xj68kf4e,1rxfSZ6QWU8JkatoatS3EYuSJebFNYMg
1eVoVQ5cyeA6cmaarWFd4RVsS,1gYfwvFUN7Gct3Ac9ZFRuqJoqNjBEgrf
1qpXuzegLFFVT6SFPNP32ZiEUMedmhhEb,15ZF85DhWcu4Qst1o5kKzAFvZkxdM
1WGyaJvzpRrxp4D8KDVfsMwNhAuffEW,1UbfStkcD1LmjrXomjZxaJbkGojxE
1ZAcSFBphcUn8ZrH3svKmpwtTc,3GhMW7tAMmUw15f2CzH5PoTHYEegtGEE8L
18BhC11RtZbJpPTUdMk6YjxPNZmaf9qs,bc1qtpe2wnvnzdaalmuhfxysjmsyef43m9wr48xc4z
bc1w7eyt4vj3a2rfj8x8cmn6dqz70t4j406jagnlnz,bc18lew9e8dmp6y5u2pwt2yd6agx76tx7wxftx4ejf
12sRMJSC6KUDn4bne3rjoNMWFHG,3WHN6fMH8R6dJPAc4j1318FSkCSyE52WdZ
3xm9X9UMaa8KzWpFHXkZSo1x9tS3aNzRk9,19QhAw93bnEtR8aCxa1Tc26FL
1fpo8aDsRVn7huAHa7Wkm12BEXW,bc1zwfef6ethz6t0rud0uaq9473uy7f00y6xylmn0z
bc1akdvd4fxxz2nxuz9yfhrapfl8vnng4sfj6m9tsz,3CMTZJd2h42Md7VCmdDT4jJ1EdCJYDvWFb
1mZrAz2hFqNhJQhw7jR4Lz1oHJMdc,1L3azcpCAPz7bcXqH4cGeh6cg2rfh
3cze1pJfw877ZGciCdGVur6RH1mdGjYR15,bc193ahaf42nf6vrnwhsy4pnvgpjn9gywdmkuwp0h6
1bV34U8bPCJvCjy25Y2xitPE5LL8mABa,32VWnTxL5fQ2zVtaZWLDb6Co53Y9WQch79
3rK2dVYPACiWHEBac8Zg3B6z9poKAEhioH,1hajdAqDAP2DKP72n859A9j7TQLP
19Zm1A6YPDUNTFvPKwQKHgsbXMfy,33SaCikvySi47HKFSiXcPPNvJheVg2Dce5
3UsPc3A3dBVfeGsxLX45sy6m5jGVQPuyAN,1DPNw9Kf5QcMenc11oRUKYdBUDTcnnwu
bc1wtauel79znectrpscjkskzrr7n9r6k8y5dx4j5l,1CBN1j3tPdgmLYFf8QaG7koog2aVkJwQFB
1YK1q4tLE3brjktshU1N5zj1Yd2Dh,3MVUybd9wvPYYVYE5iXnpD6MCrNU87uMrn
bc17j6san7xtye4h2c4pkwfzwslphfwzgt84kg6kyq,1wZ6tZUtSTq4KyTugxtqiyKazN5v
1gRBoLFVf4rsKkRm7D7A6LYCA6jwHELB,1mS2G8CfVcGHzThuQmVSUihX2KFyEiQ
3kShV9Nx6avedXs3ZoNs4eqfKZkHLYFrDG,19Zm1A6YPDUNTFvPKwQKHgsbXMfy
131tDa88XYU4aecTdPuSqQjLuhfQh1Fgt,3Crv5CCnz19TzCxk4W24n3hgeXGLHep61g
bc1v46w90c72ft32lm9ehq39f4g5ymesvd09y6lkgw,1Fe3fid2EaQXukNxPkXzJXz8iozBZt
1FJ8MC61d6QwcHdFvtDdBosDHyQox,31CdfrnoR149o9pqtiXWGPFxYCkRTa2nAy
38DrGBcyHV38u7hPeuJGRdMxguqXVTFu4g,1XRiukJmZLmCz2xTva2w4xEJQmGqTpPcpK
bc12gzadlyerg3q8az2t90t24p65k3smex32mrl0nq,3faSq2pJDuXysdH4KCkarLWxDZGbDJFw1L
1ZzDzA3jnDvAg7fpLjNUxaYukdKAgiXHb,bc12s8a2usdr4t394xek2s0dmkmfx797ek8kfv0ar5
38oQYvzgV3PNqkpJAupV86wKGxLLkq1Kqq,1CEqRGDKsNhUbr2oLkeB2m2QXLk45rhg7
3Nq3SW1a8sV1aw3dDhLG4ApHszWvcttH4V,bc1uahpxzzv8erhwcwtgzg09c2ulwej7nkyvegj4pv
3UpHeM4qcLyK9yP8nozU6bHuAdbVzzLWP6,1NmdaCCvcDAtrjAL47vE6utvK
14PxEATkoSTUeWG2BvxvLuHm4PYGe,3HXm425DAJwzVyHSZxQzQPWVC6cN9And4A
32mqPefaf8mGHviEFz3L5voJnbcQP9FED8,1yHRbPcVjDJ3fHeeHhyz6a38nsE
1mqXwHcsu1d9kY5aH5QhZQdbHYfUfbiaK,1SGZ298L2CfoLjzamir5Gq5WgWf
3VqL9GDPG1K3CkNhJWzaVeDF2Lqm3fSAcG,3Xu8Tee4fyHP3hzCiaNJkaYsG2gWgdZoCg
1Zy3KsvF3ktxYMfajxTBmEe45Z,1QTmyQa8aZVutu83FcPAQc1R5TwaBtN
1uLwbjTeYEcVibpZoB7H3fpszro,3emxoHh3xbQ6MUsUX9VRHzbPwRLrgoLB3P
16Bcpdcb3gNqPia3DahoZTjtR3QWwbQ,34qYpekDf7rh1SK3ae6Fk58JyAyfF3wuJX
bc1grv9y5s7lh4t3h565e9yqm7lzq8e2fvfgehkhra,3UUi2ZFvYsahYBmn5gaTZh6ESMMCMTsahq
3XJrwAtXdFhozfXCaKSk3NSh8ueNySgtwf,3ytnG4g3x8HQiZnSUGNvpTmSCGC65T89jX
3Yob4795TosRGtm6gDFR1XZ8rVXUXEooEG,1aBN7grVP3CoPrW1Z9fgsL57EXDg
1jQG2TZmmmbSEbeXgYSrGZKXfJx,1tTp5W6tvF2rFMyDBzQhCfKT7RLxg8SpcU
15Nbsc84fQfVJFCtmFLj4CqN6AWT5iBD,3P1xR1cyQgMieQ9PjgnuPe2j8iAHeBg3tG
1tm3X1F87zx8aMz77aiKG5yHXA,1dyHTH7hNLkDC3bL747P7YSseMZAa
3nFNxuX1FSmJ8L2ZyRXxY2BEb88tv2udiK,1aATrGHseYuLDose24YYMwLFtpji2M
3sSG8MxWBNegmnf5ubFw8RjqLJkT6o1iJZ,1RNVSf1uJtuRkPt6MHxyKm9xymQwna
1xT68modadujPppiRB3PRDnbzMXHjPKg6,1nMkKyC9cN6zfwZuZ2ogfoC4YYDzJVTd3y
3ctoU3p2ECAmzGobRx5tUP4iTk9ie95Nk7,bc13sukhny6hy6xn5efnx0pxrk9qwpj69wjj4lmth5
37UcXAT5ZKirqC2VrV25W5wwuDoxn7S5Bu,3H22WQP5HhEuawZXpgAsVEz5ziW5cAUk7r
1vbM5ZGR1gCuBNXKvuzckcjpW6ipstzX,1nMkKyC9cN6zfwZuZ2ogfoC4YYDzJVTd3y
3DJuXo1cTgTfsAEemwePQ9jywYasaYtEoR,1H1zCzjHcbtAGofjA7oUKMkq1W
3hknk1e8cZPrLooAjV4MWkXPBTnRbve4aG,15BFXVaCRVS2kQ3udcWdnM4GXeCc
1rTr7oQR1NhyzGHSdqaX4S9tJGEVyV,1bBxh2nR2eyfHnGoVnqBriVVRsnDw
1hoMDJcgioFsaWVQdF8bqGjqZu99,bc1vfffv9eq0452x4mj52nqcal95d8y70zk0w7rp7j
1U9gtQs49H52e8G53zxKxB2ak,bc1c0xhjs0qwctu43fzpujarcs9jqgnlt95llsr4wy
3aNdus4r8fTmXq5Gz7bpZhs8aWihWZy8te,3Sgdf5Bpj4pU3m9PZwyHWX7ycqiaa9ByAJ
1KPtdwkhwNevoQ11GSd2j7w6Zd1dokAG,3Yya2jzdnBeDCqjoNG4592zs7v89GB5quD
3CKe7W2cZzmxb4cPUpbJJLhCMWZMyEwpSq,3oet3bBjwW5U48fKhxHnjwnVZtZxrANHqL
1f5Q27kbtkQcHTAh3KzS71nRp,bc1nqel340yfxm7nd3uqns88qjsw7dywkyaexue790
3n5UBLNWwGauH7KV59iSyWT3bndiW1CFSa,1fyxBed6R1wgitP7oQ8ZXqE74kBvCuGGK
1doHZKKHA3JyjTBno7bftZSFNsE2dk,14epc7GZKKVzUi97q9ZDnX2iENZSGs8A
14pUsnfpv2zvZ155FQc4WntiYhkU,1RPyfK4KSeAoG7kQHqkYhYHU3f
3LTqeQkuUy65u819j7iYyLN4QDafWznyTj,3saJHNjW5UkqanbQUoEGEcQb5xdVL95M8o
3aNdus4r8fTmXq5Gz7bpZhs8aWihWZy8te,bc1jdk6urnakdp8khpaaj0v4p9qakdcx982ynrll5v
16W4tePG6vfUqzbwGNVk6Va5NE,bc1078nr7ea4cjef9l040u8q94lvrzuk62m352e9ex
1upknsW6FktDnthCLjTWPsT4ps2iP,bc12ur3lnrdnugyd4aaeqlahlvnquumh59ger3dsy4
3L9HgP9rVRKmEwkGn12Kp6hDyv7Dgekndk,3gy62QtQeK5HnRSq8trLfaxNECFaS7cMgn
bc1rtxqhc4kx65e8l7p0knql5rgs9xh4n9jhyamuhg,3p3NtDYKxW3wsJMXSX3gMVWGazNm2jxtwX
1KMxuVqgKkcyGSJRApaiq2Q91Q8ZK,1ts913xnbffPbkpVHpMiBDr1zhFnS
3mxWd5fWSxRCK6iTU3N1jTZUHTGKf83N44,1YHqCs2cY2T22PmMGMpmSHixD
bc1qmawh2akarmzudpjude32h3q7l6yswfpm2aaztq,1e8QMJSgsr1zYXyURk7EuABNwRajCqHEH
bc12ur3lnrdnugyd4aaeqlahlvnquumh59ger3dsy4,17SinNP4s1zWJTe7B7UD3azMhG48b6
bc1s4rff78ca625hcty8x3pmc0nspmxkaqxq756twv,1vuXhNy568p5ZSxEGKohjKG5C
3a71egKN9eFrRNGgkQnUNZFJLhjrfkShAD,1K2EvUx6T9SMAYXshUUFVkSGvmn
15LLQfyB4YpLzBfjt1dHi4iabcXv,bc167wavft02ucc4eqzzd8rwgw5qvxhvsvra99lmw3
3uWAGT6z5wYwm14nwek47N1BToyfKRk3Nw,bc18hraagkdcvwwcjcw2ez3pxyjxd0e2t0rhn98yg5
1bwBiepZsUVCdsDB7xZkk9erXSLfvMgp,1zGyPAvCNdygL8qpTTsrVPun3ttkzsM
3HbcrmkUEhUMXjNC3uoDJPvCPUWgzEWEdq,bc19f3l3mqujwmmqku2gxu9kny6jt8gh0aa7dmjlc3
1aNuADYvkHZWACcLKG7H2beWQB,3Pwfrf33MiGnnRM3ueBHthZLN7varfeBet
34YWa9LX7Ca6WoTWT4ToiPpka3L4zw5w2Q,1D3oipji4Ya9Dw2k1CEmgdYpDHQm5MVYvG
176p7gHf3xkUsz9RjVSGH8XGY6GR,3p2PgDHDpQQMi9fsg2nbmMuamWaZRFRBiy
3WHKtLyZXWtmbCGMbY12QvHhKgCdprd7ZK,3V6yUqvNRZD9GwaR9LPqVegFpyeVAoAiVv
bc1v46w90c72ft32lm9ehq39f4g5ymesvd09y6lkgw,1WZ9bp6hc1aM4jJFgrBaizKEW
1K1P67hYjv3bUrUHSpda68wkcPQjDL,14a55exbMv6cZWWBgZmLaN1MAjxM2GH
3eTHyZ9oqqFesnahqHFV8fnTsjSrA5kMD3,bc1d9tuhdgpr6c0559mv8cvy5vwfw5m27r3cheydcr
1xuiLUiRVwnRbHpfaisCjBJwAHAABAXD,1n9mZAmchqK6CX3vHHoLJKCJ7C
3eyrgfZRMhn8WYfi2KFrhpgSSZ52dCJbnN,1wjH2oVn6eHPfbuguFiYVDeFNFjHftyf
1Y2nFpa6mQh9LV3wj3oPY2sMcpbpZm,1jcr9J7yMQb4fo1Z4RLbkgxeq
1TXQT4ToEDdyooScVQ33ydupU3bT4DNgnP,1oPYvKrXkkGBLHuXUNFPHKZ86D7
bc18lew9e8dmp6y5u2pwt2yd6agx76tx7wxftx4ejf,1daNE3ckCFesCgzKeKk22N29o1SiKzk
3kShV9Nx6avedXs3ZoNs4eqfKZkHLYFrDG,1PLpbTVESg7kWR9RaQ8QqvSD2ND6YrUHzA
3P7ETBCceZp4zh9eCrHGS4Rr1zYzWGdcmV,3eyrgfZRMhn8WYfi2KFrhpgSSZ52dCJbnN
bc18x82hy73774vmmgz2lx6wl2fzquzjv78d24wc7a,1U346T4W8PGeXeEf46KyXntJ5JrhfPAB
bc1gu3zyp465pjeawm8ecavk9tv5kuy9v482vs0w8d,bc1fxe5c708l6daas3yhz6qjmw7sr5z42lmv48cmvn
3P7ETBCceZp4zh9eCrHGS4Rr1zYzWGdcmV,1hnsxcEFwXz3kFUyNwfWMbnLMT6gkS
3rXKwjhQtV63kipAdwXrpF58cx7vhMbaXF,bc1xsxl48l3made0hnqd63y0ux7whwuyn70gprlf7y
3aVYXADyVBVmvRnQrF1Vop9hfPGuDesTgf,bc1l9s7mt0eqv9ha0a8vz909taj44n44pcafwf6m4g
3Hc7kK33qfa7fgb4Z3SVjduZvCJN61itqT,3ZBHREvA5cF2s5sfEZDe5teufhh3d9VWMT
3kxrHpyu4BJraT1VnHCLVMWPXkHY7rJ6oi,1TXQT4ToEDdyooScVQ33ydupU3bT4DNgnP
bc1w7eyt4vj3a2rfj8x8cmn6dqz70t4j406jagnlnz,1Kg61jzTkv1pHLkNqLu3SuPG5uPNsihtwz
1KijRmtxGxCmyffvgENdqZ9pWyLx,1Qu2Tbu2VQespAGcj2uFrSPfDcm
12FXRdjFFP92rrCGv6xCUYtHZFJ7WUjG,3JLNQK21jfy1xAw3QVoH8CvbqyYSBwZbsF
bc1m362xyte40u7qljauc7lx6f9r8sezjysqksehtp,1wBHJtpgB9RTeQj8k16P71qw8mGwbn1n
1pkNaXouh2V8eJ5BXqfJ8WNqpkKPSyY,3Rnprcr9MqqojTnpsBj1DdZMZvqhWHDguC
bc10zpnel4llmel2m8hsqny6kztgkct98rtr3qzyqs,1grHZEyti4vAruaPMEzzz7b7XZmz
17bAqv31fZzx6Beg1K2Riizmvdmm,bc19l4u9zghkhqg5rmap86tfwlyy96vcess5d7rajd
3L9HgP9rVRKmEwkGn12Kp6hDyv7Dgekndk,1ypBqhT9AHdVguknFBuDQ2E8FY9
1DzW9Tr9pybhCYb5UabWXmTMNbU844,bc1z42sreerztyecmqqemny5mwmerrkxhzz7qe8pz2
3pTAeMCVddNT1rSpRVNQsAYfvZqA3B5NpJ,bc1zjc3a0krxxxvvxepd6un3uzr2fcsklvleutxvhc
bc1uwyt3v4pdd3ex0l8ezcftrn9t8zuedhuxwr5sfs,3rzs1GB1YeReiTapQmyqfnp4ZWsj2cwDqb
3vikrp5vNuCWfRiK4xATuRRzCnDm4JRVNV,3DJuXo1cTgTfsAEemwePQ9jywYasaYtEoR
38AoKjREwyXND61aCMgWUNghU2BdcPBkBY,1fyxBed6R1wgitP7oQ8ZXqE74kBvCuGGK
bc1jf9q5tlv4cvdl4a9724eg8f3xeveews0zq7fc8e,bc1l2stvmeqepkcr5aa46y4fzf2atz8utmxte7v6da
185GTqnvamMbL82BcRxoDuWCKsd,bc1n8xapq3ymvt8e0702v85z0y6zjaad8kw4kvq5q8
3JLNQK21jfy1xAw3QVoH8CvbqyYSBwZbsF,1mZrAz2hFqNhJQhw7jR4Lz1oHJMdc
3P6do4ovpD3uZWWjaukW2D9dwhXmrRq6Ey,13MT7Akt2gmmku2H8SAXfuLSB
36TtLSdLAN3WnMiRwYtL4mviAHRwUr5ZjC,1Zg1W7dXYbiaeUZWaDq7cUc6L6
3rzs1GB1YeReiTapQmyqfnp4ZWsj2cwDqb,3zcRrFWtNKMqAJskPsfhR7jVrtjAn77Zp6
1fNG8oQY3R5LPgyr9gSBRN8ff8pE,3S6dxQwo27DRPudeyjhEJdn9Vg9gz1A1qV
3sLBk5vdtenq3VibQTgH3X8NaHotMps2ps,1Ys714G7x2nJ8RydFXyW3cYxS5B8uaF
32xGc1gKH42JTXv7JTNDbgMTm1pTWrCBSq,3TfxxuKGe8uKoiZ26CXtDMqXAxHYwyj9jj
17KZYxykrwMSyckrWVYU2Lrv9oCYJ,1Mo8YstLpw3irGkhQvvucetkU14
bc10ev76ha9h5n2c2jrpwfn8fhq89dy7g6cl56cu9d,1Zc6niP6eUJu5nG1p1PHH9nbwMTGC5o
37NzTqZK1PSQccn4rbDszWgXBAThnvuCm3,bc1jfufgy68nj4ulfw7unahqgm62jefw5vfux394zl
bc1tppr4d3vdgcd2vnfzj3umr85feh89v002fu3z5s,1stFnGrbuBqmMD8fqBZy339684vkY6
1pkNaXouh2V8eJ5BXqfJ8WNqpkKPSyY,3zww4mQ9J3DYLTy6Ke6imNwowyYMyN3f2Z
1wuMEtYaVRab8VKMu83BEGDfJcaDN,bc1dh66mvty9ex3pc4njks3xk7ldv2y73c5wuv5456
1XM6iT43i2L7ovjWZLRTodBfPjtT,bc1jqrhszcy8t3pu3lp47txw6xvq5w9cz2vn4tkjut
3uV4ujgMuCmcv1TwnYm6BMA2u7U4U3KU8Y,1XT13yQ98nJvaLcycYz1kGfPkyoJR
3CzUEUL7qySTwkbCseb25FRWgiLGoADFgT,3jXmBy9ZykxZXgEdYnsx8vroxhEqSiiFye
3eTHyZ9oqqFesnahqHFV8fnTsjSrA5kMD3,3aV9A1cNUhG1GhudTsFnF4BRjGzR3cLRTM
1jBbrTMRtFC6YtnyoYKQmEveG,3gasVBAmM3qAMb5z1hDd7FUJVFMyc8VE3b
bc1mw7ftgra90z5p2vuf5tpzt63eegsj7zyvqkvayn,bc1yc6ccg2x4y36luwpje6px39hpakktrw592dp0s6
bc13ujuk7fn7vhnzkj264ffg28jqztfyums0tgues0,bc1ffkm9k5u8kceuuxx930tv0lrxad2gwkrzsyhl6m
1nxtkdRbAhn41GuUqYqXcejUEMxUFveivZ,128qEM4fmszdBdvjMFxUfoGLhVc5Av4
1NstcSQ4EProUkP2hB7hDj9ThgeY,1t57aUsMSiiGReupGn8mUn3hw3DYtGe9h
186iiWvmVZBhS89GPY6gLj8BA21t8R,1oRz6fgWZwCpjxndfX9VaqMDyxmT8r
3CKxDz2JA6mxYLYgwdnyM2ft72TB4R25ZX,1vshHkB1nWfYMe3bzM7SP1yAcAxrmUEiHv
3Czin23RYo1DoWLA7FUKpvsqu9NyDA7Q1K,1SvDTLcYFg4zaT3grxYUzDKdn72
bc10hp78z7pq86n80r7wgtn7kc9fjajav7xj68kf4e,3WF4TREB5ZKdqov2nc8cMaVDdhRACDAGCN
37XChDhYmTi2wR883FLY8jpo9gbdZacrdo,18TKgrvGD6de65QWtnue7NBv32JwcAaQ
1keJSNRjELrDn2TiCT8gNNW7x1vyz,1iKbrxSSeJhJF9WtzDyf78LKY
1e5uVFGJSnhZbm9HDNNHwAdUSJkh9H,bc1yr2l2948jjsel4eghtzvqja4augwrkfmqh8g9m8
3UCzcBHgs4B1BC9Yyhh5BKzAdbbWHRpjXe,bc1nlcqkjqt7udskcz35a7l2nu7tc8tjytzp7jj5vd
1M6LJGjQwcfEcd66wro62Z26rge3e1,3DGLGkF7WLRPmwzU6nBGEZWLNAQTLZocQm
1kAf1GSBitXS3dXff6hSb3NCFuC121pg4,3cXEK3syddFFcsr6jMKHYQ4fojVLwp4A4r
3bKLPmwJu57uxFKv7USupVsBdABLnJFcEe,bc1advtvz82rk2ypa06c0nuqxy7ndc8r85nz6035jk
1VhF3ZMwcfma9RXmSTPpRQnV4Lt2us,bc1lw63h7q22smcd8q9nf0e7xmf4txngz4q22ss9fa
1AE17YNEmnGq81Kg4znjDaw3UV1rgarE,1BFMkjE1KWkG1byNATUdZ89BiHnU
3Q1kPyN7tWBHEiAjN58BsAypDagvYvqtHB,1doYshztRk3gtcJeNMYo5kdUxAr2Z
1yiHEDckvME2amAyPY2Aacyo8FQFct,34KBZiDi1bynYCQ7LKDGY6sq8JQxgahe13
3ApiKdDFCAQbEeGdWes9jpfRzThwPWSnrK,1RbKwpQ61vjcE5szwhG4pcWAidw7n8hnBX
1W2JxLmCz9JnWYjXfscb9Bhdui3Niyc,1tytVr9MpWLHJDAebxoMEqE2uhFBa
bc1ra9c7cctk5tpvd80atkq4yn7y8j49rzkvklzau9,11xPmkJsksueQggFKccijFQYirTT
bc1jhz43uhumeytr5fcefvzt0hk45tucsyywz67t4k,bc174m0ecnewnfngmtvqzyp984rnm9k5z9t63l0hhj
bc1nvr6nq372wsmf9wxcu2txazhm09c5c8rpz7qyzx,1sWVidzTwao1HNrczLtCuQayX
1doHZKKHA3JyjTBno7bftZSFNsE2dk,1mr5YVm5jK6GnSKtajwckNrki2ZhzV
1GJ22B3mJdheJYAjh6M5x1RPC1qZVn,1HAyqfP8UbxFC7yAEoMsUS2J1u
1mAqkEUjB23o5fRJjsh1qgoqhgABUrF7,1on5mywGSgwMbXz19iHovHCVhnBS3cX
1CBN1j3tPdgmLYFf8QaG7koog2aVkJwQFB,1sY1A74yxD2FNo8VoA5ZodcoWB12T8g8
11PagU6ThR7m3KDDcDyUHxD4U5awmYJx7,3Bhi3dmZVbaz3xVck1iJFFCEfi7UZ6DjXL
3ydSiViJVaUmfrx5o6QyqR5Ybboe6ADEov,1NjNVeg4RxV3YrP3JWpDEpAreoFRJb53
bc1z95sa7qjnwkjarwtjpv6s00kneccyndgkg8yj4w,1BcmnfT9FQoKmtg3Qa42mgPYSJEuzaENf
32ULgS3SgnrKiAg2E8bh7eyz6yW32BXS7Y,3EjC2VsjN9SYynANjjXM48U8sWc49f75bZ
1aJu347ATb6SMMye2BEpk4Nxzge,bc1ljumhp68t892k5xl9d322gkmczxydgzvfurz4tl
1QiSbujTqUtvpHa2k5neCvmw8HV2iWic,1F2vZa6FFPaoCpA5u5uyseZtRRvXV3yJT
3vMqnPprRBcSPfh6h3tAtYf4juuQm8NkWn,32GxxwjVzQ4QSTHhTz6kFpEupcSFZcDCUQ
1csoC6wyVXd8zfNXa1yxPcSP8P8iQ1B,1ttzpiVBruUKu4VB6S1Rwcbw7Htacp
1qjkrqnCEhPqcpfNJg756kJhfF,bc1tppr4d3vdgcd2vnfzj3umr85feh89v002fu3z5s
1kozWJxQ3YtpnFho74kkyVW6zj9uwaR,1JRjN976nSFjMMaAyfHHpm6iV
1NqX6WH8t5w8ACNNrJCqY8B7WJ,bc1zeu76syrjvc9e9v9t7xqt8qze9q094fvy83vr27
3oZtccCGAutb5vd3S8wffdrRa7x37r8rCK,1HHJHpF9S52vUtVho4oaCv6tD52avXE
bc1d9acppexqq5tvedxcmwdnvwql5xdf9etl9k3tpm,1Sq9ECdYeCo4vc6PAUsYFvRiZX6W
19Qctkoxu94WrVQYtxPqWN2ARHsvG75EF,1Kg61jzTkv1pHLkNqLu3SuPG5uPNsihtwz
1iNBGVZ4FiF2azVV44v2pcsqmjsvP,bc1ukzlxfjek292rdx89ghnk44pzq37ykf5w7h8mmc
3BvPE3sFQW4ZwPEKMpEJ2TNdg8Htb2dRFY,1zdD3Vwwf3mYATEXacmzkmwLUJiPDHz
bc15f0u7rgl5rcwtm70f44fxhcglpzs8q4rghtgequ,1fxW5erkmKtkyyxmaNm4QT1bHvsy
38AoKjREwyXND61aCMgWUNghU2BdcPBkBY,3XBEcA56r9VLzJ871Z2TSjTaA7ix6nymb5
1Gwd7ARxtKmBk7oBThahmkhHn87hZEJTxL,3AKscWxWujr4HQgQQFpGfv7b4mPsdVyJuQ
1mdioN1VpWDLfjWXtzccSxoTi,1zzZBWwDhhqBdrqJEGJPTdJoZDaq
1f3aeDcVVc1eBaL69qNiHVWNyJ,1HGaNzuXMWejGxcLBcoAa6dqCm13nv
1yKb2XAdtQzfMtrm4PL2gVXs1X,3UxQA4VUdAzWuVFZ2HWYm9G62DhEMjZjZ1
3Py4DZT2bSgaSDRZNLPHMWtgW2HPvfuM38,3XS9Q3wjcdA5w6br3hiuqnBVet2yzk4WCm
13emahW2ARh3UBKGV1aSfkek547,bc1q3pvpn9sf5z65efpug4m0csddta6d968ve4tmev
1o34TaNLmTJXQa8WFBsSrQ5zBndup,185ADBXEzBFmgMm3Y4bco2mY2
1PD8MrnmtxFgWSpG5bpsygcpij,3sws1vqvPenSWNzM5nczv7mAob3KBqbPsU
1EutJsUTXCiHzcn6WESe6C9RXYj3ML,3FahsS9449tiohY6WveWbmy9t9XW5GK8Eu
3sGUKTiobrhu8p7JL1aeVMtqtdV2CrKsnk,3FrnrETzoCsgdKzrMQR1zr6xe8V9DXoUG8
1PcaTETyaP3BCBJg4WPZytucU,bc1dc4fhencylh09zz35a9a3u5t056t3gnsc0k4e04
3gasVBAmM3qAMb5z1hDd7FUJVFMyc8VE3b,1CmV58YotkwFBYWNfSsZs1Daeda
1gDzhLgoLXzC1wuW5VzonrhcW9,bc1h8u3u0td9rga7p2ph4hdh4ukstrdkss75rsp0ec
bc1usy4cxhscjsp33kl9945m8ak37dxplvvsd02hfz,13RmSoeGGEwL2MG8T4ALEP7L7uSsU6
39a75QyW6e2MvdD49MNLcMbBmykKR1RkJ9,bc1cqu7r7qmmxpwxcjrlsjs9x7htldxzs0s7qvd7rt
1SD9iNhoGudyj7cVNrZEhe8qXd9X,3CX5ccGvZ2zCiwNPxgAfiN5PhDuRsGb7F4
bc173vmxmpc8msxypy2gp37qnqwewx753a63xuucl5,1eNKquaygj1CPZ66EfUUUJBmGyEyTGrFhw
bc16py8ga7p08zqx0qhnqu0nj37nvt3ffpg6nudnlm,bc19vcjzptweyp2v6dcgkdv45jx9026xsh85g8ymsa
1QimEnYHtRzD2XZKryg1AnZD9rNEEr3E,1HrzkBDfaoaeZUWuHAqEyiwkEJEj6W
1qtBWJrcN1oqVZ3CbNGYSTjGy9,37iK2aeHi3v2wQvMMhmDrW54k89SLSqdwG
1LbixhxDt41rPad2L3m9KejAEG,bc104678lhm8k0r3d9h0tnxevxxtju4ndf7q5ernaw
3uKHETFknAZTYtc8GCbhH87po52E1MmrEK,1KhB1Y66d7nn8P8Mc7C4z94ACJ3f4c3pg
bc13gqwarqshvmr905hp6p8d3twvk5fzplzajq4pr3,15qXqTx7bQXxZpS9iVjHjKMNT
39ubDYZ6xTZCZr5qg5WgFQhFG4QpN6omQZ,3T8wwMGnL2LfYLczBhfi1teMfB3AVYa7s1
3znCFTPpp3TxtacKf12hMpudHVpyHo6jGi,3irgG6H8EsT9SvbMp3grEEvcfZVTEN61LX
387ZPTnt7wK2uW5RvkYY1dbSEbBdYc6XAi,bc167pu88ae6l800pxu7xnu7shvj4ag4leyde5tp7f
39a75QyW6e2MvdD49MNLcMbBmykKR1RkJ9,1rL39pt3sLBsPibrDHWsa7j21v
1UTTmC5jXPtCSPugCA4H4PNpcLUgm9Eh,bc1de3yvw2vjwlmuxwpyr5x45x0p02dym90l9w0wce
1mStU6wuAyp8xooLwZhKPns6fn,3V2D6p4MVfNC9JZBLLaKZtUT4KgcMhWauv
138hD2sCjp58KFBSsdm6wh19k,13LWHJULcfBZBgqGQf81H8QgsE
bc1mw7ftgra90z5p2vuf5tpzt63eegsj7zyvqkvayn,1PVcdjzeDnn92cNf1B6Eone533ms4
3eyrgfZRMhn8WYfi2KFrhpgSSZ52dCJbnN,bc1h5cpn5y37ctsalmd26rxs9hyjeftteuet32q4zc
3PugDBjDF4vXQLmuQXj9ihDfbJ4owMZWTk,31e4ihh1BhVurKqgdRv444sXNJJsDb6TjL
bc1em8u49xtaf7z050x2h8zee3zfxeg87etpz3m9yj,12t9js8Rr4d46YzCc1qrKiubwWwQqf
3KVzBA86FBtbiKLJdHuieYR7YDPQrPa22d,339FS7DAGuoySHsUGGY7mMdeqmxN5u9Wwv
3HXm425DAJwzVyHSZxQzQPWVC6cN9And4A,1EzCiHSZw47wrpymzuQ8ZyY2L2DKnsuaAG
3a71egKN9eFrRNGgkQnUNZFJLhjrfkShAD,3xm9X9UMaa8KzWpFHXkZSo1x9tS3aNzRk9
3rGKD5dxVuz6prmTWepjYTxmL3d5ADsWkE,1WSZJVohTVgM6ZughwTRB6yLs
1X9ikcdVytjEXdhpEG7RhhyP6eD9mA9mNL,1HBr7AhrjYkA6MtUeKxuD6KhetCu
14q8MGweHF3CeGJP3E22QyexxmR,3vgJYoX69Em8KNTQShaqvhuqsfRBYSfSib
bc1glx9y5gug48r0a5hqzpxvanlzvegydlcv4gzqk8,bc1rdfc5kjjwknkd4llrtmvynh7g3uwfpdtv2lec49
bc1jdk6urnakdp8khpaaj0v4p9qakdcx982ynrll5v,39ow5ANmstnhAXtqnrBeVDzcsKpHuoa1d4
1GZcwtXWZMDjhNWBdP4qkzmCH,1apCkH17dW8XKMhqAZ3TpceRLz
1TXQT4ToEDdyooScVQ33ydupU3bT4DNgnP,1aGQ1mqhAEbW8iiDapetaw6AyzmS
bc1srrxd936605r3uldrd9d8k96udsey4hujhjdvjj,1uLwbjTeYEcVibpZoB7H3fpszro
1Wg96ghHjjBh4UNUq145nnqVxEATN7,3cTpBtUFqU32j5QzxFQ4Mm5wdm4FoJZxiE
3VK2i2FDi1ecuUgvi1nGiQyjssfxPQCrYc,1231QHtZDJbrRdecbz4DfEfRWpF
1a6Sn9LUkYGQShmUCPaZzXFGRga7QNCLfm,1vwnXWQLEjgHiZRTRT9PU9LGYbA
1tZBg9ZNL27m3ev2ixgB4aDJ2SUA7B5,1xnKJKqbfUC1u9kFSX1fF3rRf
1AE17YNEmnGq81Kg4znjDaw3UV1rgarE,3CJBoPyuyJvYL4pvhPTL5xAZj12wuK3dJ2
1Gwd7ARxtKmBk7oBThahmkhHn87hZEJTxL,386Nh2pWza4HawiTFoQbawRdosfqemkgmr
1FuZpUNyDUu8tKm5oTE3HEyL7F8F,1vauRnckJnobw46JwqWWTEKTeC
1TJEaLKdMqiCDSFe53D11x53P5Buz,bc10j7zth8pkkhwmw6la3sursdunenud8fhn4e9yx2
1SSC6rJeGn7hNGyaymPdfZ1aw,bc1qd3tl4al74pw9acu9tytp09l246mmf0gq5vaa7s
1Q6K7ghzEfVjwzLMd4vt7C84viGcSr,3UxQA4VUdAzWuVFZ2HWYm9G62DhEMjZjZ1
1eDPxWf4PWqgLWu2EmXYLKBWUjST,1WE2BdWAD2ocTt7gXETJzJnpsRJ1WFPSD
1nVjuBmBFUKhBYVQvn8j9yAqasZTZqfqWa,bc1dyuxq93ca2fuxcvpmke0v7dalewn2027592erw9
36TtLSdLAN3WnMiRwYtL4mviAHRwUr5ZjC,3ehcCFZEyJHDhKMwoG8gPypxoHHiMSFUCY
15NzVthds1sjgmfwz5rw2fKELoFi,17ya3kbr1JfHpKTdp3gm9ZigzP
bc19f3l3mqujwmmqku2gxu9kny6jt8gh0aa7dmjlc3,1cMYDENEYfaCtUdaxrV45JmmCJhDjoipya
3qBEb48LoLLeAJ6nVrqW99SSXEsKdWJA7k,1iq4keoDfb8hV16y7GRMKNJvD2wtn2
3TwU5Uh9BCwyAh3wTdhiPk86C8CFinRpp8,1EAY2w9KemKzwxu483wkD5oVZxijz8r
bc1ryws32cw6udaw9mwc6gc08wk82uzyvyxd2wp6vc,3CzakdY9SEE12gwZqvkkqCh5i4VRcttRui
bc1gwvuzukmpq7hklsksawjdmnjvus5mee4ka2fvkc,12t9js8Rr4d46YzCc1qrKiubwWwQqf
3Py4DZT2bSgaSDRZNLPHMWtgW2HPvfuM38,bc10pts07n8nepvz4qfhasksjglukmq8crjupxx6rn
39CmC7PVzkkQamA41GnH6FZrphhJDUcvfq,3FK7eeg8rUcY6Q27pkq6MoD7SS4f7vwxgu
1hVzS7bXH1Zn1fatBgy2ZeFNcz16yb,3JLNQK21jfy1xAw3QVoH8CvbqyYSBwZbsF
bc14nzwps4fjfu2xg2wrygqnsxt2ykf8zn2wy04rpd,1nZMDysWemm5zopJZVirm7BGhj
1gv8WJh263Xy4dUSnCmHcUv1fx,17GvNvyta28ZqXWabMfiHb9Jqf
3gasVBAmM3qAMb5z1hDd7FUJVFMyc8VE3b,bc1c94dsndylydlv5c95ly86pyuwx8k0t3x6sg6lrw
3G6umWXCuz31yMCVMtSc4K5U5oDy3BaBeF,1Yr3VRqkTN7oXzGhKrHHJVEhNeecFmU6
1gwCXa4PdbaePPZs1ZtvSsvrP5,1ts913xnbffPbkpVHpMiBDr1zhFnS
3rzs1GB1YeReiTapQmyqfnp4ZWsj2cwDqb,3q3cpBEdrJcwoRe4ukC39g2x3rrUJTf6jG
3PJ9NzjKirNPrzkBXa97uashp2Yx6pB9X3,bc13snyvfysdg4sx5sk0rvrcpusca20hy2gj83mymv
bc18j23fs6x2tfw2h73e0ad970t5kzfsyg4dgzfc7n,1vshHkB1nWfYMe3bzM7SP1yAcAxrmUEiHv
3tmnHsdybmfXjsRMYTHsy6KnmaXLdysDgD,3auoHxK46WAkA4YcYdqEfAFHVHD8kX7RxM
bc1cwckgym9xqgudy9w65wchcrpq9s8hqej255zmug,3YQ2LZaRUfKDvkMzg2wgAQVEtZESUCqd5T
1JQaACdwcLc2io6humZeXNCAY,1pTynsTpkifxksBsAF6sL39WVHC
12rXJoML96XKYousdurfTGCc43EJS5e,19Zm1A6YPDUNTFvPKwQKHgsbXMfy
3yDRCrBYvQ5Hb1AZWvqGVJaZGxEn4mMG2R,3us43VJyzx9QAdmCrfVkuuNYMetAVT2vaH
17gMHecah3MJJ6Xyx4xP9zkDNRFZe1Sx9K,1YmBRjoYGh1Epv58QxiY6iUHYLtmW8
1TNrmaHwhyBxu3NGfNn995M7eP6wrj,17GgyWVuhXrcqmuxZ6jgbEiZZ
3XdeREdDdavhCbdPJ2WjaLE9AaM2MoGHeo,1Uh2PLKBNvAiF26MHY2Kg6EWiUV
1Fy2nWkYK4PJpDiMPAxmg3MuLz6kbTzgZ,388dkPhod4b9XyQjv9WjA5tMKtnqDF2VLK
3JPfDu6EQABBjGLJSJCFWJbNLTXC2r8uok,1HrB5qUgBzV7Sf59Qb6vy4yLbz8qjHi
3qukGQ4hZFF9GtoESronXTkNm7c1MsnrJE,17KZYxykrwMSyckrWVYU2Lrv9oCYJ
bc142ze5yxf8jvhwunkz64f6v9h8efxd8zudtue6cr,3eaBkgBYs2rfKfCvB4Rkt1yx9rvnwBM56o
15MDxDS3YvCRVqUJ3j3Bdvgp5ezyTwsY,1NJFUCpcx4rBe767niGDam2wHBT8zeTb
1yQDPRb5Z4wUMcfoio1WPyf8t3BAVL,3FkwAdBacaKWZBekcCJR9tETp5kN4DvjUh
1Ap1JPiDWXaikS7wguxa5JMrEi8GWe,3c2SG5zVZPVpRDVcG5Lvde7uJJVH23jgnL
3nTa881ZbDkYBNmYq2gDZstY1EnMJARkes,1k2gMJzyH4FPzzwxELP8jXgsgRaRKcT
bc1tpgctflc4ylxjy86llwdw55g6vyvn06pcy98zw5,bc1xed2pl9lu5lh0d42ymh03rteetaqsygh54rzj4x
1iy6AKQBWsMD3tQCX1tQqUYF4WhXk4hd,1tFsPkWrh6r2H2tSadaWrcWqeDU
bc1vqzd4aztszvsxykdxdvrt4333m76fkvz2fc4ku7,1NEgpUsN7yQ9njqsspv9cHxehyZKF1ToaW
1GnbPvFZBUUVEe5DGTNu5rdvkqUNb,3XBEcA56r9VLzJ871Z2TSjTaA7ix6nymb5
1iRBRsHgFJqRJQFEUwkzvV9xG8Ka3psY4B,1vXF3tMuPFtDfinAVsCTKrb9Uq
1Eivsa8VFbbxx6jDuVwSLhn1akd,bc1klqu2lu7c49a0skc0j4u073l6mh5dv8ae3e9w4f
bc1r0qh04mafsk3tmmmukhp6tclw3exvt2ck6lr70j,3D32CJwWrcap4Y3NBVeqcZ6pzXT8sFTmLX
bc17wxdw682rylhe8zwp7np8g7yhakdpkxeg9ye7cn,135SRcRDWM7gbXJDz4CwmmH7VR8XEZfMQk
1Fvgvnbj8J6Tmcx7XisLZAkDwJaeK,1nSqZkZzuqkraqdCzRzP5uXtgKQpnp
128TTcaWLyBV436aJ9zgtwMpjuzBvXyE8j,1EMRDd9BkW5v1AfmDhhuARSmFcc
12sRMJSC6KUDn4bne3rjoNMWFHG,3nTa881ZbDkYBNmYq2gDZstY1EnMJARkes
3CEvjRBAonypffg7wNVqRWswpjpVcjcSU8,bc13mcwpqa0g3mtzke7t6pwyknpwsucp65h04zf0td
bc1ch9w54w7eu57afp3p5y0q8xhvmn4lzl9djxsskx,bc108n4skk8lfvvr0lj6dygdj4n2kgqhl0hu336uud
3ArTcBaKAZUHHbxRKTvVUyzGEUVmbtcvSN,bc1en604qxqtazqrvjq4fe2q250fjdksjfrq657djk
1ab72cokDcwiVa5LWPUuEyv5nDboJE7A1p,bc1405fumq5srqhahqh3dvs2lx5x84wfwc4s7pxlmx
1DNZ9jgdxqv4gXQz3hgaafMA8k,3zUqvbqxvzQGVACVqftmMPsGLSkPGaGS5M
3GV1MzftWMQJSvHSsGKJ816oBagohm6AMT,1FCT7S5jkCiF4FfDsagWdYCJR2Mqa2mj
1mAqkEUjB23o5fRJjsh1qgoqhgABUrF7,bc19utyyjwzvzpr3a8fsyx6dx7rjg6n8uf0evklfdy
bc1rsa9snwmasetfkd28tr09649d4gga7lumj39tre,1tFsPkWrh6r2H2tSadaWrcWqeDU
3o3E6ubmLHq2CK36kfUXTcx7JWRGuXA1Xi,176p7gHf3xkUsz9RjVSGH8XGY6GR
1yYs4VY1twFsLpSrY9uS1A23JP8AGh7,3n5UBLNWwGauH7KV59iSyWT3bndiW1CFSa
bc1s9sa5hspgat78spjzzjkdgt8whl0g78fezcslht,bc1yh0mxq6y3yahr24t9880ythvgaruspwzmh9zan3
1FJ8MC61d6QwcHdFvtDdBosDHyQox,35VboDPPEewJB5FRraH1Cgcifbz2EMMgf7
1V3hRvtz3WBnYs9eehcGa16yCyJJ,34qid2M9N6rNoiTvSte44v8XUHSw2xciFd
1xkGLP8bxFJmP5kgsGZBQfx5TLdgvv,bc1yplxc5x7y3jkr49fya72kf3d4ecctjkxxmg8508
39r9RqcyipN7vpKStnYLKRjV3NfkrXyYWD,1zYo7s8Mnb1G8R74SMbTDcjufJe
bc1x4l6ks9m7luu85z7ewuwp8k2w5dcx6mqxj5newm,3jMy1h3fGmpUmFNSNi3yfaouB73te9gqaG
14t1ZzTiCGXwtTUmwEHBKDbYKQWCq13AQ,3uwoyErZVKtN92E6WLDCQLNdSWvy6KMrkR
bc1djs0hqr0d5prcdur8aflynp0473a6tfpycrand0,3hsYcuAwPMjyXbrU81WA8Nj4jyiFchBzoW
3XJrwAtXdFhozfXCaKSk3NSh8ueNySgtwf,1iNBGVZ4FiF2azVV44v2pcsqmjsvP
3FahsS9449tiohY6WveWbmy9t9XW5GK8Eu,1ppZRYqwvET9e7dw29AUp4ioyKGoYd4
1dErtVjv21PEd1g5UZVndXavvku7,1WZ9bp6hc1aM4jJFgrBaizKEW
38AoKjREwyXND61aCMgWUNghU2BdcPBkBY,bc1mqxfc4sfwcdml0yzl8jd86dnq7qq686t9agp8y8
1mZrAz2hFqNhJQhw7jR4Lz1oHJMdc,bc1d4q3h3ltne5v3p4dgqws2y635xvcrfzwm26f3uj
bc1adcldynhf00jeyf3u9h8y3cmv4jy0dtl8vvykry,3xm9X9UMaa8KzWpFHXkZSo1x9tS3aNzRk9
3GV1MzftWMQJSvHSsGKJ816oBagohm6AMT,13zinT1VCwBdicg4ZhXrMMckdqJheu9Z
1uFk5M5xaMXoxdPshuu8s4EYrU6Karc3m,1Ap1JPiDWXaikS7wguxa5JMrEi8GWe
1DocL6KoQeCHwdna1ZZNmbPfo4ufYqanFm,3GBfLVsE3WdefyQXpbg4kyddxcM4NTFMc4
1iy6AKQBWsMD3tQCX1tQqUYF4WhXk4hd,1xTpB4BmGuQddsAJNHLaUg64k1az6X1bz
3BrWoL7EZVznmmZtrsc73woxkyncr6ZWA7,3jXmBy9ZykxZXgEdYnsx8vroxhEqSiiFye
1v8V7YQLRW6cfzt15DorsKr6QqA,bc1lw63h7q22smcd8q9nf0e7xmf4txngz4q22ss9fa
bc1sdyr0npesr0yn6uc5stps8eevjhckry08mfudxk,1jJZ6XjtkZkJYHztLP9kXLg2RK199LMTnp
1aJu347ATb6SMMye2BEpk4Nxzge,1U346T4W8PGeXeEf46KyXntJ5JrhfPAB
3QVNGQ1xZ2Utkj2jseD9btYGE6eXUoUAxG,39DizyMA4DHNp5v42roHc1HHiTqLUBaknz
3crdqscS3741y3v4t1ookuEAVs1YdcKitE,bc1reh9taesah4jdcsxt3zj2hk0kr3ppl283enx3v7
bc13gqwarqshvmr905hp6p8d3twvk5fzplzajq4pr3,3UpHeM4qcLyK9yP8nozU6bHuAdbVzzLWP6
1MPZ9wiqDF8gLqaMvsdmsLNuW4ueXA,bc1uqkr6h26r9scapsvexp03wjf70urzgrrv3er0cz
bc1g08t573tllucj45m05503y3d2myrlmja8t7exag,1Xx7T7jsKbSAvFrPKbQVvmgpQbTiA
17SinNP4s1zWJTe7B7UD3azMhG48b6,3ShxosyGoCJ1qLDkNtQzVvKGtMat3tVGkz
3npZusePa92r2AMoMCS6Sazrp9dF2ZQ8ft,1upknsW6FktDnthCLjTWPsT4ps2iP
1yza8gjy1DJuUynhn2ocCnEwwCN,3uKHETFknAZTYtc8GCbhH87po52E1MmrEK
1gVpLq35H1fbU5vwb43DNvA4Ydk7,1mbrJ9FdH8WaVjnncAPtkNXBi
3VUuoaBP6DrUhxNbju6FcBjXcQWjqGjYbc,1Tukij9Vgexs7Ej4783BBQxskf
bc100ycle5fm6galgulsvzkslc4n88re68w3rgtvn6,1KSgnekGzTsviu4fwni65jouhPpiCs
1wjH2oVn6eHPfbuguFiYVDeFNFjHftyf,1Sjd7us2tApuCAv77FvMQEt7mYyf
1oWnsB4Q9ayt2ThMZpjZFC3H4MWEci,1D3dspFFojHmpgj871w5PLEJ7eSAnR
11NXgt7mD97EpGXZgxwuvztAzXZxRco,3LMJS923GWcgcVGFufcrCDFrN4Dyqr93uz
1b8NoamdPRzQ4FEK5gs7AY3fR,1k2gMJzyH4FPzzwxELP8jXgsgRaRKcT
1Md8mtQfY9jpMA252W3mQQmFhCfGf389sH,1CK9Wy2cH5nEL8Hqp64sXBB47Z5
1ootBiLMRMivzEMpoWF3W4SmhWxkpCxAbf,3bao28pxKZJqSm73SjZYQYgYz7H3xJrCWZ
3ZM9RXg3P1ymMM527XQnEgwH54Voj36mMs,1v6x929Nmf57igXtKFRT2EAYfmyod2SwN
1BcmnfT9FQoKmtg3Qa42mgPYSJEuzaENf,1XRiukJmZLmCz2xTva2w4xEJQmGqTpPcpK
12ho8CLVfPC1rJykqM9249HHs24JgBHrqq,1imrZ23rJTNJr4PQHn9wRzx8uA
1iKbrxSSeJhJF9WtzDyf78LKY,bc1x4jc4fuvv0rpdkva3upgtksvm29yyhpcat4u5fr
3FczCtcfmiRJvRWgTobTYNDGqvzGkZKcx2,1vrUhBg7qyRWQmKUXVMHi5VPTjgq
34KBZiDi1bynYCQ7LKDGY6sq8JQxgahe13,1DxqYNNRpXKMZa3NUz2xQjfZKpeL
1PD8MrnmtxFgWSpG5bpsygcpij,bc14ceqm8tuggd07knr7fnhq0yk8t9r5849cjkjfd8
1UAjThmw3bi2eSZUdDe397RvBo,3Aep2XospDSTaQKBU7ue3mhppw4vNef329
bc1hn6ure5cnuug5vcy954sajgj86dmphvpja7vlq5,3P1xR1cyQgMieQ9PjgnuPe2j8iAHeBg3tG
3yNtzaLtzHm1LQraxVK8iuuoSUhbuo8xqL,bc17j6san7xtye4h2c4pkwfzwslphfwzgt84kg6kyq
3fn2jVVt763hPzjTFmpMJjwTUUApMGTC1c,32xvde1181pLEwJc3R3icoBEoQRVdRtZ49
3n5UBLNWwGauH7KV59iSyWT3bndiW1CFSa,3FvCUNFRexhLed6uGxviXAL5Pa3p6Lmvyi
1rMp2QHoqkYG1Zzk9fxvHA18qNbubJ9S,bc1sk64s2zgv8v7k8z3pjsq05cs75r5z0xusp4zc0f
1vrUhBg7qyRWQmKUXVMHi5VPTjgq,3R3fYfEPcu4orFvoXokZDkSyPFmcdtefeV
1W5iLixgwoxZSbivWy5QWUMF5zTxDLY,bc1k6lteja49navedje73lzhl6azydn659aznn6r0f
1SSC6rJeGn7hNGyaymPdfZ1aw,1B6apcuAj6ZUjAP5Kov8FBMuJforhHx
1bN3QQ35Jp8UcJ6eYpZtPHCJyMh5,1KYWTozJporub4gtaD2FVWKX6Gmhed8
3P2vxhYWhdU73LLGDVdUE7JF5MbZ97qhoW,1ix5ZjD5m2jsA7F4Jg6bDY8TDHpcL
1koPXYfswKgTyaGnc5gu27BonrkwEpdZ,3LTqeQkuUy65u819j7iYyLN4QDafWznyTj
1zQkxN8qeLdBz1fno7m4pRRrTZnykd5wr,3iagJMBp7abW5DKxjh6xESsQ4Jvtzu5rDY
bc1ch9w54w7eu57afp3p5y0q8xhvmn4lzl9djxsskx,1FvM5ZwdDi9Usojmf58V3AsZf7JZ
bc1k8mmwuqvfndly63m2p5xcmqkhyyugej856qt40g,3VqL9GDPG1K3CkNhJWzaVeDF2Lqm3fSAcG
3fJoWGXCPCKZnfoam7jaZKTpS6WJefnHNu,bc1nxc49fn5yu38t59h2ezewj59wx8dr8286ypzz5u
bc1gh3097vd7gjcq7rx6kuf8epnvn7l3c6gjur4cc9,bc1wndzmpgusz6fyw9xu6nwqfag284vqth4ns60xq0
3VvQePcnx2CGaw61MEfdvwM88d3C93eTrZ,bc13dx94kdxwpw7jx4q7uazl6ctpamf6v4rndz0vcc
3wpf7dkhgJXJGsCUaRkMLVarPWFH98WbGK,1qQpNhLhXj4Nwd9iAENGeeLhKyigx4pGX
bc18jeynkshmhk9gy56c4t9tgvv6v80eje0g5egu8h,1xuiLUiRVwnRbHpfaisCjBJwAHAABAXD
bc14nzwps4fjfu2xg2wrygqnsxt2ykf8zn2wy04rpd,3eQAuXud7CADjneSJTFozSiFyfVopFHZia
bc1w9a3clsf04kaajvtgu0l9kp9x2zmj6hk8mwsdk5,1uNYR2Sh46sfUWFv826BCfYZUyfa73CJk
1fXhFNc5vDVt5o4ZwRNipG35Jwx6jXB,1jJZ6XjtkZkJYHztLP9kXLg2RK199LMTnp
19REzjM2jQVUsWUs8XpDvSXfM6esn,1WB23A6oCxxS4gQuaoaajnPmzeCF4YTu
34YWa9LX7Ca6WoTWT4ToiPpka3L4zw5w2Q,bc10uua9j82uf7vrz6w5z9whty6y3g97h8fg3y8mzf
bc1jf9q5tlv4cvdl4a9724eg8f3xeveews0zq7fc8e,3SL2hf3BVeCsLSef8BKiFZ3CaDVZSMPxrm
1PKRMVkUcveBQ13jLj45R7AY5iy2Mn,176p7gHf3xkUsz9RjVSGH8XGY6GR
bc1e3w44rqw3wslq7me86r60jfvnp0jfrcy6n3jaud,1GnbPvFZBUUVEe5DGTNu5rdvkqUNb
1RgzYnwgAiUJKXRS5hZQN7drLdQ4HErLCf,bc13gqwarqshvmr905hp6p8d3twvk5fzplzajq4pr3
1Ptb9CpcDUBqeMpagNdAAnzdkiP9,bc1g8ldn23tce2plp9gwhqwgaccjkwa0yl25a4lq3q
bc18q02s0hv7fmry8eu8uaksdvjf8n74capvddl2tf,1tBKAvWz89c3U7bVWFVPsrLghkJW3Q
1ZA3E39tvGneFpY1McN5hYiQcK4pp,32T6WYccoPGfUcgkY2wn5zo7F8BeyU8VNQ
3P7ETBCceZp4zh9eCrHGS4Rr1zYzWGdcmV,bc1d99keehmpssngxapqnvyksd2lw9sus4vxrqctsp
1qM7uhSiRvxpviFwRjDTLFRFbaL,1M6LJGjQwcfEcd66wro62Z26rge3e1
3HpY7cSn2byrdMo3Hu4dcnBSW4RHqCN46c,3H6G3PshZKo88EU9GjyvP6B6DsNqnVKQW1
1StB6AgxwSYDTZ1uWR3f9eKu9usFiKP,1n9mZAmchqK6CX3vHHoLJKCJ7C
1dZiQPa12dLmtBLxj2BDz6Fw6qwESTAuh,1fveHJbUnWQcW1v9QqZ6YTyxbiPK
15gQZnsadzgwjRAWVTyWXhT2AZv7r7NH,3m3dLAxgcZzQ5PTdR38781qfSidfD9a7ht
127fB9bNNb2hds1RLe6uJUB2oTaSQ,1eNKquaygj1CPZ66EfUUUJBmGyEyTGrFhw
1ttzpiVBruUKu4VB6S1Rwcbw7Htacp,1qm63VQEfRpwr6YNdbCA7R6JSRLtRMdbV
bc1xwuwq5tk8n6fxf3l8yjr0pxszerdee3jka2gg2c,1gDn7N1Qiegd1HRv9kLp9LwgBmyhnv19
1Ec1TYmH577ERK76rmCeb1zFvP2t,1J8P484pkynJgbwGG9ZMgF6rbGRGvJht
bc1qfll2n9mz8cgnhh86f4gztymgch4r8xatpav4uj,3WafW8DbwRVQXyayggzt2rVsUYDt4BfqeC
bc178pn2fu3kpjrpukqcxpcjpju8g46kps07s4v24y,bc1s4rff78ca625hcty8x3pmc0nspmxkaqxq756twv
3K3bvmfXR4cTxqw4nrhdxr3GjPSKvWgVpQ,3ehcCFZEyJHDhKMwoG8gPypxoHHiMSFUCY
1cKzkNVC7scNQr63WGgn9vXHoRZW,32ogMShFrvNks9KjqtpP1vDNyxemtArhhc
1StckkdBeTXULfSq56kRRfx7gpScpb,bc12ynaey3qh7zx5ztzctgzt0rfyxtcemc0yrq22cy
1AzCjgksMLsm12YNokzTbc1Xm,bc1u6u2nttzqzwklcnxsxkwuthtgr2fwzcs3zjkq4x
1WufsxieYp9tjVpqB1WH13hSNELx6Bf,1CtnYpmxaq9L6RqqZwpfb2e6zNssJc9
3FoKwnbjyJYVSdqCDEAbZMMc4LifxGtLWn,33sPjoqVDrnDwze7AngE6ShE65rZr53KkU
33i2BZhWECeopefh6RmUrxm8Qb5F9HVLAM,bc1xu88gwzk4dwaqmy0nc2upgtp798jc69qgaep3w7
bc1sx7tcpwx6rzt44prh7wegp3k9s2ruyhte83ejw4,1H3NJPrUT16w2FjEhF7MhgvyWd9T
3uVortsNfKkmc9ta21pNHHJvqMNgmct7VY,bc1xyjsj6n6ptq4cln70ddlp5vp8f7qm2lgdqecrmg
37WSvEQYDE8CYkX8MtRWRZtz4MNGZZKVvh,1N1YBsWe8sZLmxsA5PjqjSwnnG
1dKgM5evU4kL66jDXFDviQ5pChsk,1tBRgHs787rzBLeVkcG8LrLjFz
3UZ4LpvRVs1sC9WCuTUPbpDKepiA8XwRy1,1PSRY3SF76tfcut2QBPWAe6ek3
bc1wv4ptzha50d57g7a9pdgdxggpfz4dgkmy8zjjs4,3K6TNHnjFNyznjYo9w2Ydh1LmNjJCzRxy9
bc10leurs8jqkac39hlj4x68p96xfpwnphhtcc6dk6,1j7osdteN11kt8ZPRr2CYVKRvf9hfip
3UxQA4VUdAzWuVFZ2HWYm9G62DhEMjZjZ1,1UTTmC5jXPtCSPugCA4H4PNpcLUgm9Eh
3Fn2ojad4P2k1bQiNfwNS1bju8bBVU7Uph,1vauRnckJnobw46JwqWWTEKTeC
1BcmnfT9FQoKmtg3Qa42mgPYSJEuzaENf,1f7akybvBQJtYGtdMhiikx78tkfUC
1HSequn1dQCvZDeaBkpLErVPtGQMG8WM,3HwYCTEqbLYXcEv4tVKgZWMotLMv1zfyFx
1cVBwWfdkfNvUqnfs8rgchW7oe,1oQ3q5yoEQ9Qq6rk5hG7nWXpa
1etse7wKboZSrJ4iubcycXyoF3xx,bc1srlrtcvh8xugzqrxfffz85smqm2ayy007ypfwn5
3D9mHMx3sro34zDs5vVXM9TYP7htyunjie,bc1nywjaz5hm5jhv607lu8xlske692wea8s28y07t2
bc12x7avvmhdealxq2nt4ns9f52ypzhhue5w3m72n3,1aUsYL8vfsoeznqdY9Hjbp1VEv7DokjCvs
11V8mkrURszUtSZrhu7MsNb1v,bc1akdvd4fxxz2nxuz9yfhrapfl8vnng4sfj6m9tsz
1iFE5pP3xLKfj45UZw8DD6DLVs8rVjdSYE,1SVKkGUcWe1n21pE4qeiHY2v5juq
bc1zf4pn7thavfn47akm843c0l99sdqgf0zvfzuppp,bc1w7eyt4vj3a2rfj8x8cmn6dqz70t4j406jagnlnz
3P7ETBCceZp4zh9eCrHGS4Rr1zYzWGdcmV,1StB6AgxwSYDTZ1uWR3f9eKu9usFiKP
3uWAGT6z5wYwm14nwek47N1BToyfKRk3Nw,1dQ6u9T3Jf7BmznyEWkijZaA13czr
3VKqXLhEsUWrd3eHYu2cNThy47rgKFRqD9,3RoVbqW7mDmSti8vimRC19XMiihHZMMzdX
35vYxZuVE8hBDuGehTax4GihyHgcoRjhUt,17DzNexrGnWn61yyQY4GymVY1QCi8
3sSkUnb4E7RRZWnUq8CbkdPUmYVq3sZ7uB,3BvPE3sFQW4ZwPEKMpEJ2TNdg8Htb2dRFY
33rhNMx8LLpbQjPdt1pqkYAe4JiEW56aKy,bc1085g00hnajh8cl9flkj48gzc5jlyrvd3xnyrvq6
3MA1J2XGAfTshH28qzyeSkZToEPrtfhJSn,3Gd6fUBrbFGn2xN4MU7mSPsVBGAPL2FrK4
bc10tv0uvdpxdg4xnvcvh8rz7xt4zkhpu6ufmwu9dy,3wpf7dkhgJXJGsCUaRkMLVarPWFH98WbGK
17WhhYhUP8AGtT5ja8nMCPSTD,bc1fwuqsssj2gq9mnvstnmx40nuv5x7n289a0e9tyd
3r1Sq3ydRD6jdUhVPHcf9aC2vpACYFm3av,1vDJ2cK4wZuQkA85fnggWMFnaV2
39VLbiQCcDA7Mf3cy7dbBjGvSD51tu2Tg4,1mVEZmDDRgeNKUXrxk6eekFkmazSwq5H
1avpZDUtgtHAWPUUJYn4FpjsU8nz,1B8tcwTdT8ck1iLr5nZcrG1naMUq
1DXqSvcFe93mshjik8rezF15yJQxLc,3i2X3QStmazNeMHYQtGUZwNWRNsLV6RM3f
bc1rps3undtjdw7npa9qmf6paeckww8ldggg3k3jt4,3aGgRMwZr1JZNUDNbQfc4UUR8Bv3cQ9ztL
bc1w7eyt4vj3a2rfj8x8cmn6dqz70t4j406jagnlnz,bc1nxc49fn5yu38t59h2ezewj59wx8dr8286ypzz5u
bc1xvjcvvqakkwqjjq7gspwprntqe29632hfgkkxxs,1xBUvKcQoA32NdpUd1GcE4HHHX
3FK7eeg8rUcY6Q27pkq6MoD7SS4f7vwxgu,1wuMEtYaVRab8VKMu83BEGDfJcaDN
bc1crc0mmh0dr2yn8hrl9df2k5xxma7c65vdy7qhuf,1RPTHX4qXdyvYy79HdSDdTmaE
bc149wqvdeaae7mgzauud3smefwz9pxqdaefjlly2g,1SeLPTJF7tTJJhnnZ3ixhVVtjW
3jNcTHpWggDs1TwxXRvUcXhLCA9ueiyVy6,3BXdk7FhqSdyVPLYvtA8miuWgdodyssAq5
3e5exBmtPJ1kAziH8oQG3sZ9h3GDVUpf1J,1vsBkkPGgqmNyPTKLzWrvH1woa
1E4bSfsF3SYkn9zEvaampEszX,3sSkUnb4E7RRZWnUq8CbkdPUmYVq3sZ7uB
bc1d866mqel09s9k3y32gvdx2l59qk407l9qdqsh82,3UZ6nhwPKPNVagpvCRWrdeLRpWQV5HbcHP
1HE9Nip3oF7Wp6h1mTdfXWARviyUnyk8G,1v8xAAEGLpqdSXC19rDbAbt8Fk5Xqh
3YE1h7cCxkSWEaPVZa8ahF9oy6Fy8rV99Y,3XJrwAtXdFhozfXCaKSk3NSh8ueNySgtwf
1PKRMVkUcveBQ13jLj45R7AY5iy2Mn,331roEGd89vVm4KJgRAckkGhFn6X18eLQH
14zvzfVmJA8sM5eDcUwhD8NL3J7sntVqa,1U2t5p14eEhYBfz6JJWRXwaHsY
1Eivsa8VFbbxx6jDuVwSLhn1akd,bc1z0v6wz0ne86qrw3ngguzm5cppvk0l8nr3gmp8zg
bc1ss9y5jwmye4az607n9ks4gkjjj6zqh840428cae,bc1py45eaen8jqzgaemjh66enhmv4nuhd3cfl8zzcs
3myeRzPsuNgfYeMBYXjD12JgYXpFMGwj7o,1GuQsvXMpm4y9gcXbx676QwiatnrjHhrq
1LLuXjhDaTvT37RyYxMadsQeEPn,39AEKLjdDxi1AZuwvH4uWxpbziXr49kUn3
bc10m8mpxlj3zjj5mwtn3dvhshtups3qum0ddyhtaf,1dKgh9RRreBTvxaroEqSqK96GoSx5s
1wNt9CzMeMhq12QFY4vVNwNMHrtb,37NzTqZK1PSQccn4rbDszWgXBAThnvuCm3
1jJZ6XjtkZkJYHztLP9kXLg2RK199LMTnp,3KecohukpMkEVbqoiJWZ4SoZweLqr9YV7k
1ECxgQ2KDnbBzMWZDTFoWtFwELdqDBEJr9,1cLcVdGdzehZ6SKfo4xJJ8GDg
bc185eagqudc056vyjx3rzuu7cf5c6c6w3gu4s2f99,3EBw1RkneB382H9Hu1AwzWKzCUJ2c942Kk
3ytnG4g3x8HQiZnSUGNvpTmSCGC65T89jX,3jNcTHpWggDs1TwxXRvUcXhLCA9ueiyVy6
1qM7uhSiRvxpviFwRjDTLFRFbaL,3xjfHfc6xEKo93zcmTtaiPQ9gtrtnDohTZ
1Y2nFpa6mQh9LV3wj3oPY2sMcpbpZm,1NKitJTbU6f8bLNobjYDdsLsJcqgq4bD
3LF17NV7eCyYVjSn2r1a23Sh34YgUD1ZsK,3YVgSjjqfn18geMHmJ5pJr1YtYQ8hkAcdq
1CtnYpmxaq9L6RqqZwpfb2e6zNssJc9,34rUpWkGqb9oyEFtPKQ48xfSGN4juNtLRg
1TdH3W8SVm3njZ4ywNfSiG9v6PP3JxCaRp,3We1hcHuotaAEkVWisiXae94ozZogvUEj9
3bHMkwkJkhMnGzNcXNE5qxv3eHkWVw5R8P,bc1xyjsj6n6ptq4cln70ddlp5vp8f7qm2lgdqecrmg
3drPDykYFVZoVL5ztv96nf2PMhPBSnDt49,bc1784aa62lhy5jek0r2kq50akg79veprudv0t0lwl
1uL5KNhxRV3znMHbCEGZuZYEff1qwvncP,1ntBeTYJNx9EmbxXMdaXjjvB4M
3ehcCFZEyJHDhKMwoG8gPypxoHHiMSFUCY,1r9YGt552W2aQbuYYzUmNDmjHTWQW
1mStU6wuAyp8xooLwZhKPns6fn,bc1escra2hfnrlpk3q039pgp8lhqmax5jr69v4qmmx
1bUXrhrFBwYzohenzsPqTkrmVmGH7dv9A1,1BAq6xDrhR2XTfKH7gRqUS8HiiM1KTCRSR
bc1q6gjf7pmvqvw8v434pcaac26gcxqhnmeace37af,bc1x27hudsar2u6zyhtp23ks3869egvkwyh46nx3rr
bc10m8mpxlj3zjj5mwtn3dvhshtups3qum0ddyhtaf,bc15j2z4attc8wpcy9mdxwvlyz207hchcgrcqgrl5v
1vkRqf3NNuCu6Ci43qFqVfqFjUrxoU,1Qu2Tbu2VQespAGcj2uFrSPfDcm
3xvDdxAnQsuNM9toDCj6us3ugpAe71p3HJ,1koPXYfswKgTyaGnc5gu27BonrkwEpdZ
bc1kunplk2f2e5qxp9h8vuj0tlxuqaxqnssf35gwz0,3jK3JoSw6RrkfWfK7U7QbdwLNhTNP7SUeB
bc144yvccdl40zsqsuej685efx4kxa7xuw3y4unlms,1DocL6KoQeCHwdna1ZZNmbPfo4ufYqanFm
3Z2f5FXxuJgRRoAhLWNcUAfPMqgQvZ1gua,3gfB4GAUU6q1A764W7agN21ujSmiKpjCHU
1bpCVK7Z8guA2gQHQzU4d3ypBgVMvuJUx,3dVg7wR6HNKwoSL99rnum3g6z7X7aScY3q
1csoC6wyVXd8zfNXa1yxPcSP8P8iQ1B,1mN2ehdHMUk9598C4xEw4ksYVhmTJ
1RPTHX4qXdyvYy79HdSDdTmaE,bc12e6lrwc937r837zuchl7zgvgkl9arntw6lm6hrz
1AVZhqwrMV9N852zRJaUsS8B8pQSLqfSr,35eWUqwmvwoF39rUR6HFKdohMgQ8UNodjr
bc16f8a9zap9tdcuzxrcv8wsuhwr4qs0evzny3rhue,1CCmUXT3TSfYyCg6bWx9RGfebWgd
bc1kkedaryqtkywlsl9fhrykkfxldcrq0dxp4j0apf,3SWYEM5MBM9Mfb3WciUZtW4JNfoZBDPNe2
1wNt9CzMeMhq12QFY4vVNwNMHrtb,bc10d0v2eyu3vet6w0rszg7z9qhl5vfmxkn2ssyqs3
bc1gtd7vkl7ywpn4xfkygzf4sfnf600tl4w8vepaap,1FcKqHMoKGXLWpxdh3aJaYWYcad
3Aep2XospDSTaQKBU7ue3mhppw4vNef329,3ftRB7LzEaghyYQWv5Ze3q8XDD8Yif1pWK
bc1dc4fhencylh09zz35a9a3u5t056t3gnsc0k4e04,1moqC318PMrpZtZZxhxVodvmXF
3HuGEfE26fUnuEVauiiUHYLzuoE3QooqCW,bc1jpp8sgwpgzjzyyj2u8k2kx7mv89fzyd9gsyv8gd
1KhdbXVxSMJ7cY5C6Z2k6fxiJw,bc1wsnm2ae638z4jkvr5mz8g2l0tzslk6mff9lg6gd
1pEpNf6SZEfNyEmwKCoJMWSsHcy,1xZ3mX2v15t6HswF5LmnWuvGUQTjdY
bc1g08t573tllucj45m05503y3d2myrlmja8t7exag,3FK7eeg8rUcY6Q27pkq6MoD7SS4f7vwxgu
3y5syL7rRMPkNuq3UpUMeeDEuEPmeN1CmJ,bc1gtd7vkl7ywpn4xfkygzf4sfnf600tl4w8vepaap
332zKZ4xLzcp4M1eZ9JXmaGVXq6T4KZ1js,3wdCdHMfyexWhK7MUafRkqHroX29fCkAHF
1zdD3Vwwf3mYATEXacmzkmwLUJiPDHz,3Pxo7hhKnCWz5JDiWG7AbKzH9CY3XSxppo
1AcEAW8rs7X4z6uhgo6rZHNEVvZK1oU,1f5coi59idjK71JMG8BTZQ2M6bKPHP5uuy
1AVzn3s9WgrXg37kDQKue353FXDq2iCem,1EutJsUTXCiHzcn6WESe6C9RXYj3ML
1vbM5ZGR1gCuBNXKvuzckcjpW6ipstzX,3weYo4teyxG6LvPmA8TG3eSpkuBTmw4SLz
bc10m8mpxlj3zjj5mwtn3dvhshtups3qum0ddyhtaf,1aGQ1mqhAEbW8iiDapetaw6AyzmS
13tsmazcXZzFEdeVdf2Wcr7GXmmoQwW,1BwBNwBVuJafNKyizU73Sy6ZYPZGF
1nVjuBmBFUKhBYVQvn8j9yAqasZTZqfqWa,3fuQbD4YKab31jgSN4qpDue49rHhW7TC2N
1KMxuVqgKkcyGSJRApaiq2Q91Q8ZK,16FaiBiaoM25Qf4q6kDAUrBWHHxSSG
bc1gggrc82xqdedvkm4n7aj93m7scmctm862hwmrgx,3ZVLh61VWXkmG9LXHas4mWZBWBaGMGFJR8
1myARGjEydJDshuqzD59qGo34gwXe2,bc1vh3mq9c2vy3dhm3y04emm9p5kw8t2turrwvzkyj
3bao28pxKZJqSm73SjZYQYgYz7H3xJrCWZ,bc125zjd8gqvddec0srmgf2gm3dcz6xaj4xtc6g7vx
1Ybg67EGpQaC8SN2wKmrNNmxBfR5Ngbv4,1uYbuLh2aSyVnRiZMTcfNSfv37P2rtTLZ
1DBeM6vU5Upi2y8wpMY737a7x,1CBN1j3tPdgmLYFf8QaG7koog2aVkJwQFB
1MSKRmB7jTnxPErLcp8jRqSAJTh,1qtBWJrcN1oqVZ3CbNGYSTjGy9
1FatzYp1ZxB4fA9Ey2f6KiZyWsXxo7jMN,bc1hf7c8nkg5p2rmmja6cjhv4f7x60r75z2qk7tmqf
bc1ydmsts87ckkg7u9cpqqzdjhdke9reedzce3mp5f,bc1s4rff78ca625hcty8x3pmc0nspmxkaqxq756twv
1fiDcfWQNB6EyWRQp2qLmtzor,1uYwVJMhrjHf9SjfcZFqi6bTvUR1A
1aa1tAGY5YEmUd6ip2dSBxBHf6oJY2Tn,1LTzZUeAPtsLHza1ccSc5j1hSwzacD
1Qu2Tbu2VQespAGcj2uFrSPfDcm,bc178pn2fu3kpjrpukqcxpcjpju8g46kps07s4v24y
bc1hdszrglnyndzq9ukmd8eh48t0efksgm85hxzmcc,bc1yr2l2948jjsel4eghtzvqja4augwrkfmqh8g9m8
3aNdus4r8fTmXq5Gz7bpZhs8aWihWZy8te,1725RReYvuSXqn9PMfxZzfmuDpqcdFtjBv
3ry5J2Pcm8m2Tjd9uPBc1uLcY3unm2Vx9e,bc1guaaeupvzr8qg5ayt5xp0cdel48tt8t3sygxjws
bc1c2n9fp5rl36yqx24gt30se5hwsuj6y3axwlm5n9,bc1xk9vdgzt7rkdaw4rkxmef0ymnlf4ddyfgnat4wq
1MPZ9wiqDF8gLqaMvsdmsLNuW4ueXA,bc1wv4ptzha50d57g7a9pdgdxggpfz4dgkmy8zjjs4
3hsYcuAwPMjyXbrU81WA8Nj4jyiFchBzoW,bc100ycle5fm6galgulsvzkslc4n88re68w3rgtvn6
3dhNTuJYRqTfKuTSDfoW3T2pXCjnEuZHmh,bc1vf4stknm8h7t5yzgkpg654lu589js74ljj9yjsa
bc1568xyx6mf535zj4hmee2jex9yt8gzacu3pgcj09,1qcqKhH7XuWz1jdZzE1xMdV2SE
3ehcCFZEyJHDhKMwoG8gPypxoHHiMSFUCY,1XT13yQ98nJvaLcycYz1kGfPkyoJR
1mVEZmDDRgeNKUXrxk6eekFkmazSwq5H,1wNt9CzMeMhq12QFY4vVNwNMHrtb
3NjEs4Q6CTaqnRoqtyaMbDZfQh88cPZ5be,176p7gHf3xkUsz9RjVSGH8XGY6GR
1uYbuLh2aSyVnRiZMTcfNSfv37P2rtTLZ,19CLC8SDGuKFou1fRcSQ2ZEVx36CY5Vf9
bc1fxe5c708l6daas3yhz6qjmw7sr5z42lmv48cmvn,1DfQH5mMWgqL2sGaz3bMnSz7uC3S
1ot6Z9od7KAjUWpnDizSKRZsvpwPfifcWm,3rmZnVrXqsvH3zSpa2wGrwXWN9MV3M5r6E
3NxHccoDhpUDZyotNCoDiMfEfgU2u7Yxw5,1fBzEmM34tbMFgQVJzeZmCATaXPrjMcW
3t6rLZmNimMQrsy3brsVDT9iTMFBn9REdr,3UUi2ZFvYsahYBmn5gaTZh6ESMMCMTsahq
13P1FSPZMsimFbnPjLpaWwoCrkz6,1W2JxLmCz9JnWYjXfscb9Bhdui3Niyc
1JRjN976nSFjMMaAyfHHpm6iV,3UsPc3A3dBVfeGsxLX45sy6m5jGVQPuyAN
1tKtP9KXTuwj4PCmiNnUD1McZnxVKtCp,3sfYyTtSBo3dUcPV5g4ZoWsFjaDorTyJXP
1Yr3VRqkTN7oXzGhKrHHJVEhNeecFmU6,1imrZ23rJTNJr4PQHn9wRzx8uA
bc1e3w44rqw3wslq7me86r60jfvnp0jfrcy6n3jaud,3iff3uSSe2VEJFZXDzkiDD7LhkHMkJE5vx
15MDxDS3YvCRVqUJ3j3Bdvgp5ezyTwsY,1kG8iw2BsrX4Hqnt8prbdQV8VWp7o
1nCsLPMiPLLgU1wy5aD4hZBhPD5,bc1sx7tcpwx6rzt44prh7wegp3k9s2ruyhte83ejw4
1a6Sn9LUkYGQShmUCPaZzXFGRga7QNCLfm,bc13cnt0vg8ac0lql6me4zfssy9wfuhayh8s9unra3
bc1v76je78qred33y6utfx66dlq44z5726l7xrf4mt,3aYSU4MWamUzhvPmvKhBpU38FnpD8WCpRA
bc1xwuwq5tk8n6fxf3l8yjr0pxszerdee3jka2gg2c,1rTr7oQR1NhyzGHSdqaX4S9tJGEVyV
1Vmhz55c7xmP3Le3aquYQM2YbD,3UEABEdUVWjLGhLcQFsSB9W6vB9ZS61G4S
1V4A7BcefygqwTHFAaASto3yHKjwtC92,1VrRZudzqHx7JZoznLEsujXQDe
1FB9m5xdTZagtezKyKSUdobM5T3,192iyhTC3TFTE53sMXGJoBh2ZB
3heRB3M5h63U17FZs2eXc7D1Nmta5GeMwR,1NjNVeg4RxV3YrP3JWpDEpAreoFRJb53
3TfxxuKGe8uKoiZ26CXtDMqXAxHYwyj9jj,1LTzZUeAPtsLHza1ccSc5j1hSwzacD
1xkGLP8bxFJmP5kgsGZBQfx5TLdgvv,1hpiwHBHPkVbiK2eSb92bSB46K2DH14R
3MVj1ijhNhpXmcMq9SJWZxLDGSdmjtacSd,3RJ3xs9uDRii7NBZBbFApb6b5tNH6DWN4e
3wtqvm4R4DY4esVFBQpDdRhuHk8f4mYjQg,1gYfwvFUN7Gct3Ac9ZFRuqJoqNjBEgrf
1ZA3E39tvGneFpY1McN5hYiQcK4pp,1GnbPvFZBUUVEe5DGTNu5rdvkqUNb
3weYo4teyxG6LvPmA8TG3eSpkuBTmw4SLz,3AVnMn71bEVEzZnAoiJnfSWYHQjFvL2Psv
1jQG2TZmmmbSEbeXgYSrGZKXfJx,bc1krlthqyu6p2s2mvuxzw7ska0s3d7tfqkzdm998f
17NX7mp5ddy6e1GfM3sKZ2eb8UQt,3EnZqV8KqxUkCn7ZfAvA3SfQm1LDHh4swQ
1E4bSfsF3SYkn9zEvaampEszX,bc12meehvta05j5w9lppz843f7w9q5sxytjehtfvj4
39huGc6ax8jnZaEzTgwH9wwYGGfy5qhDVu,3o3bf8F2eaYw4ikrdG1Fz4n3cWoJqpvPcz
13doGvWQBoL3cY2cskDf1mepUVqp,3G1VGJ5ywwWtFKAvpKxdF8WzvGtkj9tXS7
128qEM4fmszdBdvjMFxUfoGLhVc5Av4,1xTpB4BmGuQddsAJNHLaUg64k1az6X1bz
37NzTqZK1PSQccn4rbDszWgXBAThnvuCm3,3P7ETBCceZp4zh9eCrHGS4Rr1zYzWGdcmV
bc14nzwps4fjfu2xg2wrygqnsxt2ykf8zn2wy04rpd,1Lt8fAbiD2iqUozdoQBdPb4kGrV
bc1uvu5xhnav3xmek7ml2ky9s57rvhhu668qnxl4qa,bc10varr8uq9vnxkp4wlxaj7zsejpevrec9phvjz7z
3vaqqyL1KZnquKvJZGKVjZhJXvDHo85HR6,3Lq1iUCg9d12zGCndLNWWY83ZH9nkujBqx
1EMRDd9BkW5v1AfmDhhuARSmFcc,1Ap1JPiDWXaikS7wguxa5JMrEi8GWe
3mBVcXSkkxaVJA3qLiY7oNXF6xyrcaP8fx,1YagVBzqwCMFGaksZmpqM2zztAD1u613h
13Mgc5zMrJpHkncpTUduMZQSeW66xHkgKL,1CkGCJkEwMYRARVSPJK9rpUX1WcFmemcD
3wtqvm4R4DY4esVFBQpDdRhuHk8f4mYjQg,1csoC6wyVXd8zfNXa1yxPcSP8P8iQ1B
135SRcRDWM7gbXJDz4CwmmH7VR8XEZfMQk,3g9px5FZRbcmPuJbRZ4x6mdG5EZAQgU2HH
3KhAT7MuVhUjCk5zE34sQFAAPeyeiwoTds,3PhEcEGp9HCVxVMNveRM17dqYT5Vh7Z4YT
1eRFxus8Qzdvf1xG2zj5jpakMR5gbZ,3fSnexJ6mzU3RDqR1WgyrPQsEKdNt9Hgtm
bc1r0en0xgf8f8gaq4tuh73ccchsqw3jj4dky4dls6,bc1hdszrglnyndzq9ukmd8eh48t0efksgm85hxzmcc
bc13wvjnq3c2ev6upy7c2cw602l05tehrrgwe72nhn,1sDfoXnLPNaACuDM84tqVNBpB
34oAYjHP1eifzXLWcnE9dfpEjvJ6czJhnR,32frjCFFewyAoXSRGVYNvvryEEqBYudD6v
1rTr7oQR1NhyzGHSdqaX4S9tJGEVyV,3HbcrmkUEhUMXjNC3uoDJPvCPUWgzEWEdq
1YGE5mPV1gAZ38PQJLPcyzckUyp4,bc1szucsglc8yjkwk3fm9gyuc63qksvh5k3n3wxug4
1rTr7oQR1NhyzGHSdqaX4S9tJGEVyV,bc1wndzmpgusz6fyw9xu6nwqfag284vqth4ns60xq0
13a4FBxbZ2ifH5TzsAqbopBfGjLTbEP7C,bc1gpkpvvxwvurrsdx95fhk7jhgk0hsen73g5j0t30
1fBzEmM34tbMFgQVJzeZmCATaXPrjMcW,bc19jrmnnc9am66sym5xzxeleaeppuytkdxkgx79rt
bc1d3e3jd344uzwyd7ywvzlq3yskxn2kwrrns0txa0,3UsPc3A3dBVfeGsxLX45sy6m5jGVQPuyAN
3NjEs4Q6CTaqnRoqtyaMbDZfQh88cPZ5be,3cpk59JQwyBUrbMmofX3TZgJEehXs1apuR
3ShwrB3MyYd8F4z5mZ9BhmX6z8iGqCFQsb,1JF9gufvbYdv8m1D8AeN8GwiVKPix
bc1ehy4jltx56f0kdxj4wzyqvuvn7tqwwyfshkgmm7,1M6LJGjQwcfEcd66wro62Z26rge3e1
1R1WK1SoMKdZdN7dTrphQ7deQEoesNAmk,3PArvwuekZ63aUwiAnvRq8oWJT58sYBhWf
1JYWFUZPneSinkeBww9Kbw8GM,bc1u5t0ydlh3w3ql007ftyrl4lq7n5efnrsjp0lldl
3XoWcDMLVwKbmCCbRRSrEykcJvQhqexyDQ,1keJSNRjELrDn2TiCT8gNNW7x1vyz
3m8P1rS68RL3cvfQs1bCZ4FKLmBdJ86Ma6,1RPRmQyMoym2hDiJNKnKZCDWr7FKU
1aATrGHseYuLDose24YYMwLFtpji2M,bc19n7qk0c757n9dqcwa8ajj2x8xr25az9kt2m500d
11tHdpDB4M92abL67zAHfhaZykM3mKupkq,1t37URjEbkZPRFye6aLbN12faoJyF3v
bc1jajpdqsx56ztxj6lz5r6cygln8zt6xlmrjvnttf,1HE9Nip3oF7Wp6h1mTdfXWARviyUnyk8G
1bZ9MwD5XriFshP3WCPxVpRe4rU,1hzpEpu77sG2MWKXK8H9PLHQTFTxD5TaY
3eMiVZ1Sm3RNfudsaxcYmvfbTbRApqE7Ys,18LJJhu3T9TyFndc6ADTCTgFSsDS
3ZVLh61VWXkmG9LXHas4mWZBWBaGMGFJR8,14GzJq4EoqwApcHPBkjkmC8zdE88Q
bc1ydmsts87ckkg7u9cpqqzdjhdke9reedzce3mp5f,1hzpEpu77sG2MWKXK8H9PLHQTFTxD5TaY
3LMJS923GWcgcVGFufcrCDFrN4Dyqr93uz,38w5eXaQxwrQDLtZCKcGfTY1g3BFkUUjYF
3cze1pJfw877ZGciCdGVur6RH1mdGjYR15,bc1ng3aj9978978zyt52mpnhlfe4pmj6efenc8uf8a
3Mni3SRARtMNqnakETo22G7LtA5wyLzthS,1fqMAy4S9FkHPWjz38Am89hMVoN
1XTttwXNhJ6LJpyjko23m14L8fK6dX,3MA1J2XGAfTshH28qzyeSkZToEPrtfhJSn
34rUpWkGqb9oyEFtPKQ48xfSGN4juNtLRg,157LJZEw2gJVopo6QhcFZLFSi
bc1c2n9fp5rl36yqx24gt30se5hwsuj6y3axwlm5n9,1oQ4CqHXgDvmdyUZPvRUpz1esh
bc1fcay23fd2yprcvs865uchtq398akur35qzlxley,1EeWz9MTMB5xbdgXQvhtJRhwmV59Ne
3nDUzPomhT7SxSyS4BP6GSYQga3Swzuz95,3p2PgDHDpQQMi9fsg2nbmMuamWaZRFRBiy
1voEo6RBRGrc7e6PAWQiY4NC6Md5y,3dVg7wR6HNKwoSL99rnum3g6z7X7aScY3q
bc127suce835l6w985dgmh4ujxv8rtkz5j2q3n903p,3ARUBH36hYYXBgL3V5fZGn9782no5F2y9u
1ezwFzxaAU1atW79LLqFXrKL1B,bc1e3gjhffdge9nhte6s09rz28gpcgwyw6dhun2ts2
1d7L43KzoQ7ZBt8XvU2gsEeQUGMUhDRQmS,bc1j2rv8qmce70ar3lnxmvtydtqlfhpkkv4ehdqgdd
15NzVthds1sjgmfwz5rw2fKELoFi,bc1gwvuzukmpq7hklsksawjdmnjvus5mee4ka2fvkc
3HuGEfE26fUnuEVauiiUHYLzuoE3QooqCW,3FVSqzNJVEPDwoh4MUyDPo1Bf6ZbPEdqhu
3tiWUusZzue38zUhGdMGM3vrwf4S9YLQtd,3WhbCBDaAZwW2gUNznXnHVhPK19kRCu78B
3sLBk5vdtenq3VibQTgH3X8NaHotMps2ps,1eaKWr2Eq9VJDL9JppDuimYBDsCD984c
1UbfStkcD1LmjrXomjZxaJbkGojxE,1wU5Fn19FqkFFRopU2mcjedfbYe
1VFYD6QELNmn1udWN17AvcmV1,bc12meehvta05j5w9lppz843f7w9q5sxytjehtfvj4
3jxNNJ2ec6jrU6VfiuJvqApNURkZLTXG2Z,bc1sgssk5w3ltsk0htk0rmzanfzmpvk7e5jtqm7hhx
1E9ULgPHv4Pcak29SKBAoKURwaFm,35exQhyfRRDrZMDTREBr7Kv6ukG5ykuW3P
1kFrxuCncGL94xap5s2dSVXgb7JXbTZ,17bAqv31fZzx6Beg1K2Riizmvdmm
1RPTHX4qXdyvYy79HdSDdTmaE,3Yt2T1sxHKKC3S3ntv2gqavaQ9UKZ76twu
1fnvqGXLUMqLzA9FmRFNEfdHSwqx99Qhc,3qdxdFbsDCUVBV8d6WiDSVci3gcdEMXxsq
3ehcCFZEyJHDhKMwoG8gPypxoHHiMSFUCY,1ByYynn7kPesdYpDGaokAEjNu6BBs
1KvUXQ9Vb1AugX5L2bRYBWFcDeLdDk4ZA,bc13jjhx3jrqm5zdyn7s8cr6qqa3dx6uh4286ccyz5
bc1vyldfx6da9666zrqxgcc0ds333xxr3wqftulfr8,3WHN6fMH8R6dJPAc4j1318FSkCSyE52WdZ
3VnGAXvNZrVxnqBRHoiSXrENZHFFZxsLWe,3vn9VtXtGAsXYJmVUhjZW8CFAcKG1Gb9M5
3GTLWam7b8W9YuLrwBUGgp3h2TnEp3cnPZ,1myARGjEydJDshuqzD59qGo34gwXe2
1xkGLP8bxFJmP5kgsGZBQfx5TLdgvv,bc1r7guz5zd2lhxyac6zxk8vfvtftqqw67m6yp8jhl
1tFfyVCwVXAT3p2V611do19Eup,bc1f6p5cucq88y92hvm5ctenchh820qvag7xghz2vw
1zzZBWwDhhqBdrqJEGJPTdJoZDaq,bc1seru8crv82ezs7dhmktc28dj4sw9ftll7s0k6zy
11NXgt7mD97EpGXZgxwuvztAzXZxRco,1qah5w5dxxd3wSxDNvVyZPFkpY
16idqEouqnoF64tbEUEETZXpXv5vy39EUQ,1csoC6wyVXd8zfNXa1yxPcSP8P8iQ1B
bc1gncjsdlcpkjgnref4hmwzuf2uzpt7l027sv58tu,3mJPgt9QFrvPv6iU5RRu8zpGeUHTLAQwMR
1cKzkNVC7scNQr63WGgn9vXHoRZW,bc14czazlcuslafflerujh70veq4yyzgatqp5vdz0a
bc1j52gyapaesfvat6wu4yldxaerkf69x79awmfdv3,3hcTjZ9DQJCim1GFGppCESpaoiv8fRKoad
bc1tpgctflc4ylxjy86llwdw55g6vyvn06pcy98zw5,1VhF3ZMwcfma9RXmSTPpRQnV4Lt2us
bc1srrxd936605r3uldrd9d8k96udsey4hujhjdvjj,1RVNjS67o48Ttu2a76qPTsuzYqpF
3MTW7TC7iHjf9jX89guAbDsvU6QpimH3jP,bc19uz34m9kawaykut74apnvm0zl582xfrhrj8c7l9
3pMRHWYuzSauKViKZrw4Tjavs4NeK8zLW1,1ccMtf3yCM4UhGfmCzM5iQZuVx
bc13pxuxdahp8ffgxrf4kdh44e3q3u72kymvjpu55l,3sLBk5vdtenq3VibQTgH3X8NaHotMps2ps
1beDE6atjuMUj4T6MfiVygwWRXQwn,1HMYDEAyuajjLn1QMx64H23kqUC1Mnf39
bc1p9lknn3hkuf8z4aevr3332e84r5ple49q8u407t,3LTqeQkuUy65u819j7iYyLN4QDafWznyTj
bc13cfa2w0f6txepelqhp0r87zxlewlzk8lypyw8v5,3F7qfj1yNDRxbpT7hTWjqxiDuaBZPk2vK4
3xfLqMjTUnmif8PwJSoT5y5DJj2wsqdtFJ,3QvBR4R3Ae8v2AxgJP5hKUqZQzrMV4uYXC
1wUbqPMdaW3jZJP89ZHScxKgL,bc174m0ecnewnfngmtvqzyp984rnm9k5z9t63l0hhj
1xGNUFC6UjF36niha2ZkEc44f3N,1SGZ298L2CfoLjzamir5Gq5WgWf
3CT22oUPUAq16YRUZiZ9ja7yyQCmnSBeqk,3Ejowio9WmPw7ofxoAGfKANvanYo9LcJym
1GVn61ysMf1N8wHf9aBaNMk5igHV8Rq,1fiDcfWQNB6EyWRQp2qLmtzor
3kxQE4ZeYuNeddJzQw4hPuLHWaKqADyZzK,3pHY93j5pkRUtSWSP29nWBGyDTEWpwE5zV
3Y8iwW29sReDanDwbWSiygH6rAUefxqpR1,39Wi9vnpprNLfq9UpZfG5vFantUcS21NeU
1G4peh13r9sFrfrSwi2szQ3NPUZkRC,bc1lrh5tyw09az4dx5hk9x9dugmak7kw89nwq5e972
37Rddsjt3h4TXPtMuX3Ak7fCwsjjV7sDrY,1v6x929Nmf57igXtKFRT2EAYfmyod2SwN
1euexZvMXJppFqqrN4SpQtmqxdgMF,bc1qax6cmprd60rz7333kup96fszvfxgt5dlhjf3jy
bc1jf49vrmk5w3h4gkg6ec0tee0apdg6337mml36vs,1eghYWmP4w7gsGBP8jP87CNNg7i
3ErqSYsSs1JNGGL5uWRXCBgzeGx9CUJK6h,3r5gHyUEmMeAcLiTBtBG78auKaCxLy5DZ2
3QMtfLJxcUZke7MEevF3tPo7Fi2WmWWVJe,13cFJQY4H8CtXdooznMYVuWPBKD
bc13m4y8qkqjv8j0xf3kvcl3gwqhjmaffrl6vmz7vz,3WHN6fMH8R6dJPAc4j1318FSkCSyE52WdZ
1zYo7s8Mnb1G8R74SMbTDcjufJe,15oVs7oriijmibKEEXTVa1t9nPSu
1m9afpZreg7VrfK98YpJoNwqTzMgo,3vr6jCGgbsBmjZUsLx1wx7zUFcCvZmPXMG
3V6yUqvNRZD9GwaR9LPqVegFpyeVAoAiVv,1hZ97NarDsfMUYp7B7xQSQ4LcDj7
1xV93PLEtocYkgiQRYgqRQAm9y,1wKychKTNC5JcUhoPCgPBP5gf
1rg8NmM8ZcrsW8166ZxJwq7zt488bh1h3,bc1rdx0z46f7dy65cc6dswf6vyd73jpg8e067hw0rp
3iagJMBp7abW5DKxjh6xESsQ4Jvtzu5rDY,bc1nqel340yfxm7nd3uqns88qjsw7dywkyaexue790
1fTk5RzWmYcqEVmBoMzEwRku1ht,1qqXwtqtnq1DcyYXHfe26CEhZCdgS1P
bc1da0xrurlg255njc0hrvluepm8f0d7jq6tj3xvul,bc17u0rzlmadydjya94a5ulp4pwwpjw46grf2r6444
1ZoaKYguCbLaULzyj5ZCH2imR1EzXq,1SVKkGUcWe1n21pE4qeiHY2v5juq
1vrUhBg7qyRWQmKUXVMHi5VPTjgq,bc1ehy4jltx56f0kdxj4wzyqvuvn7tqwwyfshkgmm7
38W7HQan4DjboiLmPtA52fNEBmUGLG74Bz,1KYWTozJporub4gtaD2FVWKX6Gmhed8
3vgJYoX69Em8KNTQShaqvhuqsfRBYSfSib,34X4BLC7aN5uHDqey4DsBzqfgEHp1S6B2b
bc1jhz43uhumeytr5fcefvzt0hk45tucsyywz67t4k,bc17qh7uq24gm557hu9aru5wewex8xkr0mywjh2t0y
bc1k8mmwuqvfndly63m2p5xcmqkhyyugej856qt40g,3rmZnVrXqsvH3zSpa2wGrwXWN9MV3M5r6E
3ukGsrSrbcBsDSb3oFrmgnetymmCpM22fr,1dcBnLbk4Xhxr8eME3DUYAfwPk8p
1aNuADYvkHZWACcLKG7H2beWQB,1uA68x6ftuFG1tGJqtkrrjxKNnvornM
1LL4RMbEGzbbMAYsEszzFKWvmNYpfZ,bc1k6lteja49navedje73lzhl6azydn659aznn6r0f
bc1x4jc4fuvv0rpdkva3upgtksvm29yyhpcat4u5fr,3oZtccCGAutb5vd3S8wffdrRa7x37r8rCK
1x6hqhV9MpYovyQouG25fpAdhzq7h,bc1hqh04wd9wwpustt6cnza2fzrk5g35erjg74xg9k
3QmANYC2dchR5nGzHhFRcWSAnp9vw36X8K,bc10j7zth8pkkhwmw6la3sursdunenud8fhn4e9yx2
31CdfrnoR149o9pqtiXWGPFxYCkRTa2nAy,3P2vxhYWhdU73LLGDVdUE7JF5MbZ97qhoW
3D1tr2FkEJuGearwXmaMt1ycKkg5pDaLoH,bc1u3cuj3sj65lhzd8t0pkvul9tjzg87yfjkq0xrnj
3nwZgB7Z7vtytbC5Scdq8o9ksGn4pZ2oU5,1gKLozP5GZEyrGphUJVj15pbMoHskze69
18hGXXhc7jdzVgwzHcKXzM8ZXdVBciy1,3We1hcHuotaAEkVWisiXae94ozZogvUEj9
1giNMsW1efJo8sxApP3zbmYrG,3vcPqHA2sjPAzUTugZkWK8KX1RoLafXq6o
19Qctkoxu94WrVQYtxPqWN2ARHsvG75EF,3n3BDkFR3Jxrj3Pi3GWwM5RE3ej3beBE6i
1cvdnprptQRTbN63iMjAUQ4yjb92TvbhN2,382NbBsbMAtkgHPAaxregGQ2nm1ueb1FoJ
32mqPefaf8mGHviEFz3L5voJnbcQP9FED8,bc19dq9a5hg4szs5lyqy63wy4q93txct2y2efs89tt
3P1xR1cyQgMieQ9PjgnuPe2j8iAHeBg3tG,bc1k0pcc75e3t4kgejt9gr33gjrsxcps0cvngv3gz2
bc1yztmagucjthmqzza4cnt94qtaqdwg2a4c0zwcth,3Gd6fUBrbFGn2xN4MU7mSPsVBGAPL2FrK4
3cze1pJfw877ZGciCdGVur6RH1mdGjYR15,3pkaw9Uha7nJ3TqZ2yNkRL3hSvbF2VSDpU
3PkRUdGWtMxzrvq7pCHgFVHH2XJoApq5NU,1j8jpgEQgsajqVERcPpH8yQaGcti
17BtMfDsZic1KX9y7P5WRA9suWU5VY,332zKZ4xLzcp4M1eZ9JXmaGVXq6T4KZ1js
1fTk5RzWmYcqEVmBoMzEwRku1ht,3dTEWw68wEzYBSUzoTEQjPhVZX1tgJUzuV
1FVtv3asZyjkqvgR89rJoM2DmVt5LCe6q,16LHgDK86cf1Mo3ooL4rxziyLpsTAHv
1RCg6kkD6dk8HWjh61rHrjDPiuTfbAB3t4,1ZGbSdXm4w5VgDLqoq6c1qzej9q7
bc1482k0hcmflzdcsf8hmm4xs8hzcmy3v27nxc5sta,12sRMJSC6KUDn4bne3rjoNMWFHG
3gEUeAGU1nTVtbRcND56QEF2A2ok91fo3P,bc1adl87s3t3lw46dpd0pgdga5aslhggk7j40ujeag
1PXtVFUgrV1cdwhdn1CV43dwn1,3P9ppT7uGEeZ4qE3DE9sWKkf2mVfhY3bDa
3M2cnLj1a5DxpTmkAVhF8tEQoMRki9jxtK,bc1wndzmpgusz6fyw9xu6nwqfag284vqth4ns60xq0
bc1hwrc3dl55jfy57t0sng7gxd85eq5fcgjf54uvh7,bc15cp7v7fk5ze2aan26wq8zmzqzj0j8ftk0vxcs37
1KyHYBeXo27sot9FKSgAEYmGdC,bc1s8sl8wls4vexpu7fectqaef76pjs6t9upq8xngr
3VhYdQv7U4rVuXor1mN9fADMg5PsNnYS7G,1EGg2CyL5Ho6BLGQdBsQwcWLtvD
1TXQT4ToEDdyooScVQ33ydupU3bT4DNgnP,1kUgFzya4juc5ccesQa17pZXgk
1EzCiHSZw47wrpymzuQ8ZyY2L2DKnsuaAG,bc1gncjsdlcpkjgnref4hmwzuf2uzpt7l027sv58tu
142fWVNtLtHHagf4JaXp21272,1qcqKhH7XuWz1jdZzE1xMdV2SE
bc1x76ss2urs6dfpzevhmnaut80j7z497ahp3xys0k,112w2xpMunhin3hLeACQpszCQ7s
1NstcSQ4EProUkP2hB7hDj9ThgeY,3HpY7cSn2byrdMo3Hu4dcnBSW4RHqCN46c
1YK1q4tLE3brjktshU1N5zj1Yd2Dh,1nytw2oEE6z9b58LjKzps5AtsQvca7L
bc19nkhp606t679szp4l5n84waxfs2stwg7mxjuyun,3fNr43ZddpcBnzHcm12HN5M8u9rQvaMVpn
bc1s9sa5hspgat78spjzzjkdgt8whl0g78fezcslht,3CX5ccGvZ2zCiwNPxgAfiN5PhDuRsGb7F4
3AVnMn71bEVEzZnAoiJnfSWYHQjFvL2Psv,3FK7eeg8rUcY6Q27pkq6MoD7SS4f7vwxgu
1aATrGHseYuLDose24YYMwLFtpji2M,35hUeQP4NRG7NnLEA7D1uBCvE5a3zV36Jy
1wNt9CzMeMhq12QFY4vVNwNMHrtb,1j1sCdw9fhtJNz5jr866DQj8w9VuCJ6r
1KhdbXVxSMJ7cY5C6Z2k6fxiJw,bc1yztmagucjthmqzza4cnt94qtaqdwg2a4c0zwcth
bc145hhymvxzd2cjry6fgq9kugf3hy6wj78v0cs6nj,bc1nqel340yfxm7nd3uqns88qjsw7dywkyaexue790
1UAjThmw3bi2eSZUdDe397RvBo,3QiehPreFvtsb2zvHi4s9dm6ZD3et17LPU
bc1yplxc5x7y3jkr49fya72kf3d4ecctjkxxmg8508,bc107p7fpfq056rqc2thngecffhugjenu0ge3jqm3s
3yfBfDtHyCnETvvRUvwPYCB7mWAeZWY3VM,3AkXGsGCh4hrMKGi9a7EqXSvT9UyNjr96Y
bc18rge83l7q2snk4q5t0wu0qx5n6n927wnllkf4v8,38PvSShdCx81qnzD9mSdnuVUDwRjh2Qvj2
1kE6Cbt3oEVoqQxUc7PsWmdyZTm1k,3RxKFLkv7Y5TVo8bmV6N9rempTEP9nSjzm
bc1f9w68taqw4e73fgngnvgy5e763u5gsy8uy3agf2,bc1ud6rtj4gqum50rqktzyacglkvr70knu3a4x0jsh
1ioX9t9wKPcqbWWVZU1L7RJusdb,bc1pds2tndjgwr05kc6ut2rw2gkwq0394yrwys4jjk
3L7p4R8SRVbEK2SnFss5aJsfuBnHVYrwhj,3zcCVzoNasbXyKP2r5MXwM5y2KN6rgggkR
1KG2EMa8oFkJdT3f1ZsWxqpawpix8hYL31,1uYwVJMhrjHf9SjfcZFqi6bTvUR1A
32VWnTxL5fQ2zVtaZWLDb6Co53Y9WQch79,1grHZEyti4vAruaPMEzzz7b7XZmz
1hcZJ3gsdGMmUWJKnWijVkaXgTuJTj,19KxLSGqhBZsdquqqsuu7hBBp8Y
3SCYnehtnQCJ3Ljj8zH6ZXkA2obEmjz74N,1Lh7KQebHyhxaprFtTbK4vjnLkpQpyAq1
1gv7wxCdHnnMzVdbzNFWyu2KAehGz,3Jxv9Hx2jZ9PFwQBNzqoB1qhgA6Xd3JX6P
32mqPefaf8mGHviEFz3L5voJnbcQP9FED8,bc1989hk8g3hwt0z7yqw6w37w4nx9empd3uspgzm0m
1tytVr9MpWLHJDAebxoMEqE2uhFBa,1eRFxus8Qzdvf1xG2zj5jpakMR5gbZ
131tDa88XYU4aecTdPuSqQjLuhfQh1Fgt,12DJaGikzQcALArKNsVAXBu1wLJE
16z7UzrY8bdKUu8fNciUkrCD8wE5,1jaEK67C2oy8uY2t6223xfUHKXqthff
3emxoHh3xbQ6MUsUX9VRHzbPwRLrgoLB3P,1DA93UmFa6rifSyxMNTKfu6dCuFSf4jQ
1XrWxb6yVsR7m1LvQrumjFJRZM,15gQZnsadzgwjRAWVTyWXhT2AZv7r7NH
1czS93pCNkr74xvsp1h7T2DYCXGVj9,3gMP8XwXhqXo7pZFU7s74AGAhWztyS5gC5
1z9xRewnLx84H5sqtVePit4ZceBxXRNyD,15GvgEvFKVaPjmW9fr6HbvxkefcXEm5
bc10tv0uvdpxdg4xnvcvh8rz7xt4zkhpu6ufmwu9dy,19JLP2anrsLVYQchCCu5uFdLBbKj
1hntsh2Fiy8dauWJdvSrpKfUTuC,1Jb9zaPiagHbCch8qDuUurGjgKh3iN
1fkx7Gg6Pkrrt1xP744Ks2fYxtPYfZV,1G4peh13r9sFrfrSwi2szQ3NPUZkRC
1bQM9YBTSn852f6YXZGhpTZAWq27eEPAa,1WufsxieYp9tjVpqB1WH13hSNELx6Bf
3ZoJiLbpUsxkJscc4BECjiU1mprtYMRvNq,1B8tcwTdT8ck1iLr5nZcrG1naMUq
1uBgU3T6BMz6r4bevRe3N3my8ouAkyJ,1etyRDdPy76ENiozxJrGMx5zYAK6g
1Ki5gPG3w7s2egDDJucjSccoVsKx9p,1r2wtryLY3dyLWoA141Bmj6CCDrMSMt
bc1z95sa7qjnwkjarwtjpv6s00kneccyndgkg8yj4w,3eMiVZ1Sm3RNfudsaxcYmvfbTbRApqE7Ys
15BFXVaCRVS2kQ3udcWdnM4GXeCc,3aNJRASbtyBxUwhQyHiBioUFJTZA3CfWMu
bc1cfh0nl79sp5a2e3ce9xvrgpvape4y0u6wx303a0,1feyBU4UbNk6PBWf5p5Tfnns7k
39HAyk2KVpvY7ABN9TE7aLR5iiK8oG1WAT,1ynKHnNwCzBm2jwDoq5rog9JF9RNTbaX
1NJFUCpcx4rBe767niGDam2wHBT8zeTb,bc1ej3z9nx9d62k8emsaaaqhyy5ggdeefhc4v5gjsc
1ALpYHTbe5VKAAUkudZmzLAnQFs,1fEhy9EUM5Kcb2Cgm9tccExns
3dEgAyFHNfMymuwSuiqHopjTpT2vZTmk81,1Dp8h4EuYp111FwsLJjtZq7JsSj9MY
bc10tv0uvdpxdg4xnvcvh8rz7xt4zkhpu6ufmwu9dy,bc1uahpxzzv8erhwcwtgzg09c2ulwej7nkyvegj4pv
16kGuSuB6QhAwuD41zssZcTk79g,bc1wt4kluxuzv97z9ryyx7qd4a0dhqxqe6s2j5e04s
3H8DKoA5tUheMUN9E8nuNaGJtGDVvofHar,bc1gtd7vkl7ywpn4xfkygzf4sfnf600tl4w8vepaap
bc1g08t573tllucj45m05503y3d2myrlmja8t7exag,1g2ihyB17soMUCtPjrLd8cog3kVh
3Yt2T1sxHKKC3S3ntv2gqavaQ9UKZ76twu,3HbcCP1nh2yRKetdtHSchBjaRQsJrSvuiL
1A8SJVe7YKLCYzHAeyHuUMN66QR,1DNZ9jgdxqv4gXQz3hgaafMA8k
1oQ4CqHXgDvmdyUZPvRUpz1esh,1KG2EMa8oFkJdT3f1ZsWxqpawpix8hYL31
bc1dqjxlfshe0xmr6jmdv5q70t2ppe0tnk4q0qypuw,1ZW2QvkbqsG98D6H6Vu2aYn5o
bc1362x5cg4lr92sknt26x0n03szkspvzj7u3ff0ez,35C4jLhd2rYmVcFfZ57RCJi6c9tYZ8A9B8
1J8P484pkynJgbwGG9ZMgF6rbGRGvJht,3gTyUmqgxMwecgiUp5ZovW6YnXu9bUGWTa
3kxrHpyu4BJraT1VnHCLVMWPXkHY7rJ6oi,bc1ud6rtj4gqum50rqktzyacglkvr70knu3a4x0jsh
1RgzYnwgAiUJKXRS5hZQN7drLdQ4HErLCf,1ygry6hxAYMGPy3pZM1MkjoKq
bc1fqlsnr9yp9ulk5x42uy0dlj3f47yratnrv8wz0d,bc1u7csqv6jsmap7k0jyhcaad77wncqgay9ha39xwa
3RJ3xs9uDRii7NBZBbFApb6b5tNH6DWN4e,35eWUqwmvwoF39rUR6HFKdohMgQ8UNodjr
1MPZ9wiqDF8gLqaMvsdmsLNuW4ueXA,1D3oipji4Ya9Dw2k1CEmgdYpDHQm5MVYvG
1hntsh2Fiy8dauWJdvSrpKfUTuC,1NEgpUsN7yQ9njqsspv9cHxehyZKF1ToaW
1E8RL58KZUasvFx3p5bv4HtRnS,3vpquuTu4rhewfHPparXmvJiJW4MniWdVM
1CEqRGDKsNhUbr2oLkeB2m2QXLk45rhg7,3yfBfDtHyCnETvvRUvwPYCB7mWAeZWY3VM
1TkEz2JnrDQ18snwSWThPve3ah,bc14nzwps4fjfu2xg2wrygqnsxt2ykf8zn2wy04rpd
1qGMGjKGJnbevVRBnCoXCgNhdrsVLE,bc157u4uw7sg4uvdlfps2ndw7efl04wy7n4ffeqpfj
1eHiQhQ7pGZhYyohqFWEFS48aSK,3AyVe3wmriUimofpN4hniMEB9F8t6uHPxi
1imrZ23rJTNJr4PQHn9wRzx8uA,3LwkUnbQwSDN4HtU7171SbW9q8Xwd1DFNQ
3gfB4GAUU6q1A764W7agN21ujSmiKpjCHU,1oPYvKrXkkGBLHuXUNFPHKZ86D7
1RZHUCSh41xbEsdKkG6jEnbq2nU,1U346T4W8PGeXeEf46KyXntJ5JrhfPAB
3JNGq1PxbJLABa1dZ5eqV7CYB1AhoydLtA,1w1jodt8RwNnDHF7FfuB5mtAe
bc1tpgctflc4ylxjy86llwdw55g6vyvn06pcy98zw5,1KyHYBeXo27sot9FKSgAEYmGdC
1H35h8ct262RbpA6kTn3JFBX8xzg,3GSSquruoGcnXSmDgpkFwphrFDyB3KuQ7m
bc1nlx5u8ue0ez53g40r802m7c52q48vvpe4860tzh,1Fe3fid2EaQXukNxPkXzJXz8iozBZt
1tytVr9MpWLHJDAebxoMEqE2uhFBa,3oC6SRUjgz6QLrFCTRHFvSrY3zqyvrAVDQ
1S4TqjKRQjqebWxWaibBoh1aTWjJ,bc13m4y8qkqjv8j0xf3kvcl3gwqhjmaffrl6vmz7vz
1KpZDaXqVGmef6YsXmFNKKHAhV,1keJSNRjELrDn2TiCT8gNNW7x1vyz
3cSuMpLkNceqVVCdABC1HYL6y52WXe8rSc,3kqud57peeTNfHfJw3B8HgiVeRwtyqNUqD
3TwU5Uh9BCwyAh3wTdhiPk86C8CFinRpp8,31vC8ivqK2bvmrrxNwP6J8AxnxeByhvnDb
1ZmVcaPC59PKYprJA9oGZFYPjFTTJ3wqs,1hu9envAPv4toGoNjVYP65mLW
1NEgpUsN7yQ9njqsspv9cHxehyZKF1ToaW,3ZSuZiQepjhnfVvaHZL73v1PtAas6ARsQm
1zYo7s8Mnb1G8R74SMbTDcjufJe,bc1yztmagucjthmqzza4cnt94qtaqdwg2a4c0zwcth
bc15yy6gjajl74w4nm3x8u72yn55v0dcz45v6cq58k,1S7mJEGMgSfsChCvPkcSzn4k3H
bc125u0luxwkwwc65r7m4nmxe8vpj607lu79lygve6,3aJZZkxMPNYStdwgaxxw1ogp6RDmePD7Br
bc1vqzd4aztszvsxykdxdvrt4333m76fkvz2fc4ku7,3CzUEUL7qySTwkbCseb25FRWgiLGoADFgT
bc1jfms8qahne628ytz0te3vfk84am83z26ug0gl06,3G6umWXCuz31yMCVMtSc4K5U5oDy3BaBeF
3W7HAJB8PZW79y1MeZoQ3QN8jJm7pc78w1,1wNt9CzMeMhq12QFY4vVNwNMHrtb
3CyjGdiBPbTmaNStADKZG4gtTivJ9k8Gsg,bc1qxv7xr669ckq4hp85llcwh9whcvxmhq6ws9carw
135SRcRDWM7gbXJDz4CwmmH7VR8XEZfMQk,1YGE5mPV1gAZ38PQJLPcyzckUyp4
bc1fxe5c708l6daas3yhz6qjmw7sr5z42lmv48cmvn,1Px1Z3gsS5678anTFdrE6P8kCpR7aP
bc1tpgctflc4ylxjy86llwdw55g6vyvn06pcy98zw5,bc15x0tt7zleenqxrdac4t7rfc6kd76g0x78w3pcuk
3xm9X9UMaa8KzWpFHXkZSo1x9tS3aNzRk9,1q1Ze3szVQA2vofXTVV3Hb8P8x7Le
3aNdus4r8fTmXq5Gz7bpZhs8aWihWZy8te,1YK1q4tLE3brjktshU1N5zj1Yd2Dh
1eRFxus8Qzdvf1xG2zj5jpakMR5gbZ,13VdsSYsg7V2m3FuRLwmEosYQQeNjaj
1rrSCo3Ya95Q1RMKTWxLfXQLm,1HwgPJwuHz1B8Eindh9FHVrkFJHP4xd
1hUDUmpoNQp11MZ9SduMyCHDGBrF,11tHdpDB4M92abL67zAHfhaZykM3mKupkq
1czS93pCNkr74xvsp1h7T2DYCXGVj9,3pr59mtpJUFYGY23Y6tR1EEPMHvggiuVzE
1odCZQqbDxtVhmaEVbaANjz41LUDAituve,bc1j2rv8qmce70ar3lnxmvtydtqlfhpkkv4ehdqgdd
bc10m8mpxlj3zjj5mwtn3dvhshtups3qum0ddyhtaf,1kXUokQHk3am8XEWiY9cmUTvZB8VRg
1zkhMxFHenhsKp8PdVxGkGLLfUwwgD,1iUGv7tLt9BHfVLHwXLiSpqU2Frtr5B
3nnoFj5VXkWGGG3ZaKkDCBdTtSqp9cn8MC,1nSqZkZzuqkraqdCzRzP5uXtgKQpnp
3ypwKuTFaMnhrnZfY2DVYyjPb2LTSJEGJ7,1WGyaJvzpRrxp4D8KDVfsMwNhAuffEW
1D3oipji4Ya9Dw2k1CEmgdYpDHQm5MVYvG,1vp5qoe5byuUqTh7nJBZUEQPM5vE5J
16z7UzrY8bdKUu8fNciUkrCD8wE5,3rb1F8B6svnEn9yVRGejcZiKKBfAq9r67W
bc1g2m7eeyl6xaq70m9qa0pa4gyv7kc33je2jrpvel,1jZFjnHKPYxkfTZS2DXo1ettvo51n
341DAjYbpzEoCMmqAenR5PWGHDKu55v1Hy,1kmT5Y8ydj2PuP3fhLornQLwiZVGu
3fcrkGNJuJ7TV29pEuhE3BDWyTbjNaVjTy,1wd47RFn7h8NhFgLyRQoXRtCT
3UUi2ZFvYsahYBmn5gaTZh6ESMMCMTsahq,3Yob4795TosRGtm6gDFR1XZ8rVXUXEooEG
1xGNUFC6UjF36niha2ZkEc44f3N,1avxUhs4d44oRpvFS6YNZDMwjvfoJ
bc12gzadlyerg3q8az2t90t24p65k3smex32mrl0nq,13a4FBxbZ2ifH5TzsAqbopBfGjLTbEP7C
3ZM9RXg3P1ymMM527XQnEgwH54Voj36mMs,1vJznXX2WBFmKVAb9mX1eFW2FMKxy
1p5BT5sg1L6vmkUv948mmbvHq6sPYdq,1eEcTvCVKpwY6BfF2uf2KCqLYXLe
3o3E6ubmLHq2CK36kfUXTcx7JWRGuXA1Xi,1PW7LQsf13cp794tVguXi4uaahEk
1fBzEmM34tbMFgQVJzeZmCATaXPrjMcW,32VWnTxL5fQ2zVtaZWLDb6Co53Y9WQch79
1yNgFCygXyQjLu5G9qtKtNjjw,3mxWd5fWSxRCK6iTU3N1jTZUHTGKf83N44
3asVvdweRGucvHN6TGWBgnkwb59RJm6Xrw,3ciZTaCx7EDNJFoMdQesRGYDajC6R6LYvQ
1uA68x6ftuFG1tGJqtkrrjxKNnvornM,1iEfdCCnjed3dNFSLa6pJw7S8iB8QkV
1NwAyKYZRiMbNHrL3HK6o2QPQNWa,3pEwraDZeLP9EJa3wT8yWrji8WctBgpaPs
1XTttwXNhJ6LJpyjko23m14L8fK6dX,3nDUzPomhT7SxSyS4BP6GSYQga3Swzuz95
1V4A7BcefygqwTHFAaASto3yHKjwtC92,3xU5xUMBuEk1TeYHoJhty5t3TNcsEvcjeX
1TNrmaHwhyBxu3NGfNn995M7eP6wrj,1eQWzBPjnKgQ9xFTEmTNGgRr8
bc1apr90znamykwyyylgenpw9yhqcxqqll8ym5guga,1v8xAAEGLpqdSXC19rDbAbt8Fk5Xqh
1JEYXvbf24Q6i5H8WLy1XtqmiWxu353qaZ,bc1k00l94my9mmmuw4dr6cj20fgvnrnrnmq587puf7
38DrGBcyHV38u7hPeuJGRdMxguqXVTFu4g,199MS989giCdPRoe6z35ZfjqNpFBfNM
1J8P484pkynJgbwGG9ZMgF6rbGRGvJht,1rMp2QHoqkYG1Zzk9fxvHA18qNbubJ9S
3uEqD1SX7sAmUvNLt4vHqUGNhJEMBSJogx,3asVvdweRGucvHN6TGWBgnkwb59RJm6Xrw
3Vzxcjv9EKp5bgGCLE8yzwyBN4XEGCpoE5,3jZWfdyMjJNJqaueoDg43janEMMsb2UfPq
1aGQ1mqhAEbW8iiDapetaw6AyzmS,1DnBG9ZDRu2zavgfLU1XfuGQK9QDYGA
3jxNNJ2ec6jrU6VfiuJvqApNURkZLTXG2Z,34j5qRQ75atPjUoHmq1qJqsHu1QkRsW14j
1SGZ298L2CfoLjzamir5Gq5WgWf,bc18q3fycec62f4evwxuyqsf4m5enrswp6szqqgaxr
18JLULk17ggeGqZhDqrTV5C7Sd,3KnK6jsNDUVt9vTP8idyC8h48rTALtcnec
bc1adcldynhf00jeyf3u9h8y3cmv4jy0dtl8vvykry,1Px1Z3gsS5678anTFdrE6P8kCpR7aP
17DzNexrGnWn61yyQY4GymVY1QCi8,bc177rymrhjdrvz8ytqzwdqudpsn7n67qdunm9hhpg
3uWAGT6z5wYwm14nwek47N1BToyfKRk3Nw,bc1cktaxycun59tj3zqpq5ewv6vwkvh48n78zlgtgn
1RPRmQyMoym2hDiJNKnKZCDWr7FKU,1koPXYfswKgTyaGnc5gu27BonrkwEpdZ
1RCg6kkD6dk8HWjh61rHrjDPiuTfbAB3t4,15VgBkxRNxK4V4LrUNVaC3r9kCGCvVZ22
3aGgRMwZr1JZNUDNbQfc4UUR8Bv3cQ9ztL,1kWCw3G1HEJFbGye6DuUcWjiyDgLgo
1VFYD6QELNmn1udWN17AvcmV1,3xU5xUMBuEk1TeYHoJhty5t3TNcsEvcjeX
1NmdaCCvcDAtrjAL47vE6utvK,1dYhSsUAGzxMS1XR33wFuscMDqk
1F3uWTH1DqaGwhgHobCDissA7K9o8QrxY,bc1apr90znamykwyyylgenpw9yhqcxqqll8ym5guga
1eErxKuRNTsRgrMQQMLrofLfW1KpZW,1xT68modadujPppiRB3PRDnbzMXHjPKg6
12DJaGikzQcALArKNsVAXBu1wLJE,33dq1vATzRzutJss6M5fe4djkR66D5bXS1
1fo89cVomdvacSagippjkgYsnykWnMEU,bc1ej3z9nx9d62k8emsaaaqhyy5ggdeefhc4v5gjsc
bc10ev76ha9h5n2c2jrpwfn8fhq89dy7g6cl56cu9d,3ChtsiQUeLQLtheNJJDoh9vF6Fbyafn5ij
3ciZTaCx7EDNJFoMdQesRGYDajC6R6LYvQ,1XknwGUzG7KZTuynHaZWw1yCh
3ZM9RXg3P1ymMM527XQnEgwH54Voj36mMs,1UbfStkcD1LmjrXomjZxaJbkGojxE
bc1xrx9mq8c85fmt84geergelwh46dpu80nvs2qkk7,bc1rdfc5kjjwknkd4llrtmvynh7g3uwfpdtv2lec49
39Wi9vnpprNLfq9UpZfG5vFantUcS21NeU,31Cn9kqMuMcuNmu5h7PKoN3Y7U183FhCC5
bc1awva8qd4ugedzt3c6vfyqp9se3p200a8c9rhv33,bc1wv4ptzha50d57g7a9pdgdxggpfz4dgkmy8zjjs4
3LnKDQvDhQ9YpQhcLbYj2YFUnS8vhkoeUW,bc1gtd7vkl7ywpn4xfkygzf4sfnf600tl4w8vepaap
1ibrGUpvqefBBaRokprUbztpQLi3AQwNrP,1oQ3q5yoEQ9Qq6rk5hG7nWXpa
32aDjWaDD3e4We5eZzRvArpWZQvjdYGCKz,3LnKDQvDhQ9YpQhcLbYj2YFUnS8vhkoeUW
1UAjThmw3bi2eSZUdDe397RvBo,3aNJRASbtyBxUwhQyHiBioUFJTZA3CfWMu
3vPYGpcFiUV8cuTBMw7T3M3C5zBFcfFhYJ,bc15u98rrr3ws6qp8kvevcpkxt60ayuague84ly5j2
1fEhy9EUM5Kcb2Cgm9tccExns,1ocg4PdopUb6GNcjvQfHx4mBV1rvXC
1ohCjELvt9xR7Wd9SYQQwGVAAs,3VqL9GDPG1K3CkNhJWzaVeDF2Lqm3fSAcG
bc1ckk4u428sxs2mgy2m30srltc3lppennuwt3apwy,bc1vkxwxkyzzglkwtf4dc2ejz7pkpv6yqsytjxgw2w
1moqC318PMrpZtZZxhxVodvmXF,bc1xed2pl9lu5lh0d42ymh03rteetaqsygh54rzj4x
bc1nyfls2ajvq5g9wjax6f06fj0h8eyf55r4f9a5qc,1DPNw9Kf5QcMenc11oRUKYdBUDTcnnwu
188DYJMm1gAkoSULjA7DKgqUS,3KnK6jsNDUVt9vTP8idyC8h48rTALtcnec
3pkaw9Uha7nJ3TqZ2yNkRL3hSvbF2VSDpU,3iJhPkKgELQ7Wk1Fy1qrgiLfQ94Lvysi6v
3N2EavCTSHiJA6HdfYJZtBfvwKHBUSjoqv,1Qvvkf9CaTATz1nFgVx1yocP32FGbHFi3
1v6x929Nmf57igXtKFRT2EAYfmyod2SwN,132p9RT8jmXwVBKiJSZtf1kv6nJtDF
3aNJRASbtyBxUwhQyHiBioUFJTZA3CfWMu,bc19tsxvyvu76xlfkcc9jqt7pxr60xfw2n22ylypdq
1RqV52mHGYATkmY77mpNp3iYz6qkJzTM,1yRb61wneNLGCMoiZLxpDpbrroF6HsQC
1b8NoamdPRzQ4FEK5gs7AY3fR,bc1nlx5u8ue0ez53g40r802m7c52q48vvpe4860tzh
1GfKDxLv8vc11BZhVP5seYtpS8yNbPqp,bc1cktaxycun59tj3zqpq5ewv6vwkvh48n78zlgtgn
18pNdeaGp24uS8uqL3TAapP2gBDB,1MV4uLoMxbMCXBVov99YCr5cfgmb
1kZZrjRJ44zf4UAZjVBmXMLd3CCHaStf4e,3ytnG4g3x8HQiZnSUGNvpTmSCGC65T89jX
3Pg2UPN8hY77cuMLvE61QkoY3osF44SHKb,16kGuSuB6QhAwuD41zssZcTk79g
3t1ZYwhm4Bk7DxEdBdPVEagcRon2EzH5py,114XDZB7kj9VRufZ88homRt32ruhMA7DHq
bc1mwjed8337pvag9th63rnh8w9c9m9j685fc6p6kw,3cs2PW3ABA3XQSTU47coXKgkTBPZV1EV6z
bc1f9w68taqw4e73fgngnvgy5e763u5gsy8uy3agf2,bc1de3yvw2vjwlmuxwpyr5x45x0p02dym90l9w0wce
3drPDykYFVZoVL5ztv96nf2PMhPBSnDt49,3ZQFDjt6vX9QGopw4visoP7T4dAhsccA26
1sWVidzTwao1HNrczLtCuQayX,1NYNx8PD7HsmzyYMDuHmdfgddWXE
bc1u6u2nttzqzwklcnxsxkwuthtgr2fwzcs3zjkq4x,1fXhFNc5vDVt5o4ZwRNipG35Jwx6jXB
3QGRsSrNFHdqaeDSaTRNV5phJZrSt5Mqtp,bc1xmlvlwgwh5s2l92mcwrmcgedq3rl6rkytw377l9
19KxLSGqhBZsdquqqsuu7hBBp8Y,13a4FBxbZ2ifH5TzsAqbopBfGjLTbEP7C
bc1ztqj8wrz77q6h87sny369ry84hz30uep08y9u5x,bc1dc4fhencylh09zz35a9a3u5t056t3gnsc0k4e04
3XJrwAtXdFhozfXCaKSk3NSh8ueNySgtwf,bc1f2fkpj8c874q34r76ayrt3zag9tlguduegm54p0
1yNgFCygXyQjLu5G9qtKtNjjw,bc1suapzlr20axlfzdc6f2j0jfuk2u6756649qwsvw
bc10tv0uvdpxdg4xnvcvh8rz7xt4zkhpu6ufmwu9dy,3zcRrFWtNKMqAJskPsfhR7jVrtjAn77Zp6
3gouCHYZAktNHGKBqPeAzpBLxZuumixSQm,1xhCjHbmbyqJMJi834Hwdk61HULxFr74V
1wUetNgPhWgu8LuX3N9j6CkbAyu,bc1n3g9aqj0n73ghtfkhqsd85eszs8urjwde4u063w
33F4396Z9vpr5zhR8SeUrqskViZF8uDQ7w,1LREDT9kLuBfRM1t5K121kQ9o1T
1Eivsa8VFbbxx6jDuVwSLhn1akd,3L3Nmdm2MG4kLdk2Tu5wFLnBweHdUHbUXM
1DPNw9Kf5QcMenc11oRUKYdBUDTcnnwu,bc1sj7m2kmnnnacdzd3heyan97tz4w6cp26r96ny96
1AVzn3s9WgrXg37kDQKue353FXDq2iCem,1zkX8WBE8eUyoVuN7LxVxyt957
bc1cd2c3f0fnelk2gpuqq5m8dcujta33lxlf7hxvs9,bc15dvtgw46vrs46t5nfrzl5mgkufycueen44h5lgd
3wpf7dkhgJXJGsCUaRkMLVarPWFH98WbGK,1qjkrqnCEhPqcpfNJg756kJhfF
3hknk1e8cZPrLooAjV4MWkXPBTnRbve4aG,3ZMNmxnxrhB3WbQyHpXdtJCknWzvNvQFnd
bc1dqjxlfshe0xmr6jmdv5q70t2ppe0tnk4q0qypuw,bc12ur3lnrdnugyd4aaeqlahlvnquumh59ger3dsy4
1eEcTvCVKpwY6BfF2uf2KCqLYXLe,3inEtEbWnNatERhKvWsykhrva5pYrfo7dd
1jrfmuNe3y4LLnUJPDXDFi1AwAVw,1HcFFjJiTbWzGuLN9jrkodoy1dqEQ1U
32T6WYccoPGfUcgkY2wn5zo7F8BeyU8VNQ,1zYmpNtf4gM8Airajbmdb3kQnw2X
15q61JVDKoNByC37vpCmEri1JpcU,1BY4PK2GqGUjQdhjQRdcubrPccu8bvNm
3pmVnZMmbDZgyAAi5AF88jNqdS4P3uCjNq,32xvde1181pLEwJc3R3icoBEoQRVdRtZ49
1QPtVxCJZ54mp22F2noTN2xz8fNmYJ,3cs2PW3ABA3XQSTU47coXKgkTBPZV1EV6z
3uWAGT6z5wYwm14nwek47N1BToyfKRk3Nw,11wRr79BmTxUfK8K425Hz6urp
3dPmk2spUwkRu3xAMFu9E4xctTbgc6ZktK,1hu9envAPv4toGoNjVYP65mLW
1mVEZmDDRgeNKUXrxk6eekFkmazSwq5H,13Mgc5zMrJpHkncpTUduMZQSeW66xHkgKL
1iRBRsHgFJqRJQFEUwkzvV9xG8Ka3psY4B,1gQksDqgyrgrUCMaswkoT6C5KFrArWwX
bc1cwckgym9xqgudy9w65wchcrpq9s8hqej255zmug,1t3grjopnymKUz17eywNu4jHdb1ujn
32VWnTxL5fQ2zVtaZWLDb6Co53Y9WQch79,15R7woAeMPa3X864fmyVqJBoV
bc1fzkmgyt5f2pvg98adnvdgzz2795yuygqd0n8vwz,3Pg2UPN8hY77cuMLvE61QkoY3osF44SHKb
bc1tppr4d3vdgcd2vnfzj3umr85feh89v002fu3z5s,1VFYD6QELNmn1udWN17AvcmV1
1keJSNRjELrDn2TiCT8gNNW7x1vyz,1ypBqhT9AHdVguknFBuDQ2E8FY9
1xnmSj8mik7RCczD3RFerXpwhg8tUbCLL2,15qXqTx7bQXxZpS9iVjHjKMNT
3UDeWFSP2VaVpvynkgHzfS9Qwtjyjg1SEB,3eB6SFm3CmaFAyc1KHm4ATMNrbEhjLyc8d
bc1pqe6sh29jd3vnvpad7vhv298kyrjvca692zqqcy,1SvDTLcYFg4zaT3grxYUzDKdn72
1FB9m5xdTZagtezKyKSUdobM5T3,1mxtzBrzo5CXwXWXqVU52a3axek1vdz
1ewmAKr3J1vd6bgia2Y4WtSSWnJc2i5bD8,1zR85Pj6Kt8mk8z9X1eSid9Qgr
1fAJTfzV3ADc4jmqLwJ5GyMvwKKWG3dK7,1KijRmtxGxCmyffvgENdqZ9pWyLx
19ptZ5NWkpxNkEzXyqcZMEqWMxt,35e7U9m7hGLMt6UBuwxyaf4qyLAcsTsH47
1yGW8Dqd4gBDX9tqrVpiQV4AVqoTE8U,1ez1uY7byUVZC5atMvuvG8inreR97ACFj
bc1f9w68taqw4e73fgngnvgy5e763u5gsy8uy3agf2,19REzjM2jQVUsWUs8XpDvSXfM6esn
3cnjpnKgeFoHr3QuARPmLeJTMZg2oGLeWv,1wjH2oVn6eHPfbuguFiYVDeFNFjHftyf
36B7ZgJgNXrze6ykUVhtC4M3b9vkjY7Na9,bc18q3fycec62f4evwxuyqsf4m5enrswp6szqqgaxr
11EFsDU1XVgVLAnrtfyu2JdDy8v3EpUDJv,1EutJsUTXCiHzcn6WESe6C9RXYj3ML
3Y7jqkCBrX6nd6oPaZaUBURQDCsrLC3Pn8,bc1jxdt4lkwrawrpa7wgrkuw52mdx6tn88m9p6wmyp
bc1lj67d0zr3p53u4y4584max9tms0hydyrf4n3kkl,3HuGEfE26fUnuEVauiiUHYLzuoE3QooqCW
bc1sjga4s6sy2gw24cdxz6fc2zmwe9lwzte7wkjfvk,3n5UBLNWwGauH7KV59iSyWT3bndiW1CFSa
3uHFeyNgwwWpBfDpToGqxBH27mpNoyCefU,1aDN2nvgQ7NSezzsqjsYTXgTUYKt2HQ79F
3tiWUusZzue38zUhGdMGM3vrwf4S9YLQtd,1SdxLBRDwp3DZwXd1Qnkir5n2bmDd
19KxLSGqhBZsdquqqsuu7hBBp8Y,1CmV58YotkwFBYWNfSsZs1Daeda
3BvPE3sFQW4ZwPEKMpEJ2TNdg8Htb2dRFY,13zinT1VCwBdicg4ZhXrMMckdqJheu9Z
1tFsPkWrh6r2H2tSadaWrcWqeDU,1wU5Fn19FqkFFRopU2mcjedfbYe
1VFYD6QELNmn1udWN17AvcmV1,1EzCiHSZw47wrpymzuQ8ZyY2L2DKnsuaAG
1t5Q1JQ9PFJd7jdjyLh5ZMhc9LxhiZE,1pRrMw2jaiBZBNTbNRS59KPEB
bc1sdyr0npesr0yn6uc5stps8eevjhckry08mfudxk,3U7Kd4VfSpnVe45f44r2SLbXjH1kaeGi5t
1oQ3q5yoEQ9Qq6rk5hG7nWXpa,1zYmpNtf4gM8Airajbmdb3kQnw2X
bc104678lhm8k0r3d9h0tnxevxxtju4ndf7q5ernaw,bc1nfvufp77afqgalg6um0c00ysdfaszfj4wg9p8ux
1W5iLixgwoxZSbivWy5QWUMF5zTxDLY,1fpo8aDsRVn7huAHa7Wkm12BEXW
1ALTxfR2ytAm1MU1sU32gHEWkm,3VqL9GDPG1K3CkNhJWzaVeDF2Lqm3fSAcG
3GV1MzftWMQJSvHSsGKJ816oBagohm6AMT,bc1n9lnluc4e5atsdkdz4gml85m33rjx0je5ex7ne5
bc1srlrtcvh8xugzqrxfffz85smqm2ayy007ypfwn5,3A36BbpbT8DxkaNDJ6y4Uej3DtiB95bg8y
1iRBRsHgFJqRJQFEUwkzvV9xG8Ka3psY4B,1mxz8srVUsPB6QXeAVWxAaWjNzFafsG2R
1d4jddT7qPouMM5ErwTASYnm4J,13K4gTb1PPrnmuWCXtXYPQuRQCxfU4vTBQ
34YWa9LX7Ca6WoTWT4ToiPpka3L4zw5w2Q,3LdymqQbeYUyu7Hr4u7gP59v3Bymb6mVLi
1cA5MTiQ3mNuTd2tpcn8sN3wZ62a,1nZMDysWemm5zopJZVirm7BGhj
3tiWUusZzue38zUhGdMGM3vrwf4S9YLQtd,bc1nm3qlg73m7fvt2kf9c67d8ssrshz33asetaj3y9
1517Mb1v6cdroHBvDN6krWLPQQvjY73Lw,18dydUwpwmqdPTte9NyTZdpWNBFa
bc1glx9y5gug48r0a5hqzpxvanlzvegydlcv4gzqk8,3do39oN1NBKTWNQBTuEa7ogJVHgGBCx2At
3nTa881ZbDkYBNmYq2gDZstY1EnMJARkes,1Xx7T7jsKbSAvFrPKbQVvmgpQbTiA
38GvZxQdL23bUnGFvqzEh8mEnfztGbXErv,1iNBGVZ4FiF2azVV44v2pcsqmjsvP
bc10m8mpxlj3zjj5mwtn3dvhshtups3qum0ddyhtaf,3CKxDz2JA6mxYLYgwdnyM2ft72TB4R25ZX
bc1t8gpdmcq4avnmhyneu5c9nfcdqzzuy5tvweaf32,3C218HRnhvFB5zHSn1bfVhf6DKjjY7S8RC
14zvzfVmJA8sM5eDcUwhD8NL3J7sntVqa,3n8oZYuw9zcZsr3JXogL1CjjjK4hVBEk2h
1hNn6mfB2jE6MCarXc6sc4w2isyQGe,1iUGv7tLt9BHfVLHwXLiSpqU2Frtr5B
bc167w3v4er8jp5g687axkd49335jx28f83vynv6vg,1eLcuZbBvHLJjw927dc7mqSKHDj
1B5nYpguioToPoGRGFK8hwmFoTab1f,bc18lrnpd5tut2zp8cph4l0ekg9mxls2yg5uef4zqn
1RCg6kkD6dk8HWjh61rHrjDPiuTfbAB3t4,3eDee5zdFANVA7YPypAYfhXrFWPMSff6iZ
1oPYvKrXkkGBLHuXUNFPHKZ86D7,1ZAcSFBphcUn8ZrH3svKmpwtTc
bc1z7s5xz9luwgg965dna45fsxd8shzpldr5k33gl8,bc1w9a3clsf04kaajvtgu0l9kp9x2zmj6hk8mwsdk5
3x8wAqc3PwdXCgU8fqeQ4HVPLDwnFhX9v3,1SXUNSmJyaVL6Do8QSc8Br6PctBW6GY5
1koPXYfswKgTyaGnc5gu27BonrkwEpdZ,1BGLbCfANPQVLu6Bh7iZr42HEz6JQxf
1t37URjEbkZPRFye6aLbN12faoJyF3v,bc1mhhfvfgjd6gxlgwzttcs6497jyjld54f273hgsx
15NzVthds1sjgmfwz5rw2fKELoFi,1E8RL58KZUasvFx3p5bv4HtRnS
1bUXrhrFBwYzohenzsPqTkrmVmGH7dv9A1,14MndKNLoeUTjb3StvvmKtVrZkjjk
bc1cftsk4mnvz0ks8hrzd8gxlrjdmpt404ljnft8r7,bc19vcjzptweyp2v6dcgkdv45jx9026xsh85g8ymsa
3DaaccDmECTafDsgN3xbH9hyHFDU38ZYZc,bc10tv0uvdpxdg4xnvcvh8rz7xt4zkhpu6ufmwu9dy
39CmC7PVzkkQamA41GnH6FZrphhJDUcvfq,3H8DKoA5tUheMUN9E8nuNaGJtGDVvofHar
1q1YuSMPZf2Fom6PPdz6oQLXC,bc178pn2fu3kpjrpukqcxpcjpju8g46kps07s4v24y
15LLQfyB4YpLzBfjt1dHi4iabcXv,16D3Zt7pGcj7Nddr8oFxiqiG8WGB
1RNVSf1uJtuRkPt6MHxyKm9xymQwna,3wfFYeGwAfDx8WjRrPbZ5W6WCwuEEwhigB
3XPhU9s1vTgxg3vdxSvrLG6ePmkjbCLhBY,3mxWd5fWSxRCK6iTU3N1jTZUHTGKf83N44
3uKHETFknAZTYtc8GCbhH87po52E1MmrEK,bc1vsh3recatac6p6ukd7csm4mtstullj7hc6ymwsy
16FaiBiaoM25Qf4q6kDAUrBWHHxSSG,bc1zpe75hvrlz55ljw6yhhhjp5jnmww046nrursz49
14pUsnfpv2zvZ155FQc4WntiYhkU,1keJSNRjELrDn2TiCT8gNNW7x1vyz
1AMoACmNTwT5VGLxG2yKzFRi8mQccH4Uv8,bc1cvayr09w5a7h38g7f3sd4qev3f05nccezrm4sru
3XJrwAtXdFhozfXCaKSk3NSh8ueNySgtwf,1pLL8QhRVVYoKoE8QzabGp3XhpQNfp
1VvBWo1tHhvBmZbPyp3CSjL19hYQL3DjP,19CLC8SDGuKFou1fRcSQ2ZEVx36CY5Vf9
1F3uWTH1DqaGwhgHobCDissA7K9o8QrxY,1gXDdrqdzzLunKe4RCiVrYtagx95dWuJ
1iy6AKQBWsMD3tQCX1tQqUYF4WhXk4hd,3UZ4LpvRVs1sC9WCuTUPbpDKepiA8XwRy1
bc1h87zl9thcgwwwd54f9da8w4qshhhrf6fctnfyrs,3iQumLTQP7cVfqL8ufJGZRTca4T8iUGS2K
3m3dLAxgcZzQ5PTdR38781qfSidfD9a7ht,1gwCXa4PdbaePPZs1ZtvSsvrP5
1KyHYBeXo27sot9FKSgAEYmGdC,3CrpjKUoQPiEYqLLnxvia6NMQSBwZejmxk
3vF21vgyAa9ouaMi65Ps8Tah6ouBQ1WGGv,3ydSiViJVaUmfrx5o6QyqR5Ybboe6ADEov
1pTynsTpkifxksBsAF6sL39WVHC,bc10ev76ha9h5n2c2jrpwfn8fhq89dy7g6cl56cu9d
1WGyaJvzpRrxp4D8KDVfsMwNhAuffEW,bc15u0jsgzy8c2csg7qj7xydqx7ejlaespgx5t2zns
bc1jhz43uhumeytr5fcefvzt0hk45tucsyywz67t4k,1Gwd7ARxtKmBk7oBThahmkhHn87hZEJTxL
3cpk59JQwyBUrbMmofX3TZgJEehXs1apuR,3gouCHYZAktNHGKBqPeAzpBLxZuumixSQm
1W25hXGFPjafpyY7wr5jfrMZMPG7LCv,bc1v76je78qred33y6utfx66dlq44z5726l7xrf4mt
bc127suce835l6w985dgmh4ujxv8rtkz5j2q3n903p,1EA9AaYmmKm7BEVLScamqCcsY9H
1DzW9Tr9pybhCYb5UabWXmTMNbU844,bc1x4l6ks9m7luu85z7ewuwp8k2w5dcx6mqxj5newm
bc1d9nr2mdmq6ztw9suja9whyhmh6ek7y50az8ayav,bc18q3fycec62f4evwxuyqsf4m5enrswp6szqqgaxr
1u6Zi4o8X4Q6EZD6ctwA6rsfN76qD,13doGvWQBoL3cY2cskDf1mepUVqp
1PKRMVkUcveBQ13jLj45R7AY5iy2Mn,3H6G3PshZKo88EU9GjyvP6B6DsNqnVKQW1
1jQG2TZmmmbSEbeXgYSrGZKXfJx,3qveBkzNw83ggxvPi2mAZx1sdsNGKLjXoT
3gG7qAdfFyeRtGu1nWTMes3GxewABYaUP1,bc1n6cxners6mnnmupk394es3kdejscz0uhg2cfgms
3pEwraDZeLP9EJa3wT8yWrji8WctBgpaPs,3NMaGzTC6Q3C9rdEyEh6EH6jy6EJqY8AeQ
3Pw1YuoVMRfaBgZj877WJUetRdV5QF7arr,1SJW3uqXZLrCZ6E5rXV32VBtqndwLYzau
3mz8bsyXJR7xfVnV2zDeJRAUcmMBUH1rxc,bc1xvjcvvqakkwqjjq7gspwprntqe29632hfgkkxxs
126TvB7gbuPDrqPzpky8EA3XwMB,3ukGsrSrbcBsDSb3oFrmgnetymmCpM22fr
bc19dq9a5hg4szs5lyqy63wy4q93txct2y2efs89tt,3H5PcVeFZEifxfyfaoSK5Xb9e5235MM1kk
3USnbkE4oxqjVhKNXPkP7SAh5Y5WwS8xyL,1wZBFz22Q2uHGHqiz2Ui1B1PFCcrrgdwR6
bc1qd2vuucld36des67xzw6eqqxfp35ndwqph2pavr,1NfFj2YEDHvktZ5PfipgiMNFk6vU
1oQ3q5yoEQ9Qq6rk5hG7nWXpa,3cnjpnKgeFoHr3QuARPmLeJTMZg2oGLeWv
1pKN57jmKaWzfX6M1ueJuhMQBzWKe,3NjEs4Q6CTaqnRoqtyaMbDZfQh88cPZ5be
bc16py8ga7p08zqx0qhnqu0nj37nvt3ffpg6nudnlm,bc1py45eaen8jqzgaemjh66enhmv4nuhd3cfl8zzcs
1PD8MrnmtxFgWSpG5bpsygcpij,bc1ra9c7cctk5tpvd80atkq4yn7y8j49rzkvklzau9
bc1aexgckdeknyf4r5gclyuu3gnjyzf9fdguwawfur,3FpqjXT5N9ydtPy5vkR2xFetqS7CGJWrFo
1XT13yQ98nJvaLcycYz1kGfPkyoJR,3XS9Q3wjcdA5w6br3hiuqnBVet2yzk4WCm
38oQYvzgV3PNqkpJAupV86wKGxLLkq1Kqq,1imrZ23rJTNJr4PQHn9wRzx8uA
3FsjYFCSXCfKXKuAdowbLk4xYKc4LVQ8zB,19ptZ5NWkpxNkEzXyqcZMEqWMxt
bc16f8a9zap9tdcuzxrcv8wsuhwr4qs0evzny3rhue,3ncCYxnxQvPW95oNr8NbScREhFuwEb5To9
bc144yvccdl40zsqsuej685efx4kxa7xuw3y4unlms,13cxRpE9ieW44AzCbYbcx5o21JwpEkV
bc1gww2g5w02jz6m346hwzj2n3fsnkvv3s3wxqyq0z,191pNuFSBAAhep6F2VUDKHYqs
3CT22oUPUAq16YRUZiZ9ja7yyQCmnSBeqk,bc1xvn6e3zkhpez3369petg40dphdduq7nhq8ntmjx
bc10ev76ha9h5n2c2jrpwfn8fhq89dy7g6cl56cu9d,1KtUdG7VYdLUsf3VTn8gpGrtA6MKVWEdQ
128TTcaWLyBV436aJ9zgtwMpjuzBvXyE8j,3BupN7wT2zkQjxWKVjvwFgujSVQRUVBPD1
1KijRmtxGxCmyffvgENdqZ9pWyLx,1jSHVmF9WFmszFpChohWBzbdE83zvRc63Q
1aBN7grVP3CoPrW1Z9fgsL57EXDg,1gQ9TZqzTR8Stg9wrhwDYvUhM8tSWU4
36TtLSdLAN3WnMiRwYtL4mviAHRwUr5ZjC,1YGE5mPV1gAZ38PQJLPcyzckUyp4
bc1sekht4ayaf05uyd95s9n22rck6vhug6q4vnwarn,1avpZDUtgtHAWPUUJYn4FpjsU8nz
1NRgJ2nx5bcehL4BmRPUUCU34qhE,bc18lew9e8dmp6y5u2pwt2yd6agx76tx7wxftx4ejf
bc1482k0hcmflzdcsf8hmm4xs8hzcmy3v27nxc5sta,bc1gh3097vd7gjcq7rx6kuf8epnvn7l3c6gjur4cc9
bc1d3e3jd344uzwyd7ywvzlq3yskxn2kwrrns0txa0,bc1g8ldn23tce2plp9gwhqwgaccjkwa0yl25a4lq3q
3HbcrmkUEhUMXjNC3uoDJPvCPUWgzEWEdq,3uXWmtNdo14ZTJT2H5EVyAroGkvEK3YKkF
3iGzc9wJJe2vo28NhpeMEfULiCXDxEibWj,3JqQYiiU4gUCfEesyR7MwJjPYysPWYkkhx
bc10zpnel4llmel2m8hsqny6kztgkct98rtr3qzyqs,3cgzSiSxjoR2GNqnFSznj5sVJxCZ5jpuEu
bc1usy4cxhscjsp33kl9945m8ak37dxplvvsd02hfz,1mZrAz2hFqNhJQhw7jR4Lz1oHJMdc
1cVBwWfdkfNvUqnfs8rgchW7oe,1wkAP2LNihwjP9WcNojShqobbmD2
3QMtfLJxcUZke7MEevF3tPo7Fi2WmWWVJe,3RUCCuStmb7WZPXYDVC3Y3SMpnDPUADXCW
3heFgT3cZ6Cq4uX4EaaTYnKdC75CYDVaar,15NzVthds1sjgmfwz5rw2fKELoFi
1EsniGLEaggErYBxvGHv5RDpW2B,3UHKiTbtKe54i9GxCjPMGbL7fQwY5hyvV2
3vaqqyL1KZnquKvJZGKVjZhJXvDHo85HR6,bc1sdyr0npesr0yn6uc5stps8eevjhckry08mfudxk
1eRFxus8Qzdvf1xG2zj5jpakMR5gbZ,bc1de3yvw2vjwlmuxwpyr5x45x0p02dym90l9w0wce
1zDBfVyP1S6ChneK3JyW1wt1Q9dx,1tZw9tA6hmewVMjUQjvBsB28gUJm
1N4UbSgSeUCMtFeM84XXNdgb5cdWX9Y,bc1e395525f2u436529ftkc2m0q9ufplrcxc2lsq80
3xjfHfc6xEKo93zcmTtaiPQ9gtrtnDohTZ,1TfF71V2YNyW5m2mmxoLStxB5cXJFPhyCM
1G4peh13r9sFrfrSwi2szQ3NPUZkRC,1ZrxBdBDMsubathtB9p23YxwoKHMBXuVcz
1iUGv7tLt9BHfVLHwXLiSpqU2Frtr5B,1XknwGUzG7KZTuynHaZWw1yCh
3ZSuZiQepjhnfVvaHZL73v1PtAas6ARsQm,bc1s8sl8wls4vexpu7fectqaef76pjs6t9upq8xngr
bc19n7qk0c757n9dqcwa8ajj2x8xr25az9kt2m500d,3LDuhJxdGRFiusyJa3P1wXCjrsiR8SaLdQ
3rzs1GB1YeReiTapQmyqfnp4ZWsj2cwDqb,3aaDZtncysfRXxtzYe26NnZb6NC3Q3cCgE
bc1qmwfftzzc5hf88q99zf6lejxlksj89hn3epwnzh,1QoiaNzADuVt3BZbuLhPqA2TYCukkS
3ChtsiQUeLQLtheNJJDoh9vF6Fbyafn5ij,bc1tgydf8ehqguth58fj4d9egwqly4s0zpgsmscg55
1mAqkEUjB23o5fRJjsh1qgoqhgABUrF7,3ri3LtJiC5LhnVNQv5hWbZDFchdYyyqRNx
18JLULk17ggeGqZhDqrTV5C7Sd,1F4gpWnrdFbGSvHLCe2VA7Mak2P
3G6umWXCuz31yMCVMtSc4K5U5oDy3BaBeF,188DYJMm1gAkoSULjA7DKgqUS
1ksC7uunDxUTJ2mKW8yCYyHYfRcPr,1ntBeTYJNx9EmbxXMdaXjjvB4M
bc1gggrc82xqdedvkm4n7aj93m7scmctm862hwmrgx,1qpXuzegLFFVT6SFPNP32ZiEUMedmhhEb
3wknDDNMTxmagzHAYS88qGvoSYaLKtZqr9,3PkRUdGWtMxzrvq7pCHgFVHH2XJoApq5NU
34YWa9LX7Ca6WoTWT4ToiPpka3L4zw5w2Q,1Eivsa8VFbbxx6jDuVwSLhn1akd
bc1mh0dpvvkejgn6lfk73l6d3ugsks3zu74qq03ze5,bc1n9jz5yyyttnlpacfjq50jzc6h84tv75l8xgpmks
3npZusePa92r2AMoMCS6Sazrp9dF2ZQ8ft,1piiSFqg4mFoNnj2UmpEFEHPfXHPvJPu
1SFbVNxKRgxtwNip2ycqfwhnEZJxN,1jKq39StbTjwbPjgDJ6GVzbtR
1p5BT5sg1L6vmkUv948mmbvHq6sPYdq,1F3uWTH1DqaGwhgHobCDissA7K9o8QrxY
3xkgcaTfHDjxzCqKM7QH11KAuGhkJZzwUX,bc1l2stvmeqepkcr5aa46y4fzf2atz8utmxte7v6da
bc1dqjxlfshe0xmr6jmdv5q70t2ppe0tnk4q0qypuw,1LdiSsXXSsVcEH7KYeJw79sKxc8qrDSgby
bc1eqvsge0ra43s6ml8u033zrx666454za9zmvfsn9,3ErWJ2UQ1Y7h9Q1qZhLhbjNWSTPtyaLDkZ
bc1kxvm2rvl83kq3p20xr5q2jw5szqvq2m2wjvj3g0,3NxHccoDhpUDZyotNCoDiMfEfgU2u7Yxw5
bc1kj3xj5dq763aac3mjac30wvn3dmg6jrtp24wl2u,3VjcoogHmnrecvT2Smjx4mGy5F3dUtAP7P
36RktpYhRsSbd4ZENisu31rtLfmQBJNX1T,1Zyig1ceCStK9J8LUq2PwFtZHUwF7ak
3HXm425DAJwzVyHSZxQzQPWVC6cN9And4A,1Kg61jzTkv1pHLkNqLu3SuPG5uPNsihtwz
3wnwQg29zGW4kw9jXASfevCMxr8E8XGtZ3,3aGgRMwZr1JZNUDNbQfc4UUR8Bv3cQ9ztL
1QtTwt8T5EZRybhZ1B8G6DA5c,39ubDYZ6xTZCZr5qg5WgFQhFG4QpN6omQZ
3KLS4s6qngpkeGn8nF4DNtfVqfVkXQsJT2,3jxNNJ2ec6jrU6VfiuJvqApNURkZLTXG2Z
3JnGkeWNJVNCifH2MPnZzyaAgdfhUeSgsU,bc10ev76ha9h5n2c2jrpwfn8fhq89dy7g6cl56cu9d
bc1krlthqyu6p2s2mvuxzw7ska0s3d7tfqkzdm998f,1QN47cD4k6mQsZiAfK93nRcoecz
3oZtccCGAutb5vd3S8wffdrRa7x37r8rCK,bc1g8ldn23tce2plp9gwhqwgaccjkwa0yl25a4lq3q
bc1yf5z0fkmhqwcmvetw5mzu2pdg73eezuhp74urtn,3XxUCcbs21oJPgV3iRE8P1q2amuNqWgiHr
1xMM9WZwsMjRPzWXfJyUE3BMQGrESW,3eDee5zdFANVA7YPypAYfhXrFWPMSff6iZ
3Yt2T1sxHKKC3S3ntv2gqavaQ9UKZ76twu,3weYo4teyxG6LvPmA8TG3eSpkuBTmw4SLz
3LF17NV7eCyYVjSn2r1a23Sh34YgUD1ZsK,1hu9envAPv4toGoNjVYP65mLW
bc1fcay23fd2yprcvs865uchtq398akur35qzlxley,17HqfLuxbmjTWnDHqrQR4rpfxFBXEQY
1eaAmq4EdrNYCJHTp7K7bszcqznP699Xt,bc1a3l8cgz60d0xc0nnj62tk256vxyufp8pxmldyea
1HHGX5UgvDq3R6bpzLSw5MnCqnW,37NzTqZK1PSQccn4rbDszWgXBAThnvuCm3
1Sjd7us2tApuCAv77FvMQEt7mYyf,13VdsSYsg7V2m3FuRLwmEosYQQeNjaj
1iy6AKQBWsMD3tQCX1tQqUYF4WhXk4hd,3AP9JV4SRV5FFdbC7JxLcoLLpry8KwCKxy
1wUbqPMdaW3jZJP89ZHScxKgL,3vvUoxFXmV1dkMmy1CFyfXLbCg4ZhJcxNj
1zemYdCXMdQDdxb8gssU6TaunP2WbNu4G,1Yhiht5Y7Jvrs5WAk2LLdNMFkWF
1ur4KrTRZ8Cm7V5NTKy6KVLS36F,1TYMwfJcyhAeNCc4L8mQcBxSiBzu9hF
1XrWxb6yVsR7m1LvQrumjFJRZM,1YvqWtZde8r3RF3PznjutoJS7Nu69
bc13dx94kdxwpw7jx4q7uazl6ctpamf6v4rndz0vcc,3ry5J2Pcm8m2Tjd9uPBc1uLcY3unm2Vx9e
1p2hBVaias8pbMHkRL95khqhMSUA11Rv,1ZJnCumUkVUM78dJMdV2L5Gaf
3GTLWam7b8W9YuLrwBUGgp3h2TnEp3cnPZ,36vFHbNLzet8u2W1zdkJTUP8qsNVUeHz6a
1zDBfVyP1S6ChneK3JyW1wt1Q9dx,1vxmfYUXVvXCo5ooZoBpUfPJREmYWU2
1amXeCpvtiaB9J6Xw38M5svfCAzE,bc1sezvxfy3nhzyx0cjf48tk5dcjyhged86zz72agk
3AxJ5VQnSpvgsCYZNQHg21wfVLraQNqM27,bc1d9nr2mdmq6ztw9suja9whyhmh6ek7y50az8ayav
bc1dqjxlfshe0xmr6jmdv5q70t2ppe0tnk4q0qypuw,3t1ZYwhm4Bk7DxEdBdPVEagcRon2EzH5py
1G8YB9wSACvQmPqMNrJpztaVxGtpeRxB,3uV4ujgMuCmcv1TwnYm6BMA2u7U4U3KU8Y
1ZpgrryQJJ2SdWxeq45HvRj5Yv,bc174yz69yeenexwq4p89aswek78hwdhk5fr3mtpyc
bc1d866mqel09s9k3y32gvdx2l59qk407l9qdqsh82,1fEhy9EUM5Kcb2Cgm9tccExns
3gMP8XwXhqXo7pZFU7s74AGAhWztyS5gC5,1dGa2RMqwSyrqWNwXT3ksQm6LaMg
3xP6ofLe6fURXfsfvE2ZMfXFH79WU6H68W,3rmZnVrXqsvH3zSpa2wGrwXWN9MV3M5r6E
1bQR14XzLq2C1YQe1gJYMFk8ZTQwAPy,1uA68x6ftuFG1tGJqtkrrjxKNnvornM
3GkZAQnCQUs8wKwcjsgn51s4rKuC9DqNua,3ryGLiqq5qi2nxL5KF57wcuxpQq9QnohGv
38xouyWWU8Dp6MDkqnNjwUBYBp9izcEEqe,1M2fhGgZQV5PNzUqqCy2GwoMs
1pRS2X8dyd2ihtTaab5aQgQMS,119V91NQHSQB1dBswsoREe6FkTEb
1koPXYfswKgTyaGnc5gu27BonrkwEpdZ,1fKFSDpBeP6mwU6TfW4SAkiSy7HytU3S2g
1eDPxWf4PWqgLWu2EmXYLKBWUjST,1Lvy72eZ3MUAq8nvmvcJVmAnBMT1X2cz
133Seye9En1oPJXZwMafv6SqZb5j,bc19tsxvyvu76xlfkcc9jqt7pxr60xfw2n22ylypdq
3zww4mQ9J3DYLTy6Ke6imNwowyYMyN3f2Z,3FLCuYravXkJ7gyKdHDUiA7gfWfogRvbPW
1xuiLUiRVwnRbHpfaisCjBJwAHAABAXD,bc1e67pft7zsan0278gzkj0fwnpvznrpmjlgq2yg7y
3gMvqgd5LD74fMCVUX3uEmvYBNUV37EE1v,1jrfmuNe3y4LLnUJPDXDFi1AwAVw
bc1p5ndqdgjzcuzdx8uxvfe9q4xhvg6erfldr29s32,1aw1Xf2osYjAdsG6cPZJ9ZTF8RKT81AY
1vriUtiPRweMUyADh5VBAVowVEZzMG,bc1u5t0ydlh3w3ql007ftyrl4lq7n5efnrsjp0lldl
14VKrkq4GA9HJkMVNmkDswWretcU,11hcRUTsz6uWcx9JQ4bWztg5eN72Ls5W
14q8MGweHF3CeGJP3E22QyexxmR,3NjEs4Q6CTaqnRoqtyaMbDZfQh88cPZ5be
1XryMFzham8DpputWTMTSdCCpY,1e2F54yiShgjovB2ZDiR4G843rgD2MnDNX
3bHMkwkJkhMnGzNcXNE5qxv3eHkWVw5R8P,1wjH2oVn6eHPfbuguFiYVDeFNFjHftyf
1Q6K7ghzEfVjwzLMd4vt7C84viGcSr,39r9RqcyipN7vpKStnYLKRjV3NfkrXyYWD
bc1lyv44z7xk6umwft3m8u23rtd70za6sf3rhep8wc,1sj4yHhZRY58wsYYc9KDRSamVF
3p3NtDYKxW3wsJMXSX3gMVWGazNm2jxtwX,17HqfLuxbmjTWnDHqrQR4rpfxFBXEQY
1iUGv7tLt9BHfVLHwXLiSpqU2Frtr5B,1GHhRNRs4QFs2ATPPgxMi5DhkDH
3eaLRAi3KGnNSuDrBX8mquPQGF7SsFvULB,1YY5RkmbcY9Cugs9xNWcCcg2YG8mL2
3hEvie2RxseAfusZ1ZsQCYdp1jVLSPSSz6,17ducmq7oKxpHHQ936PnBccRUmTzhqE
32TJRFjuREEyyvMJsCdmxGJZgMqRLpDm31,bc15nlvtq9x9k4vu5zwxvt8djw9pff26qf865tn9f2
1M6LJGjQwcfEcd66wro62Z26rge3e1,1ogXtsiXUWjG3t2AmSBicUonPZq
bc1w7eyt4vj3a2rfj8x8cmn6dqz70t4j406jagnlnz,37gBPPt6AML8cEmQsa5UatkgUcFddUxDnn
1bvqLUNHHc28gn83aoZZzAev9zvpSk6,bc1fxe5c708l6daas3yhz6qjmw7sr5z42lmv48cmvn
3TEpbrQycFPnthfoaUKJGPTnUE4NzVD4jo,1eErxKuRNTsRgrMQQMLrofLfW1KpZW
3hHqHfcCW9kxVPbK98TuDH1GNsJE47uHUV,1WU33ftNd6iG9N8QoWzN3JAaj
3cJzmmhX3wJbuYejX3JBx4psjXBNhu6xti,bc1n6l4udhyr6up6pqs3u7gcgzunkxf93kcphks9ke
3sLBk5vdtenq3VibQTgH3X8NaHotMps2ps,1D3oipji4Ya9Dw2k1CEmgdYpDHQm5MVYvG
bc1tnjl8uys5pkc2u8rzg0cvqqrcycdmudhm3ghvy8,1sHntaBPWDxFom73WZm1y9MRcfzs
1Yu7pwX6trobyFDRgfH8nhh8HCk7u,bc13pxuxdahp8ffgxrf4kdh44e3q3u72kymvjpu55l
1koPXYfswKgTyaGnc5gu27BonrkwEpdZ,18nQGuq4PbousqpsiKtZcfhs9VH
3SL2hf3BVeCsLSef8BKiFZ3CaDVZSMPxrm,164EDDNQZgHgRZm8H1fKKcm16uchC4e
1zGyPAvCNdygL8qpTTsrVPun3ttkzsM,1grHZEyti4vAruaPMEzzz7b7XZmz
3coL7QW9VtCBTARmiU6sq2A5WXPR8hFJLp,1czS93pCNkr74xvsp1h7T2DYCXGVj9
32ULgS3SgnrKiAg2E8bh7eyz6yW32BXS7Y,bc17anvc783vpddeenz0vpkf6hm8f55gwwzcr47kw0
3sGyfhDkVmWb2KUUperDS1Kd3bcjYKmpE4,1fBzEmM34tbMFgQVJzeZmCATaXPrjMcW
bc1ry8pxz9qmana0atw84mruzk8xskl2yphdhuh48k,1jZujYT49xhXGouUkG34Fyeyf
3uV4ujgMuCmcv1TwnYm6BMA2u7U4U3KU8Y,3D9mHMx3sro34zDs5vVXM9TYP7htyunjie
3Aep2XospDSTaQKBU7ue3mhppw4vNef329,1pWnUPu3MeUVCHYu8JYXrMaYH32rAovT9
3VRcodGuQvZynvy2zNXt5fFwTQ6Xay9mve,13TWeHnFrEzgMU6phZn5t1Gjg8
1QdBUz4nHDxp2u9n5NzaiPwskvrGtsD7Kv,1wDUVdGywouqbA9FvnYfxveA1gL
3vr6jCGgbsBmjZUsLx1wx7zUFcCvZmPXMG,3HuGEfE26fUnuEVauiiUHYLzuoE3QooqCW
1PXK8WV6qXavxkQDvhUTK4DHv,1TCPcD2YRrnaL81tbbr17hdtyzSM
3sCfeKpMMkxrCwXZo6FgBRT2766SN5g2YG,bc18m3f7a3df8vfhc9sdqzufwe9wlkln97falj00fh
3DaaccDmECTafDsgN3xbH9hyHFDU38ZYZc,bc1fe6eu3hr34waqcxry96esrd3pmzvysk09qnk7l6
1zQkxN8qeLdBz1fno7m4pRRrTZnykd5wr,1Lt8fAbiD2iqUozdoQBdPb4kGrV
3r1Sq3ydRD6jdUhVPHcf9aC2vpACYFm3av,33SaCikvySi47HKFSiXcPPNvJheVg2Dce5
bc1p8fqt3e9sq8zzj4kw2mlnpg4gek4z92e7r2m59u,311DJj9HJFLyzQdPj5x2v1tSoes6xDAuGU
1qPm45hmjseZVwD2KvMBYD6Mu1vaC,1hmm5KVy5jLSWe8mZDX39EnmeMF3fsr93
1TQEnGciCQhgJ4i9nY65FY8B3k6FN6K,1qjkrqnCEhPqcpfNJg756kJhfF
1czS93pCNkr74xvsp1h7T2DYCXGVj9,1FB9m5xdTZagtezKyKSUdobM5T3
3fn2jVVt763hPzjTFmpMJjwTUUApMGTC1c,1nK2V1gsMxiY1uuZBHNT6dvU3R86joBm
bc1vfffv9eq0452x4mj52nqcal95d8y70zk0w7rp7j,1hGoq6arfhX5MxrEbA7BD47mhPwFW
bc1gww2g5w02jz6m346hwzj2n3fsnkvv3s3wxqyq0z,1vxmfYUXVvXCo5ooZoBpUfPJREmYWU2
1tTp5W6tvF2rFMyDBzQhCfKT7RLxg8SpcU,bc1hwyr5fr9cvyt58klqrm4ednan40fe39k8692sgt
1nK7kukHDahZPnWkcJQ3SUffVjPYN,1EeWz9MTMB5xbdgXQvhtJRhwmV59Ne
1GfKDxLv8vc11BZhVP5seYtpS8yNbPqp,1disc5ngnAW88ycRtTDchdNtTe3d6BV
1v4VYxE7yXTLGNuPuehy7XXmqcFZe8j,126TvB7gbuPDrqPzpky8EA3XwMB
bc1advtvz82rk2ypa06c0nuqxy7ndc8r85nz6035jk,1KQgjBMwj2RpDRHVsGDtmCxeqcKnvxEMF
3YvqQ8jQYuNz3VjYrXk5tts91Dq6zV7TTg,13bK2VsRu83KtrwgFLmpy16xCGApV
bc19f3l3mqujwmmqku2gxu9kny6jt8gh0aa7dmjlc3,185ADBXEzBFmgMm3Y4bco2mY2
34X4BLC7aN5uHDqey4DsBzqfgEHp1S6B2b,bc1vs3t9e6ufmzge0hw2hxmwwgjnjd3ntel20wnra4
bc1u3cuj3sj65lhzd8t0pkvul9tjzg87yfjkq0xrnj,1jJB1harmZBKoce7VL5MKdxpfjL1D
1KvUXQ9Vb1AugX5L2bRYBWFcDeLdDk4ZA,1tgFLJpYBM2KdbM3jF56jdSGy
196ZBXdZsWgT65cqXJfS3y1pk,1DrcGeQYM8fAqnb7mxqqKnpwoQqTA14S
3VKqXLhEsUWrd3eHYu2cNThy47rgKFRqD9,3sx5PWNCswU7UPPAPZK2rBy6RLfTgU8V8K
3rzHFLuXeVU5poEtGTZE5katysN4eJKU4V,3LwkUnbQwSDN4HtU7171SbW9q8Xwd1DFNQ
1XpRrUxGkL89EYfisviXGxmvfrY,1yy5kAvGffrtmD4ESJxcy5nMyAoWTj
bc1pjgzshsd7gpu26dys0sshvdlln8x4p5uyjulem3,3oX47eJuhfPUyoy3dbs22PKtN6sUNFD1Jw
bc1rtxqhc4kx65e8l7p0knql5rgs9xh4n9jhyamuhg,3Gwou1B6nqViEMkYTdM8tjiMCRbWXtYfrq
1sPGiQPB4JAihJedDGqFPCSKkeMrjoJ9,1gVpLq35H1fbU5vwb43DNvA4Ydk7
1yK4AhgkcLtinoWU4aVJWKL1k73zeLaHc,14a55exbMv6cZWWBgZmLaN1MAjxM2GH
1FB9m5xdTZagtezKyKSUdobM5T3,1k2gMJzyH4FPzzwxELP8jXgsgRaRKcT
1tytVr9MpWLHJDAebxoMEqE2uhFBa,19REzjM2jQVUsWUs8XpDvSXfM6esn
13x2xr6bVLb7n36V55keYVZ9rWLqVf,19vFGFhY2tTnBTrUrj9SFa7BZmpKaXh8
1jyefj2GjtMe4Se5emdwjdDDeVVL,17bAqv31fZzx6Beg1K2Riizmvdmm
bc1sdyr0npesr0yn6uc5stps8eevjhckry08mfudxk,1keJSNRjELrDn2TiCT8gNNW7x1vyz
1t37URjEbkZPRFye6aLbN12faoJyF3v,bc1jqrhszcy8t3pu3lp47txw6xvq5w9cz2vn4tkjut
3VhZ8n5dn8t9L1XsbQ7ooz5NgnfMGat5kt,1d6vfoPyKgYBnRKjuSZ3nrC4z2KrJ9d
bc1ljumhp68t892k5xl9d322gkmczxydgzvfurz4tl,1HXxJfwCyWjC6sNjBZUKovKECu7kw5R
3GwBytydottirVnFZzUAMNHW1Nh6YSHeny,1FizFh4VkKpnas4fZCBJqoQtnJtYXCsAUb
bc1dqjxlfshe0xmr6jmdv5q70t2ppe0tnk4q0qypuw,1xsGWBusJec9mYnX1K2vsqJ4s
34j25iuoT6E4yuwVAAxhXEPxDtuYtNpeDb,3aaDZtncysfRXxtzYe26NnZb6NC3Q3cCgE
1jQG2TZmmmbSEbeXgYSrGZKXfJx,16FaiBiaoM25Qf4q6kDAUrBWHHxSSG
3FK7eeg8rUcY6Q27pkq6MoD7SS4f7vwxgu,3CyjGdiBPbTmaNStADKZG4gtTivJ9k8Gsg
3pQMxLCRc9reJmWh9ximVtjtXqr5AXSAVF,bc1ku9yh9ma3es2kepccjx6r0ll3ws098ld73y5sne
18BhC11RtZbJpPTUdMk6YjxPNZmaf9qs,3Z2f5FXxuJgRRoAhLWNcUAfPMqgQvZ1gua
3MA1J2XGAfTshH28qzyeSkZToEPrtfhJSn,3GV1MzftWMQJSvHSsGKJ816oBagohm6AMT
bc1gjx5jmfa74h5xf48c57kaw366rm9e4u4j7zaw5s,1KhdbXVxSMJ7cY5C6Z2k6fxiJw
3cpk59JQwyBUrbMmofX3TZgJEehXs1apuR,bc1sywmrvmzj7nzkz44706v8z8r6x5l5jqaclt0e8e
16aEukaSdiRZ2e8zSz3288AKYG7wnJ,bc1kkedaryqtkywlsl9fhrykkfxldcrq0dxp4j0apf
bc1xnsc637a27x3ykqmlqk6vpekjqz3sqdmc2kglk2,bc1f2fkpj8c874q34r76ayrt3zag9tlguduegm54p0
1Sq9ECdYeCo4vc6PAUsYFvRiZX6W,1zYo7s8Mnb1G8R74SMbTDcjufJe
1uxa7bs7VPAfir6DLhrjDzJzvRe,3sws1vqvPenSWNzM5nczv7mAob3KBqbPsU
1vJznXX2WBFmKVAb9mX1eFW2FMKxy,3DBa98j2EhsBjUL5cAMHNFSoWVdKZQzjhj
3Lq1iUCg9d12zGCndLNWWY83ZH9nkujBqx,1FizFh4VkKpnas4fZCBJqoQtnJtYXCsAUb
1S4TqjKRQjqebWxWaibBoh1aTWjJ,3XLcofvAnEqJYrUe1UXVn3PLJ1WzoNax3K
3fn2jVVt763hPzjTFmpMJjwTUUApMGTC1c,1U9gtQs49H52e8G53zxKxB2ak
1cWrr4uy1Zy7H2SbdiQSDB9Zq,bc1ey8wwduq854ew65p204hcjwxa4x5x8azk0pjuwp
389C1hMETsSfKB9cMbhXXZnMWBTAcxDjht,1zgUbE6FFuFmeCtjv5GvmUL3PpJW
11EFsDU1XVgVLAnrtfyu2JdDy8v3EpUDJv,3dDE3ioHk4ihoq7qDdgpPDbb2XifXHa3Dj
17VYTKwf7KQtQBHDvBmujeVjLEUPP,3PcTypdcM27YH49jtwBXSwcx3YujPpGass
bc1gtancwew60ssj0nyxqduusx89fwek7h7c63a4fn,1EutJsUTXCiHzcn6WESe6C9RXYj3ML
3DBa98j2EhsBjUL5cAMHNFSoWVdKZQzjhj,bc1dde6pw9er6qr8jkd4fju0x8r8uztcmp3q40fasc
bc10e925d7khdj8anmdj0drwrulmye9f24u74densf,1NKKrJWbYLuLwCyJu6LT7ZaDiYQG4
bc1w5eh3etzvmarjz9dl0y6znspm7hpv8qpe43a49l,bc1de3yvw2vjwlmuxwpyr5x45x0p02dym90l9w0wce
175XSkJhsVKY65Kp2Dr7LsAPZZ1L,1dbVAnr74R8KkqffHxffudkeCpRJvZ7
1j7m3TffACPAZtxi2mCFSypPZi,3e42rwfmQqEi1WNcfcVV1Y1XGy1pgou769
bc1n9lnluc4e5atsdkdz4gml85m33rjx0je5ex7ne5,1F2vZa6FFPaoCpA5u5uyseZtRRvXV3yJT
3yDRCrBYvQ5Hb1AZWvqGVJaZGxEn4mMG2R,1mh8sjJum9YBaNxaUawLkb6v5V22
bc1qs9apzkhrlck04y8v0jtyftjsv7lmhfn3gw2kwl,3VoPtRZPCkabwpv1cwR7VEa2Eo25745J6F
1tTp5W6tvF2rFMyDBzQhCfKT7RLxg8SpcU,3sCn94igsFWbaCNCYa8eHnxXZGXV1jR6aP
1VPyHG6L77Kvvf6fjGg6m5WSKuCdj,3i2X3QStmazNeMHYQtGUZwNWRNsLV6RM3f
1mc3j7K2nBGXoZ8sw1serN4HA,1bN3QQ35Jp8UcJ6eYpZtPHCJyMh5
1B5nYpguioToPoGRGFK8hwmFoTab1f,bc1zeu76syrjvc9e9v9t7xqt8qze9q094fvy83vr27
1Kg61jzTkv1pHLkNqLu3SuPG5uPNsihtwz,1NbBT5TNhE26ShzTxXZsPJ5rm
1dYhSsUAGzxMS1XR33wFuscMDqk,bc1ndyec9kxnyzrvflalrvj7404qltpfpzfsrwhwcu
1zvNsUZ4q8EJaAqDyWkDMVEne9LiHeb5pF,131tDa88XYU4aecTdPuSqQjLuhfQh1Fgt
1cKzkNVC7scNQr63WGgn9vXHoRZW,34X21K2pjdxVm4rhr2TTExT28zVJQH9fMe
1RXp3VvHr3SRtTtPhP9LVue9h1VRCT5,1da7cRzhBB6Dx8QCqM1KaxhAnAXTC1Qab
1U346T4W8PGeXeEf46KyXntJ5JrhfPAB,3nFNxuX1FSmJ8L2ZyRXxY2BEb88tv2udiK
1Ki5gPG3w7s2egDDJucjSccoVsKx9p,17GvNvyta28ZqXWabMfiHb9Jqf
bc1d866mqel09s9k3y32gvdx2l59qk407l9qdqsh82,bc1h8gj0jtyvk9ut2dna8s8rkhg9tpthxexnsgusqd
1ufdDHkM9tzoShj1mrTH6ABdT5wxsLp7,1xhCjHbmbyqJMJi834Hwdk61HULxFr74V
3AkXGsGCh4hrMKGi9a7EqXSvT9UyNjr96Y,bc1z8u6zrhkvjqgwpdfnptezrcna0jzm5zl9e3pnmd
1Y8XxUZTadKYksRRNmmFMxdtK,3Gd6fUBrbFGn2xN4MU7mSPsVBGAPL2FrK4
bc1qnrqttq2c6xsvfcqrcy538635qvtfgcuzwmjry9,bc1sgssk5w3ltsk0htk0rmzanfzmpvk7e5jtqm7hhx
1iUGv7tLt9BHfVLHwXLiSpqU2Frtr5B,3oX47eJuhfPUyoy3dbs22PKtN6sUNFD1Jw
12sRMJSC6KUDn4bne3rjoNMWFHG,bc1at2gexled5ephjl8yutj9gd6y4fyl0zyzfqvp54
bc1yffx4ph064lrnakdrj5rtntvcdpn4s8fgqkya67,1W5iLixgwoxZSbivWy5QWUMF5zTxDLY
1nCsLPMiPLLgU1wy5aD4hZBhPD5,1ubKmppG3eoFPsuQtKo7E3ie22K6mAcJN
1qpXuzegLFFVT6SFPNP32ZiEUMedmhhEb,35e7U9m7hGLMt6UBuwxyaf4qyLAcsTsH47
1ECxgQ2KDnbBzMWZDTFoWtFwELdqDBEJr9,3XS9Q3wjcdA5w6br3hiuqnBVet2yzk4WCm
1JqDwD5jN2w69j5Aq35UvYGg5W4cNZ1cua,3HpY7cSn2byrdMo3Hu4dcnBSW4RHqCN46c
bc1z8u6zrhkvjqgwpdfnptezrcna0jzm5zl9e3pnmd,1b8g6tMKBMeiifC8ZQgWvxgRtXWMk7Kq
1RNVSf1uJtuRkPt6MHxyKm9xymQwna,bc1ss935387vzrh86ezwtlty7tw9xlnygqyq62m3dz
1WjWtJm1Razvt9EPV2NFZDUbwgw,1uF6QwNLoBFCzN5okk6fQ2CCWiWL4wGK
1E8RL58KZUasvFx3p5bv4HtRnS,11SijBses4XwnUdsttSN3eatQNVbtov
3AP9JV4SRV5FFdbC7JxLcoLLpry8KwCKxy,1RfRwp1nqfwxqMmt47uNNWpBJzTW6fK64
3aNdus4r8fTmXq5Gz7bpZhs8aWihWZy8te,1fqMAy4S9FkHPWjz38Am89hMVoN
3AwFLfEUMuNXJFjrY7RBCpg1sECngqUk35,141YGU3r6oE64qGj3CTDLRntzt5
1cdMXJZRftbrrs5dANnQbQG6XdLzfw19H,1b7ENv9MkWGez2kRVB6f7kmvJGeWM9JQ
1ioX9t9wKPcqbWWVZU1L7RJusdb,3yaZDCeqUqwHSe4KJfR4zw5zcvG5JKEqaW
3swRP2FgtCycgBVHM5rEfu2RG1tETYVWTv,1VvBWo1tHhvBmZbPyp3CSjL19hYQL3DjP
bc1pgvh7ele37r47lmsq938l4ps7e7lsh05zffhpka,1xXX39oBWP2F9DQBq4QiVWFQiu2Th
1DMmNQXxWFWySn7NKhY55Yc6Sg,112B4xSLewu2KqAj6n2Q3KFjZ2zQ
3rzs1GB1YeReiTapQmyqfnp4ZWsj2cwDqb,15NzVthds1sjgmfwz5rw2fKELoFi
1hNn6mfB2jE6MCarXc6sc4w2isyQGe,1KtUdG7VYdLUsf3VTn8gpGrtA6MKVWEdQ
bc1l57w93zuj26qgc7wxfju3dsc3tlheqd2nrem4uk,bc1zpe75hvrlz55ljw6yhhhjp5jnmww046nrursz49
3uEqD1SX7sAmUvNLt4vHqUGNhJEMBSJogx,3eoqSuHi7zAfVDXrUJuux612LTye7e397P
19Fgf9zm9yuezLYnDoqAmhhTra6wu,3DJuXo1cTgTfsAEemwePQ9jywYasaYtEoR
3rdub59shg8tJJen1UsDtbX3rWhquYkVHS,3inEtEbWnNatERhKvWsykhrva5pYrfo7dd
1ffX7xJNGQmobvxxNE94RUpXN9p,1mdpRbfsbhvi67hM8TJyiaDvBeVCbqxexV
3Pw1YuoVMRfaBgZj877WJUetRdV5QF7arr,3bxQLZ7Zzzz1wE57gjdqt3jqTJoRB6v6AJ
1uNYR2Sh46sfUWFv826BCfYZUyfa73CJk,1CNnj3c7wdnmxB1cAf4tFrNrR4gcW
15qXqTx7bQXxZpS9iVjHjKMNT,bc1jf9q5tlv4cvdl4a9724eg8f3xeveews0zq7fc8e
1azpLigeUwMJAfZJUjjZuwueD,1zkX8WBE8eUyoVuN7LxVxyt957
1UbfStkcD1LmjrXomjZxaJbkGojxE,1mVEZmDDRgeNKUXrxk6eekFkmazSwq5H
3tiWUusZzue38zUhGdMGM3vrwf4S9YLQtd,14pUsnfpv2zvZ155FQc4WntiYhkU
1fpo8aDsRVn7huAHa7Wkm12BEXW,1csoC6wyVXd8zfNXa1yxPcSP8P8iQ1B
1TeBtW4qjfqFigbTYWn5BFcyjZHNsj,bc1s72rxxvhqslna2dc2r5rt09p2hf9zjr459jnsff
bc1srrxd936605r3uldrd9d8k96udsey4hujhjdvjj,1aNuADYvkHZWACcLKG7H2beWQB
1JqDwD5jN2w69j5Aq35UvYGg5W4cNZ1cua,bc1ely6jpjgy6w3zwe0kuk938rssgenapk5lxudfw0
38oQYvzgV3PNqkpJAupV86wKGxLLkq1Kqq,3sCfeKpMMkxrCwXZo6FgBRT2766SN5g2YG
1EutJsUTXCiHzcn6WESe6C9RXYj3ML,3MCCCd9pXGxckVQujFKHYhimf8gVRizVpt
bc1jdk6urnakdp8khpaaj0v4p9qakdcx982ynrll5v,1WGyaJvzpRrxp4D8KDVfsMwNhAuffEW
3nEEynuCgaSmnWRACcs4UNwiW85ATWq6up,3uEqD1SX7sAmUvNLt4vHqUGNhJEMBSJogx
1JB9R6sYhuWcDhpCbDK1v2H5Xf,32VWnTxL5fQ2zVtaZWLDb6Co53Y9WQch79
bc18jzjms40w27j5m8j4l788uhxt95rpazkl0m4x0k,1xj6way4S7zSgPajjN5burWR4XbZTnm6p9
1amXeCpvtiaB9J6Xw38M5svfCAzE,3oC6SRUjgz6QLrFCTRHFvSrY3zqyvrAVDQ
1mbAKKroGhNXM98HnQvADWqoZgx,1CEqRGDKsNhUbr2oLkeB2m2QXLk45rhg7
3oet3bBjwW5U48fKhxHnjwnVZtZxrANHqL,34YWa9LX7Ca6WoTWT4ToiPpka3L4zw5w2Q
bc1kkkeyy8ra4fks4qdpt9dw327nsjr9kn93lc4r9z,3LnKDQvDhQ9YpQhcLbYj2YFUnS8vhkoeUW
1ALTxfR2ytAm1MU1sU32gHEWkm,39VLbiQCcDA7Mf3cy7dbBjGvSD51tu2Tg4
16ReiPDch728WtnSMwsXrz2hRe3ojup,1zrm9XLVZFd7nahBdz1kAPinxTcHfxcX8
bc140erfx7w788az39nff3nts0zcpqw2rculx3t5g6,bc1p0cmy6md5gslegnke7e3pgc4cvc3u5vkmcga5ml
3p2PgDHDpQQMi9fsg2nbmMuamWaZRFRBiy,3UzBoQNqQYn5iPRSZwpHgP5tpNULYWZnHn
1t3grjopnymKUz17eywNu4jHdb1ujn,1h83xdicdjubGEr4Hm6MPVwMbHxJXaVtoW
15t1MKPqRYBUz5b1DvxQHimRQeY955vyAK,bc1fydenj2cra6rg6x4qzmj32tv2sraqafqkdxy6dw
13fCEMHQDwuqA3LkaNGL1TasYa3ac,1SSC6rJeGn7hNGyaymPdfZ1aw
1KtUdG7VYdLUsf3VTn8gpGrtA6MKVWEdQ,31CZwgGtkT9sfN1eY3NNNANQuhA2DN561j
36gmZ8CRJLXT4NbNXnT9Tq5NVmaTWAF8X9,3DBa98j2EhsBjUL5cAMHNFSoWVdKZQzjhj
17BtMfDsZic1KX9y7P5WRA9suWU5VY,bc1ng3aj9978978zyt52mpnhlfe4pmj6efenc8uf8a
1eq3VLyf5aV6P8ycrzPRiQ8aLXvY2,1P3jDQC1NJqmSy353L7tAiS7Wm9y
3RyYn1PK7W1i6wyuEsNe98eAG43aAq2Rx6,3RKgQjXajUvAjWBTyd8VetZSzTPSdXaT9T
3LVrGx7FhaA2hnqQHYivRu55rPuqXX3vxx,373ZUbG5wdKHMMQ4iHqEYgpvXXmXYC4TB5
1AE17YNEmnGq81Kg4znjDaw3UV1rgarE,1A8SJVe7YKLCYzHAeyHuUMN66QR
1YagVBzqwCMFGaksZmpqM2zztAD1u613h,3sTi6Pjnt5Ww6mGVrkrjuw4MEW9WiqoC8F
3ywxFE3RrPr5qgrEhKsmgRjPRfj2DYmJVv,1pytFeuknMJ4XYnHuZg8RxwnZi4vDVhY
3cxegXQEcW8UVYxHnyPoRpQYMfkaJDpzen,1keJSNRjELrDn2TiCT8gNNW7x1vyz
1gbqyzAXwRzpseFzf5qaYpuc7,3SePmpfiB2QBBy4vwAbhnt7XCC8vvzisSH
1fiDcfWQNB6EyWRQp2qLmtzor,1sjgc7oKwzcT5MzsvFSRccovyUE
3KQyNJZSg1ydDQAgMjXLBnRanNZrDu9SpV,bc1rdx0z46f7dy65cc6dswf6vyd73jpg8e067hw0rp
1jJZ6XjtkZkJYHztLP9kXLg2RK199LMTnp,1ToBzQNoAFHyMxTzJXtaonddaVNxt7JK
bc1lyv44z7xk6umwft3m8u23rtd70za6sf3rhep8wc,18j9Nb5CAif6HTiap5Yzu7zXWw64
1ZW2QvkbqsG98D6H6Vu2aYn5o,3ErWJ2UQ1Y7h9Q1qZhLhbjNWSTPtyaLDkZ
3sLBk5vdtenq3VibQTgH3X8NaHotMps2ps,3x87vWSKF4Rmf3qfFuJKzVxq2pP6SgPwzM
1ALTxfR2ytAm1MU1sU32gHEWkm,1Aots45GzLmqWcSbb7fLQrn9iFKg9c
1nVjuBmBFUKhBYVQvn8j9yAqasZTZqfqWa,3Py4DZT2bSgaSDRZNLPHMWtgW2HPvfuM38
3eMiVZ1Sm3RNfudsaxcYmvfbTbRApqE7Ys,3vUbofw571231G1Sjx6NeykNHeJ379Twzv
1FSvjmSLRg6JQeh6QXbNsKu7XJYKeG,1SwLy4GfVubttmW8h7dvHQKtG8vQ
bc1mwjed8337pvag9th63rnh8w9c9m9j685fc6p6kw,3m3dLAxgcZzQ5PTdR38781qfSidfD9a7ht
1h56SykBdBMKpurY4ArdudPrrbC,1fHJs9v1nLPwfDAaQ7Fko9XfwowtnBzWS
3jXmBy9ZykxZXgEdYnsx8vroxhEqSiiFye,bc1jhwz9cfcwrdchklxj22ne9urcx63u65gfrm5856
3VvQePcnx2CGaw61MEfdvwM88d3C93eTrZ,1oQ3q5yoEQ9Qq6rk5hG7nWXpa
14SEM8bAf2YuvHACwFnDbEH2Qi,3cnjpnKgeFoHr3QuARPmLeJTMZg2oGLeWv
128qEM4fmszdBdvjMFxUfoGLhVc5Av4,3M1T74xGtW2joE1EXFnxz1VPLKH25Cbp89
1J8P484pkynJgbwGG9ZMgF6rbGRGvJht,bc1vxcptrrwsyndx6ejrlsddeman3vn0rjsm20wmgu
1RZHUCSh41xbEsdKkG6jEnbq2nU,bc1rtxqhc4kx65e8l7p0knql5rgs9xh4n9jhyamuhg
bc1nvr6nq372wsmf9wxcu2txazhm09c5c8rpz7qyzx,18dydUwpwmqdPTte9NyTZdpWNBFa
3nnoFj5VXkWGGG3ZaKkDCBdTtSqp9cn8MC,3o6GREuwR4AjzLdajAosVkDYoUonNJo2dR
1sWVidzTwao1HNrczLtCuQayX,3o6gAv2P6mB19aNDvFpdggH1Z5VB8bRBqB
1G8YB9wSACvQmPqMNrJpztaVxGtpeRxB,3jZWfdyMjJNJqaueoDg43janEMMsb2UfPq
1aJu347ATb6SMMye2BEpk4Nxzge,bc1pt5sxhn9nvgw6m9ee348ygxscgwyr28mn22wmjq
1yGW8Dqd4gBDX9tqrVpiQV4AVqoTE8U,1nZMDysWemm5zopJZVirm7BGhj
bc1dh66mvty9ex3pc4njks3xk7ldv2y73c5wuv5456,1B6hw4ZqevPAbRfmh7jEEMVsUQBSnza
3G2hcNXGfHbG6iAgupsBdxKaqYBLhKLtca,1xwyNCDuVADCrFtUVgWsEyqdxyiGR9K7
1V4A7BcefygqwTHFAaASto3yHKjwtC92,1zxTkbEhCX9PkUXAwgkoGZTiyz
bc1cktaxycun59tj3zqpq5ewv6vwkvh48n78zlgtgn,3umPUQ8NyQKNjFdPF7kcfwiMBwRGQ6apVV
1XT13yQ98nJvaLcycYz1kGfPkyoJR,3rtFuzY3pwuXCRoYvTj8465zgRRjJKetUg
1V4aZNCwWPCJJ8QeHBX2ETRWnUv6d3E2U,1RcXEvRrWwGir7iEPK8vBQ6bgC
bc1pkqy0h0nt6yaqmesunn75xym58w7xfs5r20mftp,3ApiKdDFCAQbEeGdWes9jpfRzThwPWSnrK
1yKb2XAdtQzfMtrm4PL2gVXs1X,bc1n7ftt9ej3pqg7w66fq72y846u5qchlq33428an4
1Yr3VRqkTN7oXzGhKrHHJVEhNeecFmU6,3XoWcDMLVwKbmCCbRRSrEykcJvQhqexyDQ
bc14nzwps4fjfu2xg2wrygqnsxt2ykf8zn2wy04rpd,3jNxZZ81bYwJkuLQeWADqCBorrwzTYH46j
158XmHYEQUqbkQAiwcW5TLR6whrJXQkqdn,1XTttwXNhJ6LJpyjko23m14L8fK6dX
1wDUVdGywouqbA9FvnYfxveA1gL,1KQ6XA8XRzWEJWP9QcRf6Vu3cJJ9V
1mzJ4sEBJL4MzufRjqQdhsqW8ffJfC3N,3fcw2Xbypz5smQk4NrhireBMWwRMjvDLTo
3pJpxhzTjQvGXVgAoXthh8cH8N5SQPqoz8,33ougYMeXENXEerCHdvZTA45QKGDV3meGU
1XrWxb6yVsR7m1LvQrumjFJRZM,3KLS4s6qngpkeGn8nF4DNtfVqfVkXQsJT2
1JqDwD5jN2w69j5Aq35UvYGg5W4cNZ1cua,bc1mw7ftgra90z5p2vuf5tpzt63eegsj7zyvqkvayn
1brPgKezPRx5S9gqKREMsPjo254D39,1pgYofuHijFzp5et4EQgsqN9catVXN
1MSKRmB7jTnxPErLcp8jRqSAJTh,1JQaACdwcLc2io6humZeXNCAY
bc1gdzjgn5xsxjc4h6k6nznkdjn22mnex6cdxy8jur,1EN7yxnbC9LaBDybdE7bygxM6jLexZ
1pPXWDBFTJaedBBsPdkFYVMbk3D,3fAGamwEjtjo8PeACaa91LidG862sYkZAn
1sUETdqvY5XW6wkSrm2fmvtYdgz39DS,3Sgdf5Bpj4pU3m9PZwyHWX7ycqiaa9ByAJ
14VKrkq4GA9HJkMVNmkDswWretcU,1ZpgrryQJJ2SdWxeq45HvRj5Yv
bc1glx9y5gug48r0a5hqzpxvanlzvegydlcv4gzqk8,3pmVnZMmbDZgyAAi5AF88jNqdS4P3uCjNq
1yKb2XAdtQzfMtrm4PL2gVXs1X,3vaqqyL1KZnquKvJZGKVjZhJXvDHo85HR6
bc1d866mqel09s9k3y32gvdx2l59qk407l9qdqsh82,18XJCf5J1QKDhrbuQzw1ExsLqZSsGX
1MPZ9wiqDF8gLqaMvsdmsLNuW4ueXA,bc1mhhfvfgjd6gxlgwzttcs6497jyjld54f273hgsx
3UpHeM4qcLyK9yP8nozU6bHuAdbVzzLWP6,1yRb61wneNLGCMoiZLxpDpbrroF6HsQC
3cS4LyQZvYfJ6PYV416pdU6DeyU7nUtGeP,18j9Nb5CAif6HTiap5Yzu7zXWw64
3MVj1ijhNhpXmcMq9SJWZxLDGSdmjtacSd,1k6mJ8zh54RPSwS9hUX4MGtLyjPd
3Q1kPyN7tWBHEiAjN58BsAypDagvYvqtHB,3DQbhk2yAcdsxniztXwJNuvg3ezxorVFMZ
1zDBfVyP1S6ChneK3JyW1wt1Q9dx,1RZzMw2sJG32GA9LNELtFLrAcNESRJ9D
39Wi9vnpprNLfq9UpZfG5vFantUcS21NeU,1eRFxus8Qzdvf1xG2zj5jpakMR5gbZ
3hC8cZoixpq1eRr7Z5rH6Y7jMxyjoYaKhQ,1YK1q4tLE3brjktshU1N5zj1Yd2Dh
185ADBXEzBFmgMm3Y4bco2mY2,1eRFxus8Qzdvf1xG2zj5jpakMR5gbZ
1mbVknXhj7NPQKyvCxpe5ywjxh6wbZN,1s51L2CdZB6JrXPbzVVrzDTdSxe91N
12bKbcqemHMfsiKzcdk5T2HuutPtHTgj8o,1eRFxus8Qzdvf1xG2zj5jpakMR5gbZ
bc1nzqtltdpxnewf7yh9fl8jh4pgf5yma7mvkzeqc5,3GgWtuVtKSP7BAz97PbUoKpdF64qAGYFBP
1dVsYzKkQY2VJhkT8TT2zK3RU85t,3XiHBb6iys3VAFvHQDBTZhjHoDKSfZNi9M
3DaaccDmECTafDsgN3xbH9hyHFDU38ZYZc,1H4bhGETA17jZ2LAFE6MX3bffZ7gB
1K1P67hYjv3bUrUHSpda68wkcPQjDL,3rty5mtciWKysf8voSUYizy6Gm6sf1AXsk
1o34TaNLmTJXQa8WFBsSrQ5zBndup,1BfAgvymgQ2NC254CsWFbbE9H
37fHsqnppGEZhU7N8iBuQbviVWtS35HV74,3pgs2oznCHTFsPAbC6bLdfuvM5nsAmgZSM
34jj5tSp9wd82yTxYB8RyxQPyzheR1Udyo,1vPDREFoLbbr65j9Ruwoh93U2Hqgvhf6
1upknsW6FktDnthCLjTWPsT4ps2iP,35C4jLhd2rYmVcFfZ57RCJi6c9tYZ8A9B8
3LF17NV7eCyYVjSn2r1a23Sh34YgUD1ZsK,1fxW5erkmKtkyyxmaNm4QT1bHvsy
1QoiaNzADuVt3BZbuLhPqA2TYCukkS,1jx4Xtmvt5kHkpajaRnoz8QFhavNy8Pj
3oet3bBjwW5U48fKhxHnjwnVZtZxrANHqL,bc19tyrvxn0gwq4h256dmfj9et2cmxemyqmxlhuhyu
bc1s99sjkzccjvzannxh7wnasepjx6u8h7h67hzp0q,3pG48UQpYsrLxwcK9aiToEwqgojdKuTHKV
bc1r7guz5zd2lhxyac6zxk8vfvtftqqw67m6yp8jhl,1mc3j7K2nBGXoZ8sw1serN4HA
3AwFLfEUMuNXJFjrY7RBCpg1sECngqUk35,bc1vyldfx6da9666zrqxgcc0ds333xxr3wqftulfr8
bc1jxdt4lkwrawrpa7wgrkuw52mdx6tn88m9p6wmyp,3296QAZYXDkTx3cSN49BwRr5pS15cS6Mfh
bc1zwfef6ethz6t0rud0uaq9473uy7f00y6xylmn0z,3o3E6ubmLHq2CK36kfUXTcx7JWRGuXA1Xi
bc1klqu2lu7c49a0skc0j4u073l6mh5dv8ae3e9w4f,3uKHETFknAZTYtc8GCbhH87po52E1MmrEK
1PcaTETyaP3BCBJg4WPZytucU,bc1zpe75hvrlz55ljw6yhhhjp5jnmww046nrursz49
bc1klqu2lu7c49a0skc0j4u073l6mh5dv8ae3e9w4f,3zcRrFWtNKMqAJskPsfhR7jVrtjAn77Zp6
1hNn6mfB2jE6MCarXc6sc4w2isyQGe,1EKsCK8TTPmbLJLUsDmyzXb7iw9kzyqWQe
1PKRMVkUcveBQ13jLj45R7AY5iy2Mn,bc1edqf954dryfhemtlzwdx28m2ale3j2xy25l8j86
3gsj1XVqn4wVWdhfhb4sztxduBcB8m7K35,1eAYfVGs2wTZMnLh1yYCYG2SXKCyiTa
1DMmNQXxWFWySn7NKhY55Yc6Sg,3YE1h7cCxkSWEaPVZa8ahF9oy6Fy8rV99Y
38oQYvzgV3PNqkpJAupV86wKGxLLkq1Kqq,3We1hcHuotaAEkVWisiXae94ozZogvUEj9
3rocAWSBxfyjVMDV4N3CuMUT3yKhXqqGYB,bc174yz69yeenexwq4p89aswek78hwdhk5fr3mtpyc
3eMiVZ1Sm3RNfudsaxcYmvfbTbRApqE7Ys,bc10leurs8jqkac39hlj4x68p96xfpwnphhtcc6dk6
3DJuXo1cTgTfsAEemwePQ9jywYasaYtEoR,1hyZAH5ioQRwvcXcz2JbMp5W3r
3x8wAqc3PwdXCgU8fqeQ4HVPLDwnFhX9v3,3RoVbqW7mDmSti8vimRC19XMiihHZMMzdX
bc1wndzmpgusz6fyw9xu6nwqfag284vqth4ns60xq0,3WnYurwGfAwGXCKyu7SYu11UnvUVj1RfSy
3buPhJiLNK4GFLWdfwNk4MovTqNk1JvrDq,bc1u5t0ydlh3w3ql007ftyrl4lq7n5efnrsjp0lldl
1zvNsUZ4q8EJaAqDyWkDMVEne9LiHeb5pF,39DWmCU87WdeZhthKEydUwgGiQqYY4H5yb
1ESmf3PpXHcQAoWBDabSUwD3CdNFKbY,1JRjN976nSFjMMaAyfHHpm6iV
bc13m4y8qkqjv8j0xf3kvcl3gwqhjmaffrl6vmz7vz,1aGQ1mqhAEbW8iiDapetaw6AyzmS
1wUWQ7LejV6XsNDf9rYyM2mknqVbqN,1bwBiepZsUVCdsDB7xZkk9erXSLfvMgp
1hXzMYD6pEBJqxbDM8d5FPuQ5FRhY5jz,1r2wtryLY3dyLWoA141Bmj6CCDrMSMt
bc1gggrc82xqdedvkm4n7aj93m7scmctm862hwmrgx,1PUijsgUpRCLaQuLQAXg8upxAkTzP
3gMvqgd5LD74fMCVUX3uEmvYBNUV37EE1v,3yDRCrBYvQ5Hb1AZWvqGVJaZGxEn4mMG2R
1bZj5GeQCNDv1mqr9RiAKp178W,1wUbqPMdaW3jZJP89ZHScxKgL
3GTLWam7b8W9YuLrwBUGgp3h2TnEp3cnPZ,bc1d9nr2mdmq6ztw9suja9whyhmh6ek7y50az8ayav
3Vzxcjv9EKp5bgGCLE8yzwyBN4XEGCpoE5,1BBP5sJbTfdGysBBkcs7X17AUhsybVcy
3scqyF7mAJT7pNLxjv6bNMsnk4bUUrfsML,13cxRpE9ieW44AzCbYbcx5o21JwpEkV
1PcaTETyaP3BCBJg4WPZytucU,3ZM9RXg3P1ymMM527XQnEgwH54Voj36mMs
bc193ahaf42nf6vrnwhsy4pnvgpjn9gywdmkuwp0h6,1xuiLUiRVwnRbHpfaisCjBJwAHAABAXD
1f5Q27kbtkQcHTAh3KzS71nRp,17DR1GkmqFr7qf3JXmMHPNwTfs7K
1UAjThmw3bi2eSZUdDe397RvBo,1nxtkdRbAhn41GuUqYqXcejUEMxUFveivZ
3uUKkNdVNswKcWmfTuZjPYBS8U4gCnjvfy,1PSRY3SF76tfcut2QBPWAe6ek3
bc1d99keehmpssngxapqnvyksd2lw9sus4vxrqctsp,1ytToMCFwQpDJbRLLX9xD4pJQLRQj
12u5bqk4QdAY2DT22Ztt6b1sk,1ZMMPJdS8gqRMTfsuHmYCHKtagMQRPS
3fcrkGNJuJ7TV29pEuhE3BDWyTbjNaVjTy,1iJZNaEnjRTyVuafYeT74jr28
1TqhjipBqFiLjxKbS6qNkzoqD,1tgFLJpYBM2KdbM3jF56jdSGy
3bao28pxKZJqSm73SjZYQYgYz7H3xJrCWZ,3PUaqnGSJFy1t3HQrFTXDjYSAQHta9HRKR
1X9ikcdVytjEXdhpEG7RhhyP6eD9mA9mNL,3HpY7cSn2byrdMo3Hu4dcnBSW4RHqCN46c
1t37URjEbkZPRFye6aLbN12faoJyF3v,33i2BZhWECeopefh6RmUrxm8Qb5F9HVLAM
bc1uwyt3v4pdd3ex0l8ezcftrn9t8zuedhuxwr5sfs,15qXqTx7bQXxZpS9iVjHjKMNT
3nCwKiDb29gmrHzrsgzJALAb9pPgXpZaEs,12ENdPfrYPdALUcSNLmR8vVAHc68
1rHMbeQVtPiYQrCzbgCoBvxP2c,1e8QMJSgsr1zYXyURk7EuABNwRajCqHEH
1AMoACmNTwT5VGLxG2yKzFRi8mQccH4Uv8,1vsaaiR72Kocqv6qFbXPJLLAW7WuMjpp
bc1scugrmuu4medzkjjw9wruhhnem5xzcmtpx9j8z4,3RxPes7AwHrC213QFkW9xdzZWDuso3UiX5
1RgzYnwgAiUJKXRS5hZQN7drLdQ4HErLCf,1b7ENv9MkWGez2kRVB6f7kmvJGeWM9JQ
3dDE3ioHk4ihoq7qDdgpPDbb2XifXHa3Dj,1PRDcQeGk1Zn2ULfthwc4VN9gH6
3AVnMn71bEVEzZnAoiJnfSWYHQjFvL2Psv,1TfF71V2YNyW5m2mmxoLStxB5cXJFPhyCM
1cWyby27zhLTwvDNWtrBe6AQmMNGsUf,1gNUtuSwoWMTLoZ28Vtf8Foa3THadp
1Uk1fbNeyWG8E5ZgiASBdasiJPEtHHUbB,1ufdDHkM9tzoShj1mrTH6ABdT5wxsLp7
3emxoHh3xbQ6MUsUX9VRHzbPwRLrgoLB3P,3wCk4GM7ToGdCYgbzxkUkoirjpMcP9DL5E
3Hc7kK33qfa7fgb4Z3SVjduZvCJN61itqT,3W6MFG5CXwLDGXrX9pFurJnSr5zCrHfvjR
1fTk5RzWmYcqEVmBoMzEwRku1ht,3cTpBtUFqU32j5QzxFQ4Mm5wdm4FoJZxiE
32T6WYccoPGfUcgkY2wn5zo7F8BeyU8VNQ,bc1rps3undtjdw7npa9qmf6paeckww8ldggg3k3jt4
1mbAKKroGhNXM98HnQvADWqoZgx,1zYmpNtf4gM8Airajbmdb3kQnw2X
1EQ9NN9warLLEeVWR6amPR7u8MNg,1q6gov1nrJQ8tJ1Cxr3Gt4VQtZAALCVz7Z
128TTcaWLyBV436aJ9zgtwMpjuzBvXyE8j,1V4A7BcefygqwTHFAaASto3yHKjwtC92
1ALTxfR2ytAm1MU1sU32gHEWkm,1XT13yQ98nJvaLcycYz1kGfPkyoJR
3pTAeMCVddNT1rSpRVNQsAYfvZqA3B5NpJ,bc15uvflrws3gm9k62jzck3c470t2tgpre8ez65cm9
bc1sywmrvmzj7nzkz44706v8z8r6x5l5jqaclt0e8e,1SVgdPgaadzPVzTXdpGJFkrp5YGLsQrp
3QqDKEpn3WsMgBHP6UkwbQwzEp8cFNoGu4,1Uk1fbNeyWG8E5ZgiASBdasiJPEtHHUbB
1TjzFVN1Mitmrub7gj2yrf9VFjyMkC,1jf6VWW1oGxUExZhs9NbmvvEctX
3aGgRMwZr1JZNUDNbQfc4UUR8Bv3cQ9ztL,3yv8Rt1naTaqGbGLPiCsruEvGxrjL5vRqY
1da7cRzhBB6Dx8QCqM1KaxhAnAXTC1Qab,3nTa881ZbDkYBNmYq2gDZstY1EnMJARkes
3AcDBEJVf3n32mSMNQPhRX44arcvVCXB3H,3iGzc9wJJe2vo28NhpeMEfULiCXDxEibWj
365SSR436MUp2aLrW7sK3ctRCWJeisqppZ,1bVHFJdijY3xw5Y9KUXQP8Xgx
bc1uahpxzzv8erhwcwtgzg09c2ulwej7nkyvegj4pv,3eFRbK27WER85qsFg8qFJg51fqKZPSnREY
bc1aexgckdeknyf4r5gclyuu3gnjyzf9fdguwawfur,1uA68x6ftuFG1tGJqtkrrjxKNnvornM
3xjfHfc6xEKo93zcmTtaiPQ9gtrtnDohTZ,3jno9bAc5sZgYQrLbC6S4WBHUdxH8YFH3N
bc1wvtguhes7gcmtyglr03yjpx0cwnwp0y27cj3xyx,bc1dcu77e2qw9nf8yqltfyrrd4j7xp85chv26yr9lf
1TkEz2JnrDQ18snwSWThPve3ah,1EGg2CyL5Ho6BLGQdBsQwcWLtvD
1sy2Bf4roipMQCeP2gZgoNGBo68w869,1Ybg67EGpQaC8SN2wKmrNNmxBfR5Ngbv4
bc1xvn6e3zkhpez3369petg40dphdduq7nhq8ntmjx,bc1vyldfx6da9666zrqxgcc0ds333xxr3wqftulfr8
18mnadpktRaVUscNE2ErYmXmCb6EfU,3YvqQ8jQYuNz3VjYrXk5tts91Dq6zV7TTg
3cHrjhZHogb6WvAkC9to4XsTmQ4dDMG5pv,bc1p5ndqdgjzcuzdx8uxvfe9q4xhvg6erfldr29s32
1cimY918Lqcv8AtRQ4eAqaXW1FrtA6StdL,3qg7vzCnkfYmLtjKXMxgpmohhGiLcsU6UB
3We1hcHuotaAEkVWisiXae94ozZogvUEj9,1Ki5gPG3w7s2egDDJucjSccoVsKx9p
3dhNTuJYRqTfKuTSDfoW3T2pXCjnEuZHmh,bc1xvn6e3zkhpez3369petg40dphdduq7nhq8ntmjx
1V8QP4RgkS8wUa6GAeWypt6gRHPtz3,bc1dcp68eu3z2yk7365hj422qq80rvwtmferk7t4xv
17bAqv31fZzx6Beg1K2Riizmvdmm,1fAJTfzV3ADc4jmqLwJ5GyMvwKKWG3dK7
1oDAr5twqdTKbSsXV4s8uaMx7ozwN3jXq,bc1jfufgy68nj4ulfw7unahqgm62jefw5vfux394zl
1d2Yy5KnbAr3rkzH7u1Jy5vS2MHBT8Py,3fSnexJ6mzU3RDqR1WgyrPQsEKdNt9Hgtm
bc1lyv44z7xk6umwft3m8u23rtd70za6sf3rhep8wc,1JB9R6sYhuWcDhpCbDK1v2H5Xf
1ESmf3PpXHcQAoWBDabSUwD3CdNFKbY,1dXkz9dR2qVLZ56Ua97u93VLdc
1eGG6Um4RA5DM8Ub5vmWzunoQoJqZR8H4,3G2hcNXGfHbG6iAgupsBdxKaqYBLhKLtca
15ZF85DhWcu4Qst1o5kKzAFvZkxdM,1F4gpWnrdFbGSvHLCe2VA7Mak2P
3vu3xpZGjz2W9QJxkYgywJkzdvd1RkPjNs,1NmdaCCvcDAtrjAL47vE6utvK
1j82HZfdfJDNVsjnhiUi3UY8cPAkfPvGT,bc1t2mgcv9emsndfget8mk9uc7avh423kkdcujuhyx
1kozWJxQ3YtpnFho74kkyVW6zj9uwaR,3uEqD1SX7sAmUvNLt4vHqUGNhJEMBSJogx
1fBzEmM34tbMFgQVJzeZmCATaXPrjMcW,1xbAsYnM2tTUBnGrQG6quHjnQDE4
39ubDYZ6xTZCZr5qg5WgFQhFG4QpN6omQZ,1Zc6niP6eUJu5nG1p1PHH9nbwMTGC5o
1xhCjHbmbyqJMJi834Hwdk61HULxFr74V,3Rw2MrnT7XK1gP6MrBGGxLBRRkNQTaygpi
1rTr7oQR1NhyzGHSdqaX4S9tJGEVyV,3kkfWEnzWjtBJHFuyhKbX73qVKfTxBHMu7
39CmC7PVzkkQamA41GnH6FZrphhJDUcvfq,1FWfUEPvxZsxkor23eFiVK7nJQK
3a71egKN9eFrRNGgkQnUNZFJLhjrfkShAD,bc1dv0p3um0yp59fkq6kutzk6ck0afwlt9tudeljx9
3AVnMn71bEVEzZnAoiJnfSWYHQjFvL2Psv,3HwYCTEqbLYXcEv4tVKgZWMotLMv1zfyFx
1H6nu2m16Ytp1QZBqEPmxZj5Wd,3MVUybd9wvPYYVYE5iXnpD6MCrNU87uMrn
13P1FSPZMsimFbnPjLpaWwoCrkz6,3xP6ofLe6fURXfsfvE2ZMfXFH79WU6H68W
3Lq1iUCg9d12zGCndLNWWY83ZH9nkujBqx,1hcZJ3gsdGMmUWJKnWijVkaXgTuJTj
1CEqRGDKsNhUbr2oLkeB2m2QXLk45rhg7,36Yn6KBtrpRSVXjVbFCpZHq17qHW5nLrFx
3RJ3xs9uDRii7NBZBbFApb6b5tNH6DWN4e,15R7woAeMPa3X864fmyVqJBoV
1wZBFz22Q2uHGHqiz2Ui1B1PFCcrrgdwR6,172JLAJqwQerjnLvM73dnvsCQ7J6yTTyF
1SD9iNhoGudyj7cVNrZEhe8qXd9X,3BAa1kivgrFVViLnPWcx2GETRxvpT2KekE
1sWVidzTwao1HNrczLtCuQayX,1csoC6wyVXd8zfNXa1yxPcSP8P8iQ1B
1kDy6U1gVCVUdXJGpGv3YroiV,bc1wqwf0jvzswvjluuyplc747977crtully8qcwsje
1yRb61wneNLGCMoiZLxpDpbrroF6HsQC,1rxfSZ6QWU8JkatoatS3EYuSJebFNYMg
bc162l7j3gjkv0kssga35w28qunwzuxkazx9yqge48,38xouyWWU8Dp6MDkqnNjwUBYBp9izcEEqe
3v6oYQkHcYQURsyg8TzuWGT2kSfyy72Hr8,3TbUdHYyEpHGXAWmxya298g2bhGEYPVYx3
1ECxgQ2KDnbBzMWZDTFoWtFwELdqDBEJr9,1xNcUDLkzvAiUKBUz1hC6T6db4dtM1CHuR
1mc3j7K2nBGXoZ8sw1serN4HA,3AwFLfEUMuNXJFjrY7RBCpg1sECngqUk35
1v8xAAEGLpqdSXC19rDbAbt8Fk5Xqh,3bQSxTdxMhZ7bA3su7CQrjZjTHXfB3V7UG
3gMvqgd5LD74fMCVUX3uEmvYBNUV37EE1v,bc1fzkmgyt5f2pvg98adnvdgzz2795yuygqd0n8vwz
1WV6kEpCBKifYDUnue9ziG3L7VNYRp5h,3dn7JR6bbFT3sQNquPYMrKLndQVoRMdMbA
128TTcaWLyBV436aJ9zgtwMpjuzBvXyE8j,1N5omQkhsTVasr6ydhroQypVKHY8rnt
3JnGkeWNJVNCifH2MPnZzyaAgdfhUeSgsU,1pDD2GxAQPauXTrxpker96LAFc
3HpSi2v66vnV87WhswrNLB7J4o2RSVasiZ,1STbDrBQdQGsxvSmcZQ1BRacq2KQyn
1RqV52mHGYATkmY77mpNp3iYz6qkJzTM,3eMiVZ1Sm3RNfudsaxcYmvfbTbRApqE7Ys
1Lt8fAbiD2iqUozdoQBdPb4kGrV,1mAqkEUjB23o5fRJjsh1qgoqhgABUrF7
1dQ6u9T3Jf7BmznyEWkijZaA13czr,1dwUDhdekyGc17A4z3veJe1hva
1fXhFNc5vDVt5o4ZwRNipG35Jwx6jXB,3YvqQ8jQYuNz3VjYrXk5tts91Dq6zV7TTg
1gzRGPYvQV8nbwgdKEkGW7fvhipJE,1AzCjgksMLsm12YNokzTbc1Xm
1G1do7AxkdYCxTyn4XaAmMaGHT,1vRKdZedGZaL3zP4yz32hCEcv5z
3JTc4BWDpKm7HAmRUB1BnpEPD4zu15439J,3cDuieTALeVXm44LjAqirxfPKzCg4oZ6eU
bc1mxgpvmq8kfzzkr237uyt9d9sjxgy6qxs2s8tmw9,3wPCeNwRGAbtXVT2WMfTk3Y8pSqiG6Ff7N
3MTW7TC7iHjf9jX89guAbDsvU6QpimH3jP,1mS2G8CfVcGHzThuQmVSUihX2KFyEiQ
13Mgc5zMrJpHkncpTUduMZQSeW66xHkgKL,1Kg61jzTkv1pHLkNqLu3SuPG5uPNsihtwz
1mStU6wuAyp8xooLwZhKPns6fn,19u6TqKipp3D9tKotVmPF5eyP2wa
3mBVcXSkkxaVJA3qLiY7oNXF6xyrcaP8fx,1XT13yQ98nJvaLcycYz1kGfPkyoJR
3bao28pxKZJqSm73SjZYQYgYz7H3xJrCWZ,3VrVW2q58McDRJCBgCMGc3CPjh6srSZFCY
bc1vfffv9eq0452x4mj52nqcal95d8y70zk0w7rp7j,1JB9R6sYhuWcDhpCbDK1v2H5Xf
1zkPXHhCrP8kaoriTA8hH9Dkj1jagz9x,bc1g08t573tllucj45m05503y3d2myrlmja8t7exag
3inEtEbWnNatERhKvWsykhrva5pYrfo7dd,1pkNaXouh2V8eJ5BXqfJ8WNqpkKPSyY
1uA68x6ftuFG1tGJqtkrrjxKNnvornM,bc1d866mqel09s9k3y32gvdx2l59qk407l9qdqsh82
bc1tv0dndy70cdzaf339vff302kxaqmhtvdvhvflzu,bc1kdnk36qg6agghmygahesuc6cftnvszt9g5g8ayc
bc1ydmsts87ckkg7u9cpqqzdjhdke9reedzce3mp5f,bc1ckk4u428sxs2mgy2m30srltc3lppennuwt3apwy
bc1kkedaryqtkywlsl9fhrykkfxldcrq0dxp4j0apf,bc15yy6gjajl74w4nm3x8u72yn55v0dcz45v6cq58k
3XayWKQBnHsg9H25YCj49U7gUSi4q2u4WB,1NKiYdePKq3HZZt4i8449XwEkyLQkVYX
3rdub59shg8tJJen1UsDtbX3rWhquYkVHS,3H5PcVeFZEifxfyfaoSK5Xb9e5235MM1kk
3H6FHvkY5s63X4XRbZtQdTzkmn69ELFoPa,1eshGnRrUjuw4WhbaY3Yu1Qq9GSQr7
1Lay2LtEd8i57WsxH5EMAKjfNo4TfXyAmP,bc10tv0uvdpxdg4xnvcvh8rz7xt4zkhpu6ufmwu9dy
1fiDcfWQNB6EyWRQp2qLmtzor,3YDB5gwLfmb7TYx3sEqzSR9EHnWn3GcsGC
bc1gqrvetr85sy4xdxr45ljxr5ra674njq20ua7sd6,1kZZrjRJ44zf4UAZjVBmXMLd3CCHaStf4e
3bMw6KQgx6QctBufHt2yyDmscHsakFcDby,1qFzKHPSGk9Eqett855vG4XxbM
bc1aexgckdeknyf4r5gclyuu3gnjyzf9fdguwawfur,1Y2nFpa6mQh9LV3wj3oPY2sMcpbpZm
3sx5PWNCswU7UPPAPZK2rBy6RLfTgU8V8K,1SGZ298L2CfoLjzamir5Gq5WgWf
3FdQ7WjVftKgkLBvj58p9gdAFUeRpx1oLT,3SCYnehtnQCJ3Ljj8zH6ZXkA2obEmjz74N
3hHqHfcCW9kxVPbK98TuDH1GNsJE47uHUV,3bHMkwkJkhMnGzNcXNE5qxv3eHkWVw5R8P
3HpY7cSn2byrdMo3Hu4dcnBSW4RHqCN46c,1PHXXRu67FbuvSy5MYPDDiSsEid
3sx5PWNCswU7UPPAPZK2rBy6RLfTgU8V8K,3jXTBQbeJ4MrhncPASQDQ2377sV3xMB34t
1xT68modadujPppiRB3PRDnbzMXHjPKg6,17KSCoY99Vb4ZgxcitNfWAjhB
bc1309r0pjxc0388rg6tlcp2ajyayes0pa65nex3s2,bc18lrnpd5tut2zp8cph4l0ekg9mxls2yg5uef4zqn
3R8qaMdc8zapsUEZDJ1WKojMigNk4jjk6y,3f3X4AoTcGrZ7iFGmk6GbsNgZG2fQ5bTYr
1yGW8Dqd4gBDX9tqrVpiQV4AVqoTE8U,1S8cDrTL47TqegSRCbyQ2vP3T
1Y2nFpa6mQh9LV3wj3oPY2sMcpbpZm,1nMo31SxthLooV8iQPU1CtHNfxHtHtbaT
1231QHtZDJbrRdecbz4DfEfRWpF,1ZA3E39tvGneFpY1McN5hYiQcK4pp
1jZujYT49xhXGouUkG34Fyeyf,1vpsvYBheTVcpyDSR7Vh7hSNhyzn7oX
1DxqYNNRpXKMZa3NUz2xQjfZKpeL,3PGfiHgsjix1mvt59kvZ37ErdNMUsfkuqx
1tTp5W6tvF2rFMyDBzQhCfKT7RLxg8SpcU,1uA68x6ftuFG1tGJqtkrrjxKNnvornM
1Zg1W7dXYbiaeUZWaDq7cUc6L6,1v2nKRWebDjrnyrc1C2oadVbtNEeZfx9
1sjgc7oKwzcT5MzsvFSRccovyUE,1VLCDLtJZK7xPCe4enFxFrCBda9
3Y8od8TRhptgYkAijqPk2jLehtMTgcTyHR,3ErqSYsSs1JNGGL5uWRXCBgzeGx9CUJK6h
1RNVSf1uJtuRkPt6MHxyKm9xymQwna,1QVdDRtdTAJufdr7LMzb1XF8c
bc1vwpas3luzcq8hng6927nknm9s9wjv8lnjqjsy4f,1VFYD6QELNmn1udWN17AvcmV1
bc1djs0hqr0d5prcdur8aflynp0473a6tfpycrand0,1s7CMGHKtgQzBwzi4ps5kqWbUg
1JdtMC5fmzrsPTqAMfhg5dXFTGvgDKm4p,1SjMGpTEDFr8KXXyqekuAursD2xBwG
39dHCj9L4kxdT2cRZtA4N7ytEQXKTNTxYC,1SwVZzVwtgaXykaionPiXKqxen
bc140erfx7w788az39nff3nts0zcpqw2rculx3t5g6,17WeJXLg9unCt5GZDihKhQ76Byge
3C18d13D3whD8iVr8sFi3n86L3FCgpLnEq,bc1hd3v2p86ut6qhtzwuxzx5sw395sq9k494tcm0nx
bc1pfn6yauth8ynwwuwk65mc7pcelzddnvz5vq4hh9,bc173vmxmpc8msxypy2gp37qnqwewx753a63xuucl5
11hcRUTsz6uWcx9JQ4bWztg5eN72Ls5W,1UTTmC5jXPtCSPugCA4H4PNpcLUgm9Eh
3faSq2pJDuXysdH4KCkarLWxDZGbDJFw1L,bc1z8u6zrhkvjqgwpdfnptezrcna0jzm5zl9e3pnmd
18mnadpktRaVUscNE2ErYmXmCb6EfU,3LF17NV7eCyYVjSn2r1a23Sh34YgUD1ZsK
bc1d3v9cnfnjmpxh97rv3xz5cfqknanvq6hgflg9y8,bc157u4uw7sg4uvdlfps2ndw7efl04wy7n4ffeqpfj
1MfEH5CVLfh9ZoxAKnieHMgLUSmV7e,3jK3JoSw6RrkfWfK7U7QbdwLNhTNP7SUeB
1koPXYfswKgTyaGnc5gu27BonrkwEpdZ,bc1j9h4fppu4y34z4vqzqcg60r7xp5hl2d5xncuezp
1MPZ9wiqDF8gLqaMvsdmsLNuW4ueXA,bc1akdvd4fxxz2nxuz9yfhrapfl8vnng4sfj6m9tsz
bc18jzjms40w27j5m8j4l788uhxt95rpazkl0m4x0k,bc1xhvu8qr7ejswygad7c8605vrrk3dgxaacr7c29w
188DYJMm1gAkoSULjA7DKgqUS,bc1fd8y5se2p6as0rj6ryx0rn0f0kjk00gkqktsuka
1zemYdCXMdQDdxb8gssU6TaunP2WbNu4G,1KyHYBeXo27sot9FKSgAEYmGdC
bc1uakn33527fpenhwkkjnznjewvv2m8txghwkd9vq,32rGgouzQYe3wj3RmeQPbTWb9QV4esRbpg
1SwVZzVwtgaXykaionPiXKqxen,1AARSWh1hCe5PpAYegiy1HaoZ7KdU9K
1zdD3Vwwf3mYATEXacmzkmwLUJiPDHz,1Sjd7us2tApuCAv77FvMQEt7mYyf
1fpo8aDsRVn7huAHa7Wkm12BEXW,37XChDhYmTi2wR883FLY8jpo9gbdZacrdo
34YWa9LX7Ca6WoTWT4ToiPpka3L4zw5w2Q,bc194d9kuzjadr7ah7d822m02chcs0dx9exxh48d0k
1hGoq6arfhX5MxrEbA7BD47mhPwFW,bc1xu88gwzk4dwaqmy0nc2upgtp798jc69qgaep3w7
1E4bSfsF3SYkn9zEvaampEszX,1amXeCpvtiaB9J6Xw38M5svfCAzE
3hEvie2RxseAfusZ1ZsQCYdp1jVLSPSSz6,1utJ8uh16PYEdZKEPGkTqTsS4PEKxqwo
1UDpb4Kg6GrH4XZBvUHtoeR9vm5geXxq,1urwoqvuYea8W395Es2fn3eWy
39ubDYZ6xTZCZr5qg5WgFQhFG4QpN6omQZ,3LmoTb3NJiW5GcWDpLQH3MFLZaSBNF9Sb6
3K7QXRw1oZCjp47nq5jaeAv9XmnDmbUQ3d,31hSawH5byUCXARYrzttbYaa7e5adt49rM
bc1dhckj293r3esxvx4963dquhp9utac8snjzzdj9z,35jjtXs7Wdfrg7EocswD6EGdSfsm9WmRFW
3t6rLZmNimMQrsy3brsVDT9iTMFBn9REdr,3ypwKuTFaMnhrnZfY2DVYyjPb2LTSJEGJ7
bc1fxe5c708l6daas3yhz6qjmw7sr5z42lmv48cmvn,3VUuoaBP6DrUhxNbju6FcBjXcQWjqGjYbc
1yGW8Dqd4gBDX9tqrVpiQV4AVqoTE8U,1PiY1ChxQJUsqd9aC8BmGZMzfGqn5c
36JuVz3WKq4nfrGsxYT5CyFejqrQqhBPqj,1TzVPCfy7iNh83U2rnhhnSH5sqWQ36F
1aiuQqHX6QuycqqrQAt7r3mQw6LSA,3RZZ77PqGiqCwbmuWCUeMWjDHU1FE11uwM
3AP9JV4SRV5FFdbC7JxLcoLLpry8KwCKxy,bc18lrnpd5tut2zp8cph4l0ekg9mxls2yg5uef4zqn
1NSGTEG4kf5LYybZqpRYsUtU5uiWuog,1tpftBUNtgaNK1gTK8FRy9cSVC1S
3BCppp5iFByfVpa5b6uBeNyWqghrTxkN64,1mwXXSRjJHtMcKYLdHBATvYqeVUkga6d
3UaFenNWe5nDM6o1uHLTGPvqb9jZe4p3j8,1ubKmppG3eoFPsuQtKo7E3ie22K6mAcJN
1b7ENv9MkWGez2kRVB6f7kmvJGeWM9JQ,1Vac3Pu7HufvLBPEvQAbdFvgiuJw
1kE6Cbt3oEVoqQxUc7PsWmdyZTm1k,1Yu7pwX6trobyFDRgfH8nhh8HCk7u
1W9dErt1rsnjWiPUHuqMAFvxGRpDYM4bD,1tKtP9KXTuwj4PCmiNnUD1McZnxVKtCp
3MA1J2XGAfTshH28qzyeSkZToEPrtfhJSn,3yTrr6bbRA3xEftot9NX5TT2b1S6LAiYBS
1D5dWochGeXGB487TThVK9y2yH8S161,1fTk5RzWmYcqEVmBoMzEwRku1ht
1CK9Wy2cH5nEL8Hqp64sXBB47Z5,1ynKHnNwCzBm2jwDoq5rog9JF9RNTbaX
3DJuXo1cTgTfsAEemwePQ9jywYasaYtEoR,1voEo6RBRGrc7e6PAWQiY4NC6Md5y
bc1eje6yts94fwkkmqlewfr5c56yknzkzg3ysqtxd9,3kjXyQpS91onqdpo2wBB6kLhRH8yGZNDcL
bc1vyldfx6da9666zrqxgcc0ds333xxr3wqftulfr8,386d3n2N8uKRCnsNWGAvwyJsoU5kEggQrZ
1fpo8aDsRVn7huAHa7Wkm12BEXW,bc193ahaf42nf6vrnwhsy4pnvgpjn9gywdmkuwp0h6
3UaFenNWe5nDM6o1uHLTGPvqb9jZe4p3j8,3BVAi5QRg3u4QB2aXUCUbVMFcXEGr1qWWq
3vPYGpcFiUV8cuTBMw7T3M3C5zBFcfFhYJ,1LL4RMbEGzbbMAYsEszzFKWvmNYpfZ
1KyHYBeXo27sot9FKSgAEYmGdC,3SwBWEFxLo1A7dyrAiJ4HMdP6S9ssLL55U
bc1aexgckdeknyf4r5gclyuu3gnjyzf9fdguwawfur,1VKTFQ3jPKckbXsnXTp3zXPjZWd3HQJqTR
3hknk1e8cZPrLooAjV4MWkXPBTnRbve4aG,1BENW1bQ5EV3J6PB9KgUGxBQX7oMjfQoA8
3gasVBAmM3qAMb5z1hDd7FUJVFMyc8VE3b,bc1g85kj6473yj3qnwsl5p838rx0px4994xepn7p3n
bc10m8mpxlj3zjj5mwtn3dvhshtups3qum0ddyhtaf,1Yr3VRqkTN7oXzGhKrHHJVEhNeecFmU6
bc1g08t573tllucj45m05503y3d2myrlmja8t7exag,bc1cy9ckl4zqawshskqqcr8d8zy0xv58hlwuy2eped
3WHKtLyZXWtmbCGMbY12QvHhKgCdprd7ZK,1KijRmtxGxCmyffvgENdqZ9pWyLx
3nFvpYx5bUwY92uKfcCgx6x82BX4f6sBXN,1KpDdUMmeKkeXpT8Vft7QKrpfr8K9Mo
bc1jdk6urnakdp8khpaaj0v4p9qakdcx982ynrll5v,1LXYm37e6oj1q5tvPepxDxFSQdD
1XivEd6Jmrd5E6a5Hvo1xgw8VggX81C,1LB7LFzSFRD4ULSHD6WB5juLxhBtMK
1dQ6u9T3Jf7BmznyEWkijZaA13czr,1eSYAwRwQi3Th4AqTHTcd3DMq
16z7UzrY8bdKUu8fNciUkrCD8wE5,1Vu8auVKNvQBJDsiJoYyijrSpTYM2f
1rXQqsACaPKsdA6oBtK8DU2So24B,3GRkf2gVNKpUN499GMXGoQojqhC8JHdtS7
37jtAFppa7taQGAh6nKiZRrw2bsQWcUgV4,389C1hMETsSfKB9cMbhXXZnMWBTAcxDjht
1vuXhNy568p5ZSxEGKohjKG5C,bc1escra2hfnrlpk3q039pgp8lhqmax5jr69v4qmmx
bc1m362xyte40u7qljauc7lx6f9r8sezjysqksehtp,16qxbMmZ8pvX13T7JNPpWkMuZ7agmxS6
3fJoWGXCPCKZnfoam7jaZKTpS6WJefnHNu,3gMP8XwXhqXo7pZFU7s74AGAhWztyS5gC5
1hxShLzzaFtW29HyHJcRnM7ty,3rb1F8B6svnEn9yVRGejcZiKKBfAq9r67W
bc1xsjurheezkwwurpl8z40y5lpdpzzcc07lr7mchs,3RrCkE76P44scLC2AkYtDE3QgwVUgbPVK9
3uQ1pNqBnF1h3m8g57An4YAjxihHHrGmPt,3XJhHVBdbYMnSQCMhVZTwcpP7F5vHEzq7q
1mbAKKroGhNXM98HnQvADWqoZgx,1qTJXrYerZUGDnRTbx4BR2jHCEYjsjcU
1w6of5GfTChG8yutkGXw2sgQZh,3UpHeM4qcLyK9yP8nozU6bHuAdbVzzLWP6
bc1q936g56cl5t8u97ye60kpgxsk0pywh4y36eaqke,bc17emvplwal369sct0m7ekqr2xejmpnaxdra75f9p
bc1h7rl0wv9zpdssxdxvzsfvyp5jhlw2fyqj408das,3AKscWxWujr4HQgQQFpGfv7b4mPsdVyJuQ
3qQj7HnmzTAsBtgs6Mt3gkUxy3DW655jsH,1fo89cVomdvacSagippjkgYsnykWnMEU
1LTDPKYop8UPgTCtH1aED8C1Vot,1Q7tFDmk8GT3954eDFrdaSUrYctWtpU
3XayWKQBnHsg9H25YCj49U7gUSi4q2u4WB,15h82MvLvTo2wEth4QFSnUsmMP1w2F
1Hf4AgCeWwemjFdYUPffcH3pup1,19REzjM2jQVUsWUs8XpDvSXfM6esn
3PArvwuekZ63aUwiAnvRq8oWJT58sYBhWf,bc1d9nr2mdmq6ztw9suja9whyhmh6ek7y50az8ayav
bc1l7duru0nf3hp0u4xfsz97jtf7plquaurreygavx,1Yu7pwX6trobyFDRgfH8nhh8HCk7u
3XLcofvAnEqJYrUe1UXVn3PLJ1WzoNax3K,19Zm1A6YPDUNTFvPKwQKHgsbXMfy
1mc3j7K2nBGXoZ8sw1serN4HA,1DShBVWRFdkuNgrnaFdt9mTLKtLUXx8CYp
1rzsm132uh5aHSLSLboCS1YRw4zRC5,1CBN1j3tPdgmLYFf8QaG7koog2aVkJwQFB
bc1afs02e9af6rd8efcayxzfsmk78z3j9q2g6qhq2k,3LdymqQbeYUyu7Hr4u7gP59v3Bymb6mVLi
1brPgKezPRx5S9gqKREMsPjo254D39,1nQCfn4BKVzVXmXqRotgbvCY9Xr3L8QE
bc1nlcqkjqt7udskcz35a7l2nu7tc8tjytzp7jj5vd,1yRb61wneNLGCMoiZLxpDpbrroF6HsQC
1ZA3E39tvGneFpY1McN5hYiQcK4pp,1qGMGjKGJnbevVRBnCoXCgNhdrsVLE
bc1sgssk5w3ltsk0htk0rmzanfzmpvk7e5jtqm7hhx,bc1gh3097vd7gjcq7rx6kuf8epnvn7l3c6gjur4cc9
16z7UzrY8bdKUu8fNciUkrCD8wE5,1E8RL58KZUasvFx3p5bv4HtRnS
1Ptb9CpcDUBqeMpagNdAAnzdkiP9,3BxFPswH7ytAKDX2rpbGJyAJoR9daUY7yx
1xnmSj8mik7RCczD3RFerXpwhg8tUbCLL2,1XTttwXNhJ6LJpyjko23m14L8fK6dX
bc1rsa9snwmasetfkd28tr09649d4gga7lumj39tre,1vrUhBg7qyRWQmKUXVMHi5VPTjgq
3P7ETBCceZp4zh9eCrHGS4Rr1zYzWGdcmV,13tfow6D8bS4sbwnJ1JdCZgREZDP
bc1d3e3jd344uzwyd7ywvzlq3yskxn2kwrrns0txa0,132Psgz8X9wEF2vcMs46r7Y15CX2rPL9RM
bc1q936g56cl5t8u97ye60kpgxsk0pywh4y36eaqke,1NwAyKYZRiMbNHrL3HK6o2QPQNWa
1J8P484pkynJgbwGG9ZMgF6rbGRGvJht,1q1YuSMPZf2Fom6PPdz6oQLXC
1ZEHFQBykzYZn7buKe8PLRpGmL,1Apb7kJFyEQn2hxpcCyY1o4eQv
1bc4gTLKMKocJKs5REaedVRmHq1sAitK,3mM85Nt9wuNcX9YwYn3QusDUdbrRWDqsWq
3YE1h7cCxkSWEaPVZa8ahF9oy6Fy8rV99Y,3TiiLY2hhkhPSQNad6XU6ZDNfSRr4odtax
1ksC7uunDxUTJ2mKW8yCYyHYfRcPr,1t3E7ZkvYAT1Aq8Y4g3bLWvaN3yK2
1on5mywGSgwMbXz19iHovHCVhnBS3cX,1EhHK8HTCcnnByY968kCkN1YiCZDXL4Gte
bc1akdvd4fxxz2nxuz9yfhrapfl8vnng4sfj6m9tsz,18mnadpktRaVUscNE2ErYmXmCb6EfU
1csoC6wyVXd8zfNXa1yxPcSP8P8iQ1B,1z9xRewnLx84H5sqtVePit4ZceBxXRNyD
19CLC8SDGuKFou1fRcSQ2ZEVx36CY5Vf9,3yDyGZGEJTqWr1q5xiuB2x6q5uu9CXfxsA
114XDZB7kj9VRufZ88homRt32ruhMA7DHq,3ydSiViJVaUmfrx5o6QyqR5Ybboe6ADEov
1Ybg67EGpQaC8SN2wKmrNNmxBfR5Ngbv4,bc1gdzjgn5xsxjc4h6k6nznkdjn22mnex6cdxy8jur
1cKzkNVC7scNQr63WGgn9vXHoRZW,13K4gTb1PPrnmuWCXtXYPQuRQCxfU4vTBQ
bc1rsa9snwmasetfkd28tr09649d4gga7lumj39tre,bc1xmxk200ws0txedxczgnj86375e9emxnqemrmpz8
3ZSuZiQepjhnfVvaHZL73v1PtAas6ARsQm,1AHSWj6eL8rSRmFoLW5NkMf9kREoQQ
1mVEZmDDRgeNKUXrxk6eekFkmazSwq5H,1rXZQfZict9kEnJqcQRJud2LF2cXbhno52
1e42zpzB7ZyJDpmk9abZNsA7HidBo4,1NjNVeg4RxV3YrP3JWpDEpAreoFRJb53
3Czin23RYo1DoWLA7FUKpvsqu9NyDA7Q1K,bc1z7s5xz9luwgg965dna45fsxd8shzpldr5k33gl8
3aNdus4r8fTmXq5Gz7bpZhs8aWihWZy8te,3RUg1XfEPR9CQMUeMTPjAcJ4otqiDkU2kJ
3YovkWTxZ6AaLn5y8wJeXC1Z9SCcPHWPsf,1Xxvhjs4zuw8dmiuUnnoDm6oQdns2bSH
bc1llc29rt5r4chn55z095l4n60eqqs7dhpcedwh4k,1HE9Nip3oF7Wp6h1mTdfXWARviyUnyk8G
bc1aexgckdeknyf4r5gclyuu3gnjyzf9fdguwawfur,3nyvdSzf5ozgSBG92NZBpN4vzdoymMrbcU
bc1upcj26rr75ra2gyxw9t32s05ajayragpr97ezf7,3WafW8DbwRVQXyayggzt2rVsUYDt4BfqeC
3p2PgDHDpQQMi9fsg2nbmMuamWaZRFRBiy,1fTk5RzWmYcqEVmBoMzEwRku1ht
bc1qmwfftzzc5hf88q99zf6lejxlksj89hn3epwnzh,bc1f2fkpj8c874q34r76ayrt3zag9tlguduegm54p0
1Yr3VRqkTN7oXzGhKrHHJVEhNeecFmU6,1mbAKKroGhNXM98HnQvADWqoZgx
1vwnXWQLEjgHiZRTRT9PU9LGYbA,bc15vktvaxryamjuqvjs4lr5kvfwnw4du82np7rtcq
1da7cRzhBB6Dx8QCqM1KaxhAnAXTC1Qab,3mjSjqsEMhLqnqQGc2qUntPC4cPHR6729v
1vbM5ZGR1gCuBNXKvuzckcjpW6ipstzX,3Q1kPyN7tWBHEiAjN58BsAypDagvYvqtHB
bc13mcj3jja883flnq8xrlghestwrl34r0eae35unp,125VnLu3AVYrK3GHuuH8yG9Qn2Yhr4pEf
3dTEWw68wEzYBSUzoTEQjPhVZX1tgJUzuV,1n3e6hJSTNgFukpwSKhd8tZ3ogSVAsa
3gouCHYZAktNHGKBqPeAzpBLxZuumixSQm,18j9Nb5CAif6HTiap5Yzu7zXWw64
1VvBWo1tHhvBmZbPyp3CSjL19hYQL3DjP,1EoBkoKUZDVF1QW9qYM8uetqvB5C
bc1ydmsts87ckkg7u9cpqqzdjhdke9reedzce3mp5f,1231QHtZDJbrRdecbz4DfEfRWpF
1CEqRGDKsNhUbr2oLkeB2m2QXLk45rhg7,1yza8gjy1DJuUynhn2ocCnEwwCN
1vxmfYUXVvXCo5ooZoBpUfPJREmYWU2,1s51L2CdZB6JrXPbzVVrzDTdSxe91N
1amQyCd9Q3mSPodyQYDZsn2eYi,1W5iLixgwoxZSbivWy5QWUMF5zTxDLY
1uxa7bs7VPAfir6DLhrjDzJzvRe,1xzjuTNfkPAvWdaTjUiBtDUDZeH
1dKxL5hAdSb1K3M1knouTJpTD27oMuGUw,1jS5zYZAhC5h6Cjd5rxKU7DLvfSVE1t
3G6umWXCuz31yMCVMtSc4K5U5oDy3BaBeF,3QMtfLJxcUZke7MEevF3tPo7Fi2WmWWVJe
3oZtccCGAutb5vd3S8wffdrRa7x37r8rCK,1H3n4mLDmN4hRhcvhDVGUVE6LEoqvnFs
3H2pSHJw1ocE88TJpEMtRgpKYZov2TbgHC,bc1s99sjkzccjvzannxh7wnasepjx6u8h7h67hzp0q
bc1kkedaryqtkywlsl9fhrykkfxldcrq0dxp4j0apf,3HbcrmkUEhUMXjNC3uoDJPvCPUWgzEWEdq
3HM8Z5WE8GsmELvFX3ecfQ694LPP7qxJad,3dR2YPMnyv4rsE53eT8GH2iVbh6DGzEY5d
bc16py8ga7p08zqx0qhnqu0nj37nvt3ffpg6nudnlm,1PRhW741aVW5UWfMqq8MFbzidHcb8Y4R
3YE1h7cCxkSWEaPVZa8ahF9oy6Fy8rV99Y,1ccMtf3yCM4UhGfmCzM5iQZuVx
13P1FSPZMsimFbnPjLpaWwoCrkz6,1vuXhNy568p5ZSxEGKohjKG5C
1ZpgrryQJJ2SdWxeq45HvRj5Yv,bc1kkedaryqtkywlsl9fhrykkfxldcrq0dxp4j0apf
1t37URjEbkZPRFye6aLbN12faoJyF3v,bc1dde6pw9er6qr8jkd4fju0x8r8uztcmp3q40fasc
1MVhpor4EWcSAYWzkgAjsi5UQSub,34NyghuJDkFFhZn79VA67qDbHvbc7vwb4E
1E9ULgPHv4Pcak29SKBAoKURwaFm,1SD9iNhoGudyj7cVNrZEhe8qXd9X
3kYVUVmBwWb73Q5LuWkwXTnrzx9CrNuy5K,bc1dv0p3um0yp59fkq6kutzk6ck0afwlt9tudeljx9
3eEP3kB2C8xD2C21mkY14H3YbLRLXtGJLy,bc1hwp3u529a9ch3qlcvjjn4dq3thxl65tzfc4yrk6
1amXeCpvtiaB9J6Xw38M5svfCAzE,33uXdx8MD2MhtrzfyJgwBpZ8swHcUxqYVN
bc13gqwarqshvmr905hp6p8d3twvk5fzplzajq4pr3,1DzW9Tr9pybhCYb5UabWXmTMNbU844
bc1s8yapvzhnftmncn6cwu9a5fgggq069k3dkttsa2,1cBvQ5bSgFJTRNBvfj17gzjyu6
1kE6Cbt3oEVoqQxUc7PsWmdyZTm1k,1dGa2RMqwSyrqWNwXT3ksQm6LaMg
bc1uqkr6h26r9scapsvexp03wjf70urzgrrv3er0cz,3pHY93j5pkRUtSWSP29nWBGyDTEWpwE5zV
3ErqSYsSs1JNGGL5uWRXCBgzeGx9CUJK6h,3sws1vqvPenSWNzM5nczv7mAob3KBqbPsU
39vVyxnUm122ZeeKQsNcwLt2MRokQe3BsU,1djEATthoewJnEnmX5JWwrK9rg1GXTsM
1DXqSvcFe93mshjik8rezF15yJQxLc,173wsRc2DrPjGwhX4KEvE1Dugg4iT
bc1mnfvqhyamcc6mlh9tjvf4savz3tdjyhx72kag8s,3PuL3fSH6A2dmJee5xYkxXkW2fXxGCqqa5
3Lq1iUCg9d12zGCndLNWWY83ZH9nkujBqx,1DdCLFkB44CznRrwSXaZiyyF6MnR7
1BY4PK2GqGUjQdhjQRdcubrPccu8bvNm,3buPhJiLNK4GFLWdfwNk4MovTqNk1JvrDq
1Hnqc1MZYDnQecs742hsGKyhgT6PRpdTK,1ot6Z9od7KAjUWpnDizSKRZsvpwPfifcWm
bc12gzadlyerg3q8az2t90t24p65k3smex32mrl0nq,bc1gt24flucusdc7vqsau77xlcy27lfcew9qyufz8x
1iy6AKQBWsMD3tQCX1tQqUYF4WhXk4hd,1imrZ23rJTNJr4PQHn9wRzx8uA
bc1ehy4jltx56f0kdxj4wzyqvuvn7tqwwyfshkgmm7,3eFRbK27WER85qsFg8qFJg51fqKZPSnREY
3vgJYoX69Em8KNTQShaqvhuqsfRBYSfSib,1ootBiLMRMivzEMpoWF3W4SmhWxkpCxAbf
31qLX8v9Zv7iajZJuYKoKPjSkxQQP5SL6B,1zGyPAvCNdygL8qpTTsrVPun3ttkzsM
1QkjrWw4fyXZeqrjv9Eau5zANmCF,3y5syL7rRMPkNuq3UpUMeeDEuEPmeN1CmJ
bc1w5eh3etzvmarjz9dl0y6znspm7hpv8qpe43a49l,1TwWHG4hrCKuDMwJtcerCzKeu
16ZRd6S7JMcn4zFoXMNRsvrGzot,324uCCm1ML6ie5pDtzvwfJ2woAZKNaLbYZ
bc13mcj3jja883flnq8xrlghestwrl34r0eae35unp,1W9dErt1rsnjWiPUHuqMAFvxGRpDYM4bD
bc1mwjed8337pvag9th63rnh8w9c9m9j685fc6p6kw,1vshHkB1nWfYMe3bzM7SP1yAcAxrmUEiHv
3x8wAqc3PwdXCgU8fqeQ4HVPLDwnFhX9v3,bc15f0u7rgl5rcwtm70f44fxhcglpzs8q4rghtgequ
1aJu347ATb6SMMye2BEpk4Nxzge,3npZusePa92r2AMoMCS6Sazrp9dF2ZQ8ft
3BvPE3sFQW4ZwPEKMpEJ2TNdg8Htb2dRFY,1vDpdrnMeTrsPT4DLtB85VzBW5makQ7FVa
1t37URjEbkZPRFye6aLbN12faoJyF3v,176p7gHf3xkUsz9RjVSGH8XGY6GR
3Pw1YuoVMRfaBgZj877WJUetRdV5QF7arr,3YFskU8sYizQhhuULo4Z9R74dnEM2weSgA
1vXF3tMuPFtDfinAVsCTKrb9Uq,3xP6ofLe6fURXfsfvE2ZMfXFH79WU6H68W
1amXeCpvtiaB9J6Xw38M5svfCAzE,1n9mZAmchqK6CX3vHHoLJKCJ7C
3tw6117xDmzTMMYwL4rP8NVosdrtf68WFn,1DShBVWRFdkuNgrnaFdt9mTLKtLUXx8CYp
1EGg2CyL5Ho6BLGQdBsQwcWLtvD,3GCzuPfvA574dkFCKkKoMPBXL9qp7EYN8b
bc1mhhfvfgjd6gxlgwzttcs6497jyjld54f273hgsx,bc1z9angkcup2jg8ekkghuecgyzzdqnpt5p9cez253
bc1qmwfftzzc5hf88q99zf6lejxlksj89hn3epwnzh,3QrcRt1SB6CprT7AoTXax7drmzJzTwJp3X
16CbuLUzWPQSiQd99efacxk1c,bc1p59mmmz08lp85v8wewmwr05rd3qznnfsx47tp8w
bc1mh0dpvvkejgn6lfk73l6d3ugsks3zu74qq03ze5,bc19f3l3mqujwmmqku2gxu9kny6jt8gh0aa7dmjlc3
1zemYdCXMdQDdxb8gssU6TaunP2WbNu4G,3V181NTD6o7oiZsEEpPua3t6pgJH5eC3pE
196ZBXdZsWgT65cqXJfS3y1pk,3W7HAJB8PZW79y1MeZoQ3QN8jJm7pc78w1
1Pkx3wtjRHtKMAHVDAwGc7EH6ZWAb3,18TKgrvGD6de65QWtnue7NBv32JwcAaQ
3vaqqyL1KZnquKvJZGKVjZhJXvDHo85HR6,1jS5zYZAhC5h6Cjd5rxKU7DLvfSVE1t
1HGaNzuXMWejGxcLBcoAa6dqCm13nv,3PugDBjDF4vXQLmuQXj9ihDfbJ4owMZWTk
1M2fhGgZQV5PNzUqqCy2GwoMs,3KjUADvo1NKYUud2m7Wgp6KTqJQWjhwmFs
1qDgF8CsVG3ptHvyzVrLpnHC1aNrMb,1e8YzjWgCQvWtrCVwbNyJgvLQ2Tup
bc1uahpxzzv8erhwcwtgzg09c2ulwej7nkyvegj4pv,1vXF3tMuPFtDfinAVsCTKrb9Uq
1U3K2yYNFe4MKhYFxzabmAAQ9U,bc1v7lkthcu66wfe7r5vpwl9zdxa9nt5lppde3ezyh
3LnhtNpq3xAWrnCu8MGdoUggECRitMQDnT,1oYxg9QYaeuFmgBWJTgRxykfW5kNJc7J
1pRMN5g2LPSueQf3eDJR6JZgR9aj6jELKr,3iR1MiRiDiRKEaAJghjgpMLBsQRHkSh99F
1nMkKyC9cN6zfwZuZ2ogfoC4YYDzJVTd3y,1f5Q27kbtkQcHTAh3KzS71nRp
3aGgRMwZr1JZNUDNbQfc4UUR8Bv3cQ9ztL,1mAbx4bMLpH6qhH9Aiuw2yexTLQhabDJB
3weYo4teyxG6LvPmA8TG3eSpkuBTmw4SLz,19REzjM2jQVUsWUs8XpDvSXfM6esn
1RCg6kkD6dk8HWjh61rHrjDPiuTfbAB3t4,3kxrHpyu4BJraT1VnHCLVMWPXkHY7rJ6oi
3yFSnJfveptotWVvFjX2Woc1ruWYGCHqL2,1KMxuVqgKkcyGSJRApaiq2Q91Q8ZK
3sx5PWNCswU7UPPAPZK2rBy6RLfTgU8V8K,1Fe3fid2EaQXukNxPkXzJXz8iozBZt
3uKHETFknAZTYtc8GCbhH87po52E1MmrEK,3faSq2pJDuXysdH4KCkarLWxDZGbDJFw1L
3GRkf2gVNKpUN499GMXGoQojqhC8JHdtS7,3FdBkR7eMTftABQLAzSMKzKNmRjcZDmvFx
bc1w7eyt4vj3a2rfj8x8cmn6dqz70t4j406jagnlnz,bc1ch9w54w7eu57afp3p5y0q8xhvmn4lzl9djxsskx
1b186T1M7oBixH87xTNTELqhZ,1kWCw3G1HEJFbGye6DuUcWjiyDgLgo
bc1fq8c5e8j5v0g903l3rua0yk5ecrztxjts8azvzp,1HRkWgwXnu2z9iyJVQmaKLTZLzNqeL1WVf
bc1klqu2lu7c49a0skc0j4u073l6mh5dv8ae3e9w4f,bc1p5ndqdgjzcuzdx8uxvfe9q4xhvg6erfldr29s32
32cvMhHNYHpEDwnrZttsLa3iZnZJD7oQmF,3pTAeMCVddNT1rSpRVNQsAYfvZqA3B5NpJ
3KQyNJZSg1ydDQAgMjXLBnRanNZrDu9SpV,3Nq3SW1a8sV1aw3dDhLG4ApHszWvcttH4V
1hcZJ3gsdGMmUWJKnWijVkaXgTuJTj,bc1df48yy7k96mt2dhmvqr76f8wutn085tk6gah3mx
1PKRMVkUcveBQ13jLj45R7AY5iy2Mn,1EfAoBmjg5kP8nQR1YggehzjbU
1mR91tRz5KgQ1zzSNLMSLTDexJFcZU,1mbAKKroGhNXM98HnQvADWqoZgx
1XPnYmHAcTowoCSJeH72zMMfj,1eSYAwRwQi3Th4AqTHTcd3DMq
38xouyWWU8Dp6MDkqnNjwUBYBp9izcEEqe,bc1mfgqpejajtft5rjjqae00p7sz89jx7ewpy0y8fk
1WV6kEpCBKifYDUnue9ziG3L7VNYRp5h,1TNrmaHwhyBxu3NGfNn995M7eP6wrj
bc1g2m7eeyl6xaq70m9qa0pa4gyv7kc33je2jrpvel,1NstcSQ4EProUkP2hB7hDj9ThgeY
3JMhTXw5ByiMev1456ii5s1yWMj7rx8CFv,3UpHeM4qcLyK9yP8nozU6bHuAdbVzzLWP6
1G4YCwGD4tXgrbx4T7KSjFV1Cj4RXA1,1oQf5fJCDzh4QfdvcfH1nnkiMMhv4GL4
14VKrkq4GA9HJkMVNmkDswWretcU,3Vzxcjv9EKp5bgGCLE8yzwyBN4XEGCpoE5
1ZV8zU7EqBmoFcS9b3wmBDKZxL,bc1edqf954dryfhemtlzwdx28m2ale3j2xy25l8j86
1zemYdCXMdQDdxb8gssU6TaunP2WbNu4G,17GvNvyta28ZqXWabMfiHb9Jqf
3rxfEb5zz3eSuWntE2DV3Ry97iFHZUBMXG,bc15vktvaxryamjuqvjs4lr5kvfwnw4du82np7rtcq
1e8QMJSgsr1zYXyURk7EuABNwRajCqHEH,33LDky39iLX18tZpudfXZDApsndVMTCogG
bc1x27hudsar2u6zyhtp23ks3869egvkwyh46nx3rr,15fGx3YEAzbi6P3ykUPtHMRwyHNT4
1odrBPMQk4he43FVELdNgj8q1sgRJU64u,3UzBoQNqQYn5iPRSZwpHgP5tpNULYWZnHn
1Eivsa8VFbbxx6jDuVwSLhn1akd,3L7p4R8SRVbEK2SnFss5aJsfuBnHVYrwhj
3DBa98j2EhsBjUL5cAMHNFSoWVdKZQzjhj,bc16vs9klp6udkxtp6qhd7w4sfy9et8sdh53ar0prv
bc1fqlsnr9yp9ulk5x42uy0dlj3f47yratnrv8wz0d,1am6NHTPLFwE1aCgmSmnUBp33e9SnaM
17gMHecah3MJJ6Xyx4xP9zkDNRFZe1Sx9K,14zi3haHDyvHhNVuUq7CoL5YqYY
1sWVidzTwao1HNrczLtCuQayX,365SSR436MUp2aLrW7sK3ctRCWJeisqppZ
1JQaACdwcLc2io6humZeXNCAY,3PuL3fSH6A2dmJee5xYkxXkW2fXxGCqqa5
bc1pqe6sh29jd3vnvpad7vhv298kyrjvca692zqqcy,1uFk5M5xaMXoxdPshuu8s4EYrU6Karc3m
34rUpWkGqb9oyEFtPKQ48xfSGN4juNtLRg,3jZWfdyMjJNJqaueoDg43janEMMsb2UfPq
1CK9Wy2cH5nEL8Hqp64sXBB47Z5,1Ki5gPG3w7s2egDDJucjSccoVsKx9p
3aFsg8xdCvwAwjBswGKHPRemcSfPdvPWi1,3ffmAFWqjv78uAVpwSb59rZWpBmzHdB3Pa
3TfxxuKGe8uKoiZ26CXtDMqXAxHYwyj9jj,16uM81avzqLGNVAaGFTHeY6rictkRKaJ
1W25hXGFPjafpyY7wr5jfrMZMPG7LCv,1WgPdg5y58mAQznSPojjYNP5ukYkATbcU
bc1pqe6sh29jd3vnvpad7vhv298kyrjvca692zqqcy,3rzHFLuXeVU5poEtGTZE5katysN4eJKU4V
bc1gggrc82xqdedvkm4n7aj93m7scmctm862hwmrgx,18JLULk17ggeGqZhDqrTV5C7Sd
3RgDvs8hMs5odwXpYiZ9Gojovb5BtVJC2C,3zgFetzh6xQFybA6q6qfi22ko4XMD82ay7
1sy2Bf4roipMQCeP2gZgoNGBo68w869,3wJdTWpwYpvHLRaLVUKk8iwkbEMkVzSJ2E
38PvSShdCx81qnzD9mSdnuVUDwRjh2Qvj2,1Ys2D5jQHU4dyD2BG7dcRBuc4rS1FEa4a
19KxLSGqhBZsdquqqsuu7hBBp8Y,18hGXXhc7jdzVgwzHcKXzM8ZXdVBciy1
1tBKAvWz89c3U7bVWFVPsrLghkJW3Q,3D1tr2FkEJuGearwXmaMt1ycKkg5pDaLoH
3UCzcBHgs4B1BC9Yyhh5BKzAdbbWHRpjXe,1tTp5W6tvF2rFMyDBzQhCfKT7RLxg8SpcU
17bAqv31fZzx6Beg1K2Riizmvdmm,3cnjpnKgeFoHr3QuARPmLeJTMZg2oGLeWv
1ACUfGRYoiKmtWvqP772AWmEg,1ZNGRXBvw5TbWAL3TwAfmyXKrD
176p7gHf3xkUsz9RjVSGH8XGY6GR,1VhF3ZMwcfma9RXmSTPpRQnV4Lt2us
3AF7HFq8rrDsV1XueyVv1FLpSWVkM2MtdD,1G4peh13r9sFrfrSwi2szQ3NPUZkRC
bc1ztqj8wrz77q6h87sny369ry84hz30uep08y9u5x,3rmZnVrXqsvH3zSpa2wGrwXWN9MV3M5r6E
1yYs4VY1twFsLpSrY9uS1A23JP8AGh7,1NTucjywRPRAi3RV3EcDNrVFr2jzZCU
1UAjThmw3bi2eSZUdDe397RvBo,1r3zF111Q38NGxTJH5zArMH3qiX4UUX
1mStU6wuAyp8xooLwZhKPns6fn,bc12zywemsyemdt7tcxzn2t203r37nld7lkntt5j2w
1iy6AKQBWsMD3tQCX1tQqUYF4WhXk4hd,3ttGavgQKuK4Mj1FteowQuTPCs7fTXrfXq
1JsgVJSitgS5Mcpgb8nn7LyLEjG,37aetdHyuTPBx5h196LVuXPDvTLCt2WpcQ
1W25hXGFPjafpyY7wr5jfrMZMPG7LCv,3MwFmqtsVpUqBHVPVZRnKPNUT1LuZceBuE
13AvsVCgtEoPQoVpM2wS2cPkd8uguFhza,3rWWytkjgorMkd7A5s1Lyx4ptpjkNyKxmn
3mQtrXmgXPgVDXqs8HoTpaMkTvAtKyhhrc,bc196hlrwx7nhn2w42egawlcx24ncmmch5dhjtsyfd
3SL2hf3BVeCsLSef8BKiFZ3CaDVZSMPxrm,3dBFzgsu51kpv9AsDbawADN1YGTpv4ceT8
3dn7JR6bbFT3sQNquPYMrKLndQVoRMdMbA,13MMmaiKPMCAXvvqj6DNB3YRvNrGd
37Rddsjt3h4TXPtMuX3Ak7fCwsjjV7sDrY,1m9JLN1bg4WqrRCCunLfhybLaxcRATn3D
bc1pqe6sh29jd3vnvpad7vhv298kyrjvca692zqqcy,1voEo6RBRGrc7e6PAWQiY4NC6Md5y
3Z2f5FXxuJgRRoAhLWNcUAfPMqgQvZ1gua,bc14ceqm8tuggd07knr7fnhq0yk8t9r5849cjkjfd8
1K2EvUx6T9SMAYXshUUFVkSGvmn,3zMDfvfkHVroukLkAJ3DpHuqDV5VK48sYN
329yzZouaPPx4PULxeJAgBpb2CuPCHXTN1,bc18af3yfq3fchdgr7fyhupmvxc204r77sqdjs2t5u
3LDuhJxdGRFiusyJa3P1wXCjrsiR8SaLdQ,1tAYLHGnJQBo83p6iB5ofo2NmL94
14pUsnfpv2zvZ155FQc4WntiYhkU,1QtTwt8T5EZRybhZ1B8G6DA5c
3wtqvm4R4DY4esVFBQpDdRhuHk8f4mYjQg,1UCuLYuc3drr8yU3DHkqCvQyn
3DEL2DP3BXK4Zzgn5yWqdVnwFSwvF5v72H,bc1z8u6zrhkvjqgwpdfnptezrcna0jzm5zl9e3pnmd
3L7p4R8SRVbEK2SnFss5aJsfuBnHVYrwhj,bc18352fjzpe83djtgn0wmfx398hqrpsk2alfxsds3
1yQDPRb5Z4wUMcfoio1WPyf8t3BAVL,bc13gqwarqshvmr905hp6p8d3twvk5fzplzajq4pr3
1F3uWTH1DqaGwhgHobCDissA7K9o8QrxY,3oZtccCGAutb5vd3S8wffdrRa7x37r8rCK
1QtTwt8T5EZRybhZ1B8G6DA5c,1gxzqTZoqbyyXXXWmCWii6dnpu
bc1cs0agkucyl729pjqp5k7fpmw8q9uvc9k4m9zttg,18KbpRgqcNaRkzdrysKCSS8BY
bc12g49wukzge43m04zv7twr6jnynj5ft9y0jlqfws,3Rux9nZzMSArjYMBSS8ySTyteNaD1TfUFy
1hHz5Ea3bek3PTE9GxD6FxXtUiUtSqWVN,bc1da0xrurlg255njc0hrvluepm8f0d7jq6tj3xvul
3LnhtNpq3xAWrnCu8MGdoUggECRitMQDnT,bc1h7rl0wv9zpdssxdxvzsfvyp5jhlw2fyqj408das
36EjEUcQyL1cQ4RH1D2kURi6xPjP3HZDzH,1kFrxuCncGL94xap5s2dSVXgb7JXbTZ
32aDjWaDD3e4We5eZzRvArpWZQvjdYGCKz,1LMrRtmPDc59dVo9sYyn66KwAHN
1WGyaJvzpRrxp4D8KDVfsMwNhAuffEW,1cvdnprptQRTbN63iMjAUQ4yjb92TvbhN2
3p2PgDHDpQQMi9fsg2nbmMuamWaZRFRBiy,1da7cRzhBB6Dx8QCqM1KaxhAnAXTC1Qab
1hzpEpu77sG2MWKXK8H9PLHQTFTxD5TaY,1o8NE8Q7ag7vEk7vegsH23AhjeiFGW
12ENdPfrYPdALUcSNLmR8vVAHc68,32dwwPfYJVwyan4pdZhNSYwar6d4y4KqPb
1CEqRGDKsNhUbr2oLkeB2m2QXLk45rhg7,19Zm1A6YPDUNTFvPKwQKHgsbXMfy
1hVzS7bXH1Zn1fatBgy2ZeFNcz16yb,bc1cs0agkucyl729pjqp5k7fpmw8q9uvc9k4m9zttg
1DMmNQXxWFWySn7NKhY55Yc6Sg,3tmnHsdybmfXjsRMYTHsy6KnmaXLdysDgD
1GfKDxLv8vc11BZhVP5seYtpS8yNbPqp,3BUeSuPvQAavUryXoJhvpkMSEWeyvEMBqi
1W5iLixgwoxZSbivWy5QWUMF5zTxDLY,3cdqCZ7XMGsoYEWNyt9Aok2Rv7baAvSoqz
1Yr3VRqkTN7oXzGhKrHHJVEhNeecFmU6,3H6G3PshZKo88EU9GjyvP6B6DsNqnVKQW1
18hGXXhc7jdzVgwzHcKXzM8ZXdVBciy1,bc19zvnlrdegq4ssgx756w38kykyq8s05krxef3msl
1zemYdCXMdQDdxb8gssU6TaunP2WbNu4G,17RqfbZvS6L32cXK6XcK47sbumymTTc
1xnmSj8mik7RCczD3RFerXpwhg8tUbCLL2,1ByYynn7kPesdYpDGaokAEjNu6BBs
3uKHETFknAZTYtc8GCbhH87po52E1MmrEK,1EPneVxpy1LLiQDeXwsYjE5jV2ucFe1dup
bc1fqlsnr9yp9ulk5x42uy0dlj3f47yratnrv8wz0d,1kZZrjRJ44zf4UAZjVBmXMLd3CCHaStf4e
bc1cvk8y486k7jurfvf8qz48j28lxy4t6q9ss538v2,173wsRc2DrPjGwhX4KEvE1Dugg4iT
1Zy3KsvF3ktxYMfajxTBmEe45Z,3Q1kPyN7tWBHEiAjN58BsAypDagvYvqtHB
bc138qrczxqum3znpqfvz456m0zzpv37mja375zueg,bc1cy9ckl4zqawshskqqcr8d8zy0xv58hlwuy2eped
34rUpWkGqb9oyEFtPKQ48xfSGN4juNtLRg,1BY4PK2GqGUjQdhjQRdcubrPccu8bvNm
3RUg1XfEPR9CQMUeMTPjAcJ4otqiDkU2kJ,1SwLy4GfVubttmW8h7dvHQKtG8vQ
bc10leurs8jqkac39hlj4x68p96xfpwnphhtcc6dk6,bc1362x5cg4lr92sknt26x0n03szkspvzj7u3ff0ez
1eGG6Um4RA5DM8Ub5vmWzunoQoJqZR8H4,3HwYCTEqbLYXcEv4tVKgZWMotLMv1zfyFx
bc1taqquerpfs0dqtscea8leznylhtcsx0sf0ufuqe,3AKscWxWujr4HQgQQFpGfv7b4mPsdVyJuQ
bc1d3e3jd344uzwyd7ywvzlq3yskxn2kwrrns0txa0,1CNnj3c7wdnmxB1cAf4tFrNrR4gcW
1pTynsTpkifxksBsAF6sL39WVHC,1wiYAxVYvezhUjq5ZfE5qVVNK7
3XJrwAtXdFhozfXCaKSk3NSh8ueNySgtwf,1CkGCJkEwMYRARVSPJK9rpUX1WcFmemcD
1v4VYxE7yXTLGNuPuehy7XXmqcFZe8j,3S6dxQwo27DRPudeyjhEJdn9Vg9gz1A1qV
1iTxzRVeatVufnP8vbKanxdrjc47zvJzJ,1A8SJVe7YKLCYzHAeyHuUMN66QR
3ArTcBaKAZUHHbxRKTvVUyzGEUVmbtcvSN,3kYVUVmBwWb73Q5LuWkwXTnrzx9CrNuy5K
15MDxDS3YvCRVqUJ3j3Bdvgp5ezyTwsY,3mM85Nt9wuNcX9YwYn3QusDUdbrRWDqsWq
bc1aexgckdeknyf4r5gclyuu3gnjyzf9fdguwawfur,bc1x40d48mkgp20ssj4afqkap45w2pz5pvlnpa7sqx
1dyHTH7hNLkDC3bL747P7YSseMZAa,bc14szlcw0hp3qhl03wk63se3zelgjsu5ff0y4mnh3
bc15emtyfwe67hadagauad0awpp6ja7tktctau7y2k,1PD8MrnmtxFgWSpG5bpsygcpij
1S5sqh8tQ4js9uH98igtS4H15X6nYokSyh,17KSCoY99Vb4ZgxcitNfWAjhB
3dVg7wR6HNKwoSL99rnum3g6z7X7aScY3q,1BDk9GAgEnRY7dtDu8qM8rFZKujbNaEx4
1PcaTETyaP3BCBJg4WPZytucU,1ACUfGRYoiKmtWvqP772AWmEg
3HqV91uTsVRZ1wEKRa2P9JXgwsVfeGnzMT,3qgrNs3hBGb2ngXzKuYdVncpYC2TC54ynQ
1eaAmq4EdrNYCJHTp7K7bszcqznP699Xt,3wycPwyqJTGZL7q8Sw5BNDwmg4fDkydcLm
1ci1C8Nt5oqhoU789sZJHHtPrn3wVbiqn,14n7fa1t8vroBUU6PdYo98Wr4WzZFk
3HunBSiVcnCnrRm1b9YffhZ9hU6Dfn3brk,3hPGMtA4Xm1iKaJGSJVWBLoP2X7w3cWpsB
16kGuSuB6QhAwuD41zssZcTk79g,3eyrgfZRMhn8WYfi2KFrhpgSSZ52dCJbnN
1hUDUmpoNQp11MZ9SduMyCHDGBrF,1dQ6u9T3Jf7BmznyEWkijZaA13czr
3bHMkwkJkhMnGzNcXNE5qxv3eHkWVw5R8P,bc1pj5vpqeh96eylguvefrnkuplar7x4m3s39pvcd3
1E9ULgPHv4Pcak29SKBAoKURwaFm,1xnKJKqbfUC1u9kFSX1fF3rRf
1yRb61wneNLGCMoiZLxpDpbrroF6HsQC,1kdNs2RKiQcqsPzJNTmeqStvP24Q
32ULgS3SgnrKiAg2E8bh7eyz6yW32BXS7Y,1xV9pRgjtH4ja4sS1ud4XomtCggP
3JXP15vYjLY4Sdoquv78aFYy8kq9jF7rji,3Mni3SRARtMNqnakETo22G7LtA5wyLzthS
1NTucjywRPRAi3RV3EcDNrVFr2jzZCU,1dYhSsUAGzxMS1XR33wFuscMDqk
1aNuADYvkHZWACcLKG7H2beWQB,bc1ruwdr4k7qm5trhmj0sxypdx3vu7ya93xhwekmfp
3PgzQbGPvMTD8Hgz9Y9QZSpirUQW9Utx9y,1jSHVmF9WFmszFpChohWBzbdE83zvRc63Q
1U3CzYZ8MYg2o5UJQ3Fe63296BGDTJa,3kNZz4WdhTn23rbp64hHzVRn29zqzXq2RA
bc1lxd2v7rep2lf3c7mx83en3624462qq6xq7c0k7g,3aGgRMwZr1JZNUDNbQfc4UUR8Bv3cQ9ztL
1bc4gTLKMKocJKs5REaedVRmHq1sAitK,1JbG3RhKKMHGoy6DnmYTt4HYuKZPUn1KgD
bc148ayz4w7wzsmkvkw7xpgnqj2yrg4jggnlf0ksjk,3uVNckCAj2FmTkERxtJGd54oDDEwopFixU
1HXxJfwCyWjC6sNjBZUKovKECu7kw5R,14cv2nvbM5www6fRyoBrTZdQFYmGU
3EnZqV8KqxUkCn7ZfAvA3SfQm1LDHh4swQ,1pwuAWUJTqnSkEco7m5hsZtMYf
1yRb61wneNLGCMoiZLxpDpbrroF6HsQC,1qbjG3aJeSQiVgLg6xa7ksgpSMhUD
37fHsqnppGEZhU7N8iBuQbviVWtS35HV74,1C3TCHaGpzYumBCgN62VPdcae
3fSnexJ6mzU3RDqR1WgyrPQsEKdNt9Hgtm,3YFskU8sYizQhhuULo4Z9R74dnEM2weSgA
bc1tmtzlecq6xk2ejfu2y2yd9hwe9hrnjn7dtkldxj,1Ujte6BPmfUQEGZMJx3ovSoujkHZQtpaF
1yHRbPcVjDJ3fHeeHhyz6a38nsE,1sTPemW2ZhvpxMCrYMYYTM9891tRj2P
1zYo7s8Mnb1G8R74SMbTDcjufJe,bc144aauttx0nf4anjqesyzeq3ufv23qdc3hyjxxa0
bc193ahaf42nf6vrnwhsy4pnvgpjn9gywdmkuwp0h6,bc1cplscllr4g6apl8met6m9jekaqk7jjxlu0f0z88
1Lay2LtEd8i57WsxH5EMAKjfNo4TfXyAmP,3jnHhoH2uvVDhoCqUqbYgJk67v96VwsuWW
3wpf7dkhgJXJGsCUaRkMLVarPWFH98WbGK,3FdQ7WjVftKgkLBvj58p9gdAFUeRpx1oLT
3immkx74NHrPd6krUqZYuAmeaC6A6opcVU,1WcpfEkLiTm7x2BGJj49fjxvEuU8dPTddb
3CT22oUPUAq16YRUZiZ9ja7yyQCmnSBeqk,3FdQ7WjVftKgkLBvj58p9gdAFUeRpx1oLT
3QAgjYs9fRM6h4SpoWSeHHKGvC1enpmyjU,3cgzSiSxjoR2GNqnFSznj5sVJxCZ5jpuEu
32xGc1gKH42JTXv7JTNDbgMTm1pTWrCBSq,1e2F54yiShgjovB2ZDiR4G843rgD2MnDNX
bc106s5r759cc782xxvtcjpxaexlknfex4e9hhly4l,bc1jf49vrmk5w3h4gkg6ec0tee0apdg6337mml36vs
3UCzcBHgs4B1BC9Yyhh5BKzAdbbWHRpjXe,1hcZJ3gsdGMmUWJKnWijVkaXgTuJTj
3fBy2doXpVMBocQBLgFstewPcmWrnEaWo3,1Lh7KQebHyhxaprFtTbK4vjnLkpQpyAq1
1HRkWgwXnu2z9iyJVQmaKLTZLzNqeL1WVf,bc1jzjhdhz4y2sdl8cpfvv7h6mxlkqnhthkuuhsvha
3K3bvmfXR4cTxqw4nrhdxr3GjPSKvWgVpQ,3BkvCjEFGEqqMn75xV1rxrNKutaGBmWQk8
1jKH6yBnFud5iFftyUirfCUSdXJ,1oxRZyDNyfhrRWZnM1zk6Wm3CUNLUKA
3iNk77ujGpgE4ZX4EPmeRmbMYjyAjBdbZD,3XXAETXtw9nD8TgxL3JfgYxtVtHeWQKbT4
1keJSNRjELrDn2TiCT8gNNW7x1vyz,1iRBRsHgFJqRJQFEUwkzvV9xG8Ka3psY4B
16idqEouqnoF64tbEUEETZXpXv5vy39EUQ,1YHqCs2cY2T22PmMGMpmSHixD
1xkGLP8bxFJmP5kgsGZBQfx5TLdgvv,1wZBFz22Q2uHGHqiz2Ui1B1PFCcrrgdwR6
bc1pjgzshsd7gpu26dys0sshvdlln8x4p5uyjulem3,1YGE5mPV1gAZ38PQJLPcyzckUyp4
bc1krlthqyu6p2s2mvuxzw7ska0s3d7tfqkzdm998f,1qqXwtqtnq1DcyYXHfe26CEhZCdgS1P
bc1wsnm2ae638z4jkvr5mz8g2l0tzslk6mff9lg6gd,32aDjWaDD3e4We5eZzRvArpWZQvjdYGCKz
3w6kMCAf2NrDQWNkmBHj26pFpFZn3m3dK9,3VKqXLhEsUWrd3eHYu2cNThy47rgKFRqD9
3XJrwAtXdFhozfXCaKSk3NSh8ueNySgtwf,1eaKWr2Eq9VJDL9JppDuimYBDsCD984c
324uCCm1ML6ie5pDtzvwfJ2woAZKNaLbYZ,1GzziJgDjr3mNZHAoqgpGXfsDnxNj6s
bc1q90tqwv0xvfxvlhzpdfnf5hvhtcl5p080fnv279,3VqL9GDPG1K3CkNhJWzaVeDF2Lqm3fSAcG
bc1e3w44rqw3wslq7me86r60jfvnp0jfrcy6n3jaud,1HBr7AhrjYkA6MtUeKxuD6KhetCu
1xQFJnpb6G7WJoTkgGa5ggtwRezQ6Bz,1nCocT1kbVBWWxJsFGZJSywVKyUA4SJv
3XPhU9s1vTgxg3vdxSvrLG6ePmkjbCLhBY,1gWX6ZixVDsPpDppd5XLsWMt7q
3piccrLziJYt9pUbjoW6WascqsU5X8cdXu,354qpFxUnXNbAYrNrviYq932kHr69BpqPX
3ekxNXTjsgYgq9gxeyETTWdcQTuexrXu1u,1EN7yxnbC9LaBDybdE7bygxM6jLexZ
36HYLQPVc3G9ch3tLEkvu2pJHVh6s8ySpG,1gm3HRs55oyZGcmZvNCaoyoVw4uraQ
bc1wndzmpgusz6fyw9xu6nwqfag284vqth4ns60xq0,3weYo4teyxG6LvPmA8TG3eSpkuBTmw4SLz
1KvUXQ9Vb1AugX5L2bRYBWFcDeLdDk4ZA,3pmVnZMmbDZgyAAi5AF88jNqdS4P3uCjNq
1fAJTfzV3ADc4jmqLwJ5GyMvwKKWG3dK7,3Ejowio9WmPw7ofxoAGfKANvanYo9LcJym
bc19jrmnnc9am66sym5xzxeleaeppuytkdxkgx79rt,1uFk5M5xaMXoxdPshuu8s4EYrU6Karc3m
1hGoq6arfhX5MxrEbA7BD47mhPwFW,1WeMQeG43eynQmUcLFmrsnjmcti5jhf
13P1FSPZMsimFbnPjLpaWwoCrkz6,32cvMhHNYHpEDwnrZttsLa3iZnZJD7oQmF
1SwLy4GfVubttmW8h7dvHQKtG8vQ,3GcHbC4J7DtmsJcoxhFf3Qd3sQAEKnpqVj
3zww4mQ9J3DYLTy6Ke6imNwowyYMyN3f2Z,3u4KBcGEMftCCcgDe5BJo9WdChDdE9VRat
bc1d9nr2mdmq6ztw9suja9whyhmh6ek7y50az8ayav,bc13snyvfysdg4sx5sk0rvrcpusca20hy2gj83mymv
1NRgJ2nx5bcehL4BmRPUUCU34qhE,1ZrxBdBDMsubathtB9p23YxwoKHMBXuVcz
13m33vmR63D9qXZYDHyP7wZ7yUYMXgwv3,38xouyWWU8Dp6MDkqnNjwUBYBp9izcEEqe
3Hc7kK33qfa7fgb4Z3SVjduZvCJN61itqT,1LCvy7DUHPSR1GEgVfhEU8hVRkrxoBT
11cGbeXSqVezdemb26sL1ePdV,1nAsnAX4iUwy6z6LytSEALt6nYa8
3HuwPDfPUarZF55n8A5sXMkMY5CojXPWZB,1NqFjhiwgWCCJQbKDANeZ7sjni5iFtH4
3kmuzLqZAk1wjz1FbpY931fjwrMEQZujJF,185ADBXEzBFmgMm3Y4bco2mY2
1TqhjipBqFiLjxKbS6qNkzoqD,1StB6AgxwSYDTZ1uWR3f9eKu9usFiKP
3FK7eeg8rUcY6Q27pkq6MoD7SS4f7vwxgu,bc1rsa9snwmasetfkd28tr09649d4gga7lumj39tre
3K3bvmfXR4cTxqw4nrhdxr3GjPSKvWgVpQ,bc1nqel340yfxm7nd3uqns88qjsw7dywkyaexue790
1DUDzobqd6HtxtPbZd1hgoWC6kcJi6Vh,3D9mHMx3sro34zDs5vVXM9TYP7htyunjie
3ekxNXTjsgYgq9gxeyETTWdcQTuexrXu1u,1zks8wmEe1QhGWPT6qj5PytMdvn9Z
bc1g08t573tllucj45m05503y3d2myrlmja8t7exag,3ostH4LAoHww3WYVMhVLYx1LkJ3cuBFQHP
3KTmdTXVimxQS9de8JDJTaiSEvNo69Km8V,3TZpBx57pmNVf6ptud199XPaCgKauJwSyL
bc1pqe6sh29jd3vnvpad7vhv298kyrjvca692zqqcy,bc17ytc40x7dky0e2w0fm93adpld4sw6zqevv47q97
1iKbrxSSeJhJF9WtzDyf78LKY,1qGMGjKGJnbevVRBnCoXCgNhdrsVLE
1odrBPMQk4he43FVELdNgj8q1sgRJU64u,3XPhU9s1vTgxg3vdxSvrLG6ePmkjbCLhBY
1RxbPtwHSrqVbCUjcz6s8zpV5mgzKig8,bc1k00l94my9mmmuw4dr6cj20fgvnrnrnmq587puf7
1RPyfK4KSeAoG7kQHqkYhYHU3f,3piccrLziJYt9pUbjoW6WascqsU5X8cdXu
1vW2kLvEjUvUBXQaExvnPykHwi,1mAqkEUjB23o5fRJjsh1qgoqhgABUrF7
1TkEz2JnrDQ18snwSWThPve3ah,1Yr3VRqkTN7oXzGhKrHHJVEhNeecFmU6
bc1pg3dpq4d7qzxr8kt0uv0qq8l5jls62gdydqqf63,3s3AfR9cwf8LLYAasvvY6cyroUgcYSPJaw
bc1uahpxzzv8erhwcwtgzg09c2ulwej7nkyvegj4pv,1HBr7AhrjYkA6MtUeKxuD6KhetCu
1NL2zhQTttknWXZrhtcU9WzyN5W4ghCAY,bc1lg7fhmcawen5yfesye4efcpws76nfwty7pjsm0p
1amXeCpvtiaB9J6Xw38M5svfCAzE,13cxRpE9ieW44AzCbYbcx5o21JwpEkV
1Lh7KQebHyhxaprFtTbK4vjnLkpQpyAq1,1USk4v72aGH9Z2TNT142yppKC4qrLUr
1hcZJ3gsdGMmUWJKnWijVkaXgTuJTj,3WwdkwoRKGcvm329Y53CARQ6ZWWQFhva5y
1vxmfYUXVvXCo5ooZoBpUfPJREmYWU2,3pG48UQpYsrLxwcK9aiToEwqgojdKuTHKV
3jXmBy9ZykxZXgEdYnsx8vroxhEqSiiFye,3HTz7BgksnDX8kM8UdnNt8QgaPrqsjysgg
387vancgSLad8ekd6RmY4AtDyvNttWR7Xq,3PcipxZXEMZFZtA2Zc5CQ3yYi8sxa8A4im
bc1gh3097vd7gjcq7rx6kuf8epnvn7l3c6gjur4cc9,3g9px5FZRbcmPuJbRZ4x6mdG5EZAQgU2HH
1JsgVJSitgS5Mcpgb8nn7LyLEjG,3THd3jNVhNTAoJPSRJu87KbzVBe25WTADc
1QjhaQySteV9owMQt2p2agSzXeS6qb9Q,1vkRqf3NNuCu6Ci43qFqVfqFjUrxoU
1tZBg9ZNL27m3ev2ixgB4aDJ2SUA7B5,32xGc1gKH42JTXv7JTNDbgMTm1pTWrCBSq
3crdqscS3741y3v4t1ookuEAVs1YdcKitE,1Yx2RvPKNT2ZrJhV8iV7gfgaUrWPVycMy
3TghBo149huzr6ggtBK1E6CVyXkVtYPpQp,1aCuQ5ydDcxwd9hJ1HCYzAJjcceG
bc1tqcnn6wnctzg4xskckgpq2c4mjek85e76sm25vm,1g8e2bVXmvtWYacEHu4N9vVT5DareQ2y5
1TkEz2JnrDQ18snwSWThPve3ah,1eiiZ6f4N2inHX1j8fmeFMy2TzAF
bc1j7wechejru84pc0twxpmt9fyclsml8f0ud6zyme,1b8g6tMKBMeiifC8ZQgWvxgRtXWMk7Kq
39DizyMA4DHNp5v42roHc1HHiTqLUBaknz,35zgR4rsantymrsuDzs6ygwgk1cVCSWy6a
1dKxL5hAdSb1K3M1knouTJpTD27oMuGUw,3z84F6W9oSmBNpfXFBfYCLTypvhSojvyRp
1odrBPMQk4he43FVELdNgj8q1sgRJU64u,1HE9Nip3oF7Wp6h1mTdfXWARviyUnyk8G
1wNt9CzMeMhq12QFY4vVNwNMHrtb,1gGRfgjbHcipUXpY51uvqLNR5bkQtuNGDx
1VG3twdPegGULo3xPwzuuhwXa53eNXe,11te2LbE4aaBGccePN3nShtRBwLLtt7uiz
1mZ3ktktAzMiyziFaHyUXsvd5xLLA7UA,1G4peh13r9sFrfrSwi2szQ3NPUZkRC
3V6yUqvNRZD9GwaR9LPqVegFpyeVAoAiVv,3FLCuYravXkJ7gyKdHDUiA7gfWfogRvbPW
1rL39pt3sLBsPibrDHWsa7j21v,1rxfSZ6QWU8JkatoatS3EYuSJebFNYMg
bc1q35cmsd8q4cyyp65vaukkmtjv30pmyrw8tp4e3s,3Vzxcjv9EKp5bgGCLE8yzwyBN4XEGCpoE5
15q61JVDKoNByC37vpCmEri1JpcU,bc125zjd8gqvddec0srmgf2gm3dcz6xaj4xtc6g7vx
1JRq2UV4FHbEjWwFBVfmjeskYqEhc,1dVsYzKkQY2VJhkT8TT2zK3RU85t
34rUpWkGqb9oyEFtPKQ48xfSGN4juNtLRg,1vXFn5xVKnDvV6Hs33cWAJmdmwUEutDuoN
3gasVBAmM3qAMb5z1hDd7FUJVFMyc8VE3b,bc1a3l8cgz60d0xc0nnj62tk256vxyufp8pxmldyea
33h8rMxiJ3RqBKXPxX2rH5wMPCrhnjt5BL,1vXFn5xVKnDvV6Hs33cWAJmdmwUEutDuoN
bc19jrmnnc9am66sym5xzxeleaeppuytkdxkgx79rt,37wv21iy5qpYs3Ed6Lpn4SPgLZ4F63ErTP
1GQYdZnMf6nsFFREWY1Y16jm8V,bc1sltfh0kq04w6ryhq3pgauv3zzspt2a5mw3phdp3
1pyWgF76qx56tKfZNGWmxJyBGr1NKEQ2Kw,1hnsxcEFwXz3kFUyNwfWMbnLMT6gkS
bc1qtpe2wnvnzdaalmuhfxysjmsyef43m9wr48xc4z,bc18af3yfq3fchdgr7fyhupmvxc204r77sqdjs2t5u
365SSR436MUp2aLrW7sK3ctRCWJeisqppZ,1rX78u66ZQZKcwZ8KWhvvnfEzFhqePhF
1xwyNCDuVADCrFtUVgWsEyqdxyiGR9K7,1yWU1FKnhfDkT8qfmZcVtbp4D
12sRMJSC6KUDn4bne3rjoNMWFHG,3YE1h7cCxkSWEaPVZa8ahF9oy6Fy8rV99Y
1ZW2QvkbqsG98D6H6Vu2aYn5o,1E4bSfsF3SYkn9zEvaampEszX
1DBeM6vU5Upi2y8wpMY737a7x,bc1d99t8vjzz6ex46eefg5yqd9hgxe4388xt7hvugp
bc1lj67d0zr3p53u4y4584max9tms0hydyrf4n3kkl,bc1ltucskfj2790y0sgt6s8gz74j4pa0wlwwkwcdrm
bc1qmawh2akarmzudpjude32h3q7l6yswfpm2aaztq,3gasVBAmM3qAMb5z1hDd7FUJVFMyc8VE3b
1LMrRtmPDc59dVo9sYyn66KwAHN,1PD8MrnmtxFgWSpG5bpsygcpij
12sRMJSC6KUDn4bne3rjoNMWFHG,bc1nfvufp77afqgalg6um0c00ysdfaszfj4wg9p8ux
bc16f8a9zap9tdcuzxrcv8wsuhwr4qs0evzny3rhue,3gouCHYZAktNHGKBqPeAzpBLxZuumixSQm
3K3bvmfXR4cTxqw4nrhdxr3GjPSKvWgVpQ,1JB9R6sYhuWcDhpCbDK1v2H5Xf
1wuMEtYaVRab8VKMu83BEGDfJcaDN,1W5iLixgwoxZSbivWy5QWUMF5zTxDLY
bc1q6gjf7pmvqvw8v434pcaac26gcxqhnmeace37af,1qTJXrYerZUGDnRTbx4BR2jHCEYjsjcU
3eQAuXud7CADjneSJTFozSiFyfVopFHZia,3HVwx25GD1Zz2hPQvpqgXo7Cp6Mtns92y3
1LCvy7DUHPSR1GEgVfhEU8hVRkrxoBT,1AG638oewDd6VgD3zuqjUAieVDvXE
bc1dh66mvty9ex3pc4njks3xk7ldv2y73c5wuv5456,3rzuHqQtv3e56oiGkQZKcPhTry8Nc2317K
1aa1tAGY5YEmUd6ip2dSBxBHf6oJY2Tn,bc1tq6t52vxmqapklqugrdhqnpzsw5ne4f5fwvclve
31CZwgGtkT9sfN1eY3NNNANQuhA2DN561j,1vauRnckJnobw46JwqWWTEKTeC
1CHgimSdGqsgDHHCdmrsc5jmENDJE,1ix5ZjD5m2jsA7F4Jg6bDY8TDHpcL
1mAqkEUjB23o5fRJjsh1qgoqhgABUrF7,1NmdaCCvcDAtrjAL47vE6utvK
1csoC6wyVXd8zfNXa1yxPcSP8P8iQ1B,1W9dErt1rsnjWiPUHuqMAFvxGRpDYM4bD
3tgrfaVg719axwcPnL4TrWq9ckjVpA6YQu,3BHi8W9HbpUU3VistbHqajTGitS8gLRr7L
bc1gggrc82xqdedvkm4n7aj93m7scmctm862hwmrgx,bc1lj67d0zr3p53u4y4584max9tms0hydyrf4n3kkl
32VWnTxL5fQ2zVtaZWLDb6Co53Y9WQch79,196ZBXdZsWgT65cqXJfS3y1pk
1mbVknXhj7NPQKyvCxpe5ywjxh6wbZN,17DR1GkmqFr7qf3JXmMHPNwTfs7K
1dGa2RMqwSyrqWNwXT3ksQm6LaMg,1xzjuTNfkPAvWdaTjUiBtDUDZeH
1zzZBWwDhhqBdrqJEGJPTdJoZDaq,34oAYjHP1eifzXLWcnE9dfpEjvJ6czJhnR
3YE1h7cCxkSWEaPVZa8ahF9oy6Fy8rV99Y,32cvMhHNYHpEDwnrZttsLa3iZnZJD7oQmF
bc1ckk4u428sxs2mgy2m30srltc3lppennuwt3apwy,35qxycB99uen5xfvhoocTiuQgCUo7wwJeH
1vuXhNy568p5ZSxEGKohjKG5C,3uweHcTkgcMzTv9YM9dByztN2o9TiYEQqM
3WafW8DbwRVQXyayggzt2rVsUYDt4BfqeC,1picdTUth6eFvP64c6CNK3emhvtB3QY
bc1yztmagucjthmqzza4cnt94qtaqdwg2a4c0zwcth,1TwWHG4hrCKuDMwJtcerCzKeu
3MUDETqEycztG5KLtmgTuNet29Y2cUBZd5,1pTynsTpkifxksBsAF6sL39WVHC
1ACUfGRYoiKmtWvqP772AWmEg,1BfAgvymgQ2NC254CsWFbbE9H
1LT1grVBELw6AdhEmXDLS62RfciNa,1JxrVSZzCBXQauPGoNoSNvEY5
35hUeQP4NRG7NnLEA7D1uBCvE5a3zV36Jy,bc1q923yz29pqzttcdfcfffahdpgl924rq3784hv32
3J5vuaqcTUg6Ncxe7o257FyugVSoYfnfXr,32rGgouzQYe3wj3RmeQPbTWb9QV4esRbpg
1wU5Fn19FqkFFRopU2mcjedfbYe,bc157u4uw7sg4uvdlfps2ndw7efl04wy7n4ffeqpfj
3ctoU3p2ECAmzGobRx5tUP4iTk9ie95Nk7,1xNcUDLkzvAiUKBUz1hC6T6db4dtM1CHuR
1Srji3jkgjuG563UitziYzJQAWbbW,1BxEa9gDJPxNR2os3RK4kmGvxqJQNL6f9
bc13m4y8qkqjv8j0xf3kvcl3gwqhjmaffrl6vmz7vz,1hHz5Ea3bek3PTE9GxD6FxXtUiUtSqWVN
3M3e8JjTzozZtdXbMHnigiXFLapM6iq54t,bc1j0lgfalzh4e4p7wj46jzzy9c2ry4txspfrv2l0q
bc1v46w90c72ft32lm9ehq39f4g5ymesvd09y6lkgw,3wtqvm4R4DY4esVFBQpDdRhuHk8f4mYjQg
192iyhTC3TFTE53sMXGJoBh2ZB,1zYo7s8Mnb1G8R74SMbTDcjufJe
3buPhJiLNK4GFLWdfwNk4MovTqNk1JvrDq,3m7a192jfVF2JmYSPWUpePjTUWRRQ2CzC4
1pZah6i3JhZcZbEdsatnNMeRL2rsdjkA,3QAaNKK5Vht9Gj7NWFJkVYBfGbJF4JCVRn
3eaLRAi3KGnNSuDrBX8mquPQGF7SsFvULB,3cTDc9P2W6HaeYo3GnzoboqR6XXedubXze
bc1s4rff78ca625hcty8x3pmc0nspmxkaqxq756twv,3LF17NV7eCyYVjSn2r1a23Sh34YgUD1ZsK
bc13mcj3jja883flnq8xrlghestwrl34r0eae35unp,bc1aevmp44d0te2whsuewtedn82ewkkgkm4rtrul3e
1PKRMVkUcveBQ13jLj45R7AY5iy2Mn,1XTttwXNhJ6LJpyjko23m14L8fK6dX
bc1de3yvw2vjwlmuxwpyr5x45x0p02dym90l9w0wce,1PJW2kqpqCMYUN4CRJiNtzqGHT
3QAgjYs9fRM6h4SpoWSeHHKGvC1enpmyjU,3tw6117xDmzTMMYwL4rP8NVosdrtf68WFn
1m9JLN1bg4WqrRCCunLfhybLaxcRATn3D,1Q2vPXEfQzZ3JcdsJH7apVnuiEvSED
1wuMEtYaVRab8VKMu83BEGDfJcaDN,1f5Q27kbtkQcHTAh3KzS71nRp
bc1crc0mmh0dr2yn8hrl9df2k5xxma7c65vdy7qhuf,1CStYJbjAa3sJ3pSH4TgqQXvuj
bc1sjga4s6sy2gw24cdxz6fc2zmwe9lwzte7wkjfvk,1vauRnckJnobw46JwqWWTEKTeC
bc1pjgzshsd7gpu26dys0sshvdlln8x4p5uyjulem3,1sy2Bf4roipMQCeP2gZgoNGBo68w869
3BxFPswH7ytAKDX2rpbGJyAJoR9daUY7yx,bc1jhwz9cfcwrdchklxj22ne9urcx63u65gfrm5856
3r7f29VYMHrrmNcn16LJgQ9L3UwoL81uou,1LREDT9kLuBfRM1t5K121kQ9o1T
3SL2hf3BVeCsLSef8BKiFZ3CaDVZSMPxrm,38DrGBcyHV38u7hPeuJGRdMxguqXVTFu4g
3BvPE3sFQW4ZwPEKMpEJ2TNdg8Htb2dRFY,1E4bSfsF3SYkn9zEvaampEszX
3mBVcXSkkxaVJA3qLiY7oNXF6xyrcaP8fx,bc13tt5rd0s7e9g7f7plx603szws3vnxqjjqasshgm
3Hc7kK33qfa7fgb4Z3SVjduZvCJN61itqT,3Bn6fLxzazchmtE46PSBXwmWeX3FrEaunY
1mStU6wuAyp8xooLwZhKPns6fn,1XTttwXNhJ6LJpyjko23m14L8fK6dX
1tKtP9KXTuwj4PCmiNnUD1McZnxVKtCp,bc13wvjnq3c2ev6upy7c2cw602l05tehrrgwe72nhn
1MkoshJLaYehMdwGg1yCB72wDiU,bc1srrxd936605r3uldrd9d8k96udsey4hujhjdvjj
1JEYXvbf24Q6i5H8WLy1XtqmiWxu353qaZ,3TZuJnENHr9HxcAYBBiuoA7zaSNCify9Ty
3ydSiViJVaUmfrx5o6QyqR5Ybboe6ADEov,1PS7uWdfZoUP15JNoHvEZvee5W3URkreC
3dgja934muKJWn6cCPNFyCEKiNJTs1pu7m,bc108n4skk8lfvvr0lj6dygdj4n2kgqhl0hu336uud
1keJSNRjELrDn2TiCT8gNNW7x1vyz,3DaaccDmECTafDsgN3xbH9hyHFDU38ZYZc
1Aots45GzLmqWcSbb7fLQrn9iFKg9c,3KroLphHNpS6Nux4PEzvtAwSzFRsk8QhPV
1SeLPTJF7tTJJhnnZ3ixhVVtjW,bc1d3clt3qu4l634tezufxc422yayt6kt5sk3dnqrk
bc1xrdaysqpwecn350utspemeupad27zmn7vyucalv,1gBPM2gqy8v7Q3GKhgmaZyfLXh6fFMgPqZ
1op9q5Brm6vmxtRM6nTq62ofX,1j8gxLT6d3onFNWZT4hmLHrHY5Mob
1wNt9CzMeMhq12QFY4vVNwNMHrtb,1ggKWnJoe2QCgYqXiAFsywwQwiSiV
1hNn6mfB2jE6MCarXc6sc4w2isyQGe,1Sjd7us2tApuCAv77FvMQEt7mYyf
bc1t63zaj0jrvmpr3pglcwvrm8v20zlqvd30fja053,1Kn4HqpXhWAHy6A9oqDLYfSrk4bMb
1EGg2CyL5Ho6BLGQdBsQwcWLtvD,3ZQFDjt6vX9QGopw4visoP7T4dAhsccA26
1ZA3E39tvGneFpY1McN5hYiQcK4pp,1bGDWmXNvA2MC8AoKK3neTgnwQoT
3heRB3M5h63U17FZs2eXc7D1Nmta5GeMwR,15t1MKPqRYBUz5b1DvxQHimRQeY955vyAK
3aGgRMwZr1JZNUDNbQfc4UUR8Bv3cQ9ztL,3H5PcVeFZEifxfyfaoSK5Xb9e5235MM1kk
bc1wndzmpgusz6fyw9xu6nwqfag284vqth4ns60xq0,1ECxgQ2KDnbBzMWZDTFoWtFwELdqDBEJr9
1j1sCdw9fhtJNz5jr866DQj8w9VuCJ6r,bc1zwfef6ethz6t0rud0uaq9473uy7f00y6xylmn0z
1cDJGMgzqiBBeuZcZenyMsi62HW,3rWWytkjgorMkd7A5s1Lyx4ptpjkNyKxmn
1PW7LQsf13cp794tVguXi4uaahEk,3hZdw8A2k1hgDypCzLUNbMF2vKq9Tt1eHx
3AyVe3wmriUimofpN4hniMEB9F8t6uHPxi,bc18nk923lnglwnpyw0tnmh0r8x087nqf5f3e8h8up
1sPGiQPB4JAihJedDGqFPCSKkeMrjoJ9,3vikrp5vNuCWfRiK4xATuRRzCnDm4JRVNV
3TbUdHYyEpHGXAWmxya298g2bhGEYPVYx3,3o6gAv2P6mB19aNDvFpdggH1Z5VB8bRBqB
bc1n8xapq3ymvt8e0702v85z0y6zjaad8kw4kvq5q8,1FcKqHMoKGXLWpxdh3aJaYWYcad
1sy2Bf4roipMQCeP2gZgoNGBo68w869,3ChtsiQUeLQLtheNJJDoh9vF6Fbyafn5ij
1U9gtQs49H52e8G53zxKxB2ak,bc16nmcy2vyfcesymzt4hjn3ptfgt9lyph5y3s638h
1bq1bGQtaTrCLdYCJs9ZCKNmaVj,1RZiaMiBbnAUBKnt1oR4yFjSLH3ka
34oAYjHP1eifzXLWcnE9dfpEjvJ6czJhnR,1NRgJ2nx5bcehL4BmRPUUCU34qhE
bc1z7s5xz9luwgg965dna45fsxd8shzpldr5k33gl8,1NmdaCCvcDAtrjAL47vE6utvK
1MfEH5CVLfh9ZoxAKnieHMgLUSmV7e,bc190knrmmg0hugps80p8mycxjr4m0r2g3dlmu0jn6
1yKb2XAdtQzfMtrm4PL2gVXs1X,3Nq3SW1a8sV1aw3dDhLG4ApHszWvcttH4V
bc14ceqm8tuggd07knr7fnhq0yk8t9r5849cjkjfd8,bc1wtauel79znectrpscjkskzrr7n9r6k8y5dx4j5l
bc1qs9apzkhrlck04y8v0jtyftjsv7lmhfn3gw2kwl,14zi3haHDyvHhNVuUq7CoL5YqYY
1sWVidzTwao1HNrczLtCuQayX,1moqC318PMrpZtZZxhxVodvmXF
1ekw2MYua1PnJVNP3CKDFT9JN,1dQ6u9T3Jf7BmznyEWkijZaA13czr
1Zg1W7dXYbiaeUZWaDq7cUc6L6,bc1nvr6crtpp6m9ae83kvtu0r270jxz8d2wlla45k5
1WufsxieYp9tjVpqB1WH13hSNELx6Bf,bc14zdfqntlut7fqtfyjrx2khek7vj4yc577ljl5h3
3sSG8MxWBNegmnf5ubFw8RjqLJkT6o1iJZ,bc150spm99cu4rhqmqpta97pek588a26jr4p8spvum
3L2ATSdnN89m99UMowpxhC6ud3LxLEHMxt,1BWesvMYnf2DvpT2idLbSBP5Xn6bZetvs
1yGW8Dqd4gBDX9tqrVpiQV4AVqoTE8U,1bpCVK7Z8guA2gQHQzU4d3ypBgVMvuJUx
3K7QXRw1oZCjp47nq5jaeAv9XmnDmbUQ3d,bc1xrx9mq8c85fmt84geergelwh46dpu80nvs2qkk7
3LF17NV7eCyYVjSn2r1a23Sh34YgUD1ZsK,3p3NtDYKxW3wsJMXSX3gMVWGazNm2jxtwX
3FdQ7WjVftKgkLBvj58p9gdAFUeRpx1oLT,1PD8MrnmtxFgWSpG5bpsygcpij
1t3grjopnymKUz17eywNu4jHdb1ujn,3BJ4kacoiemT9xGvSD1t9wjVZ5ag8c2oQW
1XryMFzham8DpputWTMTSdCCpY,3gouCHYZAktNHGKBqPeAzpBLxZuumixSQm
1ztAzCRHSWQDTeZhUDooTQhyBs,3qg7vzCnkfYmLtjKXMxgpmohhGiLcsU6UB
1cKzkNVC7scNQr63WGgn9vXHoRZW,bc1alqzkrpe0886c0293e383c2ms5mqvlcu6c9drq5
3LTqeQkuUy65u819j7iYyLN4QDafWznyTj,1MPZ9wiqDF8gLqaMvsdmsLNuW4ueXA
112w2xpMunhin3hLeACQpszCQ7s,1kgDfjdT1Nr1GNTyR515G4LTKW5
19Qctkoxu94WrVQYtxPqWN2ARHsvG75EF,bc1ttv0w0n39hpw6ctuug3jgk4u3xq972q5c49epmv
1ENoQoaAtWsqTsDRCwhHAx4NwU1nY3hf,3pagBD3e3xVhXiiYVKftVXgAyaDWi2p51R
3D9mHMx3sro34zDs5vVXM9TYP7htyunjie,1fkx7Gg6Pkrrt1xP744Ks2fYxtPYfZV
3ukGsrSrbcBsDSb3oFrmgnetymmCpM22fr,1uxa7bs7VPAfir6DLhrjDzJzvRe
3WnYurwGfAwGXCKyu7SYu11UnvUVj1RfSy,3g2smR4M8QsFUC3Aen79ZSoXom1XGMQbod
33PbGosbuQjHeErz615nsg2f9RvrPEVyHE,1f26gTDeg5AapEoXHzig8U8SV7KezCq1bg
bc14ceqm8tuggd07knr7fnhq0yk8t9r5849cjkjfd8,3XLcofvAnEqJYrUe1UXVn3PLJ1WzoNax3K
3Dmm3L9mfQg4tDtnMFmpLvR4rySkSbDiFJ,bc1rps3undtjdw7npa9qmf6paeckww8ldggg3k3jt4
1pTynsTpkifxksBsAF6sL39WVHC,1D3oipji4Ya9Dw2k1CEmgdYpDHQm5MVYvG
bc1z6plehtwqzs79uw3a3umcu4mn0w0rjl490cxkay,1vC3qNBM73X4nGFMFvTWkxuLcMaogGv4
14zvzfVmJA8sM5eDcUwhD8NL3J7sntVqa,bc1jajpdqsx56ztxj6lz5r6cygln8zt6xlmrjvnttf
1iy6AKQBWsMD3tQCX1tQqUYF4WhXk4hd,1zYo7s8Mnb1G8R74SMbTDcjufJe
1aNuADYvkHZWACcLKG7H2beWQB,3P2vxhYWhdU73LLGDVdUE7JF5MbZ97qhoW
3oX47eJuhfPUyoy3dbs22PKtN6sUNFD1Jw,bc13sukhny6hy6xn5efnx0pxrk9qwpj69wjj4lmth5
3y5syL7rRMPkNuq3UpUMeeDEuEPmeN1CmJ,3UEABEdUVWjLGhLcQFsSB9W6vB9ZS61G4S
1U346T4W8PGeXeEf46KyXntJ5JrhfPAB,3wCk4GM7ToGdCYgbzxkUkoirjpMcP9DL5E
12rXJoML96XKYousdurfTGCc43EJS5e,bc1xvn6e3zkhpez3369petg40dphdduq7nhq8ntmjx
1mbAKKroGhNXM98HnQvADWqoZgx,1ZoaKYguCbLaULzyj5ZCH2imR1EzXq
3Gd6fUBrbFGn2xN4MU7mSPsVBGAPL2FrK4,bc14gumndd2d96a2m0w3qw7c7xsnd8egvvy5c2fr5n
1sYnT4SyMA5Gf7iundsa23ujGs7vRZLZ,1UKq8qzgdWpP5un2CPcBaz3xFPPa
1CHgimSdGqsgDHHCdmrsc5jmENDJE,1cBER1eNT8A8t7J9DQ8qLehG9grdx
bc15u0jsgzy8c2csg7qj7xydqx7ejlaespgx5t2zns,bc1j7wechejru84pc0twxpmt9fyclsml8f0ud6zyme
3LTqeQkuUy65u819j7iYyLN4QDafWznyTj,1StB6AgxwSYDTZ1uWR3f9eKu9usFiKP
bc1xjjdxup0dlc9h7l5w4nf3upfrfh00pexq0xnl4q,37UcXAT5ZKirqC2VrV25W5wwuDoxn7S5Bu
bc1568xyx6mf535zj4hmee2jex9yt8gzacu3pgcj09,1mBr81EweJoFJuJHnNDSArpXKV58LM6
38AoKjREwyXND61aCMgWUNghU2BdcPBkBY,3CKe7W2cZzmxb4cPUpbJJLhCMWZMyEwpSq
1oQ3q5yoEQ9Qq6rk5hG7nWXpa,1U3fRoFar5SzMPL5djj1AH7L4WuLF
3D9mHMx3sro34zDs5vVXM9TYP7htyunjie,1EutJsUTXCiHzcn6WESe6C9RXYj3ML
1mkmLdiKBjLmfwLSAnVHqta8H1fuDme4,13TWeHnFrEzgMU6phZn5t1Gjg8
3JvGVGmnSKAWCY5cBBvZ2uuGGqu2XGBJWb,1TdH3W8SVm3njZ4ywNfSiG9v6PP3JxCaRp
1PKRMVkUcveBQ13jLj45R7AY5iy2Mn,3LDuhJxdGRFiusyJa3P1wXCjrsiR8SaLdQ
bc10uua9j82uf7vrz6w5z9whty6y3g97h8fg3y8mzf,15hp3T9V3kNhaYSqCgtExN7QB8y3qaN
11NXgt7mD97EpGXZgxwuvztAzXZxRco,1aATrGHseYuLDose24YYMwLFtpji2M
bc1dc4fhencylh09zz35a9a3u5t056t3gnsc0k4e04,1tpT6NCYavqmGQ4vkWfa2EGbNhUxP
3yv8Rt1naTaqGbGLPiCsruEvGxrjL5vRqY,bc1ljumhp68t892k5xl9d322gkmczxydgzvfurz4tl
3JvGVGmnSKAWCY5cBBvZ2uuGGqu2XGBJWb,1DXqSvcFe93mshjik8rezF15yJQxLc
1f5Q27kbtkQcHTAh3KzS71nRp,33RAxhCxHMCLpjvEiSean5uv2F2eGZMMWz
bc1m5hgpqqg392znn3n44z4ky5ygs2ewx707phh7ss,1AeANsKHWDVJCL1WrJtvQmCaeLsL75V
3mxWd5fWSxRCK6iTU3N1jTZUHTGKf83N44,3KH7qTG6v3tnfQcheChS7WPyXR5apPMjXf
1mc3j7K2nBGXoZ8sw1serN4HA,1NEgpUsN7yQ9njqsspv9cHxehyZKF1ToaW
bc135hpthzre9gmd8g4w3zlsgfxm0rd3dzhfvuqxw0,3cjBSprSBB54FuUXV7VtKaZvF9pk6oQnsY
3QAgjYs9fRM6h4SpoWSeHHKGvC1enpmyjU,192iyhTC3TFTE53sMXGJoBh2ZB
bc1p9lknn3hkuf8z4aevr3332e84r5ple49q8u407t,3uY8jRtUaH51WWWLWLbpPkaCgAWcrkz2qo
3a71egKN9eFrRNGgkQnUNZFJLhjrfkShAD,1v2e6TqkS7BhsAuqDDupk6erNXTcNM6x
3a71egKN9eFrRNGgkQnUNZFJLhjrfkShAD,1apCkH17dW8XKMhqAZ3TpceRLz
3gQDWAnaeWSjFeHtnzsv8THcoSNaqFMJZx,1CK9Wy2cH5nEL8Hqp64sXBB47Z5
1kozWJxQ3YtpnFho74kkyVW6zj9uwaR,3cTpBtUFqU32j5QzxFQ4Mm5wdm4FoJZxiE
3ttGavgQKuK4Mj1FteowQuTPCs7fTXrfXq,bc1pqe6sh29jd3vnvpad7vhv298kyrjvca692zqqcy
112w2xpMunhin3hLeACQpszCQ7s,1LREDT9kLuBfRM1t5K121kQ9o1T
3Xu8Tee4fyHP3hzCiaNJkaYsG2gWgdZoCg,3sWbxxkpv1bXKrPmfzXukWLtrNJ8awfmdG
3zcRrFWtNKMqAJskPsfhR7jVrtjAn77Zp6,1myARGjEydJDshuqzD59qGo34gwXe2
3FdQ7WjVftKgkLBvj58p9gdAFUeRpx1oLT,bc144yvccdl40zsqsuej685efx4kxa7xuw3y4unlms
bc1nlcqkjqt7udskcz35a7l2nu7tc8tjytzp7jj5vd,3Yt2T1sxHKKC3S3ntv2gqavaQ9UKZ76twu
bc1kkkeyy8ra4fks4qdpt9dw327nsjr9kn93lc4r9z,bc1gqrvetr85sy4xdxr45ljxr5ra674njq20ua7sd6
3D1tr2FkEJuGearwXmaMt1ycKkg5pDaLoH,1faTzghVkSw5BKQmrWTXucxMUA
bc1yzeu973dzv0yxccw3eh2hpunk6hucnp5azl3cpn,3ybUuTquUPvS4d5pHpHe76BXQLo8Koy9fY
3nyvdSzf5ozgSBG92NZBpN4vzdoymMrbcU,bc1w6ypwej4q0u65ujfkk85esd3xmtng0r6znhalxf
1keJSNRjELrDn2TiCT8gNNW7x1vyz,3QaWQfKPSFKGbPHgBRpZmfLLm4CqYfinNd
1JsgVJSitgS5Mcpgb8nn7LyLEjG,3auoHxK46WAkA4YcYdqEfAFHVHD8kX7RxM
1XPnYmHAcTowoCSJeH72zMMfj,373ZUbG5wdKHMMQ4iHqEYgpvXXmXYC4TB5
1gzRGPYvQV8nbwgdKEkGW7fvhipJE,1qbjG3aJeSQiVgLg6xa7ksgpSMhUD
1mh8sjJum9YBaNxaUawLkb6v5V22,bc1z8u6zrhkvjqgwpdfnptezrcna0jzm5zl9e3pnmd
1iwodC49tXF72WPvJVBErGcSf8929,3oXboC92nm1Qo6mbrTpatcXxLH9u6kdDzr
1U3K2yYNFe4MKhYFxzabmAAQ9U,3NjEs4Q6CTaqnRoqtyaMbDZfQh88cPZ5be
1AE17YNEmnGq81Kg4znjDaw3UV1rgarE,1cWyby27zhLTwvDNWtrBe6AQmMNGsUf
1G8YB9wSACvQmPqMNrJpztaVxGtpeRxB,3MPuMywfmSDtDt9ZJi7YjD6FqmteHvdNCk
1KvUXQ9Vb1AugX5L2bRYBWFcDeLdDk4ZA,18BhC11RtZbJpPTUdMk6YjxPNZmaf9qs
16z7UzrY8bdKUu8fNciUkrCD8wE5,bc1vy33jfc7zaghkt0jxtrkjsw6xykfjfw5dspstpr
3UpHeM4qcLyK9yP8nozU6bHuAdbVzzLWP6,1LTzZUeAPtsLHza1ccSc5j1hSwzacD
1jJZ6XjtkZkJYHztLP9kXLg2RK199LMTnp,33LDky39iLX18tZpudfXZDApsndVMTCogG
1ZJnCumUkVUM78dJMdV2L5Gaf,bc1rtxqhc4kx65e8l7p0knql5rgs9xh4n9jhyamuhg
3weYo4teyxG6LvPmA8TG3eSpkuBTmw4SLz,3Yob4795TosRGtm6gDFR1XZ8rVXUXEooEG
34YWa9LX7Ca6WoTWT4ToiPpka3L4zw5w2Q,1K1P67hYjv3bUrUHSpda68wkcPQjDL
1mZrAz2hFqNhJQhw7jR4Lz1oHJMdc,1DShBVWRFdkuNgrnaFdt9mTLKtLUXx8CYp
1nCsLPMiPLLgU1wy5aD4hZBhPD5,18CrosF56jKWAv5hYn7xggG5cQD1Gp
1MK9m46XC4zxosj1hvKJQLLdqBDyRyKc8,1zDBfVyP1S6ChneK3JyW1wt1Q9dx
1LREDT9kLuBfRM1t5K121kQ9o1T,13bK2VsRu83KtrwgFLmpy16xCGApV
14yG1sYwRzTdBVq3xFTX3Q92njqP1eJds,1evTPmeQUrPhhTbqNXojXjbzS9wrDgdXZ
1xzjuTNfkPAvWdaTjUiBtDUDZeH,bc1n8xapq3ymvt8e0702v85z0y6zjaad8kw4kvq5q8
17KZYxykrwMSyckrWVYU2Lrv9oCYJ,3PArvwuekZ63aUwiAnvRq8oWJT58sYBhWf
1ENoQoaAtWsqTsDRCwhHAx4NwU1nY3hf,37M7pNyREoFran17EAfV1jiDqxzjSHJnfv
bc1gpkpvvxwvurrsdx95fhk7jhgk0hsen73g5j0t30,bc1vfffv9eq0452x4mj52nqcal95d8y70zk0w7rp7j
1YK1q4tLE3brjktshU1N5zj1Yd2Dh,1u6Zi4o8X4Q6EZD6ctwA6rsfN76qD
1Zmq79UsmD7scKBy9MWgQamiy7LgsPk,1FJnBhRh24aanyys2Pdf9T2sUBavQuH
1Gg8apT2DH3qGkXDMrHXuQd5i,1QiSbujTqUtvpHa2k5neCvmw8HV2iWic
1YHqCs2cY2T22PmMGMpmSHixD,3AxJ5VQnSpvgsCYZNQHg21wfVLraQNqM27
bc1llc29rt5r4chn55z095l4n60eqqs7dhpcedwh4k,1QGtZmCyAvnPxMgr5pSbWSKrJe2rQ
1RPRmQyMoym2hDiJNKnKZCDWr7FKU,1rcveVA53wDMc7K5oYhoVRQqxX8g
33uXdx8MD2MhtrzfyJgwBpZ8swHcUxqYVN,1bQR14XzLq2C1YQe1gJYMFk8ZTQwAPy
1UBbwJLFRsZ2xmi7R9TXATFkP6C,bc14qws639zp94qe5raa7e84cjnucwyrl7h357as6m
37XChDhYmTi2wR883FLY8jpo9gbdZacrdo,34rUpWkGqb9oyEFtPKQ48xfSGN4juNtLRg
3gouCHYZAktNHGKBqPeAzpBLxZuumixSQm,3jSJPvx8dAMXQCYW3hC59BGLnhoN9zr19t
3sLBk5vdtenq3VibQTgH3X8NaHotMps2ps,1mqft6LdgmSuMeXcgjWiH3NWDy
3drPDykYFVZoVL5ztv96nf2PMhPBSnDt49,bc1mfgqpejajtft5rjjqae00p7sz89jx7ewpy0y8fk
bc1h7rl0wv9zpdssxdxvzsfvyp5jhlw2fyqj408das,3UbUxMKeWHQa69Jp97x9AJcYVqpE4NxdoT
1vshHkB1nWfYMe3bzM7SP1yAcAxrmUEiHv,31P8bKHtUqXb1AxQZX8f6YZXDCdhxAbSYk
3Yob4795TosRGtm6gDFR1XZ8rVXUXEooEG,1e5uVFGJSnhZbm9HDNNHwAdUSJkh9H
1zkX8WBE8eUyoVuN7LxVxyt957,1YGE5mPV1gAZ38PQJLPcyzckUyp4
1rL39pt3sLBsPibrDHWsa7j21v,3D32CJwWrcap4Y3NBVeqcZ6pzXT8sFTmLX
133Seye9En1oPJXZwMafv6SqZb5j,1ZW2QvkbqsG98D6H6Vu2aYn5o
bc1yds7uwyw5vqje8d4p0g7gjz70yacdkc7xuggv0d,3FrnrETzoCsgdKzrMQR1zr6xe8V9DXoUG8
bc1n8xapq3ymvt8e0702v85z0y6zjaad8kw4kvq5q8,3Rh7mWJhEQKqTV687Q7Zuxrszuyu8LwVqT
3HpY7cSn2byrdMo3Hu4dcnBSW4RHqCN46c,1LT1grVBELw6AdhEmXDLS62RfciNa
3QAgjYs9fRM6h4SpoWSeHHKGvC1enpmyjU,1SJW3uqXZLrCZ6E5rXV32VBtqndwLYzau
3pMRHWYuzSauKViKZrw4Tjavs4NeK8zLW1,11hcRUTsz6uWcx9JQ4bWztg5eN72Ls5W
bc103g0e9gz92pgenudm6ns5wls72gsuc78qaayall,1K89wCbXyL3sjxRNYrAQs6f99Dkdae
3LnKDQvDhQ9YpQhcLbYj2YFUnS8vhkoeUW,1eNKquaygj1CPZ66EfUUUJBmGyEyTGrFhw
36EjEUcQyL1cQ4RH1D2kURi6xPjP3HZDzH,3ZtvR1pKGUKkJXFvEbHkAQRDt6xXiEtEHh
1BXHmSFaU8qt1HJudbRTc5rzEG1hpv,1mS6JGzbANuHDSAbvD2eaQN747yhWqckf
33uXdx8MD2MhtrzfyJgwBpZ8swHcUxqYVN,1w1jodt8RwNnDHF7FfuB5mtAe
3mgiWeCU1aVD7zkdpdVV6ZoRJ49QF6ovE6,1HkynMiDASdCkgNiku1eZsDoGcq2ngJWf6
3AxJ5VQnSpvgsCYZNQHg21wfVLraQNqM27,1NEgpUsN7yQ9njqsspv9cHxehyZKF1ToaW
1Lay2LtEd8i57WsxH5EMAKjfNo4TfXyAmP,bc12m6sgc9mcw9mlgk3kk0rz297cp26tt3vhz475hs
bc1s5rwulqummymdxqqx6eggszu05kd2kp0pan5ghg,bc167wavft02ucc4eqzzd8rwgw5qvxhvsvra99lmw3
1oQ4CqHXgDvmdyUZPvRUpz1esh,1774yeUgbTyckehiZm2jjbTcyQN3LwVhe
1gXDdrqdzzLunKe4RCiVrYtagx95dWuJ,bc179c6l9zgfgns60myryjzwhaqzy9ry7nqeght7tl
bc1rutl4lpwgyc5lx6dy5k5rqcacw2wttu5nlqdx86,3dEgAyFHNfMymuwSuiqHopjTpT2vZTmk81
3VKqXLhEsUWrd3eHYu2cNThy47rgKFRqD9,1DBeM6vU5Upi2y8wpMY737a7x
3cTpBtUFqU32j5QzxFQ4Mm5wdm4FoJZxiE,3JTc4BWDpKm7HAmRUB1BnpEPD4zu15439J
3KQyNJZSg1ydDQAgMjXLBnRanNZrDu9SpV,bc1szucsglc8yjkwk3fm9gyuc63qksvh5k3n3wxug4
3YvqQ8jQYuNz3VjYrXk5tts91Dq6zV7TTg,3hknk1e8cZPrLooAjV4MWkXPBTnRbve4aG
3G6umWXCuz31yMCVMtSc4K5U5oDy3BaBeF,1UT2dwCc4ZfUQNd89iXDXNj3i7
bc13mxeh0qdyu5320gmpr9xg6rhgt3etdt4nj53lf2,bc1qq8gd7ysudhv2u2wtsqq3tjs34rpm3jayg8srcu
bc1hqm5pjg5295gmqyeg8vtetunwgcd4anl8wukqmt,bc12kc93p4d8xht0zgq420e5cjyfs3hwmmgjpv5zc2
3vaqqyL1KZnquKvJZGKVjZhJXvDHo85HR6,1doYshztRk3gtcJeNMYo5kdUxAr2Z
1No7ueJGH95UGaHZUHm5ZiBdJE7NA,bc1a29jjnhu7he4j583895k8jux3fd05hu8ef7jgge
3UsPc3A3dBVfeGsxLX45sy6m5jGVQPuyAN,bc1w9a3clsf04kaajvtgu0l9kp9x2zmj6hk8mwsdk5
38p2ZjzE8yGGAaSLbKsb849yQ5TbH41BmG,135SRcRDWM7gbXJDz4CwmmH7VR8XEZfMQk
3xSFnGVEBsfEeBWSKZExzy1rrY3E7W75Ca,39a75QyW6e2MvdD49MNLcMbBmykKR1RkJ9
1BBP5sJbTfdGysBBkcs7X17AUhsybVcy,3HwYCTEqbLYXcEv4tVKgZWMotLMv1zfyFx
13P1FSPZMsimFbnPjLpaWwoCrkz6,3mgiWeCU1aVD7zkdpdVV6ZoRJ49QF6ovE6
1hoMDJcgioFsaWVQdF8bqGjqZu99,bc1nvr6nq372wsmf9wxcu2txazhm09c5c8rpz7qyzx
14n7fa1t8vroBUU6PdYo98Wr4WzZFk,1iy6AKQBWsMD3tQCX1tQqUYF4WhXk4hd
bc1vj44qdfd2hjwc8fv5ksr0zm5p0drrnfgzjxss37,bc1qd3tl4al74pw9acu9tytp09l246mmf0gq5vaa7s
bc1dh66mvty9ex3pc4njks3xk7ldv2y73c5wuv5456,1HGaNzuXMWejGxcLBcoAa6dqCm13nv
3AF7HFq8rrDsV1XueyVv1FLpSWVkM2MtdD,1e8QMJSgsr1zYXyURk7EuABNwRajCqHEH
196ZBXdZsWgT65cqXJfS3y1pk,1nqd1uT1LWDRPxZbVJPUtVBK1tT7neNH8
1rGx74bH9H9nNzrDwyzuAaHxjG8R7GwSB,3HZPEooeovZ51TYjYVkuGND4ryQJm9T4dQ
3oPDTqE2UMjkqYgdUPBEGfJGg4yHRwV6KF,1NjNVeg4RxV3YrP3JWpDEpAreoFRJb53
3xm9X9UMaa8KzWpFHXkZSo1x9tS3aNzRk9,bc1jqrhszcy8t3pu3lp47txw6xvq5w9cz2vn4tkjut
1QkjrWw4fyXZeqrjv9Eau5zANmCF,1qqXwtqtnq1DcyYXHfe26CEhZCdgS1P
1xGNUFC6UjF36niha2ZkEc44f3N,3RvJj3KomG7dMB3rLpKBYDPSWNYzcpFm2T
3zcRrFWtNKMqAJskPsfhR7jVrtjAn77Zp6,16ZxrTiZ6edXAhqLawWMFQhtNoTdLXAvK
1kDy6U1gVCVUdXJGpGv3YroiV,1mN2ehdHMUk9598C4xEw4ksYVhmTJ
bc1q8amktpgc3skqqhwdlx8vdx0rc86tmff9zhtl2n,3PcipxZXEMZFZtA2Zc5CQ3yYi8sxa8A4im
bc13mcj3jja883flnq8xrlghestwrl34r0eae35unp,1qTBsRRJQVZ5atXhbaaPyA3me15zMo
1zemYdCXMdQDdxb8gssU6TaunP2WbNu4G,bc1fzkmgyt5f2pvg98adnvdgzz2795yuygqd0n8vwz
3rDjp3nvK1HjSPYHKZaHvH8fs68cFt4yQE,1mStU6wuAyp8xooLwZhKPns6fn
bc1w7eyt4vj3a2rfj8x8cmn6dqz70t4j406jagnlnz,1NJFUCpcx4rBe767niGDam2wHBT8zeTb
bc1gdzjgn5xsxjc4h6k6nznkdjn22mnex6cdxy8jur,1hVzS7bXH1Zn1fatBgy2ZeFNcz16yb
3ChtsiQUeLQLtheNJJDoh9vF6Fbyafn5ij,1rHMbeQVtPiYQrCzbgCoBvxP2c
3HbcrmkUEhUMXjNC3uoDJPvCPUWgzEWEdq,1E9ULgPHv4Pcak29SKBAoKURwaFm
1jKH6yBnFud5iFftyUirfCUSdXJ,3x8wAqc3PwdXCgU8fqeQ4HVPLDwnFhX9v3
1sWVidzTwao1HNrczLtCuQayX,bc19n7qk0c757n9dqcwa8ajj2x8xr25az9kt2m500d
1xj4RQGaHFoWtMi8oWZmTnXLjJTLDDEP,bc1xvjcvvqakkwqjjq7gspwprntqe29632hfgkkxxs
3nDUzPomhT7SxSyS4BP6GSYQga3Swzuz95,bc1kfnv8gnqwfzq3ryltc6d3ysje833snuyg0lcwjd
bc1p59mmmz08lp85v8wewmwr05rd3qznnfsx47tp8w,1gDn7N1Qiegd1HRv9kLp9LwgBmyhnv19
36TtLSdLAN3WnMiRwYtL4mviAHRwUr5ZjC,1VhF3ZMwcfma9RXmSTPpRQnV4Lt2us
3wtqvm4R4DY4esVFBQpDdRhuHk8f4mYjQg,bc1ezhmfg4vv6rxkv92j7gcq6fhkqk3nfatndp0sam
3L7p4R8SRVbEK2SnFss5aJsfuBnHVYrwhj,1Kg61jzTkv1pHLkNqLu3SuPG5uPNsihtwz
1tgFLJpYBM2KdbM3jF56jdSGy,bc1kyzvckenc73ku600wtzswzenzl8w59g0ptj2hds
1LL4RMbEGzbbMAYsEszzFKWvmNYpfZ,bc16tcfnhmnsua439yzqly78rjvxkgage2qjfrc33g
3uV4ujgMuCmcv1TwnYm6BMA2u7U4U3KU8Y,bc1djs0hqr0d5prcdur8aflynp0473a6tfpycrand0
3LnKDQvDhQ9YpQhcLbYj2YFUnS8vhkoeUW,3jMy1h3fGmpUmFNSNi3yfaouB73te9gqaG
bc1kxvm2rvl83kq3p20xr5q2jw5szqvq2m2wjvj3g0,1QkjrWw4fyXZeqrjv9Eau5zANmCF
bc1pkqy0h0nt6yaqmesunn75xym58w7xfs5r20mftp,bc1dv0p3um0yp59fkq6kutzk6ck0afwlt9tudeljx9
1DzW9Tr9pybhCYb5UabWXmTMNbU844,1VrRZudzqHx7JZoznLEsujXQDe
bc17ml4w9eq3xy3xjfqpqqcz0nqzkmcwa2p70nw9yn,1ix5ZjD5m2jsA7F4Jg6bDY8TDHpcL
bc13gqwarqshvmr905hp6p8d3twvk5fzplzajq4pr3,3hHcxwWiiLYb4zijvt8fVcurNTep3r3KEn
1KQ6XA8XRzWEJWP9QcRf6Vu3cJJ9V,13exz7MRvy2c2c7JKvokb7HShUzbPE6
1JFxVcFANDm42C9nzJ8CvKq49i6FFAN9,3st99VoxdWZ117eqJYCgbgaeFXLiTtoNe2
1QkjrWw4fyXZeqrjv9Eau5zANmCF,1DMmNQXxWFWySn7NKhY55Yc6Sg
bc1qnrqttq2c6xsvfcqrcy538635qvtfgcuzwmjry9,3vikrp5vNuCWfRiK4xATuRRzCnDm4JRVNV
1FXDi52x9zotBvSq7wh5gYPUKq5hf,1n9mZAmchqK6CX3vHHoLJKCJ7C
1yQDPRb5Z4wUMcfoio1WPyf8t3BAVL,3xP6ofLe6fURXfsfvE2ZMfXFH79WU6H68W
1TwWHG4hrCKuDMwJtcerCzKeu,1StB6AgxwSYDTZ1uWR3f9eKu9usFiKP
bc1qnrqttq2c6xsvfcqrcy538635qvtfgcuzwmjry9,3g1efR4Rk7ouWniqy7BRms51wiFWcsST3s
3THd3jNVhNTAoJPSRJu87KbzVBe25WTADc,3DrmPUfZ4mRvi4R26YBj2h6JHT2CWZkCET
bc1g08t573tllucj45m05503y3d2myrlmja8t7exag,14q8MGweHF3CeGJP3E22QyexxmR
1cvdnprptQRTbN63iMjAUQ4yjb92TvbhN2,1R9cXSiAQ2GXXZYP9jBCJFGMM5i2txfn
bc13dx94kdxwpw7jx4q7uazl6ctpamf6v4rndz0vcc,bc1fcay23fd2yprcvs865uchtq398akur35qzlxley
1Uso7ZQrZgqLNuMWmMadDTtn7nSvQR,3oxACah8e3Lxugwg9SoPCFZgz1hKXQppRi
1Pkx3wtjRHtKMAHVDAwGc7EH6ZWAb3,1AHSWj6eL8rSRmFoLW5NkMf9kREoQQ
1Eivsa8VFbbxx6jDuVwSLhn1akd,1USy1S1DMZb6gNSDMt2wG7nc65BnTzt
bc10m8mpxlj3zjj5mwtn3dvhshtups3qum0ddyhtaf,3UxQA4VUdAzWuVFZ2HWYm9G62DhEMjZjZ1
1gDn7N1Qiegd1HRv9kLp9LwgBmyhnv19,1pjSZhTK3kY4Ujic4ZTXNnB1NbN
1moqC318PMrpZtZZxhxVodvmXF,15gQZnsadzgwjRAWVTyWXhT2AZv7r7NH
1Pkx3wtjRHtKMAHVDAwGc7EH6ZWAb3,1bBxh2nR2eyfHnGoVnqBriVVRsnDw
1zQkxN8qeLdBz1fno7m4pRRrTZnykd5wr,bc1qnrqttq2c6xsvfcqrcy538635qvtfgcuzwmjry9
bc1cd2c3f0fnelk2gpuqq5m8dcujta33lxlf7hxvs9,1ALpYHTbe5VKAAUkudZmzLAnQFs
1W9dErt1rsnjWiPUHuqMAFvxGRpDYM4bD,3a4ZnjGsbYr6KoEY8VBqScZfQ5WLzv9G5g
1KyHYBeXo27sot9FKSgAEYmGdC,3RJ3xs9uDRii7NBZBbFApb6b5tNH6DWN4e
18mnadpktRaVUscNE2ErYmXmCb6EfU,17DzNexrGnWn61yyQY4GymVY1QCi8
bc1u3cuj3sj65lhzd8t0pkvul9tjzg87yfjkq0xrnj,1Gwd7ARxtKmBk7oBThahmkhHn87hZEJTxL
14Wmv2D1NMbYcQ1brm2y7zaApTd,32VWnTxL5fQ2zVtaZWLDb6Co53Y9WQch79
bc1akdvd4fxxz2nxuz9yfhrapfl8vnng4sfj6m9tsz,bc1edqf954dryfhemtlzwdx28m2ale3j2xy25l8j86
bc1yztmagucjthmqzza4cnt94qtaqdwg2a4c0zwcth,1JsgVJSitgS5Mcpgb8nn7LyLEjG
1A6PVxgjr9mhcFPTRrCAFvjNA,1BGLbCfANPQVLu6Bh7iZr42HEz6JQxf
1XrWxb6yVsR7m1LvQrumjFJRZM,1hnA615afDHFugxsQkUp9uLu4
3nTm97oUXrnBS4NEWd1LG3PccFos4hYkam,bc1cktaxycun59tj3zqpq5ewv6vwkvh48n78zlgtgn
3dVg7wR6HNKwoSL99rnum3g6z7X7aScY3q,1mAJzPrrEVUD4kLZwP6HPttPFAgoe
1nHubjm74WjiSswCYHcwZGe9G3sPbgKx4f,3YE1h7cCxkSWEaPVZa8ahF9oy6Fy8rV99Y
bc1l7duru0nf3hp0u4xfsz97jtf7plquaurreygavx,1Us2dPCF1GHBGURJ7u8Aznzkh93ijVy
3vgJYoX69Em8KNTQShaqvhuqsfRBYSfSib,bc194d9kuzjadr7ah7d822m02chcs0dx9exxh48d0k
17wqxjLmWjZiAGDgzVpbbs8pQJb,bc17emvplwal369sct0m7ekqr2xejmpnaxdra75f9p
1GuQsvXMpm4y9gcXbx676QwiatnrjHhrq,3Zu6jsDA1swXy8SsUPRYfLUXjyi9WuTEGy
3Nq3SW1a8sV1aw3dDhLG4ApHszWvcttH4V,bc193ahaf42nf6vrnwhsy4pnvgpjn9gywdmkuwp0h6
1b186T1M7oBixH87xTNTELqhZ,1oPYvKrXkkGBLHuXUNFPHKZ86D7
1yHRbPcVjDJ3fHeeHhyz6a38nsE,bc1ljumhp68t892k5xl9d322gkmczxydgzvfurz4tl
3Tk3UGb5rrqC28arSQHEKxe37oAwNerpRn,1SLYfTspn7mH6Hngd9L1fy9H8qbh
1kjcCRomsHVBYtW2tsMh4GBZ5Am7Hv,1XTttwXNhJ6LJpyjko23m14L8fK6dX
1PKRMVkUcveBQ13jLj45R7AY5iy2Mn,3UZ6nhwPKPNVagpvCRWrdeLRpWQV5HbcHP
1NHz3LYhyRjfNJiYu4g7rPZrN,1UBbwJLFRsZ2xmi7R9TXATFkP6C
1S4TqjKRQjqebWxWaibBoh1aTWjJ,3vpquuTu4rhewfHPparXmvJiJW4MniWdVM
3aJZZkxMPNYStdwgaxxw1ogp6RDmePD7Br,1CEJd8S5MEkhR6DYzHKGyt6CFM
1fyxBed6R1wgitP7oQ8ZXqE74kBvCuGGK,1j1sCdw9fhtJNz5jr866DQj8w9VuCJ6r
bc1jfms8qahne628ytz0te3vfk84am83z26ug0gl06,1E8RL58KZUasvFx3p5bv4HtRnS
1kZZrjRJ44zf4UAZjVBmXMLd3CCHaStf4e,3UpHeM4qcLyK9yP8nozU6bHuAdbVzzLWP6
1BcmnfT9FQoKmtg3Qa42mgPYSJEuzaENf,1Fe3fid2EaQXukNxPkXzJXz8iozBZt
bc1pt5sxhn9nvgw6m9ee348ygxscgwyr28mn22wmjq,37WSvEQYDE8CYkX8MtRWRZtz4MNGZZKVvh
34h2Rha8aLV9wyCuPpwSr2Ru8sLS4Yjw8b,bc1e3w44rqw3wslq7me86r60jfvnp0jfrcy6n3jaud
1v8V7YQLRW6cfzt15DorsKr6QqA,3FK7eeg8rUcY6Q27pkq6MoD7SS4f7vwxgu
31vC8ivqK2bvmrrxNwP6J8AxnxeByhvnDb,1N1YBsWe8sZLmxsA5PjqjSwnnG
3rK2dVYPACiWHEBac8Zg3B6z9poKAEhioH,1ioX9t9wKPcqbWWVZU1L7RJusdb
bc1ajel5u2q2mnfchtnt8fe8vfjrp0anwy9kfahzla,1K3nisx2hgQoQ6xK57iCBJWPU2eMyt
bc15nlvtq9x9k4vu5zwxvt8djw9pff26qf865tn9f2,bc124nvenz3phycaa2we046q2fve2js49up6630c8x
1fyxBed6R1wgitP7oQ8ZXqE74kBvCuGGK,1KpZDaXqVGmef6YsXmFNKKHAhV
1AE17YNEmnGq81Kg4znjDaw3UV1rgarE,1o8NE8Q7ag7vEk7vegsH23AhjeiFGW
13Mgc5zMrJpHkncpTUduMZQSeW66xHkgKL,3nBHQPvVUdGHt1ycBnw646YwSzmwTDBbgP
17bAqv31fZzx6Beg1K2Riizmvdmm,bc1xsjurheezkwwurpl8z40y5lpdpzzcc07lr7mchs
18mnadpktRaVUscNE2ErYmXmCb6EfU,1YKKnk3hXaaYL7mqff7gtmPP6Q7DBsQmg3
3T8wwMGnL2LfYLczBhfi1teMfB3AVYa7s1,1xTpB4BmGuQddsAJNHLaUg64k1az6X1bz
3kYVUVmBwWb73Q5LuWkwXTnrzx9CrNuy5K,1vLg8byPWswfPUd2QfmFf8Nd2M9Z3z
1STbDrBQdQGsxvSmcZQ1BRacq2KQyn,bc12ur3lnrdnugyd4aaeqlahlvnquumh59ger3dsy4
3Tk3UGb5rrqC28arSQHEKxe37oAwNerpRn,bc1jg52d06sft94xm8jrcfg4rqcjvss5nz7h60gyx7
bc1akn4v3pp97v5j9jwd7nwzdu3ve5llw77mtul3xg,1HrzkBDfaoaeZUWuHAqEyiwkEJEj6W
1ehZm9LYejkshkmKuWR4NTWqUXp,bc1wl55wd0kww98uruw646up422uqm9mgs7cufdh97
1NstcSQ4EProUkP2hB7hDj9ThgeY,bc1lrh5tyw09az4dx5hk9x9dugmak7kw89nwq5e972
1imrZ23rJTNJr4PQHn9wRzx8uA,1eEcTvCVKpwY6BfF2uf2KCqLYXLe
3iZdoo2Ye22kBpfbPKKKLFak3hSdnz1W1G,3yDyGZGEJTqWr1q5xiuB2x6q5uu9CXfxsA
175f943gAceduDbh3C7NhPxt3,1CtnYpmxaq9L6RqqZwpfb2e6zNssJc9
1Ybg67EGpQaC8SN2wKmrNNmxBfR5Ngbv4,3yDRCrBYvQ5Hb1AZWvqGVJaZGxEn4mMG2R
1D5dWochGeXGB487TThVK9y2yH8S161,38AoKjREwyXND61aCMgWUNghU2BdcPBkBY
1WU33ftNd6iG9N8QoWzN3JAaj,3hvVVhZi5DHQB8mvU5CAYphjFC8YfsxW5U
17BtMfDsZic1KX9y7P5WRA9suWU5VY,1DiBsyegGdc2HxVmhqTYvibN2Ek41P
3VxUaeneDtTEDRNAqF5kJXE3WLTSNVG2SG,3tocrJfkvGJKpqCWycTZEyZVoW5Ynf88tZ
1xhCjHbmbyqJMJi834Hwdk61HULxFr74V,1eGF8V8mBk8BmEkt1Ede9WXjogzj2d9R
1KMxuVqgKkcyGSJRApaiq2Q91Q8ZK,1ohCjELvt9xR7Wd9SYQQwGVAAs
1UVj2LUALNgCwcoZcQQkZ1SE2U,3pagBD3e3xVhXiiYVKftVXgAyaDWi2p51R
bc1cd2c3f0fnelk2gpuqq5m8dcujta33lxlf7hxvs9,3JTc4BWDpKm7HAmRUB1BnpEPD4zu15439J
bc194d9kuzjadr7ah7d822m02chcs0dx9exxh48d0k,17zbayjh4ULZ6J8iDpufK3DdAtvqnJPv
3piccrLziJYt9pUbjoW6WascqsU5X8cdXu,bc1lyv44z7xk6umwft3m8u23rtd70za6sf3rhep8wc
3r1Sq3ydRD6jdUhVPHcf9aC2vpACYFm3av,bc1p0cmy6md5gslegnke7e3pgc4cvc3u5vkmcga5ml
1PJW2kqpqCMYUN4CRJiNtzqGHT,1SkQExarAshvA7vMBVCtVHKKAb1u1Uk2
bc173vmxmpc8msxypy2gp37qnqwewx753a63xuucl5,3Uy3fguVHcN6eHNv78kKmQ99JC6FamGXH2
14n7fa1t8vroBUU6PdYo98Wr4WzZFk,bc13mxeh0qdyu5320gmpr9xg6rhgt3etdt4nj53lf2
1U3K2yYNFe4MKhYFxzabmAAQ9U,1j1sCdw9fhtJNz5jr866DQj8w9VuCJ6r
1piiSFqg4mFoNnj2UmpEFEHPfXHPvJPu,bc1grv9y5s7lh4t3h565e9yqm7lzq8e2fvfgehkhra
bc17ca8nw37t5jp20ftvvfmycdrhdwxjftddz7xmm6,11SijBses4XwnUdsttSN3eatQNVbtov
bc1dvnnphpckdq7vse6spfdc2m59592rc6396hg6lu,1xzjuTNfkPAvWdaTjUiBtDUDZeH
bc1nqel340yfxm7nd3uqns88qjsw7dywkyaexue790,3XS9Q3wjcdA5w6br3hiuqnBVet2yzk4WCm
12sRMJSC6KUDn4bne3rjoNMWFHG,1koPXYfswKgTyaGnc5gu27BonrkwEpdZ
1DocL6KoQeCHwdna1ZZNmbPfo4ufYqanFm,bc1cejeee03pxanx0d80rq897fkkw6hj2hw7a3t429
1KijRmtxGxCmyffvgENdqZ9pWyLx,bc162l7j3gjkv0kssga35w28qunwzuxkazx9yqge48
3t6rLZmNimMQrsy3brsVDT9iTMFBn9REdr,bc10zpnel4llmel2m8hsqny6kztgkct98rtr3qzyqs
1qeUEEBaRqjLkVyzLnJHX3JsSoqY,1RaXwCiEPfJKk5Tzz5DGwtsNAq
1mR91tRz5KgQ1zzSNLMSLTDexJFcZU,3oet3bBjwW5U48fKhxHnjwnVZtZxrANHqL
3p2PgDHDpQQMi9fsg2nbmMuamWaZRFRBiy,bc1jqrhszcy8t3pu3lp47txw6xvq5w9cz2vn4tkjut
3scqyF7mAJT7pNLxjv6bNMsnk4bUUrfsML,3wJdTWpwYpvHLRaLVUKk8iwkbEMkVzSJ2E
bc1nqel340yfxm7nd3uqns88qjsw7dywkyaexue790,32cvMhHNYHpEDwnrZttsLa3iZnZJD7oQmF
1UVj2LUALNgCwcoZcQQkZ1SE2U,1eZvZj4igtAnXnvm3sQwj2fdzbVhJmEmyb
1sWVidzTwao1HNrczLtCuQayX,1vshHkB1nWfYMe3bzM7SP1yAcAxrmUEiHv
3t6rLZmNimMQrsy3brsVDT9iTMFBn9REdr,3KLS4s6qngpkeGn8nF4DNtfVqfVkXQsJT2
1hGoq6arfhX5MxrEbA7BD47mhPwFW,3nTa881ZbDkYBNmYq2gDZstY1EnMJARkes
3sTQZCS7Tr9d6MnDpYfqEo5KHtR3USvwe2,bc1lngr0zwrkd0ery7m87kj8xxu8dk3wyft6qgaaqg
bc19f3l3mqujwmmqku2gxu9kny6jt8gh0aa7dmjlc3,bc1vkxwxkyzzglkwtf4dc2ejz7pkpv6yqsytjxgw2w
3hHqHfcCW9kxVPbK98TuDH1GNsJE47uHUV,3yNtzaLtzHm1LQraxVK8iuuoSUhbuo8xqL
1AzCjgksMLsm12YNokzTbc1Xm,bc1d9nr2mdmq6ztw9suja9whyhmh6ek7y50az8ayav
3TZpBx57pmNVf6ptud199XPaCgKauJwSyL,bc1glguqm3s6yhaqgapyna29pxuz64zntnlgq9lerw
1wZ6tZUtSTq4KyTugxtqiyKazN5v,bc1t8cm8qfqkt6j247qlhj3y4yr2fec5hxq8k0042l
bc12m6sgc9mcw9mlgk3kk0rz297cp26tt3vhz475hs,16idqEouqnoF64tbEUEETZXpXv5vy39EUQ
3rdub59shg8tJJen1UsDtbX3rWhquYkVHS,1brPgKezPRx5S9gqKREMsPjo254D39
3Vzxcjv9EKp5bgGCLE8yzwyBN4XEGCpoE5,1cVBwWfdkfNvUqnfs8rgchW7oe
3esnCc1utqPbAZdugivVgomBugUC5tAGoY,1jyefj2GjtMe4Se5emdwjdDDeVVL
1PUijsgUpRCLaQuLQAXg8upxAkTzP,3LTqeQkuUy65u819j7iYyLN4QDafWznyTj
34YWa9LX7Ca6WoTWT4ToiPpka3L4zw5w2Q,3K6TNHnjFNyznjYo9w2Ydh1LmNjJCzRxy9
3UShyCwZYaYhLaNXwaeiWGpgt7sXqjQ327,3Tk3UGb5rrqC28arSQHEKxe37oAwNerpRn
1fqMAy4S9FkHPWjz38Am89hMVoN,3fH7qTdKuw5vDSrNPrB5Zx3dJyfNnzAe7H
11hcRUTsz6uWcx9JQ4bWztg5eN72Ls5W,1w9d6dKQnqVjAVR4kt7F2Fwy1WfS3B7v
1da9vscB1wjsvwF9Cyf4q9CYK,bc14ceqm8tuggd07knr7fnhq0yk8t9r5849cjkjfd8
3MVj1ijhNhpXmcMq9SJWZxLDGSdmjtacSd,bc1cmzkvj9jax5j5vs4f0v8qnlj05rr2ljcufw7v6w
3pmVnZMmbDZgyAAi5AF88jNqdS4P3uCjNq,3hyRaYcpDsA9u8DDcwrVmr8hvM677jUQoi
1bUXrhrFBwYzohenzsPqTkrmVmGH7dv9A1,1uA68x6ftuFG1tGJqtkrrjxKNnvornM
39a75QyW6e2MvdD49MNLcMbBmykKR1RkJ9,1rTr7oQR1NhyzGHSdqaX4S9tJGEVyV
127fB9bNNb2hds1RLe6uJUB2oTaSQ,1YXvp4H3CkFLnyWW1nxYrhLE5V
3Lym4M9Y7VKZeMtj2NjF3hZYVZYKUsbrAX,1oWnsB4Q9ayt2ThMZpjZFC3H4MWEci
3w6kMCAf2NrDQWNkmBHj26pFpFZn3m3dK9,bc1g08t573tllucj45m05503y3d2myrlmja8t7exag
3GV1MzftWMQJSvHSsGKJ816oBagohm6AMT,133Seye9En1oPJXZwMafv6SqZb5j
3ArTcBaKAZUHHbxRKTvVUyzGEUVmbtcvSN,34X21K2pjdxVm4rhr2TTExT28zVJQH9fMe
14zvzfVmJA8sM5eDcUwhD8NL3J7sntVqa,3RrCkE76P44scLC2AkYtDE3QgwVUgbPVK9
1PXtVFUgrV1cdwhdn1CV43dwn1,bc10n7esj9eklhscahncyzx0v2wuhppe92yqegxw0d
1QkjrWw4fyXZeqrjv9Eau5zANmCF,17gMHecah3MJJ6Xyx4xP9zkDNRFZe1Sx9K
bc1gwvuzukmpq7hklsksawjdmnjvus5mee4ka2fvkc,1mg4dLLZPFrxb95fvJff8i5ZeL8hwzu
bc1jqrhszcy8t3pu3lp47txw6xvq5w9cz2vn4tkjut,1v6MECdVLm6XUDpgzyzZyi88y6q
1kE6Cbt3oEVoqQxUc7PsWmdyZTm1k,bc1dv0p3um0yp59fkq6kutzk6ck0afwlt9tudeljx9
39CmC7PVzkkQamA41GnH6FZrphhJDUcvfq,bc1wtauel79znectrpscjkskzrr7n9r6k8y5dx4j5l
3Gd6fUBrbFGn2xN4MU7mSPsVBGAPL2FrK4,bc1xmlvlwgwh5s2l92mcwrmcgedq3rl6rkytw377l9
3ekxNXTjsgYgq9gxeyETTWdcQTuexrXu1u,1eGG6Um4RA5DM8Ub5vmWzunoQoJqZR8H4
1z9xRewnLx84H5sqtVePit4ZceBxXRNyD,bc17ml4w9eq3xy3xjfqpqqcz0nqzkmcwa2p70nw9yn
bc1mhhfvfgjd6gxlgwzttcs6497jyjld54f273hgsx,1pTynsTpkifxksBsAF6sL39WVHC
bc15nlvtq9x9k4vu5zwxvt8djw9pff26qf865tn9f2,3fvhiuwWV7o68zTm5ChBr2u1SyHkPgUGRa
1HE9Nip3oF7Wp6h1mTdfXWARviyUnyk8G,bc16f8a9zap9tdcuzxrcv8wsuhwr4qs0evzny3rhue
1nkkwPgfXbFrS9YPEuf8XVkrBVD6KWA3,bc1fq8c5e8j5v0g903l3rua0yk5ecrztxjts8azvzp
3iGzc9wJJe2vo28NhpeMEfULiCXDxEibWj,bc145hhymvxzd2cjry6fgq9kugf3hy6wj78v0cs6nj
3YVgSjjqfn18geMHmJ5pJr1YtYQ8hkAcdq,1ygkZLzFNZXWU1GQSviXYyJhqSi8dK5q
16VDrJqFH7Pn4TeVTXc5874AcWFc,1Sjd7us2tApuCAv77FvMQEt7mYyf
1BXHmSFaU8qt1HJudbRTc5rzEG1hpv,1rMp2QHoqkYG1Zzk9fxvHA18qNbubJ9S
1xsGWBusJec9mYnX1K2vsqJ4s,1N2ERtQ6s8yDvA3WdgPb3gZTbBna
3ZtvR1pKGUKkJXFvEbHkAQRDt6xXiEtEHh,3XRQ7FwkHq79FbwjPzQLaQbjTBtgKTqK4b
1RJKrwD2mPRt4thDu6azihzzbLDbVj,1QiSbujTqUtvpHa2k5neCvmw8HV2iWic
bc1u5t0ydlh3w3ql007ftyrl4lq7n5efnrsjp0lldl,bc12ynaey3qh7zx5ztzctgzt0rfyxtcemc0yrq22cy
bc1yc6ccg2x4y36luwpje6px39hpakktrw592dp0s6,1fe9vfzxgcKsGBuYHV8dmAm17Vkoor8ZKh
bc1yds7uwyw5vqje8d4p0g7gjz70yacdkc7xuggv0d,bc1m6ad038n25kaphrvc7hhxskz9rsp2lzj6vdvyrz
3VK2i2FDi1ecuUgvi1nGiQyjssfxPQCrYc,36TtLSdLAN3WnMiRwYtL4mviAHRwUr5ZjC
bc1cktaxycun59tj3zqpq5ewv6vwkvh48n78zlgtgn,13tsmazcXZzFEdeVdf2Wcr7GXmmoQwW
1zGyPAvCNdygL8qpTTsrVPun3ttkzsM,1faTzghVkSw5BKQmrWTXucxMUA
38UHr1GtAiBLzqPFT2oZ1tJ4NQfhR4hxZ6,3vPYGpcFiUV8cuTBMw7T3M3C5zBFcfFhYJ
bc1rsa9snwmasetfkd28tr09649d4gga7lumj39tre,18JLULk17ggeGqZhDqrTV5C7Sd
15MDxDS3YvCRVqUJ3j3Bdvgp5ezyTwsY,19REzjM2jQVUsWUs8XpDvSXfM6esn
3wfFYeGwAfDx8WjRrPbZ5W6WCwuEEwhigB,bc144yvccdl40zsqsuej685efx4kxa7xuw3y4unlms
3YEQCTk3TYm6YV3uLfxzGx7uy3jcJy9pfZ,1yZ7CQ5wjtX7d548B3Rv69qghHBKS
1ZzDzA3jnDvAg7fpLjNUxaYukdKAgiXHb,1NstcSQ4EProUkP2hB7hDj9ThgeY
3wpf7dkhgJXJGsCUaRkMLVarPWFH98WbGK,3Pg2UPN8hY77cuMLvE61QkoY3osF44SHKb
1N4UbSgSeUCMtFeM84XXNdgb5cdWX9Y,3ZHt27khLX2dkdx6LT44C92ytJNZPGixGK
3LTqeQkuUy65u819j7iYyLN4QDafWznyTj,3VUuoaBP6DrUhxNbju6FcBjXcQWjqGjYbc
13P1FSPZMsimFbnPjLpaWwoCrkz6,1RqV52mHGYATkmY77mpNp3iYz6qkJzTM
35VboDPPEewJB5FRraH1Cgcifbz2EMMgf7,1HiorFmmTG6sKNst9GkfKGi54cfe7dnMb
1VrRZudzqHx7JZoznLEsujXQDe,3jK3JoSw6RrkfWfK7U7QbdwLNhTNP7SUeB
1vXF3tMuPFtDfinAVsCTKrb9Uq,3ZQFDjt6vX9QGopw4visoP7T4dAhsccA26
1qM7uhSiRvxpviFwRjDTLFRFbaL,bc1a2gnxgyfavf9gg9qnqh8l77dpwqd5g89r7axtse
1XM6iT43i2L7ovjWZLRTodBfPjtT,39huGc6ax8jnZaEzTgwH9wwYGGfy5qhDVu
bc1z42sreerztyecmqqemny5mwmerrkxhzz7qe8pz2,11EFsDU1XVgVLAnrtfyu2JdDy8v3EpUDJv
38oQYvzgV3PNqkpJAupV86wKGxLLkq1Kqq,1CJvwhisbhcCtLPGXQphAqKkXhQHU5R3e8
bc1apr90znamykwyyylgenpw9yhqcxqqll8ym5guga,1jJZ6XjtkZkJYHztLP9kXLg2RK199LMTnp
1mZrAz2hFqNhJQhw7jR4Lz1oHJMdc,1pKN57jmKaWzfX6M1ueJuhMQBzWKe
32xGc1gKH42JTXv7JTNDbgMTm1pTWrCBSq,32sSXWDKKYtMC6tR8s5ethQz6xv5Grr74e
1CK9Wy2cH5nEL8Hqp64sXBB47Z5,3CKe7W2cZzmxb4cPUpbJJLhCMWZMyEwpSq
1yHRbPcVjDJ3fHeeHhyz6a38nsE,bc1uwf5de4gvgck3h7gcppr7zf6qa7uca09ezd3n4r
1uYwVJMhrjHf9SjfcZFqi6bTvUR1A,3MkPPudDNo4mHumD2JA1smJJUdT9WX8DLi
bc1jf9q5tlv4cvdl4a9724eg8f3xeveews0zq7fc8e,3HbcCP1nh2yRKetdtHSchBjaRQsJrSvuiL
3PArvwuekZ63aUwiAnvRq8oWJT58sYBhWf,1hDVXMz2rhEzgYrWytcEn4iqoN3C
1jpp7ECPtvWgWkM9Xn794jgAfC,3rmZnVrXqsvH3zSpa2wGrwXWN9MV3M5r6E
35exQhyfRRDrZMDTREBr7Kv6ukG5ykuW3P,bc10zpnel4llmel2m8hsqny6kztgkct98rtr3qzyqs
bc1y8s6tj2mr4jy7wypxt38jntrr8cn0ha86w93wl7,3SwBWEFxLo1A7dyrAiJ4HMdP6S9ssLL55U
bc1tpgctflc4ylxjy86llwdw55g6vyvn06pcy98zw5,3FLCuYravXkJ7gyKdHDUiA7gfWfogRvbPW
1vxmfYUXVvXCo5ooZoBpUfPJREmYWU2,1EAjadP4mkxdJFZ9q7LEwEqz4mvu9
1K1P67hYjv3bUrUHSpda68wkcPQjDL,1Ew7qNv89puNKHSN3ci61UHHVqShR
3AxJ5VQnSpvgsCYZNQHg21wfVLraQNqM27,bc162l7j3gjkv0kssga35w28qunwzuxkazx9yqge48
1gDzhLgoLXzC1wuW5VzonrhcW9,bc1df48yy7k96mt2dhmvqr76f8wutn085tk6gah3mx
3rdub59shg8tJJen1UsDtbX3rWhquYkVHS,bc19f3l3mqujwmmqku2gxu9kny6jt8gh0aa7dmjlc3
1owG12zqhViUKTzd4Kg3qWdEXTVNGR,1Yjsb4zSajgwAQmDCpnSaEZ7Xig1
1fyxBed6R1wgitP7oQ8ZXqE74kBvCuGGK,34j5qRQ75atPjUoHmq1qJqsHu1QkRsW14j
1oQ3q5yoEQ9Qq6rk5hG7nWXpa,329yzZouaPPx4PULxeJAgBpb2CuPCHXTN1
3iEEAKPdVQbthGjoHuYyrsTwD5GZ1TbPtE,bc17ca8nw37t5jp20ftvvfmycdrhdwxjftddz7xmm6
bc1yc6ccg2x4y36luwpje6px39hpakktrw592dp0s6,3sSkUnb4E7RRZWnUq8CbkdPUmYVq3sZ7uB
bc10tv0uvdpxdg4xnvcvh8rz7xt4zkhpu6ufmwu9dy,16z7UzrY8bdKUu8fNciUkrCD8wE5
bc1dv0p3um0yp59fkq6kutzk6ck0afwlt9tudeljx9,1faTzghVkSw5BKQmrWTXucxMUA
1NfFj2YEDHvktZ5PfipgiMNFk6vU,1sPGiQPB4JAihJedDGqFPCSKkeMrjoJ9
18CrosF56jKWAv5hYn7xggG5cQD1Gp,3FVSqzNJVEPDwoh4MUyDPo1Bf6ZbPEdqhu
1tn3pCPta9riJGD1KHGHkt9SdipXBbB9B,1iFE5pP3xLKfj45UZw8DD6DLVs8rVjdSYE
1M6LJGjQwcfEcd66wro62Z26rge3e1,3pgs2oznCHTFsPAbC6bLdfuvM5nsAmgZSM
3HM8Z5WE8GsmELvFX3ecfQ694LPP7qxJad,bc1w9a3clsf04kaajvtgu0l9kp9x2zmj6hk8mwsdk5
3YMvfKxdTMmcYq1v556L2ALZbi3A1agWUt,1uErw7Bpt5rUYc1hm5Zndo4Sx
1oQ4CqHXgDvmdyUZPvRUpz1esh,3buPhJiLNK4GFLWdfwNk4MovTqNk1JvrDq
1PLpbTVESg7kWR9RaQ8QqvSD2ND6YrUHzA,17SinNP4s1zWJTe7B7UD3azMhG48b6
3Vzxcjv9EKp5bgGCLE8yzwyBN4XEGCpoE5,1BAq6xDrhR2XTfKH7gRqUS8HiiM1KTCRSR
3KQyNJZSg1ydDQAgMjXLBnRanNZrDu9SpV,3XxUCcbs21oJPgV3iRE8P1q2amuNqWgiHr
14VKrkq4GA9HJkMVNmkDswWretcU,3x8VX3wqVWvBaj8PbtWPyvmGxyT8QhkJhr
bc1hf7c8nkg5p2rmmja6cjhv4f7x60r75z2qk7tmqf,1ur4KrTRZ8Cm7V5NTKy6KVLS36F
3QVNGQ1xZ2Utkj2jseD9btYGE6eXUoUAxG,bc1x4l6ks9m7luu85z7ewuwp8k2w5dcx6mqxj5newm
bc19n7qk0c757n9dqcwa8ajj2x8xr25az9kt2m500d,3vKDTnegeZ4cL74Ft5ZjvpAa2tnTCC8NhR
3i2X3QStmazNeMHYQtGUZwNWRNsLV6RM3f,bc1sdyr0npesr0yn6uc5stps8eevjhckry08mfudxk
1CEJd8S5MEkhR6DYzHKGyt6CFM,3ydSiViJVaUmfrx5o6QyqR5Ybboe6ADEov
3vvUoxFXmV1dkMmy1CFyfXLbCg4ZhJcxNj,1wWeBcxmeWzUWiq1ke9tZ6s3pAkJ2B2CRL
1GHhRNRs4QFs2ATPPgxMi5DhkDH,1v4VYxE7yXTLGNuPuehy7XXmqcFZe8j
1Zn8V8YQSPrzkGFVHFTC82rHi2ysHLWNa,12sRMJSC6KUDn4bne3rjoNMWFHG
3zSUb1CMNDwYy8fCJoeDu3CTE1YrRyhdXK,17zbayjh4ULZ6J8iDpufK3DdAtvqnJPv
1fkx7Gg6Pkrrt1xP744Ks2fYxtPYfZV,1jS5zYZAhC5h6Cjd5rxKU7DLvfSVE1t
1uFk5M5xaMXoxdPshuu8s4EYrU6Karc3m,3L3Nmdm2MG4kLdk2Tu5wFLnBweHdUHbUXM
1E4bSfsF3SYkn9zEvaampEszX,1azpLigeUwMJAfZJUjjZuwueD
3weYo4teyxG6LvPmA8TG3eSpkuBTmw4SLz,1nCsLPMiPLLgU1wy5aD4hZBhPD5
3kxrHpyu4BJraT1VnHCLVMWPXkHY7rJ6oi,3hHcxwWiiLYb4zijvt8fVcurNTep3r3KEn
bc1nqfw9gkvzmd2vaunltl7mdfmxwqt5a0r97dqsre,13MT7Akt2gmmku2H8SAXfuLSB
1fxJntBRj1x7oR6Jd6BW7QXRtRUqP,1sq1KG6vkfvEWeqzYkhrQvsU66CNW
35qHokG4NsT1sjsZpYT8jKZLcxBFGgykZk,1kjcCRomsHVBYtW2tsMh4GBZ5Am7Hv
1YxEobWyv6detvkeh8rXjGmsdAbU,16CbuLUzWPQSiQd99efacxk1c
bc12ur3lnrdnugyd4aaeqlahlvnquumh59ger3dsy4,37jtAFppa7taQGAh6nKiZRrw2bsQWcUgV4
bc1ydmsts87ckkg7u9cpqqzdjhdke9reedzce3mp5f,3ZVLh61VWXkmG9LXHas4mWZBWBaGMGFJR8
12DJaGikzQcALArKNsVAXBu1wLJE,3GBfLVsE3WdefyQXpbg4kyddxcM4NTFMc4
3dhNTuJYRqTfKuTSDfoW3T2pXCjnEuZHmh,1Eow6vbRbCydPF49ApWF7u9TD74XcSk
1wUWQ7LejV6XsNDf9rYyM2mknqVbqN,bc1cs0agkucyl729pjqp5k7fpmw8q9uvc9k4m9zttg
bc1z95sa7qjnwkjarwtjpv6s00kneccyndgkg8yj4w,3TRdPs8E1nTNFeGixEW34K9Y8ptU1Vrvfj
bc1fqva9ngfemykh34ue0g4xjjk95szyxdjk3uysw3,1PbX6Hctr5tRkKKCoVzR8AKPaH
3ysxHJGUqinDRt6rLu3rcCXcSC1eQgiMu7,bc1cfz9jjwyuwxmdz4728pyn3cavvmm38s6h5gekgf
318yn57rHLYcd2YnehsnZXomDwAeExETkb,1DXqSvcFe93mshjik8rezF15yJQxLc
15qXqTx7bQXxZpS9iVjHjKMNT,bc1xhvu8qr7ejswygad7c8605vrrk3dgxaacr7c29w
bc1usy4cxhscjsp33kl9945m8ak37dxplvvsd02hfz,1LhcomLffEB3cumEBTn6vGF2Wn9MALqcBX
1YGE5mPV1gAZ38PQJLPcyzckUyp4,3znK3mng15mjXEWFYxrBsbWq9tkp9jXNrn
bc1j9h4fppu4y34z4vqzqcg60r7xp5hl2d5xncuezp,3YpTCSAUVFMbRPQyB9FUWGyyoDyudYBDhC
1Q6K7ghzEfVjwzLMd4vt7C84viGcSr,1EGg2CyL5Ho6BLGQdBsQwcWLtvD
1dGa2RMqwSyrqWNwXT3ksQm6LaMg,1PKRMVkUcveBQ13jLj45R7AY5iy2Mn
1E8RL58KZUasvFx3p5bv4HtRnS,116Hef9okUUVEzjib5MMdHrenDup6cMrN
bc1dv0p3um0yp59fkq6kutzk6ck0afwlt9tudeljx9,1DhxuGsMWgTMN9xGjWZyuo6CzLXc
3coL7QW9VtCBTARmiU6sq2A5WXPR8hFJLp,1jpp7ECPtvWgWkM9Xn794jgAfC
1j1sCdw9fhtJNz5jr866DQj8w9VuCJ6r,1xZLz125DXB2rTPk9jHgZrdJPUbpg5K1Jg
bc1ng3aj9978978zyt52mpnhlfe4pmj6efenc8uf8a,19KR4GtohxGFJLSATMVCm4sP5fmb
3L9HgP9rVRKmEwkGn12Kp6hDyv7Dgekndk,1fyxBed6R1wgitP7oQ8ZXqE74kBvCuGGK
1Yr3VRqkTN7oXzGhKrHHJVEhNeecFmU6,bc1s8yapvzhnftmncn6cwu9a5fgggq069k3dkttsa2
3PcipxZXEMZFZtA2Zc5CQ3yYi8sxa8A4im,3ypwKuTFaMnhrnZfY2DVYyjPb2LTSJEGJ7
1stFnGrbuBqmMD8fqBZy339684vkY6,1zkhMxFHenhsKp8PdVxGkGLLfUwwgD
3HM8Z5WE8GsmELvFX3ecfQ694LPP7qxJad,1suerXkrjw3bD2uyxGBU85pHEQT
bc1jfms8qahne628ytz0te3vfk84am83z26ug0gl06,3rrZocRoStu3h26khd18DfFiDgiGDRrQnP
1vauRnckJnobw46JwqWWTEKTeC,1JEYXvbf24Q6i5H8WLy1XtqmiWxu353qaZ
3iGzc9wJJe2vo28NhpeMEfULiCXDxEibWj,3Rnprcr9MqqojTnpsBj1DdZMZvqhWHDguC
3pr59mtpJUFYGY23Y6tR1EEPMHvggiuVzE,3icXrPBvzoakheT4eNz3osBLhw2JtCkD7P
bc1k8mmwuqvfndly63m2p5xcmqkhyyugej856qt40g,1hGoq6arfhX5MxrEbA7BD47mhPwFW
1tytVr9MpWLHJDAebxoMEqE2uhFBa,1zkhMxFHenhsKp8PdVxGkGLLfUwwgD
3ukGsrSrbcBsDSb3oFrmgnetymmCpM22fr,1FuZpUNyDUu8tKm5oTE3HEyL7F8F
3nnoFj5VXkWGGG3ZaKkDCBdTtSqp9cn8MC,1sVpkJKYCLYg6MJRbpsxmVeKGKK9
329yzZouaPPx4PULxeJAgBpb2CuPCHXTN1,3nFvpYx5bUwY92uKfcCgx6x82BX4f6sBXN
3HbcrmkUEhUMXjNC3uoDJPvCPUWgzEWEdq,1a6Sn9LUkYGQShmUCPaZzXFGRga7QNCLfm
3g1efR4Rk7ouWniqy7BRms51wiFWcsST3s,bc1cwdf258vjm5yl2usuxe8dpnrdha2ephpapce30g
1WV6kEpCBKifYDUnue9ziG3L7VNYRp5h,3B5JCvhpvUYs858dbYEmaD4rFuC9gbjdfr
1B8tcwTdT8ck1iLr5nZcrG1naMUq,3gvtzAkabxnwYm8YmWHqC2pzh3kicQMeKL
3GV1MzftWMQJSvHSsGKJ816oBagohm6AMT,31CdfrnoR149o9pqtiXWGPFxYCkRTa2nAy
17SinNP4s1zWJTe7B7UD3azMhG48b6,1gv8WJh263Xy4dUSnCmHcUv1fx
1XPnYmHAcTowoCSJeH72zMMfj,3XS9Q3wjcdA5w6br3hiuqnBVet2yzk4WCm
17SinNP4s1zWJTe7B7UD3azMhG48b6,bc1uv78tgk5j37p9ythz478tm054atgh439puyh8f0
1RjXc42VUEWTVrrGWLXrNTHuknFZNWxd,1USk4v72aGH9Z2TNT142yppKC4qrLUr
1uXorxFgucfjbp5Ma7f4fiCGw,1txhm8hG1q7kceYexwkKkvTnq1L5DRh
3inEtEbWnNatERhKvWsykhrva5pYrfo7dd,1UVKz4zNnqVZPhZuQn1nemvhSK
bc1q6gjf7pmvqvw8v434pcaac26gcxqhnmeace37af,3aV9A1cNUhG1GhudTsFnF4BRjGzR3cLRTM
bc1vfffv9eq0452x4mj52nqcal95d8y70zk0w7rp7j,38W7HQan4DjboiLmPtA52fNEBmUGLG74Bz
1QPtVxCJZ54mp22F2noTN2xz8fNmYJ,1Ap1JPiDWXaikS7wguxa5JMrEi8GWe
bc13gqwarqshvmr905hp6p8d3twvk5fzplzajq4pr3,bc1jl3654pwkt036r23re6pmx9qf9dd9l8cjfzm9s4
1zDBfVyP1S6ChneK3JyW1wt1Q9dx,1DaVcAVQXMbcnSh3eF5eCuqVyV1SRAXEb
131tDa88XYU4aecTdPuSqQjLuhfQh1Fgt,1YY5RkmbcY9Cugs9xNWcCcg2YG8mL2
3WnYurwGfAwGXCKyu7SYu11UnvUVj1RfSy,32qHsoPafVgTB9YCeUvj9SLzrUrWf2ihDb
1dQ6u9T3Jf7BmznyEWkijZaA13czr,1KX9738sqkvHscmGKtKzm9rfo4
1BDpjmspWAKW8rt2CqqFTvhGpW,35zgR4rsantymrsuDzs6ygwgk1cVCSWy6a
3iNk77ujGpgE4ZX4EPmeRmbMYjyAjBdbZD,39cnQ9veVsf8hBn7R2CYcBkNEgzH2A6D3W
1BcmnfT9FQoKmtg3Qa42mgPYSJEuzaENf,34NCQxi9RxeftAiu94vUoHPFdCDt8ywnQK
bc1d99t8vjzz6ex46eefg5yqd9hgxe4388xt7hvugp,188DYJMm1gAkoSULjA7DKgqUS
1vrUhBg7qyRWQmKUXVMHi5VPTjgq,3ekxNXTjsgYgq9gxeyETTWdcQTuexrXu1u
3QqDKEpn3WsMgBHP6UkwbQwzEp8cFNoGu4,1wNwYL4BhPESshypkJWjuDatJk9MPGMfii
bc1cvayr09w5a7h38g7f3sd4qev3f05nccezrm4sru,3gouCHYZAktNHGKBqPeAzpBLxZuumixSQm
3UZ4LpvRVs1sC9WCuTUPbpDKepiA8XwRy1,1aa1tAGY5YEmUd6ip2dSBxBHf6oJY2Tn
3cxegXQEcW8UVYxHnyPoRpQYMfkaJDpzen,1pXbhoyX5xrx2wiAnoZYe7Qoxce
1PshGa2HTEocDrkkS1J5cyW167kmFZZ2,3vKDTnegeZ4cL74Ft5ZjvpAa2tnTCC8NhR
1wRykX6kRrwws4tMQcpmPg5wDxmFL4RY,1fQ3YRatFqjrxrgyhbw2xk5p3euE3oW
3dgja934muKJWn6cCPNFyCEKiNJTs1pu7m,bc1jv8e7892q99e7tgxn5quz9ztwmxll9478etw39n
3ctoU3p2ECAmzGobRx5tUP4iTk9ie95Nk7,bc14tzkwt7pr74y7kcyz3rc2slgenl3400yelhd6r0
178euEbzUh6bPzhJ8KisYQhPpn,1keP42u6Rbo2DkJFJADACaTsh8f1c
1HpV7mqx2U7nxpsegsKRQdTDjmjXHo,1AMoACmNTwT5VGLxG2yKzFRi8mQccH4Uv8
1QtTwt8T5EZRybhZ1B8G6DA5c,3zww4mQ9J3DYLTy6Ke6imNwowyYMyN3f2Z
3JTc4BWDpKm7HAmRUB1BnpEPD4zu15439J,3HZPEooeovZ51TYjYVkuGND4ryQJm9T4dQ
1zYmpNtf4gM8Airajbmdb3kQnw2X,bc174yz69yeenexwq4p89aswek78hwdhk5fr3mtpyc
39Wi9vnpprNLfq9UpZfG5vFantUcS21NeU,3RUg1XfEPR9CQMUeMTPjAcJ4otqiDkU2kJ
1GHhRNRs4QFs2ATPPgxMi5DhkDH,1fFjJ83MsoJP4d78LLka8imzg8ExR
14n7fa1t8vroBUU6PdYo98Wr4WzZFk,13WcEDbinQYddeBr8WiPgMBGL7TTiN7RCi
3dtcRPCiXGcdea2r6Xm8QsGmDEsKbBUk6b,1mS6JGzbANuHDSAbvD2eaQN747yhWqckf
3K3bvmfXR4cTxqw4nrhdxr3GjPSKvWgVpQ,3gkpbdqjAvnc7rEUAv34ZtWeSHT4HZVYtn
1UT2dwCc4ZfUQNd89iXDXNj3i7,1kZZrjRJ44zf4UAZjVBmXMLd3CCHaStf4e
3Xu8Tee4fyHP3hzCiaNJkaYsG2gWgdZoCg,bc1hwyr5fr9cvyt58klqrm4ednan40fe39k8692sgt
1q1YuSMPZf2Fom6PPdz6oQLXC,1LMrRtmPDc59dVo9sYyn66KwAHN
1ab72cokDcwiVa5LWPUuEyv5nDboJE7A1p,3f4ngpc4ULfeBbvcj6LGYoZc8dWLWYVb33
bc1vf4stknm8h7t5yzgkpg654lu589js74ljj9yjsa,1zDBfVyP1S6ChneK3JyW1wt1Q9dx
3jK3JoSw6RrkfWfK7U7QbdwLNhTNP7SUeB,1FWfUEPvxZsxkor23eFiVK7nJQK
3uV4ujgMuCmcv1TwnYm6BMA2u7U4U3KU8Y,3uEqD1SX7sAmUvNLt4vHqUGNhJEMBSJogx
1FWT5hkPkrQ17vKkV4YFx9pqA26,1EKsCK8TTPmbLJLUsDmyzXb7iw9kzyqWQe
3Ejowio9WmPw7ofxoAGfKANvanYo9LcJym,1pkNaXouh2V8eJ5BXqfJ8WNqpkKPSyY
bc1t2mgcv9emsndfget8mk9uc7avh423kkdcujuhyx,1MWkfcHioE8ZGH1uCR5qJxt8ytNLpMuA9
1C3TCHaGpzYumBCgN62VPdcae,1AUeK2bPwMRU4sxgGd55QJisXfGq6uLkA
1YK1q4tLE3brjktshU1N5zj1Yd2Dh,1imrZ23rJTNJr4PQHn9wRzx8uA
15MYbF37t3i4DKrVi27zzkGDFa3fvo7,1bPBYkWneZ2QgEQF5DDax6gzX
1t3grjopnymKUz17eywNu4jHdb1ujn,bc1khxg47xkelpjm3kekhfzt63tuh325djtlcy4u4d
bc1dvnnphpckdq7vse6spfdc2m59592rc6396hg6lu,1voEo6RBRGrc7e6PAWQiY4NC6Md5y
3Pw1YuoVMRfaBgZj877WJUetRdV5QF7arr,bc1eqvsge0ra43s6ml8u033zrx666454za9zmvfsn9
3K7QXRw1oZCjp47nq5jaeAv9XmnDmbUQ3d,bc17j6san7xtye4h2c4pkwfzwslphfwzgt84kg6kyq
bc167w3v4er8jp5g687axkd49335jx28f83vynv6vg,1W2JxLmCz9JnWYjXfscb9Bhdui3Niyc
1iFE5pP3xLKfj45UZw8DD6DLVs8rVjdSYE,bc133nkejyft2qfuxcqk022k5klzzzhgyshp8cwlag
bc1gwvuzukmpq7hklsksawjdmnjvus5mee4ka2fvkc,1uYwVJMhrjHf9SjfcZFqi6bTvUR1A
1VrRZudzqHx7JZoznLEsujXQDe,3x8wAqc3PwdXCgU8fqeQ4HVPLDwnFhX9v3
1RZHUCSh41xbEsdKkG6jEnbq2nU,3wfFYeGwAfDx8WjRrPbZ5W6WCwuEEwhigB
1224FiNun7EzfUkqyMvdEpAtEFf8Ss,1TiLmUJEhkxhb37tQhozFh1aPdmnNm9Xj
1N4UbSgSeUCMtFeM84XXNdgb5cdWX9Y,1kLLik1eQtuD2meZFpPYEBdX4zVf5Vf7H
1imrZ23rJTNJr4PQHn9wRzx8uA,18hGXXhc7jdzVgwzHcKXzM8ZXdVBciy1
38oQYvzgV3PNqkpJAupV86wKGxLLkq1Kqq,1wZBFz22Q2uHGHqiz2Ui1B1PFCcrrgdwR6
1imrZ23rJTNJr4PQHn9wRzx8uA,3XgGjRnQxcixr9psw7RGJs4xjEs7k85Xfr
3yfBfDtHyCnETvvRUvwPYCB7mWAeZWY3VM,3Pwfrf33MiGnnRM3ueBHthZLN7varfeBet
1F3uWTH1DqaGwhgHobCDissA7K9o8QrxY,3qukGQ4hZFF9GtoESronXTkNm7c1MsnrJE
bc1cs0agkucyl729pjqp5k7fpmw8q9uvc9k4m9zttg,3sSkUnb4E7RRZWnUq8CbkdPUmYVq3sZ7uB
bc15emtyfwe67hadagauad0awpp6ja7tktctau7y2k,3cUfi7mDLqxHXh3A9ii7cBvPTni7RvqbmT
15NzVthds1sjgmfwz5rw2fKELoFi,3VhZ8n5dn8t9L1XsbQ7ooz5NgnfMGat5kt
3rmZnVrXqsvH3zSpa2wGrwXWN9MV3M5r6E,32VWnTxL5fQ2zVtaZWLDb6Co53Y9WQch79
3WnYurwGfAwGXCKyu7SYu11UnvUVj1RfSy,1PiY1ChxQJUsqd9aC8BmGZMzfGqn5c
1zQkxN8qeLdBz1fno7m4pRRrTZnykd5wr,bc1h7rl0wv9zpdssxdxvzsfvyp5jhlw2fyqj408das
3o3E6ubmLHq2CK36kfUXTcx7JWRGuXA1Xi,bc167w3v4er8jp5g687axkd49335jx28f83vynv6vg
1YagVBzqwCMFGaksZmpqM2zztAD1u613h,3TghBo149huzr6ggtBK1E6CVyXkVtYPpQp
bc1wl55wd0kww98uruw646up422uqm9mgs7cufdh97,3MwFmqtsVpUqBHVPVZRnKPNUT1LuZceBuE
bc1ch9w54w7eu57afp3p5y0q8xhvmn4lzl9djxsskx,3H22WQP5HhEuawZXpgAsVEz5ziW5cAUk7r
3gvtzAkabxnwYm8YmWHqC2pzh3kicQMeKL,3HZPEooeovZ51TYjYVkuGND4ryQJm9T4dQ
3P6do4ovpD3uZWWjaukW2D9dwhXmrRq6Ey,1aUpA5UtcvpjJ9wc6pVVGm5L6UL2wgR59
3hknk1e8cZPrLooAjV4MWkXPBTnRbve4aG,1DXqSvcFe93mshjik8rezF15yJQxLc
16yFUA1bbATU5AYHFw7ztoSXkFPZa,bc1u0zrm7duy8e4ehufxh6hmz0ky3n2fp34g3j02e7
1pDD2GxAQPauXTrxpker96LAFc,39Wi9vnpprNLfq9UpZfG5vFantUcS21NeU
1SSzQV9DjQpZGKbLgqbq2qERadQSvyu,3rCXQdT2P6iwMo3vod8XocP7NX2VjS8T15
1kVhFPWWA5iLXNNSf1zipxnHGE73QAMFmr,3cS4LyQZvYfJ6PYV416pdU6DeyU7nUtGeP
1aNuADYvkHZWACcLKG7H2beWQB,bc1akdvd4fxxz2nxuz9yfhrapfl8vnng4sfj6m9tsz
1C5WX78CTNg8Ud7mD2WhyaJSNK82,17HqfLuxbmjTWnDHqrQR4rpfxFBXEQY
1hGoq6arfhX5MxrEbA7BD47mhPwFW,1tZBg9ZNL27m3ev2ixgB4aDJ2SUA7B5
bc1cwckgym9xqgudy9w65wchcrpq9s8hqej255zmug,1U9gtQs49H52e8G53zxKxB2ak
bc1gtd7vkl7ywpn4xfkygzf4sfnf600tl4w8vepaap,3fcw2Xbypz5smQk4NrhireBMWwRMjvDLTo
329yzZouaPPx4PULxeJAgBpb2CuPCHXTN1,3RCnEufYrQWrpdCCKvLaMeorB6bUGfrKNA
3F7qfj1yNDRxbpT7hTWjqxiDuaBZPk2vK4,1vTzaHZC3RybUP7BMo4rHYGnvgCtZ
1kE6Cbt3oEVoqQxUc7PsWmdyZTm1k,1dvdwYcYoFyPcSvPKt6LGKf7cig4gU
3HFqzgSMEF1GP6HFRoVWojA8tkXoJK1ZE2,1Abp7VoDoRpygKya8qnmbL89RhZSv36rcn
bc1568xyx6mf535zj4hmee2jex9yt8gzacu3pgcj09,1tZBg9ZNL27m3ev2ixgB4aDJ2SUA7B5
1zGyPAvCNdygL8qpTTsrVPun3ttkzsM,1LdiSsXXSsVcEH7KYeJw79sKxc8qrDSgby
176p7gHf3xkUsz9RjVSGH8XGY6GR,38weuuWtGymCZnLbW4BCjmmeyp9jNcneG4
1hnM9jmwA458s7xNTzyAUxTPP7A8kCX7,1ycZimTEkDYcKWgzFKvJVhjvU6K
1E8RL58KZUasvFx3p5bv4HtRnS,17DR1GkmqFr7qf3JXmMHPNwTfs7K
1NwAyKYZRiMbNHrL3HK6o2QPQNWa,1zUuDcL4224xuUSNzovSZaqPMAgscBK
1BY4PK2GqGUjQdhjQRdcubrPccu8bvNm,bc1u05mlhm8qan3ratcf7038v530yfa9n25n9a6uz8
39a75QyW6e2MvdD49MNLcMbBmykKR1RkJ9,3cs2PW3ABA3XQSTU47coXKgkTBPZV1EV6z
3XRQ7FwkHq79FbwjPzQLaQbjTBtgKTqK4b,1ok6BBJy9HrwZNLMgbG2qaa42PVYvosw
192iyhTC3TFTE53sMXGJoBh2ZB,bc1akn4v3pp97v5j9jwd7nwzdu3ve5llw77mtul3xg
bc1tzey5jayfza7cxy2ckvdwhyd6h47pv2gs53rxr5,127fB9bNNb2hds1RLe6uJUB2oTaSQ
bc13gqwarqshvmr905hp6p8d3twvk5fzplzajq4pr3,3ypwKuTFaMnhrnZfY2DVYyjPb2LTSJEGJ7
bc1qnrqttq2c6xsvfcqrcy538635qvtfgcuzwmjry9,1ec5u1pUU9YNUEJrifRp97Vub43
17DzNexrGnWn61yyQY4GymVY1QCi8,3CzUEUL7qySTwkbCseb25FRWgiLGoADFgT
1wZBFz22Q2uHGHqiz2Ui1B1PFCcrrgdwR6,3wCk4GM7ToGdCYgbzxkUkoirjpMcP9DL5E
bc1ljumhp68t892k5xl9d322gkmczxydgzvfurz4tl,1Fe3fid2EaQXukNxPkXzJXz8iozBZt
1RPTHX4qXdyvYy79HdSDdTmaE,3CT22oUPUAq16YRUZiZ9ja7yyQCmnSBeqk
14q8MGweHF3CeGJP3E22QyexxmR,373ZUbG5wdKHMMQ4iHqEYgpvXXmXYC4TB5
3pgs2oznCHTFsPAbC6bLdfuvM5nsAmgZSM,1XTttwXNhJ6LJpyjko23m14L8fK6dX
1mStU6wuAyp8xooLwZhKPns6fn,3cdqCZ7XMGsoYEWNyt9Aok2Rv7baAvSoqz
1BDk9GAgEnRY7dtDu8qM8rFZKujbNaEx4,3nTm97oUXrnBS4NEWd1LG3PccFos4hYkam
1yRb61wneNLGCMoiZLxpDpbrroF6HsQC,33sPjoqVDrnDwze7AngE6ShE65rZr53KkU
1yK4AhgkcLtinoWU4aVJWKL1k73zeLaHc,3r1FwV7AE5CfKQ1VVe5zME5afy9Ldqb5CV
bc1l2stvmeqepkcr5aa46y4fzf2atz8utmxte7v6da,13MT7Akt2gmmku2H8SAXfuLSB
32ULgS3SgnrKiAg2E8bh7eyz6yW32BXS7Y,1ZowPkDe9pqpxqfcedbeNcxXZcM
bc1gtancwew60ssj0nyxqduusx89fwek7h7c63a4fn,3ErqSYsSs1JNGGL5uWRXCBgzeGx9CUJK6h
3hPN38vNUtuz7AZiyi7A2UFtsb3836wgRg,1UAjThmw3bi2eSZUdDe397RvBo
bc1w7eyt4vj3a2rfj8x8cmn6dqz70t4j406jagnlnz,3kShV9Nx6avedXs3ZoNs4eqfKZkHLYFrDG
1U9gtQs49H52e8G53zxKxB2ak,bc1jqrhszcy8t3pu3lp47txw6xvq5w9cz2vn4tkjut
3fJoWGXCPCKZnfoam7jaZKTpS6WJefnHNu,bc1gww2g5w02jz6m346hwzj2n3fsnkvv3s3wxqyq0z
1TqhjipBqFiLjxKbS6qNkzoqD,1Em54MNp5NmBi5bzNe2bpi3MidvsqyLCqU
1Ki5gPG3w7s2egDDJucjSccoVsKx9p,3D9mHMx3sro34zDs5vVXM9TYP7htyunjie
bc1kv3a4p7uh56h7z0a68avj77wdf8k20tqqw809ff,1tAYLHGnJQBo83p6iB5ofo2NmL94
1xbAsYnM2tTUBnGrQG6quHjnQDE4,1jJB1harmZBKoce7VL5MKdxpfjL1D
3TpDZSXE5fiNyUDbD95Ke629UjtJaacK9T,37HEoJDEAcdDNHtQaGiSHGryqnoeSSB978
112w2xpMunhin3hLeACQpszCQ7s,3GV1MzftWMQJSvHSsGKJ816oBagohm6AMT
16LHgDK86cf1Mo3ooL4rxziyLpsTAHv,393WfnsyQDyhxWq7eg6dn9ev8rSEdRsFYJ
1T8t882hbcwNGJDbhS6JyeM1sbEfUq,1avpZDUtgtHAWPUUJYn4FpjsU8nz
1ZpgrryQJJ2SdWxeq45HvRj5Yv,1nfHzqHF5kBEhpSfRUa3RexFUdki
1S4TqjKRQjqebWxWaibBoh1aTWjJ,bc193ahaf42nf6vrnwhsy4pnvgpjn9gywdmkuwp0h6
1ec5u1pUU9YNUEJrifRp97Vub43,13fCEMHQDwuqA3LkaNGL1TasYa3ac
131tDa88XYU4aecTdPuSqQjLuhfQh1Fgt,32xvde1181pLEwJc3R3icoBEoQRVdRtZ49
1f18eApoeSLauNMBNFgFEJdWzacMM,bc1mmdkyl22q7h5gt536y0xdu2t5dferuw0eqafkej
bc1fe6eu3hr34waqcxry96esrd3pmzvysk09qnk7l6,3mjSjqsEMhLqnqQGc2qUntPC4cPHR6729v
1TKHKrCZYuWWWXSEs4DigEGMZsQN6g6,1SFbVNxKRgxtwNip2ycqfwhnEZJxN
3ArTcBaKAZUHHbxRKTvVUyzGEUVmbtcvSN,1fyxBed6R1wgitP7oQ8ZXqE74kBvCuGGK
3nnoFj5VXkWGGG3ZaKkDCBdTtSqp9cn8MC,1XRKEeCc22Bbj5jcG1tuuPDHpV2i7HPrim
1U9gtQs49H52e8G53zxKxB2ak,3QpcXPX1utWiNSea5bt7iTCaAFDzBe1TSH
1PD8MrnmtxFgWSpG5bpsygcpij,bc1mqxfc4sfwcdml0yzl8jd86dnq7qq686t9agp8y8
1ttzpiVBruUKu4VB6S1Rwcbw7Htacp,32xGc1gKH42JTXv7JTNDbgMTm1pTWrCBSq
3bHMkwkJkhMnGzNcXNE5qxv3eHkWVw5R8P,3vKDTnegeZ4cL74Ft5ZjvpAa2tnTCC8NhR
bc1xvn6e3zkhpez3369petg40dphdduq7nhq8ntmjx,bc18q3fycec62f4evwxuyqsf4m5enrswp6szqqgaxr
3rWWytkjgorMkd7A5s1Lyx4ptpjkNyKxmn,bc1scugrmuu4medzkjjw9wruhhnem5xzcmtpx9j8z4
1pWnUPu3MeUVCHYu8JYXrMaYH32rAovT9,39ubDYZ6xTZCZr5qg5WgFQhFG4QpN6omQZ
1FnZZug55hNvicZf1GbZ5CChyQq5TnhiHB,1fyxBed6R1wgitP7oQ8ZXqE74kBvCuGGK
bc1yplxc5x7y3jkr49fya72kf3d4ecctjkxxmg8508,1KijRmtxGxCmyffvgENdqZ9pWyLx
3anHkUwdGC5yqRuYZkDdyFqqtwzDZnwUYz,1v8xAAEGLpqdSXC19rDbAbt8Fk5Xqh
3AwFLfEUMuNXJFjrY7RBCpg1sECngqUk35,32mqPefaf8mGHviEFz3L5voJnbcQP9FED8
3C218HRnhvFB5zHSn1bfVhf6DKjjY7S8RC,bc1q6gjf7pmvqvw8v434pcaac26gcxqhnmeace37af
1a6Sn9LUkYGQShmUCPaZzXFGRga7QNCLfm,bc1alqzkrpe0886c0293e383c2ms5mqvlcu6c9drq5
1dErtVjv21PEd1g5UZVndXavvku7,3ErqSYsSs1JNGGL5uWRXCBgzeGx9CUJK6h
389C1hMETsSfKB9cMbhXXZnMWBTAcxDjht,132Psgz8X9wEF2vcMs46r7Y15CX2rPL9RM
bc1d9nr2mdmq6ztw9suja9whyhmh6ek7y50az8ayav,3Nq3SW1a8sV1aw3dDhLG4ApHszWvcttH4V
bc138qrczxqum3znpqfvz456m0zzpv37mja375zueg,bc1uwjvn632wt9xd26c3duuc849dckys20jchyp0ck
1hcZJ3gsdGMmUWJKnWijVkaXgTuJTj,112w2xpMunhin3hLeACQpszCQ7s
32xGc1gKH42JTXv7JTNDbgMTm1pTWrCBSq,1NYNx8PD7HsmzyYMDuHmdfgddWXE
bc144yvccdl40zsqsuej685efx4kxa7xuw3y4unlms,bc1v8c9y4nu0c3z7ryqltv7zfzfrj3kf7tkxarag79
3xP6ofLe6fURXfsfvE2ZMfXFH79WU6H68W,bc1k8mmwuqvfndly63m2p5xcmqkhyyugej856qt40g
33aQv6CKkmp6NhB1pUz5A2dWMsrzCgijtW,bc1t8gpdmcq4avnmhyneu5c9nfcdqzzuy5tvweaf32
1NwAyKYZRiMbNHrL3HK6o2QPQNWa,1b8NoamdPRzQ4FEK5gs7AY3fR
1EQ9NN9warLLEeVWR6amPR7u8MNg,3XPhU9s1vTgxg3vdxSvrLG6ePmkjbCLhBY
1mR91tRz5KgQ1zzSNLMSLTDexJFcZU,1XryMFzham8DpputWTMTSdCCpY
1Gwd7ARxtKmBk7oBThahmkhHn87hZEJTxL,1TkGqxLW8Gw7LU3Y6YkBAF5ULewEZVv
1mbAKKroGhNXM98HnQvADWqoZgx,191pNuFSBAAhep6F2VUDKHYqs
bc1ymefczc9vslks3n6cqt8s3cvua3acd7mjdc3gmy,1cDJGMgzqiBBeuZcZenyMsi62HW
3MTW7TC7iHjf9jX89guAbDsvU6QpimH3jP,193wsRxupwiCAzUsV6PTEa3HbqgH
3M4LF8CJ8Y92K2z5Kd42866gUFgeat35yg,1S8cDrTL47TqegSRCbyQ2vP3T
1fo89cVomdvacSagippjkgYsnykWnMEU,1xuiLUiRVwnRbHpfaisCjBJwAHAABAXD
38DrGBcyHV38u7hPeuJGRdMxguqXVTFu4g,3rqda97TGrRh5sgSQCqmQAvgtUwaBqq5zp
3Jypw3BFgmQm8tSNqoaNNkEiyByhmUy9W5,3B685AvwXhnamG468oepUh6KUSzsG8n4jB
1LbixhxDt41rPad2L3m9KejAEG,325zdJ9fbHWoj7AfWEHh1h1BopRD254rHL
1mStU6wuAyp8xooLwZhKPns6fn,1CvVUhQWSsVvPDTErTnsrxu9j2X4dc1Z
1WufsxieYp9tjVpqB1WH13hSNELx6Bf,371Hebfm3KuAu9ZtrvQY2xsbF9xmFtwJGA
bc1zf4pn7thavfn47akm843c0l99sdqgf0zvfzuppp,3tfDWuG74u8o41jiX9VNuCZZDVidEoRrJy
1sVpkJKYCLYg6MJRbpsxmVeKGKK9,1ENoQoaAtWsqTsDRCwhHAx4NwU1nY3hf
3KLS4s6qngpkeGn8nF4DNtfVqfVkXQsJT2,3emxoHh3xbQ6MUsUX9VRHzbPwRLrgoLB3P
3HpY7cSn2byrdMo3Hu4dcnBSW4RHqCN46c,3NjEs4Q6CTaqnRoqtyaMbDZfQh88cPZ5be
3L9HgP9rVRKmEwkGn12Kp6hDyv7Dgekndk,1HDAnoR69hyidT9vxQWKT3duvvKU4
3Aep2XospDSTaQKBU7ue3mhppw4vNef329,3WHN6fMH8R6dJPAc4j1318FSkCSyE52WdZ
1M3bAFd7wPEUXW1rX936iMCiLMm,bc1ukzlxfjek292rdx89ghnk44pzq37ykf5w7h8mmc
1Fe3fid2EaQXukNxPkXzJXz8iozBZt,1gYfwvFUN7Gct3Ac9ZFRuqJoqNjBEgrf
12DJaGikzQcALArKNsVAXBu1wLJE,3PvXak54hGFtYBuvcd3jhQKvcLc6rT5Xsc
bc1aexgckdeknyf4r5gclyuu3gnjyzf9fdguwawfur,1JbG3RhKKMHGoy6DnmYTt4HYuKZPUn1KgD
bc1gwvuzukmpq7hklsksawjdmnjvus5mee4ka2fvkc,15GvgEvFKVaPjmW9fr6HbvxkefcXEm5
1iy6AKQBWsMD3tQCX1tQqUYF4WhXk4hd,1ygkZLzFNZXWU1GQSviXYyJhqSi8dK5q
3eaLRAi3KGnNSuDrBX8mquPQGF7SsFvULB,1SSC6rJeGn7hNGyaymPdfZ1aw
1RqV52mHGYATkmY77mpNp3iYz6qkJzTM,1PS7uWdfZoUP15JNoHvEZvee5W3URkreC
bc1jf49vrmk5w3h4gkg6ec0tee0apdg6337mml36vs,17GvNvyta28ZqXWabMfiHb9Jqf
33F4396Z9vpr5zhR8SeUrqskViZF8uDQ7w,bc1m6z4g5t7d9llagfjf42a4ap2x00mzlqskux6u3h
bc1r2sqcglu6x040p5r6ql2qnsh9v9d26pfytx3ted,37DzCvoFUrLak3gqFgbkNnWLRysgvYq9rz
bc19l4u9zghkhqg5rmap86tfwlyy96vcess5d7rajd,3Yob4795TosRGtm6gDFR1XZ8rVXUXEooEG
1YvqWtZde8r3RF3PznjutoJS7Nu69,3JNGq1PxbJLABa1dZ5eqV7CYB1AhoydLtA
1pRS2X8dyd2ihtTaab5aQgQMS,bc1qyewx48h9h4wh69hfsgxldvejpq3dhhhxmyfawc
3XRQ7FwkHq79FbwjPzQLaQbjTBtgKTqK4b,1RqV52mHGYATkmY77mpNp3iYz6qkJzTM
1kP1MvNJyZycHaEym475nDaRW,bc125zjd8gqvddec0srmgf2gm3dcz6xaj4xtc6g7vx
bc1z95sa7qjnwkjarwtjpv6s00kneccyndgkg8yj4w,bc1yplxc5x7y3jkr49fya72kf3d4ecctjkxxmg8508
1JsgVJSitgS5Mcpgb8nn7LyLEjG,3fjGP5uhyKcPUHVzKhuSWAmrSNkTgy84by
1iFE5pP3xLKfj45UZw8DD6DLVs8rVjdSYE,1aiuQqHX6QuycqqrQAt7r3mQw6LSA
1zGyPAvCNdygL8qpTTsrVPun3ttkzsM,3LnhtNpq3xAWrnCu8MGdoUggECRitMQDnT
34qYpekDf7rh1SK3ae6Fk58JyAyfF3wuJX,bc1dzj4dqfzvhngzn3atv0r4frh7xm2n6r2kcfyn6f
1vuXhNy568p5ZSxEGKohjKG5C,3cs2PW3ABA3XQSTU47coXKgkTBPZV1EV6z
1Uso7ZQrZgqLNuMWmMadDTtn7nSvQR,1eiZ7BtBhfc6o7CdtPHD4A12F2gnAy
1QQzmQ1yNiAzr7yne8avrWsYUnm8,bc1d9acppexqq5tvedxcmwdnvwql5xdf9etl9k3tpm
3J5vuaqcTUg6Ncxe7o257FyugVSoYfnfXr,bc1lw0mckq0srjxeeydfrr52sz4gy6p7l343ew3qlt
15gQZnsadzgwjRAWVTyWXhT2AZv7r7NH,bc1mfgqpejajtft5rjjqae00p7sz89jx7ewpy0y8fk
185ADBXEzBFmgMm3Y4bco2mY2,bc12ur3lnrdnugyd4aaeqlahlvnquumh59ger3dsy4
1KijRmtxGxCmyffvgENdqZ9pWyLx,bc1uqkr6h26r9scapsvexp03wjf70urzgrrv3er0cz
33MdCzoCbdn5A538gzDVCjyYtwjnZnWrhZ,bc1vyldfx6da9666zrqxgcc0ds333xxr3wqftulfr8
1o34TaNLmTJXQa8WFBsSrQ5zBndup,1HAT1DRfVFQiMLRx6Mrcw25X62Ufe
1wZBFz22Q2uHGHqiz2Ui1B1PFCcrrgdwR6,bc18jzjms40w27j5m8j4l788uhxt95rpazkl0m4x0k
3aGgRMwZr1JZNUDNbQfc4UUR8Bv3cQ9ztL,bc18q02s0hv7fmry8eu8uaksdvjf8n74capvddl2tf
1QjhaQySteV9owMQt2p2agSzXeS6qb9Q,1tdsBPWYcDnCupCMH52cQQjGMmeaeAdom
bc1482k0hcmflzdcsf8hmm4xs8hzcmy3v27nxc5sta,bc15u0jsgzy8c2csg7qj7xydqx7ejlaespgx5t2zns
1xbgtubQN6SyEEp7RzMNfEmpjejW,1oQ4CqHXgDvmdyUZPvRUpz1esh
1XPnYmHAcTowoCSJeH72zMMfj,1Gg8apT2DH3qGkXDMrHXuQd5i
3r1FwV7AE5CfKQ1VVe5zME5afy9Ldqb5CV,1C3TCHaGpzYumBCgN62VPdcae
1ZoaKYguCbLaULzyj5ZCH2imR1EzXq,bc1uwyt3v4pdd3ex0l8ezcftrn9t8zuedhuxwr5sfs
3xoZ9KyLTmkSDLWTHwM8DhWx9kzp9Kk8KK,bc1pgvh7ele37r47lmsq938l4ps7e7lsh05zffhpka
bc1wv4ptzha50d57g7a9pdgdxggpfz4dgkmy8zjjs4,18JLULk17ggeGqZhDqrTV5C7Sd
bc1e7l4k3ff9kk9t8le80tjwlyuzvk0ddjy2zwsy63,bc1xndn5d752jtygtls0svg2cythkjehvhf7hns53c
1vxmfYUXVvXCo5ooZoBpUfPJREmYWU2,1eEcTvCVKpwY6BfF2uf2KCqLYXLe
bc1zeu76syrjvc9e9v9t7xqt8qze9q094fvy83vr27,1XTttwXNhJ6LJpyjko23m14L8fK6dX
bc1v7lkthcu66wfe7r5vpwl9zdxa9nt5lppde3ezyh,1mBr81EweJoFJuJHnNDSArpXKV58LM6
bc1vh3mq9c2vy3dhm3y04emm9p5kw8t2turrwvzkyj,17ya3kbr1JfHpKTdp3gm9ZigzP
1tgFLJpYBM2KdbM3jF56jdSGy,3jXmBy9ZykxZXgEdYnsx8vroxhEqSiiFye
35eWUqwmvwoF39rUR6HFKdohMgQ8UNodjr,1rR7iSuK98daiPbJWRn7esYsRtRpQjKK
3t6rLZmNimMQrsy3brsVDT9iTMFBn9REdr,1Yx2RvPKNT2ZrJhV8iV7gfgaUrWPVycMy
bc1dqjxlfshe0xmr6jmdv5q70t2ppe0tnk4q0qypuw,3xbY7FymC9C93tU7SxVfCCjW7qEFsMdj5s
bc1f9w68taqw4e73fgngnvgy5e763u5gsy8uy3agf2,1hUDUmpoNQp11MZ9SduMyCHDGBrF
bc1rdnswqgkd608kmuvl0m9vt2zekyhmmetqe3r5rm,bc10leurs8jqkac39hlj4x68p96xfpwnphhtcc6dk6
1dBUxCzRu7sG169gktuhyz8PAE8zzE96,3pS2hWzz7YCbgYCbCMWgFujSvrX9Lc8XXi
bc1fxe5c708l6daas3yhz6qjmw7sr5z42lmv48cmvn,3LmX3KQwewnDBxKVaUc9HAoAdTdWKWxJpg
bc12ur3lnrdnugyd4aaeqlahlvnquumh59ger3dsy4,1fNG8oQY3R5LPgyr9gSBRN8ff8pE
3LnhtNpq3xAWrnCu8MGdoUggECRitMQDnT,1X9ikcdVytjEXdhpEG7RhhyP6eD9mA9mNL
bc167w3v4er8jp5g687axkd49335jx28f83vynv6vg,bc1405fumq5srqhahqh3dvs2lx5x84wfwc4s7pxlmx
1zzZBWwDhhqBdrqJEGJPTdJoZDaq,1mc3j7K2nBGXoZ8sw1serN4HA
bc1z6plehtwqzs79uw3a3umcu4mn0w0rjl490cxkay,3BAa1kivgrFVViLnPWcx2GETRxvpT2KekE
3swRP2FgtCycgBVHM5rEfu2RG1tETYVWTv,1QiSbujTqUtvpHa2k5neCvmw8HV2iWic
142AaBxYoT2VBU28VhY86t4jqk,3GgWtuVtKSP7BAz97PbUoKpdF64qAGYFBP
1KMxuVqgKkcyGSJRApaiq2Q91Q8ZK,bc1d866mqel09s9k3y32gvdx2l59qk407l9qdqsh82
3rK2dVYPACiWHEBac8Zg3B6z9poKAEhioH,bc1ja7etslr0fzh0v9z3e5yzkvyg9n0szpkluhtar3
1C66qyDju7Yrr8nS2yax4BVdLY1AX36t,3UMAsV4XDdvoHTf68xr2zdMs1aU7J1dYSQ
bc1mwjed8337pvag9th63rnh8w9c9m9j685fc6p6kw,1faHP11Ue7ksLTV2G711X7PAiaRYU
1jJZ6XjtkZkJYHztLP9kXLg2RK199LMTnp,bc1n6l4udhyr6up6pqs3u7gcgzunkxf93kcphks9ke
3sCxvhNZbPZCCBH6mdGGShFfnTtrVkaHWe,1Y8XxUZTadKYksRRNmmFMxdtK
bc1v76je78qred33y6utfx66dlq44z5726l7xrf4mt,1Sjd7us2tApuCAv77FvMQEt7mYyf
bc1v46w90c72ft32lm9ehq39f4g5ymesvd09y6lkgw,1qjkrqnCEhPqcpfNJg756kJhfF
1G4peh13r9sFrfrSwi2szQ3NPUZkRC,1EGg2CyL5Ho6BLGQdBsQwcWLtvD
3jxNNJ2ec6jrU6VfiuJvqApNURkZLTXG2Z,1X1HkQFckGa11jx6wnuFTcKdobxLu
31P8bKHtUqXb1AxQZX8f6YZXDCdhxAbSYk,1fXhFNc5vDVt5o4ZwRNipG35Jwx6jXB
bc1xvn6e3zkhpez3369petg40dphdduq7nhq8ntmjx,bc14nfwzdnw66zvgkpwa5stnrh5y94x663kehvx6gv
34h2Rha8aLV9wyCuPpwSr2Ru8sLS4Yjw8b,3HxGvoQgbyxoG4jmy7teEE7VyjVf5FQARj
1sYnT4SyMA5Gf7iundsa23ujGs7vRZLZ,1AmCANmjy7haHB2VBqUzd4Re39yf9p
3hC8cZoixpq1eRr7Z5rH6Y7jMxyjoYaKhQ,1x8s5TxNtZESG1HDmD3CRZWopMd
3YFskU8sYizQhhuULo4Z9R74dnEM2weSgA,1RCg6kkD6dk8HWjh61rHrjDPiuTfbAB3t4
3nF86bpLn19kfcXExdAjFPSqbZNszMmV8o,1VmCcYds8F8poY7sftoJVhMQo
bc1z7s5xz9luwgg965dna45fsxd8shzpldr5k33gl8,3VJYBZxXKvvwHm7wPVaax9xssM6X57yX3s
1pkNaXouh2V8eJ5BXqfJ8WNqpkKPSyY,131s6AvpDtJKzuhMgdWop58GVxaYUdUHm
1gF4wYEe58LXBuxgsR665DLpmrLWG6M,1oPJtcLhuCaGYhYiVrhQ5WmEpoz
1ZpgrryQJJ2SdWxeq45HvRj5Yv,1nCsLPMiPLLgU1wy5aD4hZBhPD5
1QacEmgez6gpy5Js3waxDw2FxYHcP9,3aNJRASbtyBxUwhQyHiBioUFJTZA3CfWMu
15t1MKPqRYBUz5b1DvxQHimRQeY955vyAK,37biXwKbWdMNV6wjCsT5vXqcJsqhVYggsk
1VrRZudzqHx7JZoznLEsujXQDe,3PnxDVu5L7dYppQQ7SJn159WAui9grjDuT
1DXqSvcFe93mshjik8rezF15yJQxLc,bc1d3clt3qu4l634tezufxc422yayt6kt5sk3dnqrk
1bUXrhrFBwYzohenzsPqTkrmVmGH7dv9A1,1fUE3f1JnJfHuxB4kzsbJbZ6TiBnUwa
bc1awva8qd4ugedzt3c6vfyqp9se3p200a8c9rhv33,1WsgMxUdhhuDAFPqMqEKxWGcQMi4e4HKgR
1FJ8MC61d6QwcHdFvtDdBosDHyQox,3n5UBLNWwGauH7KV59iSyWT3bndiW1CFSa
3kxQE4ZeYuNeddJzQw4hPuLHWaKqADyZzK,3Yt2T1sxHKKC3S3ntv2gqavaQ9UKZ76twu
3eyrgfZRMhn8WYfi2KFrhpgSSZ52dCJbnN,1Fe3fid2EaQXukNxPkXzJXz8iozBZt
34cmspBahSqgeDAShRLxyyoRN1pjPLRdNe,bc15u0jsgzy8c2csg7qj7xydqx7ejlaespgx5t2zns
1Vu8auVKNvQBJDsiJoYyijrSpTYM2f,3nXByn1G3Gmza4pnQTWMZFxBqiKQj2K83m
bc1568xyx6mf535zj4hmee2jex9yt8gzacu3pgcj09,1ECxgQ2KDnbBzMWZDTFoWtFwELdqDBEJr9
31qLX8v9Zv7iajZJuYKoKPjSkxQQP5SL6B,1WPeombkSszqx2Grr1zvXWkRXY
1b8NoamdPRzQ4FEK5gs7AY3fR,1PJW2kqpqCMYUN4CRJiNtzqGHT
3xP6ofLe6fURXfsfvE2ZMfXFH79WU6H68W,1YHqCs2cY2T22PmMGMpmSHixD
bc1nm3qlg73m7fvt2kf9c67d8ssrshz33asetaj3y9,163tkcsotrWqPz2QqSDFjwmcwdvTp6sS3V
1N4UbSgSeUCMtFeM84XXNdgb5cdWX9Y,1ynKHnNwCzBm2jwDoq5rog9JF9RNTbaX
1fiDcfWQNB6EyWRQp2qLmtzor,1vJznXX2WBFmKVAb9mX1eFW2FMKxy
bc1h7rl0wv9zpdssxdxvzsfvyp5jhlw2fyqj408das,1j1sCdw9fhtJNz5jr866DQj8w9VuCJ6r
1czS93pCNkr74xvsp1h7T2DYCXGVj9,3ZHt27khLX2dkdx6LT44C92ytJNZPGixGK
1hUDUmpoNQp11MZ9SduMyCHDGBrF,1xnmSj8mik7RCczD3RFerXpwhg8tUbCLL2
1rcveVA53wDMc7K5oYhoVRQqxX8g,1Uso7ZQrZgqLNuMWmMadDTtn7nSvQR
31e4ihh1BhVurKqgdRv444sXNJJsDb6TjL,17ya3kbr1JfHpKTdp3gm9ZigzP
1FB9m5xdTZagtezKyKSUdobM5T3,16LHgDK86cf1Mo3ooL4rxziyLpsTAHv
1cvdZaLPvRSJLGuvkJF5ucPvbkFhrG,bc1vmm9pnmutjuedrr0l0fwfhdwseyvjf274cjng4s
13WcEDbinQYddeBr8WiPgMBGL7TTiN7RCi,3UzBoQNqQYn5iPRSZwpHgP5tpNULYWZnHn
bc1qmwfftzzc5hf88q99zf6lejxlksj89hn3epwnzh,3xxUNTSE9t8ggNhSLStW7qq3MqgMFkFUiC
1DzW9Tr9pybhCYb5UabWXmTMNbU844,1hpiwHBHPkVbiK2eSb92bSB46K2DH14R
37NzTqZK1PSQccn4rbDszWgXBAThnvuCm3,bc1fxe5c708l6daas3yhz6qjmw7sr5z42lmv48cmvn
1wU5Fn19FqkFFRopU2mcjedfbYe,1v4VYxE7yXTLGNuPuehy7XXmqcFZe8j
1ydzbsdH4weo5jsmWVCetN8EvJNtHdwv,1oNRR23K2tgzvK1wABy4Z5PHmQ
1zDBfVyP1S6ChneK3JyW1wt1Q9dx,1csoC6wyVXd8zfNXa1yxPcSP8P8iQ1B
3gMvqgd5LD74fMCVUX3uEmvYBNUV37EE1v,1rrSCo3Ya95Q1RMKTWxLfXQLm
18qiNhh8oZ3WYzedEvjxrJzBLsCN,3Hc7kK33qfa7fgb4Z3SVjduZvCJN61itqT
bc1zwfef6ethz6t0rud0uaq9473uy7f00y6xylmn0z,1yKb2XAdtQzfMtrm4PL2gVXs1X
bc1z0v6wz0ne86qrw3ngguzm5cppvk0l8nr3gmp8zg,36EjEUcQyL1cQ4RH1D2kURi6xPjP3HZDzH
3HnVcnqyMQAYugUE167aVxn5iueTyG3psr,1wR14QtyRyPxs3EP9aoM4annJ3xP
1ALrCX7s2BJMUx6N4ke6JZaCQ,bc1232nykm7a6ew683zwlgtz9pratvrafvcsuk4jel
1Tabs9pAF5LV81hqXLkRRghxGB,12vmxAaeyS7pnwHHQwUGZMAuZv
bc1vvxnpyytezrkl3hzqrl2fmnqlrrzmskemrzhwd2,1sy2Bf4roipMQCeP2gZgoNGBo68w869
3XgGjRnQxcixr9psw7RGJs4xjEs7k85Xfr,bc1n8xapq3ymvt8e0702v85z0y6zjaad8kw4kvq5q8
1T8t882hbcwNGJDbhS6JyeM1sbEfUq,1G8YB9wSACvQmPqMNrJpztaVxGtpeRxB
3BXABMZMk2mnw5DyZFX8jKhzzZRcijAEoa,1Ld3FmWERFtqs8RPLGrp7nRD8u
38xouyWWU8Dp6MDkqnNjwUBYBp9izcEEqe,1B8tcwTdT8ck1iLr5nZcrG1naMUq
3rHccVCUHVAHTxaLrGmSFATQGvBYU76ybq,12ENdPfrYPdALUcSNLmR8vVAHc68
1yGW8Dqd4gBDX9tqrVpiQV4AVqoTE8U,bc15nzvhqml5q9wmchf9sm7ql83scdefu2jhzc33h6
1RPRmQyMoym2hDiJNKnKZCDWr7FKU,1LMrRtmPDc59dVo9sYyn66KwAHN
bc1cktaxycun59tj3zqpq5ewv6vwkvh48n78zlgtgn,1kLLik1eQtuD2meZFpPYEBdX4zVf5Vf7H
17RqfbZvS6L32cXK6XcK47sbumymTTc,1ZEHFQBykzYZn7buKe8PLRpGmL
bc1wsnm2ae638z4jkvr5mz8g2l0tzslk6mff9lg6gd,1DBeM6vU5Upi2y8wpMY737a7x
3tmnHsdybmfXjsRMYTHsy6KnmaXLdysDgD,31qLX8v9Zv7iajZJuYKoKPjSkxQQP5SL6B
1U3K2yYNFe4MKhYFxzabmAAQ9U,bc1upcj26rr75ra2gyxw9t32s05ajayragpr97ezf7
126TvB7gbuPDrqPzpky8EA3XwMB,bc1u5t0ydlh3w3ql007ftyrl4lq7n5efnrsjp0lldl
bc1adcldynhf00jeyf3u9h8y3cmv4jy0dtl8vvykry,16JDx6Dejziz4S5gd4zEomGdhssDwdwA
11EFsDU1XVgVLAnrtfyu2JdDy8v3EpUDJv,15oVs7oriijmibKEEXTVa1t9nPSu
bc1gdzjgn5xsxjc4h6k6nznkdjn22mnex6cdxy8jur,1FWfUEPvxZsxkor23eFiVK7nJQK
1bq1bGQtaTrCLdYCJs9ZCKNmaVj,3EL8pKMwsTwCenWKBQUj1sXcDC8YNWz7NS
1DzW9Tr9pybhCYb5UabWXmTMNbU844,3uKHETFknAZTYtc8GCbhH87po52E1MmrEK
1Yr3VRqkTN7oXzGhKrHHJVEhNeecFmU6,1WGyaJvzpRrxp4D8KDVfsMwNhAuffEW
bc1e8rzvk8m96hu24cgam8fyt6mjg7wzv5xpl9dlks,329yzZouaPPx4PULxeJAgBpb2CuPCHXTN1
bc1ghvdawmpmyt3veu7rfjzkxqus73zxxvrduk0xxz,3dtcRPCiXGcdea2r6Xm8QsGmDEsKbBUk6b
bc1ucre3l4wt78j5x8p7pt2mmtygdk9ws589kj2a9q,1M1v7HDscKARULMEn2SkJtCLSRs
bc179c6l9zgfgns60myryjzwhaqzy9ry7nqeght7tl,bc1ckk4u428sxs2mgy2m30srltc3lppennuwt3apwy
1N4UbSgSeUCMtFeM84XXNdgb5cdWX9Y,1rrSCo3Ya95Q1RMKTWxLfXQLm
1LREDT9kLuBfRM1t5K121kQ9o1T,1XRKEeCc22Bbj5jcG1tuuPDHpV2i7HPrim
1v2e6TqkS7BhsAuqDDupk6erNXTcNM6x,3ctoU3p2ECAmzGobRx5tUP4iTk9ie95Nk7
bc1dmwhwzwyw43k0d25n0ydt0apqyzn2ht64cvs9cw,3J4XRZpTZw4jfRmaX1iNVWAajbzJnVuTWT
3HpY7cSn2byrdMo3Hu4dcnBSW4RHqCN46c,1YagVBzqwCMFGaksZmpqM2zztAD1u613h
3sGyfhDkVmWb2KUUperDS1Kd3bcjYKmpE4,bc14vpqgvstyfe5pd9aemh2prr2jnup6t7twary0qr
329yzZouaPPx4PULxeJAgBpb2CuPCHXTN1,bc12zywemsyemdt7tcxzn2t203r37nld7lkntt5j2w
1tY5PSd5T8HUnB7JUtxwAa22w746yU9,1f18eApoeSLauNMBNFgFEJdWzacMM
1fpo8aDsRVn7huAHa7Wkm12BEXW,3rWWytkjgorMkd7A5s1Lyx4ptpjkNyKxmn
3eyrgfZRMhn8WYfi2KFrhpgSSZ52dCJbnN,bc1aevmp44d0te2whsuewtedn82ewkkgkm4rtrul3e
3tmnHsdybmfXjsRMYTHsy6KnmaXLdysDgD,3ASRtrYTWG8PShy4swoMSQVBFsYoSfo6PF
3HxGvoQgbyxoG4jmy7teEE7VyjVf5FQARj,1cMYDENEYfaCtUdaxrV45JmmCJhDjoipya
3QAgjYs9fRM6h4SpoWSeHHKGvC1enpmyjU,bc1tgydf8ehqguth58fj4d9egwqly4s0zpgsmscg55
1dGa2RMqwSyrqWNwXT3ksQm6LaMg,1GEuU2a6BPe9KRgV7QJ6Gv6TWp
131s6AvpDtJKzuhMgdWop58GVxaYUdUHm,bc1gpccl0u8cfxy6ejzfs03enrck832j8gjw09mtu7
3LmoTb3NJiW5GcWDpLQH3MFLZaSBNF9Sb6,1CDjAgosvXXHKCUyp9sasW3mytkCjq
bc173vmxmpc8msxypy2gp37qnqwewx753a63xuucl5,3Crv5CCnz19TzCxk4W24n3hgeXGLHep61g
bc1gh3097vd7gjcq7rx6kuf8epnvn7l3c6gjur4cc9,bc1kxvm2rvl83kq3p20xr5q2jw5szqvq2m2wjvj3g0
bc1usy4cxhscjsp33kl9945m8ak37dxplvvsd02hfz,1fiDcfWQNB6EyWRQp2qLmtzor
bc1tnjl8uys5pkc2u8rzg0cvqqrcycdmudhm3ghvy8,3Xw443rftugzVVFCkuq6sbPbHmnBrCuwHY
3CyjGdiBPbTmaNStADKZG4gtTivJ9k8Gsg,14yG1sYwRzTdBVq3xFTX3Q92njqP1eJds
1uBgU3T6BMz6r4bevRe3N3my8ouAkyJ,3EX5KYtoaktPWxEnBHM5MKsZC76e4hYkXR
1rrSCo3Ya95Q1RMKTWxLfXQLm,bc1kkedaryqtkywlsl9fhrykkfxldcrq0dxp4j0apf
1zQkxN8qeLdBz1fno7m4pRRrTZnykd5wr,bc1wndzmpgusz6fyw9xu6nwqfag284vqth4ns60xq0
3BrWoL7EZVznmmZtrsc73woxkyncr6ZWA7,1eRFxus8Qzdvf1xG2zj5jpakMR5gbZ
bc1r0qh04mafsk3tmmmukhp6tclw3exvt2ck6lr70j,3n5BX3RoTWXvCDXJs9GuthM4DNmaK2jnUe
3n5UBLNWwGauH7KV59iSyWT3bndiW1CFSa,1k6mJ8zh54RPSwS9hUX4MGtLyjPd
1xuiLUiRVwnRbHpfaisCjBJwAHAABAXD,1GVn61ysMf1N8wHf9aBaNMk5igHV8Rq
bc1ytlpnv86ve039v5xztyrxqtvdvqsr2yu979gs4l,1Uh2PLKBNvAiF26MHY2Kg6EWiUV
bc1qmwfftzzc5hf88q99zf6lejxlksj89hn3epwnzh,1iG1djH1m5zN37iD5BKv6sCcWN
1Eivsa8VFbbxx6jDuVwSLhn1akd,3JTc4BWDpKm7HAmRUB1BnpEPD4zu15439J
bc13wvjnq3c2ev6upy7c2cw602l05tehrrgwe72nhn,3crdqscS3741y3v4t1ookuEAVs1YdcKitE
1Ec1TYmH577ERK76rmCeb1zFvP2t,3V6yUqvNRZD9GwaR9LPqVegFpyeVAoAiVv
3x8wAqc3PwdXCgU8fqeQ4HVPLDwnFhX9v3,1CzSUV9M7s5PDv7mGMtG2v2uHSpsUKpnk
1ekw2MYua1PnJVNP3CKDFT9JN,3iNk77ujGpgE4ZX4EPmeRmbMYjyAjBdbZD
1mJHEJmrahWUuuiYnWxwzq6a8NhQh9Z,1W9dErt1rsnjWiPUHuqMAFvxGRpDYM4bD
bc12gzadlyerg3q8az2t90t24p65k3smex32mrl0nq,bc14gumndd2d96a2m0w3qw7c7xsnd8egvvy5c2fr5n
bc178pn2fu3kpjrpukqcxpcjpju8g46kps07s4v24y,bc1jv8e7892q99e7tgxn5quz9ztwmxll9478etw39n
3vF21vgyAa9ouaMi65Ps8Tah6ouBQ1WGGv,1kozWJxQ3YtpnFho74kkyVW6zj9uwaR
bc1p59mmmz08lp85v8wewmwr05rd3qznnfsx47tp8w,33i2BZhWECeopefh6RmUrxm8Qb5F9HVLAM
39ubDYZ6xTZCZr5qg5WgFQhFG4QpN6omQZ,1dwUDhdekyGc17A4z3veJe1hva
1FnZZug55hNvicZf1GbZ5CChyQq5TnhiHB,1YY5RkmbcY9Cugs9xNWcCcg2YG8mL2
1HSequn1dQCvZDeaBkpLErVPtGQMG8WM,bc1khxg47xkelpjm3kekhfzt63tuh325djtlcy4u4d
1CK9Wy2cH5nEL8Hqp64sXBB47Z5,3HbcrmkUEhUMXjNC3uoDJPvCPUWgzEWEdq
bc1z0v6wz0ne86qrw3ngguzm5cppvk0l8nr3gmp8zg,3FkwAdBacaKWZBekcCJR9tETp5kN4DvjUh
19Zm1A6YPDUNTFvPKwQKHgsbXMfy,1yGW8Dqd4gBDX9tqrVpiQV4AVqoTE8U
3nFvpYx5bUwY92uKfcCgx6x82BX4f6sBXN,1hcZJ3gsdGMmUWJKnWijVkaXgTuJTj
3MVj1ijhNhpXmcMq9SJWZxLDGSdmjtacSd,1nMkKyC9cN6zfwZuZ2ogfoC4YYDzJVTd3y
bc193ahaf42nf6vrnwhsy4pnvgpjn9gywdmkuwp0h6,1YXvp4H3CkFLnyWW1nxYrhLE5V
19Qctkoxu94WrVQYtxPqWN2ARHsvG75EF,1TqhjipBqFiLjxKbS6qNkzoqD
bc1kkkeyy8ra4fks4qdpt9dw327nsjr9kn93lc4r9z,1owYGFYYqKp4Snuj62K9x3EMDcGj3UUFwY
1XApdUCTdDzv73Zrz29CGR7x8P,13Ba1fNLk1KT86XmbUZYm7pne
bc1xvjcvvqakkwqjjq7gspwprntqe29632hfgkkxxs,3a71egKN9eFrRNGgkQnUNZFJLhjrfkShAD
3R2U2KaK6VhCVpfAJyCdy5rDGJaodxiabG,36TtLSdLAN3WnMiRwYtL4mviAHRwUr5ZjC
bc1xcxqju4xl2hd7auftd03fwqfe58k6tecdmf6zfd,1dGa2RMqwSyrqWNwXT3ksQm6LaMg
bc15n78ekysngrlakjhtfkll9u0hehhu85whyvcyw4,bc1tmvrg4lztwt3z05tzsz8edsm6u9250ml5edxmza
1LTDPKYop8UPgTCtH1aED8C1Vot,3SHzSpyUQK7AQVfQm36F7msp1sT4XdVS3G
3AVnMn71bEVEzZnAoiJnfSWYHQjFvL2Psv,37XChDhYmTi2wR883FLY8jpo9gbdZacrdo
3vu3xpZGjz2W9QJxkYgywJkzdvd1RkPjNs,3Lym4M9Y7VKZeMtj2NjF3hZYVZYKUsbrAX
1WU33ftNd6iG9N8QoWzN3JAaj,1hGoq6arfhX5MxrEbA7BD47mhPwFW
3pgs2oznCHTFsPAbC6bLdfuvM5nsAmgZSM,1hcZJ3gsdGMmUWJKnWijVkaXgTuJTj
1jKH6yBnFud5iFftyUirfCUSdXJ,3r5gHyUEmMeAcLiTBtBG78auKaCxLy5DZ2
39CmC7PVzkkQamA41GnH6FZrphhJDUcvfq,1WufsxieYp9tjVpqB1WH13hSNELx6Bf
bc13sukhny6hy6xn5efnx0pxrk9qwpj69wjj4lmth5,bc1v8c9y4nu0c3z7ryqltv7zfzfrj3kf7tkxarag79
1vrUhBg7qyRWQmKUXVMHi5VPTjgq,3ZSuZiQepjhnfVvaHZL73v1PtAas6ARsQm
bc1nvr6nq372wsmf9wxcu2txazhm09c5c8rpz7qyzx,3xsJGg5MxwtragdaFy14eQriRjbixySa6P
1PRhW741aVW5UWfMqq8MFbzidHcb8Y4R,1eNKquaygj1CPZ66EfUUUJBmGyEyTGrFhw
3jxNNJ2ec6jrU6VfiuJvqApNURkZLTXG2Z,39ow5ANmstnhAXtqnrBeVDzcsKpHuoa1d4
34CSjKN975zGVQFv2a1YvJCy8Qjrv4wMpv,1hbnNRmNkazvPEeyXcasnEg3CHpDph
bc1leygz74smy2yvv9fsw40ndnejxpen6633eemxrl,3Cy962bS5AhYguwxNKbrMHApXN7Q8v5yNb
1pDD2GxAQPauXTrxpker96LAFc,3weYo4teyxG6LvPmA8TG3eSpkuBTmw4SLz
3ErWJ2UQ1Y7h9Q1qZhLhbjNWSTPtyaLDkZ,3sDkVxHJWbT9hfa5QnjQfPPdBRfjW8xWem
1peDT8H24vY9XR5J6wmLM7skm3waKPKf9t,3eMiVZ1Sm3RNfudsaxcYmvfbTbRApqE7Ys
1MPZ9wiqDF8gLqaMvsdmsLNuW4ueXA,3bHMkwkJkhMnGzNcXNE5qxv3eHkWVw5R8P
1mZrAz2hFqNhJQhw7jR4Lz1oHJMdc,1GfKDxLv8vc11BZhVP5seYtpS8yNbPqp
1x8s5TxNtZESG1HDmD3CRZWopMd,1YvLXxAUkVuKo5e54FNBXuhu1TFy4TXsB
1EzCiHSZw47wrpymzuQ8ZyY2L2DKnsuaAG,3n3BDkFR3Jxrj3Pi3GWwM5RE3ej3beBE6i
1EzCiHSZw47wrpymzuQ8ZyY2L2DKnsuaAG,39CmC7PVzkkQamA41GnH6FZrphhJDUcvfq
3M1T74xGtW2joE1EXFnxz1VPLKH25Cbp89,bc1gqrvetr85sy4xdxr45ljxr5ra674njq20ua7sd6
1TkEz2JnrDQ18snwSWThPve3ah,1MfEH5CVLfh9ZoxAKnieHMgLUSmV7e
3UpHeM4qcLyK9yP8nozU6bHuAdbVzzLWP6,3p3NtDYKxW3wsJMXSX3gMVWGazNm2jxtwX
1mc3j7K2nBGXoZ8sw1serN4HA,1SqoLahok3CoA59Dcgr3hoXpyk6PaNpyEb
bc1cec39qntgnsvw2w8sdsf25c646llxu0x9vfpr5f,3xq4bNQsTtJsvJhR6gykLbM19itzxQexsa
1ypivnswD1g7bP8pCnJvUoBNHZvL8Ba,3ESpYc9tkisx3qFdRAisVHX6jxsErVhS47
1JsgVJSitgS5Mcpgb8nn7LyLEjG,1HHGX5UgvDq3R6bpzLSw5MnCqnW
bc174m0ecnewnfngmtvqzyp984rnm9k5z9t63l0hhj,3nnoFj5VXkWGGG3ZaKkDCBdTtSqp9cn8MC
bc1df48yy7k96mt2dhmvqr76f8wutn085tk6gah3mx,14SEM8bAf2YuvHACwFnDbEH2Qi
32TJRFjuREEyyvMJsCdmxGJZgMqRLpDm31,1Fm7GrSZiTuwPohY4yqb7rkdrWuAag4
bc18q3fycec62f4evwxuyqsf4m5enrswp6szqqgaxr,365SSR436MUp2aLrW7sK3ctRCWJeisqppZ
3xoZ9KyLTmkSDLWTHwM8DhWx9kzp9Kk8KK,1m9JLN1bg4WqrRCCunLfhybLaxcRATn3D
3CT22oUPUAq16YRUZiZ9ja7yyQCmnSBeqk,31P8bKHtUqXb1AxQZX8f6YZXDCdhxAbSYk
3r1Sq3ydRD6jdUhVPHcf9aC2vpACYFm3av,1Lt8fAbiD2iqUozdoQBdPb4kGrV
3oet3bBjwW5U48fKhxHnjwnVZtZxrANHqL,bc1aexgckdeknyf4r5gclyuu3gnjyzf9fdguwawfur
389C1hMETsSfKB9cMbhXXZnMWBTAcxDjht,bc17emvplwal369sct0m7ekqr2xejmpnaxdra75f9p
3FdBkR7eMTftABQLAzSMKzKNmRjcZDmvFx,bc180r2flrtar2qwk05g42pnw7laeymefeh3nzg8cv
1oDXN2MmThqYHkg8iVZH4zofL1eCC,13kZbb7rFFDkexFf4LPCMJPC1C
3YFskU8sYizQhhuULo4Z9R74dnEM2weSgA,bc1vh3mq9c2vy3dhm3y04emm9p5kw8t2turrwvzkyj
1odrBPMQk4he43FVELdNgj8q1sgRJU64u,3meeJSxEFv7c4ffB181VMWpGNksj7uLRXG
bc1gqrvetr85sy4xdxr45ljxr5ra674njq20ua7sd6,1yrjbZHVVbcgpViXRK4tRUVwMh2HCLE
3fn2jVVt763hPzjTFmpMJjwTUUApMGTC1c,1TwWHG4hrCKuDMwJtcerCzKeu
3rzs1GB1YeReiTapQmyqfnp4ZWsj2cwDqb,1Ho1asMigJq3oBucHUfdP8LznWGCMjiGBE
bc14gumndd2d96a2m0w3qw7c7xsnd8egvvy5c2fr5n,1bN3QQ35Jp8UcJ6eYpZtPHCJyMh5
3Czin23RYo1DoWLA7FUKpvsqu9NyDA7Q1K,bc1jv8e7892q99e7tgxn5quz9ztwmxll9478etw39n
bc1ztqj8wrz77q6h87sny369ry84hz30uep08y9u5x,1QurtRjpze4VTBeNFiypa98VSaa
1wNt9CzMeMhq12QFY4vVNwNMHrtb,1cz3jMTQTqHU8Bmvw5tbNePSWbw6JLZuaq
17VYTKwf7KQtQBHDvBmujeVjLEUPP,1Hkrq2KWgGradDHy4o9irwEjvnrjJpuA2P
bc1mjtm40n7nv49xjw8hr7ezjz2ruz5pq2tcpmvj76,bc1jv8e7892q99e7tgxn5quz9ztwmxll9478etw39n
1aATrGHseYuLDose24YYMwLFtpji2M,3FdQ7WjVftKgkLBvj58p9gdAFUeRpx1oLT
1cckLLzqpn2unpqt2rVg28Js2kfa,1hVxLXcevxdVtVZTCD7kSDmeHP1P
1wUbqPMdaW3jZJP89ZHScxKgL,3vgJYoX69Em8KNTQShaqvhuqsfRBYSfSib
1aNuADYvkHZWACcLKG7H2beWQB,15srcWTZntToeKU947uLiWBFSSXAN
1W5iLixgwoxZSbivWy5QWUMF5zTxDLY,bc1ud6rtj4gqum50rqktzyacglkvr70knu3a4x0jsh
bc1rsa9snwmasetfkd28tr09649d4gga7lumj39tre,1LLuXjhDaTvT37RyYxMadsQeEPn
39CmC7PVzkkQamA41GnH6FZrphhJDUcvfq,1V4A7BcefygqwTHFAaASto3yHKjwtC92
1ksC7uunDxUTJ2mKW8yCYyHYfRcPr,1RPyfK4KSeAoG7kQHqkYhYHU3f
1x8s5TxNtZESG1HDmD3CRZWopMd,1ocg4PdopUb6GNcjvQfHx4mBV1rvXC
127fB9bNNb2hds1RLe6uJUB2oTaSQ,3BPMGKz59hAh4LNAxk5nmne1DTFBQSdNmj
1tTp5W6tvF2rFMyDBzQhCfKT7RLxg8SpcU,1QPtVxCJZ54mp22F2noTN2xz8fNmYJ
36TtLSdLAN3WnMiRwYtL4mviAHRwUr5ZjC,1yQDPRb5Z4wUMcfoio1WPyf8t3BAVL
1qTBsRRJQVZ5atXhbaaPyA3me15zMo,16CbuLUzWPQSiQd99efacxk1c
1U3CzYZ8MYg2o5UJQ3Fe63296BGDTJa,bc1guaaeupvzr8qg5ayt5xp0cdel48tt8t3sygxjws
18hGXXhc7jdzVgwzHcKXzM8ZXdVBciy1,bc13el3zc6nemyer0c49ruwt7wwhu44603amnxx9ly
bc13gqwarqshvmr905hp6p8d3twvk5fzplzajq4pr3,3FahsS9449tiohY6WveWbmy9t9XW5GK8Eu
1YK1q4tLE3brjktshU1N5zj1Yd2Dh,1ALTxfR2ytAm1MU1sU32gHEWkm
3HunBSiVcnCnrRm1b9YffhZ9hU6Dfn3brk,3meeJSxEFv7c4ffB181VMWpGNksj7uLRXG
bc1568xyx6mf535zj4hmee2jex9yt8gzacu3pgcj09,3vaqqyL1KZnquKvJZGKVjZhJXvDHo85HR6
1RCg6kkD6dk8HWjh61rHrjDPiuTfbAB3t4,3yDRCrBYvQ5Hb1AZWvqGVJaZGxEn4mMG2R
bc1cktaxycun59tj3zqpq5ewv6vwkvh48n78zlgtgn,1E9ULgPHv4Pcak29SKBAoKURwaFm
bc1vf4stknm8h7t5yzgkpg654lu589js74ljj9yjsa,bc1xhvu8qr7ejswygad7c8605vrrk3dgxaacr7c29w
bc13el3zc6nemyer0c49ruwt7wwhu44603amnxx9ly,1nK7kukHDahZPnWkcJQ3SUffVjPYN
14pUsnfpv2zvZ155FQc4WntiYhkU,1yNgFCygXyQjLu5G9qtKtNjjw
bc1d3e3jd344uzwyd7ywvzlq3yskxn2kwrrns0txa0,1pWnUPu3MeUVCHYu8JYXrMaYH32rAovT9
3NjEs4Q6CTaqnRoqtyaMbDZfQh88cPZ5be,bc1jdk6urnakdp8khpaaj0v4p9qakdcx982ynrll5v
bc1vqzd4aztszvsxykdxdvrt4333m76fkvz2fc4ku7,3P5BNw6Sd3j3TuvG1pnoed62jjmrSFqjRB
1koPXYfswKgTyaGnc5gu27BonrkwEpdZ,3a4ZnjGsbYr6KoEY8VBqScZfQ5WLzv9G5g
1qNtFxLXo6339yNKMttysVAKF,1w1jodt8RwNnDHF7FfuB5mtAe
15oVs7oriijmibKEEXTVa1t9nPSu,bc1wycdqy2l5vqe49j9rvy2qvf7380hd79lp7z20f8
1Gz4F7JLBmFe6qz9Jvu4hEDFBE,1odCZQqbDxtVhmaEVbaANjz41LUDAituve
19ryuFq48xhN2xNhf5qs2N55ap9BkkhJ,1ToBzQNoAFHyMxTzJXtaonddaVNxt7JK
1fBzEmM34tbMFgQVJzeZmCATaXPrjMcW,1vRKdZedGZaL3zP4yz32hCEcv5z
36o76x6G15oueLVxatReR7wch81yTFjpaE,1cRR6oMNq8y5i8MZDYSHNShhkT
1iQi8NGP2pV1YUxoqD2Ty7rjppBPuXmBEA,1wUWQ7LejV6XsNDf9rYyM2mknqVbqN
3YE1h7cCxkSWEaPVZa8ahF9oy6Fy8rV99Y,3vu3xpZGjz2W9QJxkYgywJkzdvd1RkPjNs
1moqC318PMrpZtZZxhxVodvmXF,1u7X6mWb2ARXrbpnRUjuNigMdctWYWX9
bc17j6san7xtye4h2c4pkwfzwslphfwzgt84kg6kyq,1PSRY3SF76tfcut2QBPWAe6ek3
3JnGkeWNJVNCifH2MPnZzyaAgdfhUeSgsU,3M3e8JjTzozZtdXbMHnigiXFLapM6iq54t
3pHY93j5pkRUtSWSP29nWBGyDTEWpwE5zV,bc1rrm86uea9dnqqpx58fntkk6k5hszaspkaurjynx
3gTyUmqgxMwecgiUp5ZovW6YnXu9bUGWTa,1bZj5GeQCNDv1mqr9RiAKp178W
32mqPefaf8mGHviEFz3L5voJnbcQP9FED8,15NzVthds1sjgmfwz5rw2fKELoFi
3RJ3xs9uDRii7NBZBbFApb6b5tNH6DWN4e,1MNGwRKpMxwmNA7YLso4aJto5Az
3KthPmz3ra8SWXkJVSQ3qqfttw3B4ebTxd,3EWhCUH6bNGPoTp9H7Pa2efSuM9tT1AWrD
1LhcomLffEB3cumEBTn6vGF2Wn9MALqcBX,bc125mkegj958ldht3kc9d0axmwkv9j454tlsucwsf
175f943gAceduDbh3C7NhPxt3,1vuXhNy568p5ZSxEGKohjKG5C
1VhF3ZMwcfma9RXmSTPpRQnV4Lt2us,bc1h8gj0jtyvk9ut2dna8s8rkhg9tpthxexnsgusqd
3t6rLZmNimMQrsy3brsVDT9iTMFBn9REdr,19Fire4qwA7eJ19qjDMhiYUiEken
bc140erfx7w788az39nff3nts0zcpqw2rculx3t5g6,37M7pNyREoFran17EAfV1jiDqxzjSHJnfv
bc1ydmsts87ckkg7u9cpqqzdjhdke9reedzce3mp5f,3Pg2UPN8hY77cuMLvE61QkoY3osF44SHKb
1FuZpUNyDUu8tKm5oTE3HEyL7F8F,3xTPP3a5cSmEmABXDs4dDfignPZxS3FfkE
1KT4fvGN4a8WZtJ3N1ucX6SNKmaLF2t,1t5Q1JQ9PFJd7jdjyLh5ZMhc9LxhiZE
13RmSoeGGEwL2MG8T4ALEP7L7uSsU6,bc1aexgckdeknyf4r5gclyuu3gnjyzf9fdguwawfur
1HAyqfP8UbxFC7yAEoMsUS2J1u,bc1guaaeupvzr8qg5ayt5xp0cdel48tt8t3sygxjws
3P6do4ovpD3uZWWjaukW2D9dwhXmrRq6Ey,3VrVW2q58McDRJCBgCMGc3CPjh6srSZFCY
1WufsxieYp9tjVpqB1WH13hSNELx6Bf,1XTttwXNhJ6LJpyjko23m14L8fK6dX
1kP1MvNJyZycHaEym475nDaRW,1fnvqGXLUMqLzA9FmRFNEfdHSwqx99Qhc
1AAuK5edFbv3anziWEKw8V1vMW,1qgpKyvzd8bjE5aw9wGc9mVodo
1pRS2X8dyd2ihtTaab5aQgQMS,3SL2hf3BVeCsLSef8BKiFZ3CaDVZSMPxrm
38oQYvzgV3PNqkpJAupV86wKGxLLkq1Kqq,1jB4UyepLtqahbGjkg5dTFmDaNj3
3yfBfDtHyCnETvvRUvwPYCB7mWAeZWY3VM,3UxQA4VUdAzWuVFZ2HWYm9G62DhEMjZjZ1
1N1YBsWe8sZLmxsA5PjqjSwnnG,3UpHeM4qcLyK9yP8nozU6bHuAdbVzzLWP6
1cBER1eNT8A8t7J9DQ8qLehG9grdx,1zYmpNtf4gM8Airajbmdb3kQnw2X
bc1ydmsts87ckkg7u9cpqqzdjhdke9reedzce3mp5f,1D3oipji4Ya9Dw2k1CEmgdYpDHQm5MVYvG
1sYnT4SyMA5Gf7iundsa23ujGs7vRZLZ,bc14nzwps4fjfu2xg2wrygqnsxt2ykf8zn2wy04rpd
3cxegXQEcW8UVYxHnyPoRpQYMfkaJDpzen,3wtqvm4R4DY4esVFBQpDdRhuHk8f4mYjQg
1xTpB4BmGuQddsAJNHLaUg64k1az6X1bz,3pi3eSTs3QokSuDBdLHQ2TtMgMyHnKhdmA
bc1nm5r9aj0epak5k9qjyczt0sn9mxr8zgqk69gz2s,1Ex3PUry6MfXjp6WdmWuLQSiorD
1mAqkEUjB23o5fRJjsh1qgoqhgABUrF7,1MfEH5CVLfh9ZoxAKnieHMgLUSmV7e
1tFsPkWrh6r2H2tSadaWrcWqeDU,3weYo4teyxG6LvPmA8TG3eSpkuBTmw4SLz
3VhYdQv7U4rVuXor1mN9fADMg5PsNnYS7G,1zzZBWwDhhqBdrqJEGJPTdJoZDaq
1PRhW741aVW5UWfMqq8MFbzidHcb8Y4R,3VrVW2q58McDRJCBgCMGc3CPjh6srSZFCY
1oYxg9QYaeuFmgBWJTgRxykfW5kNJc7J,3r1Sq3ydRD6jdUhVPHcf9aC2vpACYFm3av
19Fire4qwA7eJ19qjDMhiYUiEken,1eaAmq4EdrNYCJHTp7K7bszcqznP699Xt
3RxPes7AwHrC213QFkW9xdzZWDuso3UiX5,15ZF85DhWcu4Qst1o5kKzAFvZkxdM
1vDpdrnMeTrsPT4DLtB85VzBW5makQ7FVa,3PcipxZXEMZFZtA2Zc5CQ3yYi8sxa8A4im
3VJYBZxXKvvwHm7wPVaax9xssM6X57yX3s,3ShwrB3MyYd8F4z5mZ9BhmX6z8iGqCFQsb
1E9ULgPHv4Pcak29SKBAoKURwaFm,3ctoU3p2ECAmzGobRx5tUP4iTk9ie95Nk7
bc1d9nr2mdmq6ztw9suja9whyhmh6ek7y50az8ayav,bc14czazlcuslafflerujh70veq4yyzgatqp5vdz0a
1EGg2CyL5Ho6BLGQdBsQwcWLtvD,1PcaTETyaP3BCBJg4WPZytucU
1W9dErt1rsnjWiPUHuqMAFvxGRpDYM4bD,1n9mZAmchqK6CX3vHHoLJKCJ7C
bc15nzvhqml5q9wmchf9sm7ql83scdefu2jhzc33h6,3rqda97TGrRh5sgSQCqmQAvgtUwaBqq5zp
3TfxxuKGe8uKoiZ26CXtDMqXAxHYwyj9jj,1AddWrzaJ3ubqRcBzz9zXUed4bDuy
1hU4JMbquiyC9ZKJwXtXhGNJZRrJ,3BHi8W9HbpUU3VistbHqajTGitS8gLRr7L
bc1ytlpnv86ve039v5xztyrxqtvdvqsr2yu979gs4l,32fRmyL1duU2nhzabNkZMrRBd7wTowbHLa
1xzjuTNfkPAvWdaTjUiBtDUDZeH,37HwpzMei4QKme2Q6eQ1qmjMiaa8D1re1d
3dgja934muKJWn6cCPNFyCEKiNJTs1pu7m,bc10hp78z7pq86n80r7wgtn7kc9fjajav7xj68kf4e
3vaqqyL1KZnquKvJZGKVjZhJXvDHo85HR6,1Aots45GzLmqWcSbb7fLQrn9iFKg9c
16uM81avzqLGNVAaGFTHeY6rictkRKaJ,34oAYjHP1eifzXLWcnE9dfpEjvJ6czJhnR
3oRsdsk4978YtJomETKsHahEeaWhAyZDfj,1tn3pCPta9riJGD1KHGHkt9SdipXBbB9B
1NYNx8PD7HsmzyYMDuHmdfgddWXE,3swRP2FgtCycgBVHM5rEfu2RG1tETYVWTv
3Lym4M9Y7VKZeMtj2NjF3hZYVZYKUsbrAX,3kYVUVmBwWb73Q5LuWkwXTnrzx9CrNuy5K
128TTcaWLyBV436aJ9zgtwMpjuzBvXyE8j,1csoC6wyVXd8zfNXa1yxPcSP8P8iQ1B
1PKRMVkUcveBQ13jLj45R7AY5iy2Mn,bc1nlx5u8ue0ez53g40r802m7c52q48vvpe4860tzh
1LT1grVBELw6AdhEmXDLS62RfciNa,3m7a192jfVF2JmYSPWUpePjTUWRRQ2CzC4
1UbfStkcD1LmjrXomjZxaJbkGojxE,3XS9Q3wjcdA5w6br3hiuqnBVet2yzk4WCm
1hzpEpu77sG2MWKXK8H9PLHQTFTxD5TaY,1X9ikcdVytjEXdhpEG7RhhyP6eD9mA9mNL
1Gwd7ARxtKmBk7oBThahmkhHn87hZEJTxL,bc1reh9taesah4jdcsxt3zj2hk0kr3ppl283enx3v7
3jGVzQJ1YzC4Cn3vTbrVeUtmLj3R5QPbcn,1GFjaJUd5reexUomgqzC6F6QY4dB9gZ8
1GnbPvFZBUUVEe5DGTNu5rdvkqUNb,1PRDcQeGk1Zn2ULfthwc4VN9gH6
1V9rKYhgYLGKsDmtxnxvXAkRYuYVPZd9E1,1rX78u66ZQZKcwZ8KWhvvnfEzFhqePhF
1ufdDHkM9tzoShj1mrTH6ABdT5wxsLp7,17WeJXLg9unCt5GZDihKhQ76Byge
bc177nmykl7ngt607t4kqg729e597430hl58u3kg0x,bc10j7zth8pkkhwmw6la3sursdunenud8fhn4e9yx2
1JQaACdwcLc2io6humZeXNCAY,bc1qaa7a64jw85uq5umpdvre4fmav3e3eehckg08p5
1yGW8Dqd4gBDX9tqrVpiQV4AVqoTE8U,bc14nzwps4fjfu2xg2wrygqnsxt2ykf8zn2wy04rpd
1s51L2CdZB6JrXPbzVVrzDTdSxe91N,3xfLqMjTUnmif8PwJSoT5y5DJj2wsqdtFJ
bc19w7rdtj8cjh879w56dmzdu6c9l6v3zjvpzkzyuq,1eGG6Um4RA5DM8Ub5vmWzunoQoJqZR8H4
1RPRmQyMoym2hDiJNKnKZCDWr7FKU,3CrpjKUoQPiEYqLLnxvia6NMQSBwZejmxk
1kdNs2RKiQcqsPzJNTmeqStvP24Q,39uJF5XgMNYqqDMs2MduFLH6BekhQFeL3s
1on5mywGSgwMbXz19iHovHCVhnBS3cX,1AVzn3s9WgrXg37kDQKue353FXDq2iCem
3CyjGdiBPbTmaNStADKZG4gtTivJ9k8Gsg,3x8wAqc3PwdXCgU8fqeQ4HVPLDwnFhX9v3
3x8wAqc3PwdXCgU8fqeQ4HVPLDwnFhX9v3,bc1va9ll7ql2779ug6cjjk628gjcqhal68tggen89k
bc1wt4kluxuzv97z9ryyx7qd4a0dhqxqe6s2j5e04s,1yYs4VY1twFsLpSrY9uS1A23JP8AGh7
bc1v7lkthcu66wfe7r5vpwl9zdxa9nt5lppde3ezyh,1azpLigeUwMJAfZJUjjZuwueD
bc1vqzd4aztszvsxykdxdvrt4333m76fkvz2fc4ku7,1fTk5RzWmYcqEVmBoMzEwRku1ht
3LF17NV7eCyYVjSn2r1a23Sh34YgUD1ZsK,bc13jjhx3jrqm5zdyn7s8cr6qqa3dx6uh4286ccyz5
bc1y6wqdwfsslq5vkled7gmaulad3jl2uuht9y034s,3JrS6yB2PEZ6k2ZjENdX5QLMMzZdNwAdVk
1QjhaQySteV9owMQt2p2agSzXeS6qb9Q,bc17ytc40x7dky0e2w0fm93adpld4sw6zqevv47q97
1bvqLUNHHc28gn83aoZZzAev9zvpSk6,1STbDrBQdQGsxvSmcZQ1BRacq2KQyn
3rWWytkjgorMkd7A5s1Lyx4ptpjkNyKxmn,39Wi9vnpprNLfq9UpZfG5vFantUcS21NeU
1VFYD6QELNmn1udWN17AvcmV1,1Ho1asMigJq3oBucHUfdP8LznWGCMjiGBE
1yGW8Dqd4gBDX9tqrVpiQV4AVqoTE8U,bc19zvnlrdegq4ssgx756w38kykyq8s05krxef3msl
3JvGVGmnSKAWCY5cBBvZ2uuGGqu2XGBJWb,1AE17YNEmnGq81Kg4znjDaw3UV1rgarE
1UBbwJLFRsZ2xmi7R9TXATFkP6C,12ho8CLVfPC1rJykqM9249HHs24JgBHrqq
1ubKmppG3eoFPsuQtKo7E3ie22K6mAcJN,3Gpiw8VH5VocmRJ3VSxzm76nPjND52Zdbu
1qfA9UCMqstpX5pRvLxTwVX2JEKr7iQp,35nFHMkANL6ppikcM6QfMvhv2QJ7ErwEkj
bc177rymrhjdrvz8ytqzwdqudpsn7n67qdunm9hhpg,bc1jvnmck2pd08w7xfrecawq0sxahscym674yhwksq
bc1z7s5xz9luwgg965dna45fsxd8shzpldr5k33gl8,3nBHQPvVUdGHt1ycBnw646YwSzmwTDBbgP
bc15nlvtq9x9k4vu5zwxvt8djw9pff26qf865tn9f2,bc1uahpxzzv8erhwcwtgzg09c2ulwej7nkyvegj4pv
1moqC318PMrpZtZZxhxVodvmXF,38DrGBcyHV38u7hPeuJGRdMxguqXVTFu4g
bc13mcj3jja883flnq8xrlghestwrl34r0eae35unp,1o2CTvLHAwu6wBDzxjXd2kc1G9wr
bc1vwpas3luzcq8hng6927nknm9s9wjv8lnjqjsy4f,3gHykfX1PAh6uHSbsiLRCwcUG2uumqVWxZ
1DxqYNNRpXKMZa3NUz2xQjfZKpeL,bc1nvr6nq372wsmf9wxcu2txazhm09c5c8rpz7qyzx
1uxa7bs7VPAfir6DLhrjDzJzvRe,bc18af3yfq3fchdgr7fyhupmvxc204r77sqdjs2t5u
bc1s4rff78ca625hcty8x3pmc0nspmxkaqxq756twv,3wJdTWpwYpvHLRaLVUKk8iwkbEMkVzSJ2E
bc1dvnnphpckdq7vse6spfdc2m59592rc6396hg6lu,3mgiWeCU1aVD7zkdpdVV6ZoRJ49QF6ovE6
1czS93pCNkr74xvsp1h7T2DYCXGVj9,1mc3j7K2nBGXoZ8sw1serN4HA
bc138qrczxqum3znpqfvz456m0zzpv37mja375zueg,1ycizxAPSrnMew1G3niHvPjGx
1kjcCRomsHVBYtW2tsMh4GBZ5Am7Hv,1NcH1svsYLFLnsAtxJzonW9vzjhFR7kDxf
bc1sgssk5w3ltsk0htk0rmzanfzmpvk7e5jtqm7hhx,3P6do4ovpD3uZWWjaukW2D9dwhXmrRq6Ey
bc1dh66mvty9ex3pc4njks3xk7ldv2y73c5wuv5456,3sfYyTtSBo3dUcPV5g4ZoWsFjaDorTyJXP
3wtqvm4R4DY4esVFBQpDdRhuHk8f4mYjQg,3WztHdjRNsnqHWJc75hz2w13AJebs5Eepz
1EMRDd9BkW5v1AfmDhhuARSmFcc,1NL2zhQTttknWXZrhtcU9WzyN5W4ghCAY
1rTr7oQR1NhyzGHSdqaX4S9tJGEVyV,bc1lyv44z7xk6umwft3m8u23rtd70za6sf3rhep8wc
bc1ahujhhz2zftltng5yrx3yc05934qyzalvc58gp5,3C18d13D3whD8iVr8sFi3n86L3FCgpLnEq
3aNdus4r8fTmXq5Gz7bpZhs8aWihWZy8te,39ubDYZ6xTZCZr5qg5WgFQhFG4QpN6omQZ
1stFnGrbuBqmMD8fqBZy339684vkY6,3sCxvhNZbPZCCBH6mdGGShFfnTtrVkaHWe
3eyrgfZRMhn8WYfi2KFrhpgSSZ52dCJbnN,3eyQ2n7Qr5fYNxSK1nTwKH4cfWMebT5CDx
1rrSCo3Ya95Q1RMKTWxLfXQLm,34h2Rha8aLV9wyCuPpwSr2Ru8sLS4Yjw8b
3G2hcNXGfHbG6iAgupsBdxKaqYBLhKLtca,bc1f9w68taqw4e73fgngnvgy5e763u5gsy8uy3agf2
bc1cd2c3f0fnelk2gpuqq5m8dcujta33lxlf7hxvs9,1pytFeuknMJ4XYnHuZg8RxwnZi4vDVhY
1mVEZmDDRgeNKUXrxk6eekFkmazSwq5H,1H6nu2m16Ytp1QZBqEPmxZj5Wd
3ekxNXTjsgYgq9gxeyETTWdcQTuexrXu1u,bc1gqrvetr85sy4xdxr45ljxr5ra674njq20ua7sd6
bc1xvn6e3zkhpez3369petg40dphdduq7nhq8ntmjx,3scqyF7mAJT7pNLxjv6bNMsnk4bUUrfsML
1qpXuzegLFFVT6SFPNP32ZiEUMedmhhEb,1NTucjywRPRAi3RV3EcDNrVFr2jzZCU
1DBeM6vU5Upi2y8wpMY737a7x,bc1easrdfdhjrf9gkwg2ay6maxtyl94nuus8wmpvpl
1NwAyKYZRiMbNHrL3HK6o2QPQNWa,3NmwZeCb6DBZ8XeParcyjcuD1EDvc9U15y
1AzCjgksMLsm12YNokzTbc1Xm,bc19f3l3mqujwmmqku2gxu9kny6jt8gh0aa7dmjlc3
bc1s8sl8wls4vexpu7fectqaef76pjs6t9upq8xngr,3nxJk7BzsnjBARaeaWAQ1ecWQKzzsfvEoW
12gxbLqxX51RBVDSuFE6H5fAFcQ6UXP3G,1FcAzEukHnphnhp5j7Ur1dxGD7tXsm
1MVhpor4EWcSAYWzkgAjsi5UQSub,1Px1Z3gsS5678anTFdrE6P8kCpR7aP
1FcKqHMoKGXLWpxdh3aJaYWYcad,1e8QMJSgsr1zYXyURk7EuABNwRajCqHEH
1Q7tFDmk8GT3954eDFrdaSUrYctWtpU,1ebS9PraaV5kcer8EPYqNUHhvZRBM
bc144yvccdl40zsqsuej685efx4kxa7xuw3y4unlms,3ArTcBaKAZUHHbxRKTvVUyzGEUVmbtcvSN
1WPsghvcfaU6VLWdFGGHWKuuZMJpXQGR,1rNY2hCKEZqogesiQb6rfwtBwLKm
14epc7GZKKVzUi97q9ZDnX2iENZSGs8A,3tgBgNb36ZQBr1BVfzs9LdvmX1DEKPXtxX
bc1q936g56cl5t8u97ye60kpgxsk0pywh4y36eaqke,1Lvg4DRdMhbW3zxtvK5aH48D4
3HXm425DAJwzVyHSZxQzQPWVC6cN9And4A,3HkJzwDVYTo4dcQLfE5nZjN6S9AZPxL56Q
3V6yUqvNRZD9GwaR9LPqVegFpyeVAoAiVv,16wSsu8WDtXe5mMCPkSaW5c11doFf
1qTJXrYerZUGDnRTbx4BR2jHCEYjsjcU,bc1t7k3tavz6zln5fe98paqgfswf3c56jsswu8eqpu
1ENoQoaAtWsqTsDRCwhHAx4NwU1nY3hf,3kShV9Nx6avedXs3ZoNs4eqfKZkHLYFrDG
bc12au8ax9g58lm2qjsffxsq2gh49lqevc3l7eekvn,bc10leurs8jqkac39hlj4x68p96xfpwnphhtcc6dk6
3MVj1ijhNhpXmcMq9SJWZxLDGSdmjtacSd,14VKrkq4GA9HJkMVNmkDswWretcU
3UZ4LpvRVs1sC9WCuTUPbpDKepiA8XwRy1,bc1s5rwulqummymdxqqx6eggszu05kd2kp0pan5ghg
36cDM2aNuf27KJPqx6D43h4fTZ6xMxoz1w,3eGMWKD3wjApWh74bHNBZzYrUmgD3UiJ5J
1KvUXQ9Vb1AugX5L2bRYBWFcDeLdDk4ZA,1PKRMVkUcveBQ13jLj45R7AY5iy2Mn
17bAqv31fZzx6Beg1K2Riizmvdmm,1fKFSDpBeP6mwU6TfW4SAkiSy7HytU3S2g
185ADBXEzBFmgMm3Y4bco2mY2,3g1efR4Rk7ouWniqy7BRms51wiFWcsST3s
1jzPGPv4CQJ5mU7F9i2JLn5SWitqdhanc,1DBeM6vU5Upi2y8wpMY737a7x
15BFXVaCRVS2kQ3udcWdnM4GXeCc,bc1y8s6tj2mr4jy7wypxt38jntrr8cn0ha86w93wl7
bc13wvjnq3c2ev6upy7c2cw602l05tehrrgwe72nhn,1oDAr5twqdTKbSsXV4s8uaMx7ozwN3jXq
bc1dqjxlfshe0xmr6jmdv5q70t2ppe0tnk4q0qypuw,bc13el3zc6nemyer0c49ruwt7wwhu44603amnxx9ly
1rrSCo3Ya95Q1RMKTWxLfXQLm,3VvQePcnx2CGaw61MEfdvwM88d3C93eTrZ
3TfxxuKGe8uKoiZ26CXtDMqXAxHYwyj9jj,1ufdDHkM9tzoShj1mrTH6ABdT5wxsLp7
bc1fqlsnr9yp9ulk5x42uy0dlj3f47yratnrv8wz0d,bc1vfffv9eq0452x4mj52nqcal95d8y70zk0w7rp7j
3QMtfLJxcUZke7MEevF3tPo7Fi2WmWWVJe,3sw2Th25C3cT487PFT2wVwwEapm7yjA5UU
1U9BJhBcVwjFQAF9QTvRHtLWW8d,bc1t7k3tavz6zln5fe98paqgfswf3c56jsswu8eqpu
35C4jLhd2rYmVcFfZ57RCJi6c9tYZ8A9B8,1Uso7ZQrZgqLNuMWmMadDTtn7nSvQR
1ENoQoaAtWsqTsDRCwhHAx4NwU1nY3hf,1eErxKuRNTsRgrMQQMLrofLfW1KpZW
3o3E6ubmLHq2CK36kfUXTcx7JWRGuXA1Xi,3UZ4LpvRVs1sC9WCuTUPbpDKepiA8XwRy1
1upknsW6FktDnthCLjTWPsT4ps2iP,329yzZouaPPx4PULxeJAgBpb2CuPCHXTN1
1vauRnckJnobw46JwqWWTEKTeC,3ShxosyGoCJ1qLDkNtQzVvKGtMat3tVGkz
bc1qnrqttq2c6xsvfcqrcy538635qvtfgcuzwmjry9,31CZwgGtkT9sfN1eY3NNNANQuhA2DN561j
bc19dq9a5hg4szs5lyqy63wy4q93txct2y2efs89tt,3gfB4GAUU6q1A764W7agN21ujSmiKpjCHU
3bHMkwkJkhMnGzNcXNE5qxv3eHkWVw5R8P,1V4A7BcefygqwTHFAaASto3yHKjwtC92
bc1kkedaryqtkywlsl9fhrykkfxldcrq0dxp4j0apf,1XrWxb6yVsR7m1LvQrumjFJRZM
3M1T74xGtW2joE1EXFnxz1VPLKH25Cbp89,1BxEa9gDJPxNR2os3RK4kmGvxqJQNL6f9
1eGG6Um4RA5DM8Ub5vmWzunoQoJqZR8H4,3iFYsfbst1211QQUgLeVdQA3T62nR8cuAK
bc13vqaeep06racyrk3xln2mpa6cuahjehreads0z6,3H22WQP5HhEuawZXpgAsVEz5ziW5cAUk7r
1U3K2yYNFe4MKhYFxzabmAAQ9U,bc19jrmnnc9am66sym5xzxeleaeppuytkdxkgx79rt
1VyQCF8Be7f83zkjg8Dxaeiq17C9jnsKQf,1QoiaNzADuVt3BZbuLhPqA2TYCukkS
1uWWC5bqSQvEcUK8sHXuVUjZZLkMQT,3tmnHsdybmfXjsRMYTHsy6KnmaXLdysDgD
3L7p4R8SRVbEK2SnFss5aJsfuBnHVYrwhj,3U7Kd4VfSpnVe45f44r2SLbXjH1kaeGi5t
3pS2hWzz7YCbgYCbCMWgFujSvrX9Lc8XXi,1kWCw3G1HEJFbGye6DuUcWjiyDgLgo
1VG3twdPegGULo3xPwzuuhwXa53eNXe,bc13dwcg8g3u6zwunqs50lqmta39rupca8fmlrq9zj
33dq1vATzRzutJss6M5fe4djkR66D5bXS1,1RxbPtwHSrqVbCUjcz6s8zpV5mgzKig8
3gasVBAmM3qAMb5z1hDd7FUJVFMyc8VE3b,1dVsYzKkQY2VJhkT8TT2zK3RU85t
3Xz81r6mMd1YBDXAYhR5Ns2XyXtWpFRE1q,3eDee5zdFANVA7YPypAYfhXrFWPMSff6iZ
1keJSNRjELrDn2TiCT8gNNW7x1vyz,1KvUXQ9Vb1AugX5L2bRYBWFcDeLdDk4ZA
3rxfEb5zz3eSuWntE2DV3Ry97iFHZUBMXG,1PNb7Qep1HbtoiKKYzzFvi95YgbPAwjENp
bc1yzeu973dzv0yxccw3eh2hpunk6hucnp5azl3cpn,1GPcuqgr5JTG5kEyL4eFTrQkKtbH
1u33d77zHx2GKn4aWDC2bUjmXw3UKQiog2,3BJ4kacoiemT9xGvSD1t9wjVZ5ag8c2oQW
bc1pqe6sh29jd3vnvpad7vhv298kyrjvca692zqqcy,3xxUNTSE9t8ggNhSLStW7qq3MqgMFkFUiC
1RZHUCSh41xbEsdKkG6jEnbq2nU,14u8y6Lowpvt5zyYDereu3KvDGziUJn6v
1He81TV6wNaAEFBcW7WRgsM8zseN9nG,bc13wvjnq3c2ev6upy7c2cw602l05tehrrgwe72nhn
1ZzDzA3jnDvAg7fpLjNUxaYukdKAgiXHb,1nN5QqJcj9bojwqh3C649RErNbmUjywJd
3pQMxLCRc9reJmWh9ximVtjtXqr5AXSAVF,1oHF8qyWFoLxiu9BKiMePEyRBUVLp4v9
138hD2sCjp58KFBSsdm6wh19k,1Q1VkWmK7SoXJEHXwpiggzEmmqNv56e3
3XoWcDMLVwKbmCCbRRSrEykcJvQhqexyDQ,bc16r9mexdk5nuuv06p454gfeshmsru00dnces7fwp
bc1l2stvmeqepkcr5aa46y4fzf2atz8utmxte7v6da,38AoKjREwyXND61aCMgWUNghU2BdcPBkBY
1Mcr3URoFCwZg4Ln7ypCpwHtE6mjyVH,1RvFhjzxRvS25DK91RMP7QeBgLYMYB6
3ukGsrSrbcBsDSb3oFrmgnetymmCpM22fr,1S4T562zRCjoMqbwh3CA9BWFt2j3sof
37HwpzMei4QKme2Q6eQ1qmjMiaa8D1re1d,3SgSVmMZgVSHrjq5s4G3oB8ekXZZ2DwetA
17gMHecah3MJJ6Xyx4xP9zkDNRFZe1Sx9K,3pmVnZMmbDZgyAAi5AF88jNqdS4P3uCjNq
bc1advtvz82rk2ypa06c0nuqxy7ndc8r85nz6035jk,3Cy962bS5AhYguwxNKbrMHApXN7Q8v5yNb
339FS7DAGuoySHsUGGY7mMdeqmxN5u9Wwv,bc1ldsrzu6xhqvxf5l5u0yqjprxx5lq8etd9fl3h37
3vUbofw571231G1Sjx6NeykNHeJ379Twzv,3mxWd5fWSxRCK6iTU3N1jTZUHTGKf83N44
32GxxwjVzQ4QSTHhTz6kFpEupcSFZcDCUQ,bc13amszj2revnqq274e9jan2z00xk9k5mcl78s38t
bc15nlvtq9x9k4vu5zwxvt8djw9pff26qf865tn9f2,3G1VGJ5ywwWtFKAvpKxdF8WzvGtkj9tXS7
1QkjrWw4fyXZeqrjv9Eau5zANmCF,1HpV7mqx2U7nxpsegsKRQdTDjmjXHo
1QkjrWw4fyXZeqrjv9Eau5zANmCF,1TdH3W8SVm3njZ4ywNfSiG9v6PP3JxCaRp
1DxqYNNRpXKMZa3NUz2xQjfZKpeL,3RCnEufYrQWrpdCCKvLaMeorB6bUGfrKNA
1gDzhLgoLXzC1wuW5VzonrhcW9,1PLpbTVESg7kWR9RaQ8QqvSD2ND6YrUHzA
3Czin23RYo1DoWLA7FUKpvsqu9NyDA7Q1K,bc1vxcptrrwsyndx6ejrlsddeman3vn0rjsm20wmgu
3eyrgfZRMhn8WYfi2KFrhpgSSZ52dCJbnN,1eDPxWf4PWqgLWu2EmXYLKBWUjST
1pkNaXouh2V8eJ5BXqfJ8WNqpkKPSyY,1odrBPMQk4he43FVELdNgj8q1sgRJU64u
1NwAyKYZRiMbNHrL3HK6o2QPQNWa,bc1wtauel79znectrpscjkskzrr7n9r6k8y5dx4j5l
16aEukaSdiRZ2e8zSz3288AKYG7wnJ,1csoC6wyVXd8zfNXa1yxPcSP8P8iQ1B
1YagVBzqwCMFGaksZmpqM2zztAD1u613h,3sSG8MxWBNegmnf5ubFw8RjqLJkT6o1iJZ
bc177rymrhjdrvz8ytqzwdqudpsn7n67qdunm9hhpg,373ZUbG5wdKHMMQ4iHqEYgpvXXmXYC4TB5
1XTttwXNhJ6LJpyjko23m14L8fK6dX,3kYVUVmBwWb73Q5LuWkwXTnrzx9CrNuy5K
1Pkx3wtjRHtKMAHVDAwGc7EH6ZWAb3,36B7ZgJgNXrze6ykUVhtC4M3b9vkjY7Na9
18BhC11RtZbJpPTUdMk6YjxPNZmaf9qs,1dvdwYcYoFyPcSvPKt6LGKf7cig4gU
1bN3QQ35Jp8UcJ6eYpZtPHCJyMh5,3z6ZnM5uYshvA7LD6hDdM2Htdrjs6pNEQe
1t37URjEbkZPRFye6aLbN12faoJyF3v,1iy6AKQBWsMD3tQCX1tQqUYF4WhXk4hd
3XxUCcbs21oJPgV3iRE8P1q2amuNqWgiHr,1DBeM6vU5Upi2y8wpMY737a7x
1X9N3uWRjgqVQV2xHoDyjaqU9E,bc16p3k0pk80g4k74jfj7t8q0vm92x56zxvgu9r39p
3B1fjWEyF51uBtHWCcn9yNmUsvQtjq9ej2,38GvZxQdL23bUnGFvqzEh8mEnfztGbXErv
bc1s7w7t4m2tcjtxn9jl3c74npglghajz6jxstupv3,3HNEahjrXLdTpzWBZYYAJyP8GAm3o11mUh
3bao28pxKZJqSm73SjZYQYgYz7H3xJrCWZ,1FnZZug55hNvicZf1GbZ5CChyQq5TnhiHB
11X71YZ4kLfEhNuXNCe8GhYnVzSqCjPKcv,19QhAw93bnEtR8aCxa1Tc26FL
1Vni8CH3E4E473RZq6rPFbmo6Jiqy9Q89A,1jFVVv9E8sVWosxzCxgDp7WStspeaE
1vXF3tMuPFtDfinAVsCTKrb9Uq,3ErWJ2UQ1Y7h9Q1qZhLhbjNWSTPtyaLDkZ
bc1djs0hqr0d5prcdur8aflynp0473a6tfpycrand0,19KxLSGqhBZsdquqqsuu7hBBp8Y
3Gwou1B6nqViEMkYTdM8tjiMCRbWXtYfrq,1cLRgex7dJg2GAEs3xACGTu9HfiVREK5Mz
1Px1Z3gsS5678anTFdrE6P8kCpR7aP,bc18q3fycec62f4evwxuyqsf4m5enrswp6szqqgaxr
bc1mwjed8337pvag9th63rnh8w9c9m9j685fc6p6kw,1vC3qNBM73X4nGFMFvTWkxuLcMaogGv4
bc178pn2fu3kpjrpukqcxpcjpju8g46kps07s4v24y,bc1482k0hcmflzdcsf8hmm4xs8hzcmy3v27nxc5sta
1mAqkEUjB23o5fRJjsh1qgoqhgABUrF7,19Zm1A6YPDUNTFvPKwQKHgsbXMfy
32BsW9CYXjV3JR1AcuYrVUgczujFVcpSkE,3kkfWEnzWjtBJHFuyhKbX73qVKfTxBHMu7
1gDzhLgoLXzC1wuW5VzonrhcW9,bc1ye0l3323xdgeda4cmgp9nn4ka9yyt8r5ujc2ldc
bc1glx9y5gug48r0a5hqzpxvanlzvegydlcv4gzqk8,1QurtRjpze4VTBeNFiypa98VSaa
1sy2Bf4roipMQCeP2gZgoNGBo68w869,3WbzaCbf3TWGiJBaK3AYaGXxQoStaMHa22
1pDD2GxAQPauXTrxpker96LAFc,3Pg2UPN8hY77cuMLvE61QkoY3osF44SHKb
3wpf7dkhgJXJGsCUaRkMLVarPWFH98WbGK,1pPXWDBFTJaedBBsPdkFYVMbk3D
3fJoWGXCPCKZnfoam7jaZKTpS6WJefnHNu,1zxTkbEhCX9PkUXAwgkoGZTiyz
3FLCuYravXkJ7gyKdHDUiA7gfWfogRvbPW,1JB9R6sYhuWcDhpCbDK1v2H5Xf
bc1jf49vrmk5w3h4gkg6ec0tee0apdg6337mml36vs,3LMJS923GWcgcVGFufcrCDFrN4Dyqr93uz
bc1z95sa7qjnwkjarwtjpv6s00kneccyndgkg8yj4w,1j1sCdw9fhtJNz5jr866DQj8w9VuCJ6r
1hGoq6arfhX5MxrEbA7BD47mhPwFW,14zvzfVmJA8sM5eDcUwhD8NL3J7sntVqa
37jtAFppa7taQGAh6nKiZRrw2bsQWcUgV4,1BiRsmbzsXyecAXxqiho8iMRyKbU
1zYo7s8Mnb1G8R74SMbTDcjufJe,1RqV52mHGYATkmY77mpNp3iYz6qkJzTM
3xm9X9UMaa8KzWpFHXkZSo1x9tS3aNzRk9,13k9JWqCRDBLg3qDFiCBSngU94medLmz
3nTm97oUXrnBS4NEWd1LG3PccFos4hYkam,3uKHETFknAZTYtc8GCbhH87po52E1MmrEK
37rngovop9VpkSzY8QXFrMxSabkzEZrMYL,bc1xmlvlwgwh5s2l92mcwrmcgedq3rl6rkytw377l9
1RPTHX4qXdyvYy79HdSDdTmaE,bc15cp7v7fk5ze2aan26wq8zmzqzj0j8ftk0vxcs37
1UAjThmw3bi2eSZUdDe397RvBo,bc1ttv0w0n39hpw6ctuug3jgk4u3xq972q5c49epmv
bc1xwuwq5tk8n6fxf3l8yjr0pxszerdee3jka2gg2c,1t3E7ZkvYAT1Aq8Y4g3bLWvaN3yK2
38gBqqEArmu5uDjjXHt7YB3hH1WVc41wjg,3LnhtNpq3xAWrnCu8MGdoUggECRitMQDnT
3ErWJ2UQ1Y7h9Q1qZhLhbjNWSTPtyaLDkZ,3THd3jNVhNTAoJPSRJu87KbzVBe25WTADc
1kP1MvNJyZycHaEym475nDaRW,13Mgc5zMrJpHkncpTUduMZQSeW66xHkgKL
1C1fc7LR3GU6CUf2DWsV4B4jwwNe7Yw,3Rh7mWJhEQKqTV687Q7Zuxrszuyu8LwVqT
32ULgS3SgnrKiAg2E8bh7eyz6yW32BXS7Y,14VKrkq4GA9HJkMVNmkDswWretcU
3VqL9GDPG1K3CkNhJWzaVeDF2Lqm3fSAcG,1dErtVjv21PEd1g5UZVndXavvku7
126TvB7gbuPDrqPzpky8EA3XwMB,1yNgFCygXyQjLu5G9qtKtNjjw
1FCT7S5jkCiF4FfDsagWdYCJR2Mqa2mj,bc1phlg6ceqhntzazyrxq9smhvvskk8uyw3xas9era
1AMoACmNTwT5VGLxG2yKzFRi8mQccH4Uv8,1ACUfGRYoiKmtWvqP772AWmEg
bc1llc29rt5r4chn55z095l4n60eqqs7dhpcedwh4k,bc1alqzkrpe0886c0293e383c2ms5mqvlcu6c9drq5
1DNZ9jgdxqv4gXQz3hgaafMA8k,1SGZ298L2CfoLjzamir5Gq5WgWf
bc1z0v6wz0ne86qrw3ngguzm5cppvk0l8nr3gmp8zg,1ez1uY7byUVZC5atMvuvG8inreR97ACFj
3rCXQdT2P6iwMo3vod8XocP7NX2VjS8T15,1on5mywGSgwMbXz19iHovHCVhnBS3cX
3RkGLbL3WsZyRxb6696qfxWqsViyobVE7Q,11La2XQrBrSkM4ntWQpVUuzNr
3MUDETqEycztG5KLtmgTuNet29Y2cUBZd5,bc1jtrlmexwy4z2wh7g3a9f6fn6e65wd2j49exrad8
39Wi9vnpprNLfq9UpZfG5vFantUcS21NeU,32GxxwjVzQ4QSTHhTz6kFpEupcSFZcDCUQ
37UcXAT5ZKirqC2VrV25W5wwuDoxn7S5Bu,bc1jhz43uhumeytr5fcefvzt0hk45tucsyywz67t4k
15LPNaZMn7PFxcfquUB2AbzeQLFB,bc1cxh07wgdd9htl76tgta38wxg3d37vct742830tt
1v8V7YQLRW6cfzt15DorsKr6QqA,bc1hymqsu0ekfxhlztcx633uezlw5twvzg3ktv3ql9
bc10ev76ha9h5n2c2jrpwfn8fhq89dy7g6cl56cu9d,1yGW8Dqd4gBDX9tqrVpiQV4AVqoTE8U
1JbG3RhKKMHGoy6DnmYTt4HYuKZPUn1KgD,1NqX6WH8t5w8ACNNrJCqY8B7WJ
bc1ljumhp68t892k5xl9d322gkmczxydgzvfurz4tl,1duLbNqsE2hRrw1UGXyzAKGQv
3xJjvT4x5nJweJdNCzFrgeuYk5q9qXhooJ,1owG12zqhViUKTzd4Kg3qWdEXTVNGR
1nCocT1kbVBWWxJsFGZJSywVKyUA4SJv,1CL3krTMKrohmjBsuw1Um4jcu6
1pkNaXouh2V8eJ5BXqfJ8WNqpkKPSyY,1fXhFNc5vDVt5o4ZwRNipG35Jwx6jXB
3G2hcNXGfHbG6iAgupsBdxKaqYBLhKLtca,bc19d0kpgyqwv3srkqxwrshx4heaag6gm78n5jmq65
1VPyHG6L77Kvvf6fjGg6m5WSKuCdj,3vvmrWEzRtMUSFZi6EJBwV6s6iASJ3KcKW
bc1w5eh3etzvmarjz9dl0y6znspm7hpv8qpe43a49l,1PRDcQeGk1Zn2ULfthwc4VN9gH6
1qTBsRRJQVZ5atXhbaaPyA3me15zMo,bc17j6san7xtye4h2c4pkwfzwslphfwzgt84kg6kyq
1VvBWo1tHhvBmZbPyp3CSjL19hYQL3DjP,bc1qd3tl4al74pw9acu9tytp09l246mmf0gq5vaa7s
bc193ahaf42nf6vrnwhsy4pnvgpjn9gywdmkuwp0h6,1rrSCo3Ya95Q1RMKTWxLfXQLm
11hcRUTsz6uWcx9JQ4bWztg5eN72Ls5W,bc10d0v2eyu3vet6w0rszg7z9qhl5vfmxkn2ssyqs3
3rmZnVrXqsvH3zSpa2wGrwXWN9MV3M5r6E,1M6LJGjQwcfEcd66wro62Z26rge3e1
34X4BLC7aN5uHDqey4DsBzqfgEHp1S6B2b,1Ec1TYmH577ERK76rmCeb1zFvP2t
1ab72cokDcwiVa5LWPUuEyv5nDboJE7A1p,bc19l4u9zghkhqg5rmap86tfwlyy96vcess5d7rajd
1a6Sn9LUkYGQShmUCPaZzXFGRga7QNCLfm,1TqhjipBqFiLjxKbS6qNkzoqD
3sws1vqvPenSWNzM5nczv7mAob3KBqbPsU,1wuMEtYaVRab8VKMu83BEGDfJcaDN
1QjhaQySteV9owMQt2p2agSzXeS6qb9Q,14TQUVwAhWF8GN89jf5UV7PojxUNS
1zT4rxxFqV33MQMnpVBa53APeUKrv,bc1q9dahwcvqhyjjk5d6dm5fw06k24pa98v0ykpd7e
1dvdwYcYoFyPcSvPKt6LGKf7cig4gU,1Ki5gPG3w7s2egDDJucjSccoVsKx9p
1TNrmaHwhyBxu3NGfNn995M7eP6wrj,354qpFxUnXNbAYrNrviYq932kHr69BpqPX
33F4396Z9vpr5zhR8SeUrqskViZF8uDQ7w,1Lay2LtEd8i57WsxH5EMAKjfNo4TfXyAmP
1W5iLixgwoxZSbivWy5QWUMF5zTxDLY,1QGtZmCyAvnPxMgr5pSbWSKrJe2rQ
31P8bKHtUqXb1AxQZX8f6YZXDCdhxAbSYk,3PJ9NzjKirNPrzkBXa97uashp2Yx6pB9X3
bc14tzkwt7pr74y7kcyz3rc2slgenl3400yelhd6r0,bc1patwkvt2estpekcwerrk45q4wg5npa6uuael6z4
3TghBo149huzr6ggtBK1E6CVyXkVtYPpQp,3Z2f5FXxuJgRRoAhLWNcUAfPMqgQvZ1gua
3L2ATSdnN89m99UMowpxhC6ud3LxLEHMxt,1RZiaMiBbnAUBKnt1oR4yFjSLH3ka
1frkx7AzKVrStzSzLXW8Yi1KxCqv,1KYWTozJporub4gtaD2FVWKX6Gmhed8
bc1uwyt3v4pdd3ex0l8ezcftrn9t8zuedhuxwr5sfs,17SinNP4s1zWJTe7B7UD3azMhG48b6
3VKqXLhEsUWrd3eHYu2cNThy47rgKFRqD9,17HqfLuxbmjTWnDHqrQR4rpfxFBXEQY
1MSKRmB7jTnxPErLcp8jRqSAJTh,176p7gHf3xkUsz9RjVSGH8XGY6GR
1uXorxFgucfjbp5Ma7f4fiCGw,1aGQ1mqhAEbW8iiDapetaw6AyzmS
35RZaJ3EwEFeLtKh7uDbRB8uwWNc48xeRZ,3GMqDxGTfdzhkdEZAGJ667i4MBcFAojQSN
3LTqeQkuUy65u819j7iYyLN4QDafWznyTj,1BKJuJwpSh8Z4VsC4nWV3nKX4MvwfypiU
3XdeREdDdavhCbdPJ2WjaLE9AaM2MoGHeo,bc1mdp7kenar849nj5572err8h3k8tw4kyl0faz6ht
3iGzc9wJJe2vo28NhpeMEfULiCXDxEibWj,1EQ9NN9warLLEeVWR6amPR7u8MNg
bc18ea2xh7pq7rv09f8c8gre5yhgzzhcdq6nyhexnf,11aHM49kZgkcwLdxyDXVHKWV7rsnwV
1VFYD6QELNmn1udWN17AvcmV1,bc1l2stvmeqepkcr5aa46y4fzf2atz8utmxte7v6da
1upknsW6FktDnthCLjTWPsT4ps2iP,3N6qyuXAArmuBFmoKLuvQssV7vut92pSAk
3zww4mQ9J3DYLTy6Ke6imNwowyYMyN3f2Z,13doGvWQBoL3cY2cskDf1mepUVqp
1mAqkEUjB23o5fRJjsh1qgoqhgABUrF7,11NXgt7mD97EpGXZgxwuvztAzXZxRco
bc19w7rdtj8cjh879w56dmzdu6c9l6v3zjvpzkzyuq,1a6Sn9LUkYGQShmUCPaZzXFGRga7QNCLfm
3rWWytkjgorMkd7A5s1Lyx4ptpjkNyKxmn,1hGoq6arfhX5MxrEbA7BD47mhPwFW
3hHqHfcCW9kxVPbK98TuDH1GNsJE47uHUV,3SL2hf3BVeCsLSef8BKiFZ3CaDVZSMPxrm
3sSG8MxWBNegmnf5ubFw8RjqLJkT6o1iJZ,31P8bKHtUqXb1AxQZX8f6YZXDCdhxAbSYk
3xkgcaTfHDjxzCqKM7QH11KAuGhkJZzwUX,1G4peh13r9sFrfrSwi2szQ3NPUZkRC
17LmuYR6naBVeV4B2k2Ri1Tt9L5crfHaja,1i9YUg5za3YVJaF45tRDrZc6sK1gkcPrcT
1NRgJ2nx5bcehL4BmRPUUCU34qhE,bc19tsxvyvu76xlfkcc9jqt7pxr60xfw2n22ylypdq
bc1kxvm2rvl83kq3p20xr5q2jw5szqvq2m2wjvj3g0,3bq4DAXMrupEQrfxsD9unVa8t7ZxaFpK2T
34j5qRQ75atPjUoHmq1qJqsHu1QkRsW14j,1kT9Wr8U4pjmaPrxTkxdHQc4Tk4i
3HM8Z5WE8GsmELvFX3ecfQ694LPP7qxJad,1mZrAz2hFqNhJQhw7jR4Lz1oHJMdc
3K7QXRw1oZCjp47nq5jaeAv9XmnDmbUQ3d,36Woqh3UHYsdJtSuQRm7a9rMMxygnWpbxx
1ttzpiVBruUKu4VB6S1Rwcbw7Htacp,3Pc42PsnbsxPBk6KDf3225tT65boFgTzBN
1knnJFFs3na6n3txe5yxyge9H,bc1vsh3recatac6p6ukd7csm4mtstullj7hc6ymwsy
1R8h2FxumCe5PdXBLzw4xJoPNhD3No,3y2Tc6k3TA7YP3WteVB2pKvmknz7AoxU1F
1zGyPAvCNdygL8qpTTsrVPun3ttkzsM,3yFSnJfveptotWVvFjX2Woc1ruWYGCHqL2
3HbKMZQng5WmVUQkeRPzSDtf1XZAAuMnZC,bc1j68vvv230cmlvtv6svhgt3cnp5alpm5exyxcjfz
1Zg1W7dXYbiaeUZWaDq7cUc6L6,1QgwNeqCPQx2h5FA5CEQAWSz36
bc1w9a3clsf04kaajvtgu0l9kp9x2zmj6hk8mwsdk5,3xbY7FymC9C93tU7SxVfCCjW7qEFsMdj5s
1on5mywGSgwMbXz19iHovHCVhnBS3cX,bc1d866mqel09s9k3y32gvdx2l59qk407l9qdqsh82
1PHXXRu67FbuvSy5MYPDDiSsEid,39m5t1d4w2xaeWmiSsFMa8MoQ8cZ15pqN6
bc1lj67d0zr3p53u4y4584max9tms0hydyrf4n3kkl,bc1nqfw9gkvzmd2vaunltl7mdfmxwqt5a0r97dqsre
16MQ7zhE2Ptu7HiX3CzwinNdvtfxSDk7D6,bc1c0xhjs0qwctu43fzpujarcs9jqgnlt95llsr4wy
3ctoU3p2ECAmzGobRx5tUP4iTk9ie95Nk7,1ZpgrryQJJ2SdWxeq45HvRj5Yv
1XfpXUq2avYiieCwnmNUJWFEPYgW12,bc107p7fpfq056rqc2thngecffhugjenu0ge3jqm3s
1z9xRewnLx84H5sqtVePit4ZceBxXRNyD,1PcaTETyaP3BCBJg4WPZytucU
3LmX3KQwewnDBxKVaUc9HAoAdTdWKWxJpg,3mTbnsQGADrv55QG1ASgGz4bXn57AognjY
bc13wvnz993hchfpzkvdjljt3y9xujy4s2husrzw0y,bc13uds6au73wn7zved5lfzw8j3ux0z9jurht4syul
bc16f8a9zap9tdcuzxrcv8wsuhwr4qs0evzny3rhue,3iagJMBp7abW5DKxjh6xESsQ4Jvtzu5rDY
3kxQE4ZeYuNeddJzQw4hPuLHWaKqADyZzK,35hUeQP4NRG7NnLEA7D1uBCvE5a3zV36Jy
1pTynsTpkifxksBsAF6sL39WVHC,1RZHUCSh41xbEsdKkG6jEnbq2nU
1fNG8oQY3R5LPgyr9gSBRN8ff8pE,1mStU6wuAyp8xooLwZhKPns6fn
1rozW3gAehdA977AQSNDYUDtUk,3ynUTmeiTAkJdCtrdTVcsM7ukrDXg3Av3o
1zDBfVyP1S6ChneK3JyW1wt1Q9dx,3fJoWGXCPCKZnfoam7jaZKTpS6WJefnHNu
1oQ3q5yoEQ9Qq6rk5hG7nWXpa,3nFNxuX1FSmJ8L2ZyRXxY2BEb88tv2udiK
1cKzkNVC7scNQr63WGgn9vXHoRZW,1BGLbCfANPQVLu6Bh7iZr42HEz6JQxf
3MPuMywfmSDtDt9ZJi7YjD6FqmteHvdNCk,17bAqv31fZzx6Beg1K2Riizmvdmm
126TvB7gbuPDrqPzpky8EA3XwMB,1PKRMVkUcveBQ13jLj45R7AY5iy2Mn
3z3Pu9K7vGe1By4uwn424mNCo9b3FtAmj1,1H4bhGETA17jZ2LAFE6MX3bffZ7gB
1z9xRewnLx84H5sqtVePit4ZceBxXRNyD,36RktpYhRsSbd4ZENisu31rtLfmQBJNX1T
19ptZ5NWkpxNkEzXyqcZMEqWMxt,bc13dwcg8g3u6zwunqs50lqmta39rupca8fmlrq9zj
3pTAeMCVddNT1rSpRVNQsAYfvZqA3B5NpJ,bc1jf9q5tlv4cvdl4a9724eg8f3xeveews0zq7fc8e
1gDzhLgoLXzC1wuW5VzonrhcW9,3RxKFLkv7Y5TVo8bmV6N9rempTEP9nSjzm
1LT1grVBELw6AdhEmXDLS62RfciNa,12qWebLzUvv83HD2XSYSvPAsXF7ECZ4Bv4
3nxuDJ97zFMhsHzh8J61aCw34q6cZR5HaK,1ypBqhT9AHdVguknFBuDQ2E8FY9
bc1d99t8vjzz6ex46eefg5yqd9hgxe4388xt7hvugp,bc1esapkudjaha9z706cygc4t2ntzagxmkhq05x8gx
17GgyWVuhXrcqmuxZ6jgbEiZZ,3emxoHh3xbQ6MUsUX9VRHzbPwRLrgoLB3P
19Zm1A6YPDUNTFvPKwQKHgsbXMfy,1hnA615afDHFugxsQkUp9uLu4
1iQi8NGP2pV1YUxoqD2Ty7rjppBPuXmBEA,1PxHTeEbgFgPMRgrDjYzwDRQP4HCh9q3
14oDdMUnHMt1cRSNQoZ3Xyi6p1PJbo,39huGc6ax8jnZaEzTgwH9wwYGGfy5qhDVu
3KbVwLB2XP6yYHBm9xg4xBiJ69tFwu4EbE,3BeQFg9QgjXefJJ2tk8irR7xFT3PwdAwNH
1WU33ftNd6iG9N8QoWzN3JAaj,1VvBWo1tHhvBmZbPyp3CSjL19hYQL3DjP
1KKPhkDChf7v9f9BruyB4VkyYB2eS,bc1dphkpt3cjkktd0m9rwh72v0s04d8kh0ulcg52gz
bc1dlmy3clqw94q3v4ze4h530k772r9rt9zv6sd9na,1ot6Z9od7KAjUWpnDizSKRZsvpwPfifcWm
32mqPefaf8mGHviEFz3L5voJnbcQP9FED8,38AoKjREwyXND61aCMgWUNghU2BdcPBkBY
3r7f29VYMHrrmNcn16LJgQ9L3UwoL81uou,bc1sdyr0npesr0yn6uc5stps8eevjhckry08mfudxk
3VPVL8RXcuYeGNugxpkewTpcSG77B3yXwW,1RZiaMiBbnAUBKnt1oR4yFjSLH3ka
1c9dnvbZS2X1TCA31XmXrfu5hGT7t2,1UbfStkcD1LmjrXomjZxaJbkGojxE
1gDzhLgoLXzC1wuW5VzonrhcW9,bc162l7j3gjkv0kssga35w28qunwzuxkazx9yqge48
3ZtvR1pKGUKkJXFvEbHkAQRDt6xXiEtEHh,3aaDZtncysfRXxtzYe26NnZb6NC3Q3cCgE
bc1qyewx48h9h4wh69hfsgxldvejpq3dhhhxmyfawc,1FJ8MC61d6QwcHdFvtDdBosDHyQox
1SJW3uqXZLrCZ6E5rXV32VBtqndwLYzau,3uk7RJ4mn9MkQddW1mYq6XYcPwL54Hixbz
bc1cwckgym9xqgudy9w65wchcrpq9s8hqej255zmug,1RvFhjzxRvS25DK91RMP7QeBgLYMYB6
bc1g2m7eeyl6xaq70m9qa0pa4gyv7kc33je2jrpvel,3xbY7FymC9C93tU7SxVfCCjW7qEFsMdj5s
1AVzn3s9WgrXg37kDQKue353FXDq2iCem,1ZA3E39tvGneFpY1McN5hYiQcK4pp
1avPCUYjq5WNjrzJJNcA1WZGhS,bc1d9y44889x3ds4myfhg9q37d5u7399lzmfcetcam
3vgJYoX69Em8KNTQShaqvhuqsfRBYSfSib,11tHdpDB4M92abL67zAHfhaZykM3mKupkq
1Q2vPXEfQzZ3JcdsJH7apVnuiEvSED,bc1qkmsrlqh744cvwy0arrzr76svdj7nuu09saelzg
bc15nlvtq9x9k4vu5zwxvt8djw9pff26qf865tn9f2,1KijRmtxGxCmyffvgENdqZ9pWyLx
bc155jphxkcnxxx47ttff6r0ldt6dl2awt39df445k,3quq5y3ZTvsvzBXcSGinaXgqTaLW5H1HKz
3ekxNXTjsgYgq9gxeyETTWdcQTuexrXu1u,1uxa7bs7VPAfir6DLhrjDzJzvRe
1hUDUmpoNQp11MZ9SduMyCHDGBrF,bc138qrczxqum3znpqfvz456m0zzpv37mja375zueg
3XdeREdDdavhCbdPJ2WjaLE9AaM2MoGHeo,3q3cpBEdrJcwoRe4ukC39g2x3rrUJTf6jG
3NxHccoDhpUDZyotNCoDiMfEfgU2u7Yxw5,bc1xk9vdgzt7rkdaw4rkxmef0ymnlf4ddyfgnat4wq
bc1z4c9kzzk3ls8uxfydgg6cr0etrkl8x8mvuw97s4,1WyCjeapcQHYqXYvFmnmtkwJQ
1vbM5ZGR1gCuBNXKvuzckcjpW6ipstzX,3K6TNHnjFNyznjYo9w2Ydh1LmNjJCzRxy9
bc1adcldynhf00jeyf3u9h8y3cmv4jy0dtl8vvykry,132Psgz8X9wEF2vcMs46r7Y15CX2rPL9RM
3mxWd5fWSxRCK6iTU3N1jTZUHTGKf83N44,16Bcpdcb3gNqPia3DahoZTjtR3QWwbQ
3v6oYQkHcYQURsyg8TzuWGT2kSfyy72Hr8,3sfYyTtSBo3dUcPV5g4ZoWsFjaDorTyJXP
bc1rutl4lpwgyc5lx6dy5k5rqcacw2wttu5nlqdx86,1RtjmNQaCZ5WmHzg7yPoLwkCWW
131tDa88XYU4aecTdPuSqQjLuhfQh1Fgt,3ERMvY9184T2JYFgSiVhmDP4djM6i2N5Wc
15oVs7oriijmibKEEXTVa1t9nPSu,1CJvwhisbhcCtLPGXQphAqKkXhQHU5R3e8
3sGyfhDkVmWb2KUUperDS1Kd3bcjYKmpE4,3tRh96om5NunhD1Dt9MwS92TREyRagGWR1
1Lay2LtEd8i57WsxH5EMAKjfNo4TfXyAmP,32ULgS3SgnrKiAg2E8bh7eyz6yW32BXS7Y
1t3grjopnymKUz17eywNu4jHdb1ujn,39Wi9vnpprNLfq9UpZfG5vFantUcS21NeU
3a71egKN9eFrRNGgkQnUNZFJLhjrfkShAD,16VDrJqFH7Pn4TeVTXc5874AcWFc
3fJoWGXCPCKZnfoam7jaZKTpS6WJefnHNu,1DNZ9jgdxqv4gXQz3hgaafMA8k
1eSYAwRwQi3Th4AqTHTcd3DMq,164DJ8pExBK4hAPL63uGbF5z6x
bc1rdnswqgkd608kmuvl0m9vt2zekyhmmetqe3r5rm,3AVnMn71bEVEzZnAoiJnfSWYHQjFvL2Psv
bc1escra2hfnrlpk3q039pgp8lhqmax5jr69v4qmmx,3VPVL8RXcuYeGNugxpkewTpcSG77B3yXwW
1rX78u66ZQZKcwZ8KWhvvnfEzFhqePhF,bc1sx7tcpwx6rzt44prh7wegp3k9s2ruyhte83ejw4
1ioX9t9wKPcqbWWVZU1L7RJusdb,bc1cktaxycun59tj3zqpq5ewv6vwkvh48n78zlgtgn
37NzTqZK1PSQccn4rbDszWgXBAThnvuCm3,3S6dxQwo27DRPudeyjhEJdn9Vg9gz1A1qV
1mpwvKu9AMAyznU9WXgtSDRff,bc10n7esj9eklhscahncyzx0v2wuhppe92yqegxw0d
3MPuMywfmSDtDt9ZJi7YjD6FqmteHvdNCk,3ypwKuTFaMnhrnZfY2DVYyjPb2LTSJEGJ7
bc1rps3undtjdw7npa9qmf6paeckww8ldggg3k3jt4,1uWWC5bqSQvEcUK8sHXuVUjZZLkMQT
bc1w7eyt4vj3a2rfj8x8cmn6dqz70t4j406jagnlnz,1iJZNaEnjRTyVuafYeT74jr28
1zvNsUZ4q8EJaAqDyWkDMVEne9LiHeb5pF,14yG1sYwRzTdBVq3xFTX3Q92njqP1eJds
3AVnMn71bEVEzZnAoiJnfSWYHQjFvL2Psv,3BH2mYrc2pScWSrYabZHWg5JBHUvGrRyaX
1knnJFFs3na6n3txe5yxyge9H,1tdsBPWYcDnCupCMH52cQQjGMmeaeAdom
3G6umWXCuz31yMCVMtSc4K5U5oDy3BaBeF,3W9d8tB4oEuuWeP4CH8xCPJv84AVt63ABE
1oSrDwxT2rcDQP3UywZp6fexYAwZ5qD,bc12lpg35ad4x53t8p4czkvjce6tg0m056796jz7ft
bc1w5eh3etzvmarjz9dl0y6znspm7hpv8qpe43a49l,bc1ymefczc9vslks3n6cqt8s3cvua3acd7mjdc3gmy
bc1jf49vrmk5w3h4gkg6ec0tee0apdg6337mml36vs,1nQCfn4BKVzVXmXqRotgbvCY9Xr3L8QE
1vXF3tMuPFtDfinAVsCTKrb9Uq,3QAgjYs9fRM6h4SpoWSeHHKGvC1enpmyjU
bc1n8xapq3ymvt8e0702v85z0y6zjaad8kw4kvq5q8,14TQUVwAhWF8GN89jf5UV7PojxUNS
bc1xnsc637a27x3ykqmlqk6vpekjqz3sqdmc2kglk2,1XV4Yz8AZgNxBay39dpz8nweUN2JV
1jQG2TZmmmbSEbeXgYSrGZKXfJx,bc1w779zwjjrfcwp3qf7qvvcszwzue47gt6sjz304v
1kFrxuCncGL94xap5s2dSVXgb7JXbTZ,1y5vmXf2MyQyJ85VyR2CRqVp25dSgR8D
1Hf4AgCeWwemjFdYUPffcH3pup1,1RfRwp1nqfwxqMmt47uNNWpBJzTW6fK64
bc12ur3lnrdnugyd4aaeqlahlvnquumh59ger3dsy4,1FcKqHMoKGXLWpxdh3aJaYWYcad
3vF21vgyAa9ouaMi65Ps8Tah6ouBQ1WGGv,39huGc6ax8jnZaEzTgwH9wwYGGfy5qhDVu
111L7p3CMLcikewNtgHPUqi4Bh4,bc1p0cmy6md5gslegnke7e3pgc4cvc3u5vkmcga5ml
1rcveVA53wDMc7K5oYhoVRQqxX8g,1GVn61ysMf1N8wHf9aBaNMk5igHV8Rq
3XRQ7FwkHq79FbwjPzQLaQbjTBtgKTqK4b,1hZ97NarDsfMUYp7B7xQSQ4LcDj7
1Yu7pwX6trobyFDRgfH8nhh8HCk7u,1cFGHwEoWLs8yV1ZVWfmatPLSyHYc
3ukGsrSrbcBsDSb3oFrmgnetymmCpM22fr,1hHz5Ea3bek3PTE9GxD6FxXtUiUtSqWVN
1VFYD6QELNmn1udWN17AvcmV1,bc1upcj26rr75ra2gyxw9t32s05ajayragpr97ezf7
bc178pn2fu3kpjrpukqcxpcjpju8g46kps07s4v24y,3HM8Z5WE8GsmELvFX3ecfQ694LPP7qxJad
32xGc1gKH42JTXv7JTNDbgMTm1pTWrCBSq,bc1lyv44z7xk6umwft3m8u23rtd70za6sf3rhep8wc
bc1s9sa5hspgat78spjzzjkdgt8whl0g78fezcslht,1QimEnYHtRzD2XZKryg1AnZD9rNEEr3E
bc14tzkwt7pr74y7kcyz3rc2slgenl3400yelhd6r0,bc1v76je78qred33y6utfx66dlq44z5726l7xrf4mt
1wNt9CzMeMhq12QFY4vVNwNMHrtb,bc1p59mmmz08lp85v8wewmwr05rd3qznnfsx47tp8w
1CmV58YotkwFBYWNfSsZs1Daeda,1HjiisNhetf71CmWcNTwEkkVZXZ2
1aa1tAGY5YEmUd6ip2dSBxBHf6oJY2Tn,1qaLi94L2nnPXCtfTuD4VC7yHWyxTEnz
1vp5qoe5byuUqTh7nJBZUEQPM5vE5J,bc1qnrqttq2c6xsvfcqrcy538635qvtfgcuzwmjry9
3fJoWGXCPCKZnfoam7jaZKTpS6WJefnHNu,1uxa7bs7VPAfir6DLhrjDzJzvRe
1LT1grVBELw6AdhEmXDLS62RfciNa,1STbDrBQdQGsxvSmcZQ1BRacq2KQyn
1HRkWgwXnu2z9iyJVQmaKLTZLzNqeL1WVf,1J8P484pkynJgbwGG9ZMgF6rbGRGvJht
1n9mZAmchqK6CX3vHHoLJKCJ7C,1G1do7AxkdYCxTyn4XaAmMaGHT
bc1rtxqhc4kx65e8l7p0knql5rgs9xh4n9jhyamuhg,1xoMnLhKpiWnnhckboQqRtVnCcteoN
1TkEz2JnrDQ18snwSWThPve3ah,3rzHFLuXeVU5poEtGTZE5katysN4eJKU4V
1keJSNRjELrDn2TiCT8gNNW7x1vyz,1JEYXvbf24Q6i5H8WLy1XtqmiWxu353qaZ
3tiWUusZzue38zUhGdMGM3vrwf4S9YLQtd,bc1plu5t9neq7jlnwhszasj7cqtgufcs5fc0rqscew
3XoWcDMLVwKbmCCbRRSrEykcJvQhqexyDQ,bc1t8cm8qfqkt6j247qlhj3y4yr2fec5hxq8k0042l
1mAqkEUjB23o5fRJjsh1qgoqhgABUrF7,1RNVSf1uJtuRkPt6MHxyKm9xymQwna
bc1c0xhjs0qwctu43fzpujarcs9jqgnlt95llsr4wy,1nkkwPgfXbFrS9YPEuf8XVkrBVD6KWA3
16kGuSuB6QhAwuD41zssZcTk79g,17SinNP4s1zWJTe7B7UD3azMhG48b6
1FdB3YHwADAYqmk8n1XcUjui8mdyWM,1qjkrqnCEhPqcpfNJg756kJhfF
1rNSFQjLzUCsPoswG7C6P214ahE8Kb3,1NqX6WH8t5w8ACNNrJCqY8B7WJ
1WV6kEpCBKifYDUnue9ziG3L7VNYRp5h,bc18x82hy73774vmmgz2lx6wl2fzquzjv78d24wc7a
3WbzaCbf3TWGiJBaK3AYaGXxQoStaMHa22,3aGgRMwZr1JZNUDNbQfc4UUR8Bv3cQ9ztL
1q1Ze3szVQA2vofXTVV3Hb8P8x7Le,1Xfh7rAte5DcbUkz3auGPyZ4Q5NgpEQpb
bc1cs0agkucyl729pjqp5k7fpmw8q9uvc9k4m9zttg,3BrWoL7EZVznmmZtrsc73woxkyncr6ZWA7
1sWVidzTwao1HNrczLtCuQayX,bc1z7s5xz9luwgg965dna45fsxd8shzpldr5k33gl8
1QtTwt8T5EZRybhZ1B8G6DA5c,3CX5ccGvZ2zCiwNPxgAfiN5PhDuRsGb7F4
16kGuSuB6QhAwuD41zssZcTk79g,3qg7vzCnkfYmLtjKXMxgpmohhGiLcsU6UB
1TNzbqiy4JrRM9QVbjrRruFEXCFiNLpn,bc1lw63h7q22smcd8q9nf0e7xmf4txngz4q22ss9fa
3cSuMpLkNceqVVCdABC1HYL6y52WXe8rSc,1hHz5Ea3bek3PTE9GxD6FxXtUiUtSqWVN
1rrSCo3Ya95Q1RMKTWxLfXQLm,16VDrJqFH7Pn4TeVTXc5874AcWFc
1WB23A6oCxxS4gQuaoaajnPmzeCF4YTu,bc17z7rt7r9tqqlsc4pa4jzj2qxf3yze06tv4cx8cu
3ekxNXTjsgYgq9gxeyETTWdcQTuexrXu1u,bc1xwuwq5tk8n6fxf3l8yjr0pxszerdee3jka2gg2c
3x8wAqc3PwdXCgU8fqeQ4HVPLDwnFhX9v3,1K2EvUx6T9SMAYXshUUFVkSGvmn
1MJAAQefgJfe5bCZLJ5dSX6oZR,1kJT6yaNRDQHHhWPzjxmiTa2mSU7K9d5Z
37JNJ29nRwJHBj1Y43UJTLNqq89dmf9j6d,3q167SDHC26wfqxei7r8fuZythFUwevHRu
1AG638oewDd6VgD3zuqjUAieVDvXE,1N8iCmaz4oqtQvQvCVEz8XMQmmE9nrDg
1bN3QQ35Jp8UcJ6eYpZtPHCJyMh5,bc1xhvu8qr7ejswygad7c8605vrrk3dgxaacr7c29w
1yRb61wneNLGCMoiZLxpDpbrroF6HsQC,1beDE6atjuMUj4T6MfiVygwWRXQwn
341DAjYbpzEoCMmqAenR5PWGHDKu55v1Hy,1wZ6tZUtSTq4KyTugxtqiyKazN5v
16idqEouqnoF64tbEUEETZXpXv5vy39EUQ,bc1jf49vrmk5w3h4gkg6ec0tee0apdg6337mml36vs
bc1s8sl8wls4vexpu7fectqaef76pjs6t9upq8xngr,3Py4DZT2bSgaSDRZNLPHMWtgW2HPvfuM38
3AkXGsGCh4hrMKGi9a7EqXSvT9UyNjr96Y,1CEqRGDKsNhUbr2oLkeB2m2QXLk45rhg7
1SD9iNhoGudyj7cVNrZEhe8qXd9X,19u6TqKipp3D9tKotVmPF5eyP2wa
3rxfEb5zz3eSuWntE2DV3Ry97iFHZUBMXG,bc18sq4q5n3d0eyg22qy99y3vqe23xl9u808gguums
34NCQxi9RxeftAiu94vUoHPFdCDt8ywnQK,1A6GwcP6h5paD96LUeznprf6J
1Hf4AgCeWwemjFdYUPffcH3pup1,3rxfEb5zz3eSuWntE2DV3Ry97iFHZUBMXG
bc17j6san7xtye4h2c4pkwfzwslphfwzgt84kg6kyq,1EqmAm34AgbudfMYV3jq4XLKii9ThM
3LTqeQkuUy65u819j7iYyLN4QDafWznyTj,3g9px5FZRbcmPuJbRZ4x6mdG5EZAQgU2HH
1mCJ5exvyLhjiEVWPc8Hd2sBANpERrY,1Em54MNp5NmBi5bzNe2bpi3MidvsqyLCqU
bc1gtd7vkl7ywpn4xfkygzf4sfnf600tl4w8vepaap,bc1gwvuzukmpq7hklsksawjdmnjvus5mee4ka2fvkc
3hRQPc5Wq9vPEwVdcUGUtTRNRNwoxiDh6v,15aivygapZBvgCe2nrVX3rVgX
3ostH4LAoHww3WYVMhVLYx1LkJ3cuBFQHP,3xAucp5GDZeeqi5WmQh9WU2iifbHHh5PEe
1FcQttmT16gMWozDSYENAsohhASwLnZD,3P7ETBCceZp4zh9eCrHGS4Rr1zYzWGdcmV
3gMP8XwXhqXo7pZFU7s74AGAhWztyS5gC5,18kq9qAePNDMyFBDEgb1pPRma
1CBN1j3tPdgmLYFf8QaG7koog2aVkJwQFB,3xP6ofLe6fURXfsfvE2ZMfXFH79WU6H68W
389C1hMETsSfKB9cMbhXXZnMWBTAcxDjht,1qtBWJrcN1oqVZ3CbNGYSTjGy9
1A4GRk3ith9mTFoiEHPhZRiAzdgXUorV,bc1n6l4udhyr6up6pqs3u7gcgzunkxf93kcphks9ke
bc12gzadlyerg3q8az2t90t24p65k3smex32mrl0nq,3KTmdTXVimxQS9de8JDJTaiSEvNo69Km8V
1csoC6wyVXd8zfNXa1yxPcSP8P8iQ1B,3pDMQk7eTqtB1oW795xFQpY6p228Bn5FxR
bc1ld05cm9hz08856a5xrp26w3ja4vp8vtne9nct3r,1bc4gTLKMKocJKs5REaedVRmHq1sAitK
3ekxNXTjsgYgq9gxeyETTWdcQTuexrXu1u,3CT22oUPUAq16YRUZiZ9ja7yyQCmnSBeqk
1sYnT4SyMA5Gf7iundsa23ujGs7vRZLZ,3rmZnVrXqsvH3zSpa2wGrwXWN9MV3M5r6E
bc18x82hy73774vmmgz2lx6wl2fzquzjv78d24wc7a,bc1hj9rrmshf9l7dutut85mqaf4x2mpt6q456ckjmg
18hGXXhc7jdzVgwzHcKXzM8ZXdVBciy1,3BJ4kacoiemT9xGvSD1t9wjVZ5ag8c2oQW
1QtTwt8T5EZRybhZ1B8G6DA5c,1xhCjHbmbyqJMJi834Hwdk61HULxFr74V
3ukGsrSrbcBsDSb3oFrmgnetymmCpM22fr,1KhdbXVxSMJ7cY5C6Z2k6fxiJw
3ctoU3p2ECAmzGobRx5tUP4iTk9ie95Nk7,1FWfUEPvxZsxkor23eFiVK7nJQK
18mnadpktRaVUscNE2ErYmXmCb6EfU,3wCk4GM7ToGdCYgbzxkUkoirjpMcP9DL5E
1g2TVXoMtQZVPKt3DbkhtiSe8AUqSS2Ger,3Aep2XospDSTaQKBU7ue3mhppw4vNef329
1E8RL58KZUasvFx3p5bv4HtRnS,3ioeg1HRJoD9qt11SmU1P5QMGGxTLPdibP
1rNY2hCKEZqogesiQb6rfwtBwLKm,1HigpW5nCVAXTceWF5JfbEco8
3GcHbC4J7DtmsJcoxhFf3Qd3sQAEKnpqVj,1Vzv9niumSTZLF6xoPCGMWcJ9YY
1KijRmtxGxCmyffvgENdqZ9pWyLx,1Amydf4t9Ynvmqz5Da9TDaLkjG5f
1wZBFz22Q2uHGHqiz2Ui1B1PFCcrrgdwR6,3PgzQbGPvMTD8Hgz9Y9QZSpirUQW9Utx9y
1vbM5ZGR1gCuBNXKvuzckcjpW6ipstzX,1upknsW6FktDnthCLjTWPsT4ps2iP
14VKrkq4GA9HJkMVNmkDswWretcU,32aDjWaDD3e4We5eZzRvArpWZQvjdYGCKz
3nTa881ZbDkYBNmYq2gDZstY1EnMJARkes,1RCg6kkD6dk8HWjh61rHrjDPiuTfbAB3t4
1wuMEtYaVRab8VKMu83BEGDfJcaDN,1xT68modadujPppiRB3PRDnbzMXHjPKg6
bc1fqlsnr9yp9ulk5x42uy0dlj3f47yratnrv8wz0d,3iGzc9wJJe2vo28NhpeMEfULiCXDxEibWj
1sCu3xkWPw7UiBzYD8ayXkJ5A,bc19nkhp606t679szp4l5n84waxfs2stwg7mxjuyun
bc1w9a3clsf04kaajvtgu0l9kp9x2zmj6hk8mwsdk5,3UCzcBHgs4B1BC9Yyhh5BKzAdbbWHRpjXe
bc1pqe6sh29jd3vnvpad7vhv298kyrjvca692zqqcy,3PJ9NzjKirNPrzkBXa97uashp2Yx6pB9X3
1ZpgrryQJJ2SdWxeq45HvRj5Yv,1upknsW6FktDnthCLjTWPsT4ps2iP
bc1klqu2lu7c49a0skc0j4u073l6mh5dv8ae3e9w4f,131s6AvpDtJKzuhMgdWop58GVxaYUdUHm
bc1akn4v3pp97v5j9jwd7nwzdu3ve5llw77mtul3xg,1EutJsUTXCiHzcn6WESe6C9RXYj3ML
1LMrRtmPDc59dVo9sYyn66KwAHN,1mS2G8CfVcGHzThuQmVSUihX2KFyEiQ
1bQR14XzLq2C1YQe1gJYMFk8ZTQwAPy,bc1uahpxzzv8erhwcwtgzg09c2ulwej7nkyvegj4pv
bc1vvxnpyytezrkl3hzqrl2fmnqlrrzmskemrzhwd2,3RvJj3KomG7dMB3rLpKBYDPSWNYzcpFm2T
14VKrkq4GA9HJkMVNmkDswWretcU,1835b9t9QbHoCTHSy9H58HoBRMrBC6
bc1gh3097vd7gjcq7rx6kuf8epnvn7l3c6gjur4cc9,bc1dzj4dqfzvhngzn3atv0r4frh7xm2n6r2kcfyn6f
bc193ahaf42nf6vrnwhsy4pnvgpjn9gywdmkuwp0h6,bc1sgssk5w3ltsk0htk0rmzanfzmpvk7e5jtqm7hhx
3YvqQ8jQYuNz3VjYrXk5tts91Dq6zV7TTg,bc19w7rdtj8cjh879w56dmzdu6c9l6v3zjvpzkzyuq
1kZZrjRJ44zf4UAZjVBmXMLd3CCHaStf4e,bc1cw4mwa4d25p4uyzae7z3wl0jg6tdaneh4e7hpgg
35qHokG4NsT1sjsZpYT8jKZLcxBFGgykZk,bc1jqrhszcy8t3pu3lp47txw6xvq5w9cz2vn4tkjut
1ESmf3PpXHcQAoWBDabSUwD3CdNFKbY,3A2sckTuTuvujpWN9sZQ3XaRSNrrm7Gxc9
bc1tpgctflc4ylxjy86llwdw55g6vyvn06pcy98zw5,1BXHmSFaU8qt1HJudbRTc5rzEG1hpv
3JNGq1PxbJLABa1dZ5eqV7CYB1AhoydLtA,3Rh7mWJhEQKqTV687Q7Zuxrszuyu8LwVqT
bc1568xyx6mf535zj4hmee2jex9yt8gzacu3pgcj09,1iFvnBGhkvxki68avckzwW5GuSU7CgcC
1SSC6rJeGn7hNGyaymPdfZ1aw,1fPzmYAUX1xiA1eZgwH9CDR2W
bc19w7rdtj8cjh879w56dmzdu6c9l6v3zjvpzkzyuq,1hajdAqDAP2DKP72n859A9j7TQLP
bc17xa70efqpm03egnjvjkrhcqff72pzxc5kn8f2je,1owG12zqhViUKTzd4Kg3qWdEXTVNGR
1RPRmQyMoym2hDiJNKnKZCDWr7FKU,bc1dmwhwzwyw43k0d25n0ydt0apqyzn2ht64cvs9cw
3pmVnZMmbDZgyAAi5AF88jNqdS4P3uCjNq,39VLbiQCcDA7Mf3cy7dbBjGvSD51tu2Tg4
1KhdbXVxSMJ7cY5C6Z2k6fxiJw,bc1u7csqv6jsmap7k0jyhcaad77wncqgay9ha39xwa
15MDxDS3YvCRVqUJ3j3Bdvgp5ezyTwsY,1FB9m5xdTZagtezKyKSUdobM5T3
3Tk3UGb5rrqC28arSQHEKxe37oAwNerpRn,1mVEZmDDRgeNKUXrxk6eekFkmazSwq5H
bc1jhwz9cfcwrdchklxj22ne9urcx63u65gfrm5856,1gUokAz9YfsQ6FmwUS9JfFec1CdwNqJQ
1xUpfCW9bXEFN8fjpdd2kL287iipg,1uPz7yPC5Ccpp2wN4e5d5j4QBdCaSQ9
1YXvp4H3CkFLnyWW1nxYrhLE5V,1Gy8ueKyBTGd6o7sp5EhQ5Df13mp
3KVzBA86FBtbiKLJdHuieYR7YDPQrPa22d,1XT13yQ98nJvaLcycYz1kGfPkyoJR
bc142ze5yxf8jvhwunkz64f6v9h8efxd8zudtue6cr,1A4GRk3ith9mTFoiEHPhZRiAzdgXUorV
39r9RqcyipN7vpKStnYLKRjV3NfkrXyYWD,3yvEsHRpJ5VQJmT8ttaRaXnZy1yVSafToB
11EFsDU1XVgVLAnrtfyu2JdDy8v3EpUDJv,3CT22oUPUAq16YRUZiZ9ja7yyQCmnSBeqk
3fSLdJxtZZL1oAva2sZ1eZaQiHApYEYDAN,19tnnDLRdrS4zMzcqrehRVtDoa
1PKRMVkUcveBQ13jLj45R7AY5iy2Mn,1TqhjipBqFiLjxKbS6qNkzoqD
3DaaccDmECTafDsgN3xbH9hyHFDU38ZYZc,1BAq6xDrhR2XTfKH7gRqUS8HiiM1KTCRSR
bc1escra2hfnrlpk3q039pgp8lhqmax5jr69v4qmmx,3CNfpcR9zS2c587Y4eNLGsE1NyN7vBjJpV
bc177rymrhjdrvz8ytqzwdqudpsn7n67qdunm9hhpg,3zww4mQ9J3DYLTy6Ke6imNwowyYMyN3f2Z
1Gg8apT2DH3qGkXDMrHXuQd5i,bc18lew9e8dmp6y5u2pwt2yd6agx76tx7wxftx4ejf
bc1vfffv9eq0452x4mj52nqcal95d8y70zk0w7rp7j,1Dt9cS5Ntc91kMhRJP8LAAHmUMhU5U
1HBr7AhrjYkA6MtUeKxuD6KhetCu,1vyfdc6TwEsiWWFVS3pMteZLaERcNch
bc1cwckgym9xqgudy9w65wchcrpq9s8hqej255zmug,3Q9sxQ1BRjkYWNH1svEmNEWJgd5QTtK5Kv
1Fe3fid2EaQXukNxPkXzJXz8iozBZt,bc142ze5yxf8jvhwunkz64f6v9h8efxd8zudtue6cr
1rzsm132uh5aHSLSLboCS1YRw4zRC5,1xhCjHbmbyqJMJi834Hwdk61HULxFr74V
bc1fxe5c708l6daas3yhz6qjmw7sr5z42lmv48cmvn,1duLbNqsE2hRrw1UGXyzAKGQv
1NL2zhQTttknWXZrhtcU9WzyN5W4ghCAY,bc1f9w68taqw4e73fgngnvgy5e763u5gsy8uy3agf2
3npZusePa92r2AMoMCS6Sazrp9dF2ZQ8ft,bc1fqlsnr9yp9ulk5x42uy0dlj3f47yratnrv8wz0d
3oX47eJuhfPUyoy3dbs22PKtN6sUNFD1Jw,1oYxg9QYaeuFmgBWJTgRxykfW5kNJc7J
3Y7jqkCBrX6nd6oPaZaUBURQDCsrLC3Pn8,317XTqnTJtBkZVC4vucEhvRskSZ2AncSeq
3p2PgDHDpQQMi9fsg2nbmMuamWaZRFRBiy,1veZZ6TYYrDQec7tPmNgi74FGrt
1231QHtZDJbrRdecbz4DfEfRWpF,bc16py8ga7p08zqx0qhnqu0nj37nvt3ffpg6nudnlm
1aNuADYvkHZWACcLKG7H2beWQB,1yYs4VY1twFsLpSrY9uS1A23JP8AGh7
14WQMfBhrMmZLFomo6Xd9mBVi5pY,1JyDSJJgfssDaDUexaBu9KjUJBem4HF
1Gy8ueKyBTGd6o7sp5EhQ5Df13mp,1HXxJfwCyWjC6sNjBZUKovKECu7kw5R
bc17j6san7xtye4h2c4pkwfzwslphfwzgt84kg6kyq,bc1dvnnphpckdq7vse6spfdc2m59592rc6396hg6lu
32aDjWaDD3e4We5eZzRvArpWZQvjdYGCKz,bc1dc4fhencylh09zz35a9a3u5t056t3gnsc0k4e04
13RmSoeGGEwL2MG8T4ALEP7L7uSsU6,1BGLbCfANPQVLu6Bh7iZr42HEz6JQxf
1oPJtcLhuCaGYhYiVrhQ5WmEpoz,3HoimLihrNpez7jHQqxvQz7eWUm4WeeDzc
bc1klqu2lu7c49a0skc0j4u073l6mh5dv8ae3e9w4f,3eEP3kB2C8xD2C21mkY14H3YbLRLXtGJLy
18G46i9DzGiVvdaNmYkbs3uAtq,bc1wqwf0jvzswvjluuyplc747977crtully8qcwsje
1mbVknXhj7NPQKyvCxpe5ywjxh6wbZN,1o8NE8Q7ag7vEk7vegsH23AhjeiFGW
bc1wndzmpgusz6fyw9xu6nwqfag284vqth4ns60xq0,37JNJ29nRwJHBj1Y43UJTLNqq89dmf9j6d
bc10uua9j82uf7vrz6w5z9whty6y3g97h8fg3y8mzf,1xzjuTNfkPAvWdaTjUiBtDUDZeH
1qTBsRRJQVZ5atXhbaaPyA3me15zMo,3pagBD3e3xVhXiiYVKftVXgAyaDWi2p51R
1aodhn8Dj7qdDVvnJNDM9zG4BSGE4JoxWC,1vDpdrnMeTrsPT4DLtB85VzBW5makQ7FVa
17DzNexrGnWn61yyQY4GymVY1QCi8,1sPGiQPB4JAihJedDGqFPCSKkeMrjoJ9
38KMsXX5SKWz7HniQWo7Cgcn64Bc6LmvgL,1kbcEHa67db3ytpCS6wcJUmX98Ritm
1smNTSvLh75pj8AJnmwpZFx3KGnkdnHVvR,1euexZvMXJppFqqrN4SpQtmqxdgMF
bc1scugrmuu4medzkjjw9wruhhnem5xzcmtpx9j8z4,1aNuADYvkHZWACcLKG7H2beWQB
1NwAyKYZRiMbNHrL3HK6o2QPQNWa,188DYJMm1gAkoSULjA7DKgqUS
bc13m4y8qkqjv8j0xf3kvcl3gwqhjmaffrl6vmz7vz,1nK7kukHDahZPnWkcJQ3SUffVjPYN
3Pw1YuoVMRfaBgZj877WJUetRdV5QF7arr,bc1srrxd936605r3uldrd9d8k96udsey4hujhjdvjj
1CEqRGDKsNhUbr2oLkeB2m2QXLk45rhg7,37jtAFppa7taQGAh6nKiZRrw2bsQWcUgV4
1M6LJGjQwcfEcd66wro62Z26rge3e1,1fo89cVomdvacSagippjkgYsnykWnMEU
bc1x4jc4fuvv0rpdkva3upgtksvm29yyhpcat4u5fr,15R7woAeMPa3X864fmyVqJBoV
bc1j2rv8qmce70ar3lnxmvtydtqlfhpkkv4ehdqgdd,bc174yz69yeenexwq4p89aswek78hwdhk5fr3mtpyc
bc196mnc0v7crt2ptu4c4ggkv03sv4v9nw8hvymxgh,bc18ea2xh7pq7rv09f8c8gre5yhgzzhcdq6nyhexnf
bc1a2gnxgyfavf9gg9qnqh8l77dpwqd5g89r7axtse,3HuwPDfPUarZF55n8A5sXMkMY5CojXPWZB
3gMP8XwXhqXo7pZFU7s74AGAhWztyS5gC5,16aEukaSdiRZ2e8zSz3288AKYG7wnJ
bc12meehvta05j5w9lppz843f7w9q5sxytjehtfvj4,1HBr7AhrjYkA6MtUeKxuD6KhetCu
bc1ghvdawmpmyt3veu7rfjzkxqus73zxxvrduk0xxz,1RvFhjzxRvS25DK91RMP7QeBgLYMYB6
1PBf46oxsSx5aUXbDqBoGsoLe,1Gy8ueKyBTGd6o7sp5EhQ5Df13mp
3heRB3M5h63U17FZs2eXc7D1Nmta5GeMwR,31D5RVmy7RFMGRBxf4wbgnGjH4X6KWDxyR
131tDa88XYU4aecTdPuSqQjLuhfQh1Fgt,3saJHNjW5UkqanbQUoEGEcQb5xdVL95M8o
3Aep2XospDSTaQKBU7ue3mhppw4vNef329,3i2X3QStmazNeMHYQtGUZwNWRNsLV6RM3f
1f5Q27kbtkQcHTAh3KzS71nRp,3xkgcaTfHDjxzCqKM7QH11KAuGhkJZzwUX
bc1mh0dpvvkejgn6lfk73l6d3ugsks3zu74qq03ze5,1vxmfYUXVvXCo5ooZoBpUfPJREmYWU2
14sErAu6rEiFKVkqfxwMjDyWtEwR,3zn7hud8DziEMLWrMd1Gbe6SC4hBi7zjab
3KQyNJZSg1ydDQAgMjXLBnRanNZrDu9SpV,133Seye9En1oPJXZwMafv6SqZb5j
3ErqSYsSs1JNGGL5uWRXCBgzeGx9CUJK6h,3K6TNHnjFNyznjYo9w2Ydh1LmNjJCzRxy9
bc1vqzd4aztszvsxykdxdvrt4333m76fkvz2fc4ku7,bc1xsjurheezkwwurpl8z40y5lpdpzzcc07lr7mchs
34KBZiDi1bynYCQ7LKDGY6sq8JQxgahe13,1mZ3ktktAzMiyziFaHyUXsvd5xLLA7UA
3Hc7kK33qfa7fgb4Z3SVjduZvCJN61itqT,1mkmLdiKBjLmfwLSAnVHqta8H1fuDme4
bc1a5sjfxty254plvrkeyccut46dtmdls5jxyee7tl,1hyZAH5ioQRwvcXcz2JbMp5W3r
1z9xRewnLx84H5sqtVePit4ZceBxXRNyD,3pgs2oznCHTFsPAbC6bLdfuvM5nsAmgZSM
1yGW8Dqd4gBDX9tqrVpiQV4AVqoTE8U,bc1m4xzvqkfkvwjsf8kuvnwwmtvq3gldt8s95njdvh
38xouyWWU8Dp6MDkqnNjwUBYBp9izcEEqe,3C218HRnhvFB5zHSn1bfVhf6DKjjY7S8RC
bc1sjga4s6sy2gw24cdxz6fc2zmwe9lwzte7wkjfvk,bc185eagqudc056vyjx3rzuu7cf5c6c6w3gu4s2f99
1HBr7AhrjYkA6MtUeKxuD6KhetCu,1ohCjELvt9xR7Wd9SYQQwGVAAs
1zzZBWwDhhqBdrqJEGJPTdJoZDaq,32ULgS3SgnrKiAg2E8bh7eyz6yW32BXS7Y
38GvZxQdL23bUnGFvqzEh8mEnfztGbXErv,1x8s5TxNtZESG1HDmD3CRZWopMd
1GHhRNRs4QFs2ATPPgxMi5DhkDH,1e2F54yiShgjovB2ZDiR4G843rgD2MnDNX
34KBZiDi1bynYCQ7LKDGY6sq8JQxgahe13,1ibrGUpvqefBBaRokprUbztpQLi3AQwNrP
1am6NHTPLFwE1aCgmSmnUBp33e9SnaM,37iK2aeHi3v2wQvMMhmDrW54k89SLSqdwG
1Yx2RvPKNT2ZrJhV8iV7gfgaUrWPVycMy,1qbjG3aJeSQiVgLg6xa7ksgpSMhUD
bc174m0ecnewnfngmtvqzyp984rnm9k5z9t63l0hhj,bc1cxh07wgdd9htl76tgta38wxg3d37vct742830tt
3ekxNXTjsgYgq9gxeyETTWdcQTuexrXu1u,3y5syL7rRMPkNuq3UpUMeeDEuEPmeN1CmJ
1PkDnn1p844xfYKYcgTtVL1751Ne3,1AUeK2bPwMRU4sxgGd55QJisXfGq6uLkA
3rHccVCUHVAHTxaLrGmSFATQGvBYU76ybq,bc1j9h4fppu4y34z4vqzqcg60r7xp5hl2d5xncuezp
3nFvpYx5bUwY92uKfcCgx6x82BX4f6sBXN,bc1jf49vrmk5w3h4gkg6ec0tee0apdg6337mml36vs
1mVEZmDDRgeNKUXrxk6eekFkmazSwq5H,1s7CMGHKtgQzBwzi4ps5kqWbUg
bc1vfffv9eq0452x4mj52nqcal95d8y70zk0w7rp7j,31CdfrnoR149o9pqtiXWGPFxYCkRTa2nAy
3rmZnVrXqsvH3zSpa2wGrwXWN9MV3M5r6E,3o3E6ubmLHq2CK36kfUXTcx7JWRGuXA1Xi
1gDzhLgoLXzC1wuW5VzonrhcW9,3BvPE3sFQW4ZwPEKMpEJ2TNdg8Htb2dRFY
bc16f8a9zap9tdcuzxrcv8wsuhwr4qs0evzny3rhue,3HTz7BgksnDX8kM8UdnNt8QgaPrqsjysgg
3Fn2ojad4P2k1bQiNfwNS1bju8bBVU7Uph,bc19tsxvyvu76xlfkcc9jqt7pxr60xfw2n22ylypdq
1mAqkEUjB23o5fRJjsh1qgoqhgABUrF7,3KsC7zGjDQsTzAWkwRq8EdiEWwYMgm8QmJ
1rcveVA53wDMc7K5oYhoVRQqxX8g,19Zm1A6YPDUNTFvPKwQKHgsbXMfy
3MVUybd9wvPYYVYE5iXnpD6MCrNU87uMrn,1uNYR2Sh46sfUWFv826BCfYZUyfa73CJk
3jxNNJ2ec6jrU6VfiuJvqApNURkZLTXG2Z,1AzCjgksMLsm12YNokzTbc1Xm
1ZowPkDe9pqpxqfcedbeNcxXZcM,3JKquLP397t6er78sXmQDYxkurLzC232tK
bc1yh0mxq6y3yahr24t9880ythvgaruspwzmh9zan3,3rb1F8B6svnEn9yVRGejcZiKKBfAq9r67W
bc14gumndd2d96a2m0w3qw7c7xsnd8egvvy5c2fr5n,1FPs6CZXGza6GHSky3rBLjdaBC6Ffc
3P2vxhYWhdU73LLGDVdUE7JF5MbZ97qhoW,1tsRnBJuiTPafm5R7m2BMdcbTm4
1HHGX5UgvDq3R6bpzLSw5MnCqnW,1PRhW741aVW5UWfMqq8MFbzidHcb8Y4R
11URfg9CXaykFCGYEoKWd32xUD1r,34oAYjHP1eifzXLWcnE9dfpEjvJ6czJhnR
3Czin23RYo1DoWLA7FUKpvsqu9NyDA7Q1K,192iyhTC3TFTE53sMXGJoBh2ZB
1NTucjywRPRAi3RV3EcDNrVFr2jzZCU,3hknk1e8cZPrLooAjV4MWkXPBTnRbve4aG
bc1scugrmuu4medzkjjw9wruhhnem5xzcmtpx9j8z4,1f5Q27kbtkQcHTAh3KzS71nRp
bc167w3v4er8jp5g687axkd49335jx28f83vynv6vg,1QnSMjz5Hh63qsuDu4eaNSgeh
3bij65VbvZXFmdtw2uuxM36iSn5t6kSkgv,1grLuWR8wGQbDcYqa3FcGJffHMvzSSKCmX
3crdqscS3741y3v4t1ookuEAVs1YdcKitE,1etyRDdPy76ENiozxJrGMx5zYAK6g
1ECxgQ2KDnbBzMWZDTFoWtFwELdqDBEJr9,3MCCCd9pXGxckVQujFKHYhimf8gVRizVpt
1vxmfYUXVvXCo5ooZoBpUfPJREmYWU2,3ehQaaRmHhbFDtQigUqNnuWMLTitN9cxWR
bc1wndzmpgusz6fyw9xu6nwqfag284vqth4ns60xq0,3mgiWeCU1aVD7zkdpdVV6ZoRJ49QF6ovE6
1cKzkNVC7scNQr63WGgn9vXHoRZW,389C1hMETsSfKB9cMbhXXZnMWBTAcxDjht
bc18hraagkdcvwwcjcw2ez3pxyjxd0e2t0rhn98yg5,3UpXKbVTJLyGnBEvHwzUiMipNWZR5mqjLL
3HuGEfE26fUnuEVauiiUHYLzuoE3QooqCW,bc1ydmsts87ckkg7u9cpqqzdjhdke9reedzce3mp5f
14MndKNLoeUTjb3StvvmKtVrZkjjk,11niabi3ousYf2BFzaQKCK7v6E
3UUi2ZFvYsahYBmn5gaTZh6ESMMCMTsahq,1eHiQhQ7pGZhYyohqFWEFS48aSK
3xU5xUMBuEk1TeYHoJhty5t3TNcsEvcjeX,bc13dx94kdxwpw7jx4q7uazl6ctpamf6v4rndz0vcc
1Yu7pwX6trobyFDRgfH8nhh8HCk7u,1YShka9aGcnCVdVzqkQWicsuLQRSWm2
1m9JLN1bg4WqrRCCunLfhybLaxcRATn3D,1zdbVidQwbqir4VGYnic7SUUwzRupYJCt
1Mxwnm4b58xZCMtWJ5FCJyRKT,16VDrJqFH7Pn4TeVTXc5874AcWFc
bc1ydmsts87ckkg7u9cpqqzdjhdke9reedzce3mp5f,bc13sukhny6hy6xn5efnx0pxrk9qwpj69wjj4lmth5
1xuiLUiRVwnRbHpfaisCjBJwAHAABAXD,1MJAAQefgJfe5bCZLJ5dSX6oZR
bc1mfgqpejajtft5rjjqae00p7sz89jx7ewpy0y8fk,1vSCj9d7V2EB9h9qVsXGqwY1p4WGD
3AkXGsGCh4hrMKGi9a7EqXSvT9UyNjr96Y,bc1078nr7ea4cjef9l040u8q94lvrzuk62m352e9ex
bc1qyewx48h9h4wh69hfsgxldvejpq3dhhhxmyfawc,132Psgz8X9wEF2vcMs46r7Y15CX2rPL9RM
19Zm1A6YPDUNTFvPKwQKHgsbXMfy,bc1r4h240nuuq9r5a6n4vxl2r7j8tsvnf7rwwnt02q
bc1d866mqel09s9k3y32gvdx2l59qk407l9qdqsh82,1F3uWTH1DqaGwhgHobCDissA7K9o8QrxY
1NJFUCpcx4rBe767niGDam2wHBT8zeTb,1Q6K7ghzEfVjwzLMd4vt7C84viGcSr
17KSCoY99Vb4ZgxcitNfWAjhB,19Qctkoxu94WrVQYtxPqWN2ARHsvG75EF
3R2U2KaK6VhCVpfAJyCdy5rDGJaodxiabG,bc1nvr6nq372wsmf9wxcu2txazhm09c5c8rpz7qyzx
112w2xpMunhin3hLeACQpszCQ7s,1vqT7PvSsx4Qz3GLYgkXenoG8L
3QAgjYs9fRM6h4SpoWSeHHKGvC1enpmyjU,bc18352fjzpe83djtgn0wmfx398hqrpsk2alfxsds3
3tgBgNb36ZQBr1BVfzs9LdvmX1DEKPXtxX,1tY5PSd5T8HUnB7JUtxwAa22w746yU9
33uXdx8MD2MhtrzfyJgwBpZ8swHcUxqYVN,1zYo7s8Mnb1G8R74SMbTDcjufJe
1bc4gTLKMKocJKs5REaedVRmHq1sAitK,1wkAP2LNihwjP9WcNojShqobbmD2
1StB6AgxwSYDTZ1uWR3f9eKu9usFiKP,1hUDUmpoNQp11MZ9SduMyCHDGBrF
3HM8Z5WE8GsmELvFX3ecfQ694LPP7qxJad,bc1gh3097vd7gjcq7rx6kuf8epnvn7l3c6gjur4cc9
3Lq1iUCg9d12zGCndLNWWY83ZH9nkujBqx,bc1wndzmpgusz6fyw9xu6nwqfag284vqth4ns60xq0
3G2hcNXGfHbG6iAgupsBdxKaqYBLhKLtca,1DxqYNNRpXKMZa3NUz2xQjfZKpeL
3JnGkeWNJVNCifH2MPnZzyaAgdfhUeSgsU,3bZwVFGB4ZKs6jKQVeCg6aigVz9dFFyUTA
3pTAeMCVddNT1rSpRVNQsAYfvZqA3B5NpJ,3zww4mQ9J3DYLTy6Ke6imNwowyYMyN3f2Z
bc19w7rdtj8cjh879w56dmzdu6c9l6v3zjvpzkzyuq,1MPZ9wiqDF8gLqaMvsdmsLNuW4ueXA
1mZrAz2hFqNhJQhw7jR4Lz1oHJMdc,36TtLSdLAN3WnMiRwYtL4mviAHRwUr5ZjC
1HpV7mqx2U7nxpsegsKRQdTDjmjXHo,3PArvwuekZ63aUwiAnvRq8oWJT58sYBhWf
1iUGv7tLt9BHfVLHwXLiSpqU2Frtr5B,3LVrGx7FhaA2hnqQHYivRu55rPuqXX3vxx
3JLNQK21jfy1xAw3QVoH8CvbqyYSBwZbsF,bc1yf5z0fkmhqwcmvetw5mzu2pdg73eezuhp74urtn
bc15nlvtq9x9k4vu5zwxvt8djw9pff26qf865tn9f2,bc167w3v4er8jp5g687axkd49335jx28f83vynv6vg
3uKHETFknAZTYtc8GCbhH87po52E1MmrEK,1WXtajkvs7aopGDkh1AV6mRRHRBB8
1qpXuzegLFFVT6SFPNP32ZiEUMedmhhEb,bc1ydmsts87ckkg7u9cpqqzdjhdke9reedzce3mp5f
1WU33ftNd6iG9N8QoWzN3JAaj,1QexCTLBsG9FicEHcVXrU3YrQCuVZ4JWs
3RZ6d5arUwyz8EbgdVGMzDzL3iB2t82wHy,1vRKdZedGZaL3zP4yz32hCEcv5z
bc1ezhmfg4vv6rxkv92j7gcq6fhkqk3nfatndp0sam,bc1lj67d0zr3p53u4y4584max9tms0hydyrf4n3kkl
bc1uvu5xhnav3xmek7ml2ky9s57rvhhu668qnxl4qa,3BvPE3sFQW4ZwPEKMpEJ2TNdg8Htb2dRFY
1oynNz4Rk2JACtSHfaN5L9isdcq,3piccrLziJYt9pUbjoW6WascqsU5X8cdXu
3r7f29VYMHrrmNcn16LJgQ9L3UwoL81uou,3cH5gos6XVgXc7vL6e1ZFxNYsim1Rq2vSS
39uJF5XgMNYqqDMs2MduFLH6BekhQFeL3s,3Lo5kmFFzbudjhsTNRQZ5HYLG5QUDV7HxV
bc14ceqm8tuggd07knr7fnhq0yk8t9r5849cjkjfd8,bc1g08t573tllucj45m05503y3d2myrlmja8t7exag
1dcBnLbk4Xhxr8eME3DUYAfwPk8p,3rxtntfbttW13G9DHNihuhMveJUpAP9Wuc
3iEEAKPdVQbthGjoHuYyrsTwD5GZ1TbPtE,1yT2Teycp76ruJFCQJMzrxFhjjBj2AwhTm
1S4TqjKRQjqebWxWaibBoh1aTWjJ,3eQAuXud7CADjneSJTFozSiFyfVopFHZia
1M6LJGjQwcfEcd66wro62Z26rge3e1,1sjgc7oKwzcT5MzsvFSRccovyUE
3wtqvm4R4DY4esVFBQpDdRhuHk8f4mYjQg,1Kg61jzTkv1pHLkNqLu3SuPG5uPNsihtwz
bc1r0qh04mafsk3tmmmukhp6tclw3exvt2ck6lr70j,1aodhn8Dj7qdDVvnJNDM9zG4BSGE4JoxWC
1wEdrhKYepqKyPv6FAsQTnqbDaW81,3P2vxhYWhdU73LLGDVdUE7JF5MbZ97qhoW
3UaFenNWe5nDM6o1uHLTGPvqb9jZe4p3j8,1LgMffAH2LzjJXBfVE9AGZ5co4q
3fn2jVVt763hPzjTFmpMJjwTUUApMGTC1c,1N2ERtQ6s8yDvA3WdgPb3gZTbBna
1Uso7ZQrZgqLNuMWmMadDTtn7nSvQR,bc1jejnk9g9ugmqhduzt5kyu0v46v3h3tukr8eek9t
bc1jajpdqsx56ztxj6lz5r6cygln8zt6xlmrjvnttf,3kXQWVoCbNJcQNNKC1Se9snkeJF1ESVUTt
bc15u0jsgzy8c2csg7qj7xydqx7ejlaespgx5t2zns,1amQyCd9Q3mSPodyQYDZsn2eYi
1U9gtQs49H52e8G53zxKxB2ak,1jKH6yBnFud5iFftyUirfCUSdXJ
1D2paLRYqX1gLdVjpbxuvtgPcMt,3dVg7wR6HNKwoSL99rnum3g6z7X7aScY3q
1XrWxb6yVsR7m1LvQrumjFJRZM,1CVKgqN9gyPknMDYSbjLHkSCT
1231QHtZDJbrRdecbz4DfEfRWpF,3ov4L1bZfPCT68HC4EWxWnTLK8TGh1mbAf
1w6of5GfTChG8yutkGXw2sgQZh,1tm3X1F87zx8aMz77aiKG5yHXA
3SgSVmMZgVSHrjq5s4G3oB8ekXZZ2DwetA,bc1c94dsndylydlv5c95ly86pyuwx8k0t3x6sg6lrw
3oohjW5kiwHufHpASEpVAWW9mDVGYppccQ,1jFVVv9E8sVWosxzCxgDp7WStspeaE
3sws1vqvPenSWNzM5nczv7mAob3KBqbPsU,bc13mxeh0qdyu5320gmpr9xg6rhgt3etdt4nj53lf2
3CKxDz2JA6mxYLYgwdnyM2ft72TB4R25ZX,bc18vlun5drnpusycym3k9tw20yk2y5qz3a6wpntce
bc1yplxc5x7y3jkr49fya72kf3d4ecctjkxxmg8508,bc14gumndd2d96a2m0w3qw7c7xsnd8egvvy5c2fr5n
1DNZ9jgdxqv4gXQz3hgaafMA8k,3UZ4LpvRVs1sC9WCuTUPbpDKepiA8XwRy1
3tiWUusZzue38zUhGdMGM3vrwf4S9YLQtd,32VWnTxL5fQ2zVtaZWLDb6Co53Y9WQch79
1w6of5GfTChG8yutkGXw2sgQZh,1NHz3LYhyRjfNJiYu4g7rPZrN
3GV1MzftWMQJSvHSsGKJ816oBagohm6AMT,bc1hj9rrmshf9l7dutut85mqaf4x2mpt6q456ckjmg
1JRq2UV4FHbEjWwFBVfmjeskYqEhc,17zbayjh4ULZ6J8iDpufK3DdAtvqnJPv
1ytToMCFwQpDJbRLLX9xD4pJQLRQj,3yDyGZGEJTqWr1q5xiuB2x6q5uu9CXfxsA
3ekxNXTjsgYgq9gxeyETTWdcQTuexrXu1u,19Zm1A6YPDUNTFvPKwQKHgsbXMfy
1ZzDzA3jnDvAg7fpLjNUxaYukdKAgiXHb,3ShwrB3MyYd8F4z5mZ9BhmX6z8iGqCFQsb
1XM6iT43i2L7ovjWZLRTodBfPjtT,1FWT5hkPkrQ17vKkV4YFx9pqA26
1wYNBkwstedUn6xJ4TacJ5LAid7gJMwQ,1gDUTBqEB9QiWHaGVRscjmwjsW9
3HM8Z5WE8GsmELvFX3ecfQ694LPP7qxJad,3tiWUusZzue38zUhGdMGM3vrwf4S9YLQtd
1myARGjEydJDshuqzD59qGo34gwXe2,1E4bSfsF3SYkn9zEvaampEszX
bc12au8ax9g58lm2qjsffxsq2gh49lqevc3l7eekvn,bc1yds7uwyw5vqje8d4p0g7gjz70yacdkc7xuggv0d
3ydSiViJVaUmfrx5o6QyqR5Ybboe6ADEov,3vWi9qKaVknXg1egnNhtfskPjLT3gAuBkr
bc1krlthqyu6p2s2mvuxzw7ska0s3d7tfqkzdm998f,bc18x82hy73774vmmgz2lx6wl2fzquzjv78d24wc7a
1N4UbSgSeUCMtFeM84XXNdgb5cdWX9Y,bc13cnt0vg8ac0lql6me4zfssy9wfuhayh8s9unra3
3CzUEUL7qySTwkbCseb25FRWgiLGoADFgT,1z3ZPNXw5VCyJA8zWy7KKKTegyvQjedv
3We1hcHuotaAEkVWisiXae94ozZogvUEj9,1JB9R6sYhuWcDhpCbDK1v2H5Xf
12H89vo1HYcM5uXYKBgLShP9A4kKGoT,1qDgF8CsVG3ptHvyzVrLpnHC1aNrMb
1F3uWTH1DqaGwhgHobCDissA7K9o8QrxY,1CmV58YotkwFBYWNfSsZs1Daeda
3fn2jVVt763hPzjTFmpMJjwTUUApMGTC1c,1rrSCo3Ya95Q1RMKTWxLfXQLm
1RPTHX4qXdyvYy79HdSDdTmaE,3cS4LyQZvYfJ6PYV416pdU6DeyU7nUtGeP
bc1x27hudsar2u6zyhtp23ks3869egvkwyh46nx3rr,3oov1TAAoHt4pivGtTn6vehKG7nbsv3MYY
1YagVBzqwCMFGaksZmpqM2zztAD1u613h,3Rh7mWJhEQKqTV687Q7Zuxrszuyu8LwVqT
bc1jf49vrmk5w3h4gkg6ec0tee0apdg6337mml36vs,bc1vfffv9eq0452x4mj52nqcal95d8y70zk0w7rp7j
bc1uv78tgk5j37p9ythz478tm054atgh439puyh8f0,1BPKjMMuR3YAaGipgdiXD1qsyTipTjrsQ
3G6umWXCuz31yMCVMtSc4K5U5oDy3BaBeF,bc1784aa62lhy5jek0r2kq50akg79veprudv0t0lwl
11hcRUTsz6uWcx9JQ4bWztg5eN72Ls5W,1BGLbCfANPQVLu6Bh7iZr42HEz6JQxf
1mAqkEUjB23o5fRJjsh1qgoqhgABUrF7,3XMRRF271CfsCQpvSFSPp5aXqhU2yQRKLb
bc10tv0uvdpxdg4xnvcvh8rz7xt4zkhpu6ufmwu9dy,bc1ywju6yycgtw992l5e2yh9eh67hyqnd26058a9mx
1kFrxuCncGL94xap5s2dSVXgb7JXbTZ,1fQoe3qSN442tAdGbaaYwLC95PtgFxFequ
bc19jrmnnc9am66sym5xzxeleaeppuytkdxkgx79rt,37fHsqnppGEZhU7N8iBuQbviVWtS35HV74
11tHdpDB4M92abL67zAHfhaZykM3mKupkq,1ZhhDZ623gxtsyeP7Lxebg1ZxwVPv1
1MWkfcHioE8ZGH1uCR5qJxt8ytNLpMuA9,1pDD2GxAQPauXTrxpker96LAFc
3pgs2oznCHTFsPAbC6bLdfuvM5nsAmgZSM,1HepMjNq9tuSgrxzCkzYSA5CBVB
16D3Zt7pGcj7Nddr8oFxiqiG8WGB,1xUpfCW9bXEFN8fjpdd2kL287iipg
12sRMJSC6KUDn4bne3rjoNMWFHG,1qy6FvvKw9D9pb42UcvZ5vTqa8
bc1qtpe2wnvnzdaalmuhfxysjmsyef43m9wr48xc4z,bc1ymefczc9vslks3n6cqt8s3cvua3acd7mjdc3gmy
3qz66tWkSvQ5jUR6eeWfHTaQenPti1N8Qy,1WgwzfYqkpPuv9UNHBH6k2Aq9gfoye
1odrBPMQk4he43FVELdNgj8q1sgRJU64u,bc1nl3tjk24yyv4pfglshpeg9katz509qhap6ptgvl
1QeLzArQD7ZPt1xe28GBPi9ha,1KT4fvGN4a8WZtJ3N1ucX6SNKmaLF2t
bc1gtancwew60ssj0nyxqduusx89fwek7h7c63a4fn,1ECxgQ2KDnbBzMWZDTFoWtFwELdqDBEJr9
3dhNTuJYRqTfKuTSDfoW3T2pXCjnEuZHmh,bc178pn2fu3kpjrpukqcxpcjpju8g46kps07s4v24y
1VrRZudzqHx7JZoznLEsujXQDe,3vUbofw571231G1Sjx6NeykNHeJ379Twzv
3gouCHYZAktNHGKBqPeAzpBLxZuumixSQm,1eGG6Um4RA5DM8Ub5vmWzunoQoJqZR8H4
1NEgpUsN7yQ9njqsspv9cHxehyZKF1ToaW,bc1jkzszvsnujcenvs8hf9nsyza7n58w9ngz8vxg2c
1YK1q4tLE3brjktshU1N5zj1Yd2Dh,bc1gwvuzukmpq7hklsksawjdmnjvus5mee4ka2fvkc
1Y2nFpa6mQh9LV3wj3oPY2sMcpbpZm,bc1drfecce67vj2zgug49j83y4zd58nree5xuw0q5f
37Z5NmZXY6f4kgVBVidTui6ZwZrhxjabAw,3iQumLTQP7cVfqL8ufJGZRTca4T8iUGS2K
1CJvwhisbhcCtLPGXQphAqKkXhQHU5R3e8,bc1d3e3jd344uzwyd7ywvzlq3yskxn2kwrrns0txa0
1JbG3RhKKMHGoy6DnmYTt4HYuKZPUn1KgD,bc1w3xcu5z7e8gfjnen5v6wyvg6267txz65q8zhz8t
3D9mHMx3sro34zDs5vVXM9TYP7htyunjie,16kGuSuB6QhAwuD41zssZcTk79g
1ZzDzA3jnDvAg7fpLjNUxaYukdKAgiXHb,3vgJYoX69Em8KNTQShaqvhuqsfRBYSfSib
bc1kkedaryqtkywlsl9fhrykkfxldcrq0dxp4j0apf,3YFskU8sYizQhhuULo4Z9R74dnEM2weSgA
1BVL5w9Ahk5tMNGQXcfh4tQ8U,bc1tq6t52vxmqapklqugrdhqnpzsw5ne4f5fwvclve
3inEtEbWnNatERhKvWsykhrva5pYrfo7dd,3mJPgt9QFrvPv6iU5RRu8zpGeUHTLAQwMR
bc16py8ga7p08zqx0qhnqu0nj37nvt3ffpg6nudnlm,bc142ze5yxf8jvhwunkz64f6v9h8efxd8zudtue6cr
bc107p7fpfq056rqc2thngecffhugjenu0ge3jqm3s,3Pg2UPN8hY77cuMLvE61QkoY3osF44SHKb
bc1ndyec9kxnyzrvflalrvj7404qltpfpzfsrwhwcu,bc1esapkudjaha9z706cygc4t2ntzagxmkhq05x8gx
bc1muk5jv37ttzypxdsvgrk3qgedp3znage38d2guq,1YvqWtZde8r3RF3PznjutoJS7Nu69
1dVsYzKkQY2VJhkT8TT2zK3RU85t,1FWfUEPvxZsxkor23eFiVK7nJQK
bc1s0999muflk7dkyfsm7twjy29xax727w440xueye,bc15hg6sdmqs203gq64s82m6nn9jns6v0jy6kjqe3d
1uA68x6ftuFG1tGJqtkrrjxKNnvornM,1oRz6fgWZwCpjxndfX9VaqMDyxmT8r
bc17j6san7xtye4h2c4pkwfzwslphfwzgt84kg6kyq,3bZwVFGB4ZKs6jKQVeCg6aigVz9dFFyUTA
1X9N3uWRjgqVQV2xHoDyjaqU9E,1WXtajkvs7aopGDkh1AV6mRRHRBB8
1v2e6TqkS7BhsAuqDDupk6erNXTcNM6x,3mM85Nt9wuNcX9YwYn3QusDUdbrRWDqsWq
1aa1tAGY5YEmUd6ip2dSBxBHf6oJY2Tn,1wUWQ7LejV6XsNDf9rYyM2mknqVbqN
17WWsxwmAbsYTDvmeqcE85Rs8p,bc14twvd6xvu4uycvyrn5z8v7ld8nv46au009extwz
358WGgNipCiobP1SyxmptzNkJZLjPpwfZ7,1HCogyUBf3eHSLok3jvBnV7tibKC
1Lt8fAbiD2iqUozdoQBdPb4kGrV,3G2hcNXGfHbG6iAgupsBdxKaqYBLhKLtca
1XEF1uXVnUs77nG3vJtHhwTU4ySN,1kT9Wr8U4pjmaPrxTkxdHQc4Tk4i
1TQEnGciCQhgJ4i9nY65FY8B3k6FN6K,1KQabVrhsqHeJ9kujahCML8BN3
1xnmSj8mik7RCczD3RFerXpwhg8tUbCLL2,1CCmUXT3TSfYyCg6bWx9RGfebWgd
bc13mcwpqa0g3mtzke7t6pwyknpwsucp65h04zf0td,1kHx4iQs4w7EXcxibxVPXWcnnCVJehDkv
bc1akdvd4fxxz2nxuz9yfhrapfl8vnng4sfj6m9tsz,3JMhTXw5ByiMev1456ii5s1yWMj7rx8CFv
11YTgfapw7E2tZvD4puJQ9wJV6t8Tfk,bc1z8u6zrhkvjqgwpdfnptezrcna0jzm5zl9e3pnmd
19REzjM2jQVUsWUs8XpDvSXfM6esn,1ZpgrryQJJ2SdWxeq45HvRj5Yv
bc1srlrtcvh8xugzqrxfffz85smqm2ayy007ypfwn5,1mReVdHxVogJ54SVCcKijry8NZKU
bc1r0qh04mafsk3tmmmukhp6tclw3exvt2ck6lr70j,bc107p7fpfq056rqc2thngecffhugjenu0ge3jqm3s
1Eivsa8VFbbxx6jDuVwSLhn1akd,bc1uqkr6h26r9scapsvexp03wjf70urzgrrv3er0cz
bc1mqxfc4sfwcdml0yzl8jd86dnq7qq686t9agp8y8,bc1cvayr09w5a7h38g7f3sd4qev3f05nccezrm4sru
1Uso7ZQrZgqLNuMWmMadDTtn7nSvQR,3XgGjRnQxcixr9psw7RGJs4xjEs7k85Xfr
1ci1C8Nt5oqhoU789sZJHHtPrn3wVbiqn,3L9HgP9rVRKmEwkGn12Kp6hDyv7Dgekndk
bc1qmawh2akarmzudpjude32h3q7l6yswfpm2aaztq,3CT22oUPUAq16YRUZiZ9ja7yyQCmnSBeqk
bc18jzjms40w27j5m8j4l788uhxt95rpazkl0m4x0k,1hWfVG225f1TxxiQSJbBu5BLijsbTj
1mZ3ktktAzMiyziFaHyUXsvd5xLLA7UA,bc106s5r759cc782xxvtcjpxaexlknfex4e9hhly4l
18aUNMM2Jq7Kmen2Hou3QpxzBHGyEcCZ1,1PRhW741aVW5UWfMqq8MFbzidHcb8Y4R
1Pkx3wtjRHtKMAHVDAwGc7EH6ZWAb3,1CVKgqN9gyPknMDYSbjLHkSCT
3Vzxcjv9EKp5bgGCLE8yzwyBN4XEGCpoE5,3LF17NV7eCyYVjSn2r1a23Sh34YgUD1ZsK
1YXvp4H3CkFLnyWW1nxYrhLE5V,3TZpBx57pmNVf6ptud199XPaCgKauJwSyL
1JEYXvbf24Q6i5H8WLy1XtqmiWxu353qaZ,3VUuoaBP6DrUhxNbju6FcBjXcQWjqGjYbc
17HjQPgZvBigsx8X2pHdqzDMvfz44,1RJKrwD2mPRt4thDu6azihzzbLDbVj
bc1qmwfftzzc5hf88q99zf6lejxlksj89hn3epwnzh,bc1fxe5c708l6daas3yhz6qjmw7sr5z42lmv48cmvn
1e5uVFGJSnhZbm9HDNNHwAdUSJkh9H,3jXmBy9ZykxZXgEdYnsx8vroxhEqSiiFye
bc178pn2fu3kpjrpukqcxpcjpju8g46kps07s4v24y,bc1fqlsnr9yp9ulk5x42uy0dlj3f47yratnrv8wz0d
3ZqP97LZBoJeSjnHvw2rwp19hh5PLmbfcB,bc15qn8q3ee8zrf0tj3dzdxsh78pxaa502tey8y53a
3w2aNiT4E3vQ8pKpV6wKr4bydhG9egJLJ5,1kDy6U1gVCVUdXJGpGv3YroiV
149kbALqKMyAD44mRvfDhoA7PS,bc15dur9ypdkgw4g4ul9mk0aqs5mvvvp47u8jeg0md
1VrRZudzqHx7JZoznLEsujXQDe,1w9d6dKQnqVjAVR4kt7F2Fwy1WfS3B7v
1MfEH5CVLfh9ZoxAKnieHMgLUSmV7e,3mxWd5fWSxRCK6iTU3N1jTZUHTGKf83N44
3Tk3UGb5rrqC28arSQHEKxe37oAwNerpRn,3L7p4R8SRVbEK2SnFss5aJsfuBnHVYrwhj
3oHmPHKrtPfLh1fVeHj5uja7kTEhqpomJd,3GCzuPfvA574dkFCKkKoMPBXL9qp7EYN8b
1mZ3ktktAzMiyziFaHyUXsvd5xLLA7UA,13Mgc5zMrJpHkncpTUduMZQSeW66xHkgKL
bc12ur3lnrdnugyd4aaeqlahlvnquumh59ger3dsy4,17DzNexrGnWn61yyQY4GymVY1QCi8
bc1yf5z0fkmhqwcmvetw5mzu2pdg73eezuhp74urtn,1h83xdicdjubGEr4Hm6MPVwMbHxJXaVtoW
3TfxxuKGe8uKoiZ26CXtDMqXAxHYwyj9jj,1am6NHTPLFwE1aCgmSmnUBp33e9SnaM
18JLULk17ggeGqZhDqrTV5C7Sd,3yvEsHRpJ5VQJmT8ttaRaXnZy1yVSafToB
34rUpWkGqb9oyEFtPKQ48xfSGN4juNtLRg,3a71egKN9eFrRNGgkQnUNZFJLhjrfkShAD
1oHF8qyWFoLxiu9BKiMePEyRBUVLp4v9,bc1pgvh7ele37r47lmsq938l4ps7e7lsh05zffhpka
1NYNx8PD7HsmzyYMDuHmdfgddWXE,1Y2nFpa6mQh9LV3wj3oPY2sMcpbpZm
1NwAyKYZRiMbNHrL3HK6o2QPQNWa,3NWrRmj5wAxP6rkU1HY2TVi8xV1puRnaPN
1XV4Yz8AZgNxBay39dpz8nweUN2JV,1R7rt19eLtxGjNL7QTqhURtA8jyq7u
bc1c94dsndylydlv5c95ly86pyuwx8k0t3x6sg6lrw,1pgYofuHijFzp5et4EQgsqN9catVXN
3BXABMZMk2mnw5DyZFX8jKhzzZRcijAEoa,bc1d866mqel09s9k3y32gvdx2l59qk407l9qdqsh82
bc13m4y8qkqjv8j0xf3kvcl3gwqhjmaffrl6vmz7vz,1dErtVjv21PEd1g5UZVndXavvku7
11NXgt7mD97EpGXZgxwuvztAzXZxRco,1YQhC6bsQGiXQv7xptJa5zS3YfGVqzFEe
1RNVSf1uJtuRkPt6MHxyKm9xymQwna,bc1s9sa5hspgat78spjzzjkdgt8whl0g78fezcslht
bc10uua9j82uf7vrz6w5z9whty6y3g97h8fg3y8mzf,1gKLozP5GZEyrGphUJVj15pbMoHskze69
1AcEAW8rs7X4z6uhgo6rZHNEVvZK1oU,bc18q3fycec62f4evwxuyqsf4m5enrswp6szqqgaxr
bc1z95sa7qjnwkjarwtjpv6s00kneccyndgkg8yj4w,bc1jajpdqsx56ztxj6lz5r6cygln8zt6xlmrjvnttf
39a75QyW6e2MvdD49MNLcMbBmykKR1RkJ9,bc1klqu2lu7c49a0skc0j4u073l6mh5dv8ae3e9w4f
3x8wAqc3PwdXCgU8fqeQ4HVPLDwnFhX9v3,389C1hMETsSfKB9cMbhXXZnMWBTAcxDjht
1vbM5ZGR1gCuBNXKvuzckcjpW6ipstzX,389C1hMETsSfKB9cMbhXXZnMWBTAcxDjht
185ADBXEzBFmgMm3Y4bco2mY2,3mJPgt9QFrvPv6iU5RRu8zpGeUHTLAQwMR
32xGc1gKH42JTXv7JTNDbgMTm1pTWrCBSq,1rcveVA53wDMc7K5oYhoVRQqxX8g
1ez1uY7byUVZC5atMvuvG8inreR97ACFj,175f943gAceduDbh3C7NhPxt3
3JNGq1PxbJLABa1dZ5eqV7CYB1AhoydLtA,3qz66tWkSvQ5jUR6eeWfHTaQenPti1N8Qy
1u6Zi4o8X4Q6EZD6ctwA6rsfN76qD,3vaqqyL1KZnquKvJZGKVjZhJXvDHo85HR6
bc1xed2pl9lu5lh0d42ymh03rteetaqsygh54rzj4x,1cvoqCJmT6ao84jXrZPeip4BsoE3r
1YagVBzqwCMFGaksZmpqM2zztAD1u613h,3Mni3SRARtMNqnakETo22G7LtA5wyLzthS
1ioX9t9wKPcqbWWVZU1L7RJusdb,18JLULk17ggeGqZhDqrTV5C7Sd
1Q6K7ghzEfVjwzLMd4vt7C84viGcSr,3uKHETFknAZTYtc8GCbhH87po52E1MmrEK
3bHMkwkJkhMnGzNcXNE5qxv3eHkWVw5R8P,3jMy1h3fGmpUmFNSNi3yfaouB73te9gqaG
3FK7eeg8rUcY6Q27pkq6MoD7SS4f7vwxgu,1CJvsQwdBa1LMaEmGiCf58Njt
1jeFCQ9RU4CjUhDsieNa3xikJWzQC5cVJF,bc1wv4ptzha50d57g7a9pdgdxggpfz4dgkmy8zjjs4
1ci1C8Nt5oqhoU789sZJHHtPrn3wVbiqn,1Ys714G7x2nJ8RydFXyW3cYxS5B8uaF
1cMYDENEYfaCtUdaxrV45JmmCJhDjoipya,38w5eXaQxwrQDLtZCKcGfTY1g3BFkUUjYF
19KxLSGqhBZsdquqqsuu7hBBp8Y,11hcRUTsz6uWcx9JQ4bWztg5eN72Ls5W
1iUGaYpZqrpmroTPPuJoPixBF,3kxQE4ZeYuNeddJzQw4hPuLHWaKqADyZzK
16aEukaSdiRZ2e8zSz3288AKYG7wnJ,3mz8bsyXJR7xfVnV2zDeJRAUcmMBUH1rxc
bc18lew9e8dmp6y5u2pwt2yd6agx76tx7wxftx4ejf,1hoMDJcgioFsaWVQdF8bqGjqZu99
1ENoQoaAtWsqTsDRCwhHAx4NwU1nY3hf,bc1vy33jfc7zaghkt0jxtrkjsw6xykfjfw5dspstpr
3BvPE3sFQW4ZwPEKMpEJ2TNdg8Htb2dRFY,3xP6ofLe6fURXfsfvE2ZMfXFH79WU6H68W
16LHgDK86cf1Mo3ooL4rxziyLpsTAHv,bc1sezvxfy3nhzyx0cjf48tk5dcjyhged86zz72agk
1tMYjMaHm4M29rdycwKEUF395Fbq,bc14czazlcuslafflerujh70veq4yyzgatqp5vdz0a
1iNBGVZ4FiF2azVV44v2pcsqmjsvP,1wjH2oVn6eHPfbuguFiYVDeFNFjHftyf
1RZHUCSh41xbEsdKkG6jEnbq2nU,1E8RL58KZUasvFx3p5bv4HtRnS
1odrBPMQk4he43FVELdNgj8q1sgRJU64u,1TXcMnEPntCkzWupqY8XNy7ZaRFtq2hjpX
3r7f29VYMHrrmNcn16LJgQ9L3UwoL81uou,bc1l7duru0nf3hp0u4xfsz97jtf7plquaurreygavx
3ypwKuTFaMnhrnZfY2DVYyjPb2LTSJEGJ7,3Czin23RYo1DoWLA7FUKpvsqu9NyDA7Q1K
1ZA3E39tvGneFpY1McN5hYiQcK4pp,37aetdHyuTPBx5h196LVuXPDvTLCt2WpcQ
112w2xpMunhin3hLeACQpszCQ7s,3W2W483A8rqaHFB7Fek4N1TogPYQXxwMci
bc1rsa9snwmasetfkd28tr09649d4gga7lumj39tre,1tsRnBJuiTPafm5R7m2BMdcbTm4
1PRrY9hB2JSpF9FMFPhcmSFfVm,1d6PY7xwi3yc6wupniRnqWoUaWcFdu
bc1u3cuj3sj65lhzd8t0pkvul9tjzg87yfjkq0xrnj,3Pw1YuoVMRfaBgZj877WJUetRdV5QF7arr
1eGG6Um4RA5DM8Ub5vmWzunoQoJqZR8H4,1wUWQ7LejV6XsNDf9rYyM2mknqVbqN
3eyrgfZRMhn8WYfi2KFrhpgSSZ52dCJbnN,1LL4RMbEGzbbMAYsEszzFKWvmNYpfZ
3ZHt27khLX2dkdx6LT44C92ytJNZPGixGK,38w5eXaQxwrQDLtZCKcGfTY1g3BFkUUjYF
1WgwzfYqkpPuv9UNHBH6k2Aq9gfoye,bc1hd3v2p86ut6qhtzwuxzx5sw395sq9k494tcm0nx
3coL7QW9VtCBTARmiU6sq2A5WXPR8hFJLp,1ot6Z9od7KAjUWpnDizSKRZsvpwPfifcWm
3HXm425DAJwzVyHSZxQzQPWVC6cN9And4A,1SSC6rJeGn7hNGyaymPdfZ1aw
bc1suapzlr20axlfzdc6f2j0jfuk2u6756649qwsvw,1EAY2w9KemKzwxu483wkD5oVZxijz8r
1Ha1SqgyxNX7a2YKMDxG3dQeZD7egDFf,1HaF9ns99jzkyypbsT8PCWd59s2BDU
3wCk4GM7ToGdCYgbzxkUkoirjpMcP9DL5E,1vuXhNy568p5ZSxEGKohjKG5C
3ZcjYGCz1X2sC3pH79P4hnXvjUSRqeVmLV,1fveHJbUnWQcW1v9QqZ6YTyxbiPK
1f3aeDcVVc1eBaL69qNiHVWNyJ,37HEoJDEAcdDNHtQaGiSHGryqnoeSSB978
3HbcrmkUEhUMXjNC3uoDJPvCPUWgzEWEdq,1pgYofuHijFzp5et4EQgsqN9catVXN
1ab72cokDcwiVa5LWPUuEyv5nDboJE7A1p,13MMmaiKPMCAXvvqj6DNB3YRvNrGd
1NstcSQ4EProUkP2hB7hDj9ThgeY,3Nq3SW1a8sV1aw3dDhLG4ApHszWvcttH4V
bc1qkmsrlqh744cvwy0arrzr76svdj7nuu09saelzg,11V4VqiMs2ZrB4QmbHQVs9WCrkrHp
bc1gq5jxk5netfrh7xw38wn05es6dugm4324r4plqf,1jMdcFS8UQFUmzRhv3r4BoUjNFjFSadkf
1wU5Fn19FqkFFRopU2mcjedfbYe,1VhF3ZMwcfma9RXmSTPpRQnV4Lt2us
18apeLKrYs6wJzZxP7E18DqtMsNdbvDC77,1KKPhkDChf7v9f9BruyB4VkyYB2eS
3cnjpnKgeFoHr3QuARPmLeJTMZg2oGLeWv,bc1xmlvlwgwh5s2l92mcwrmcgedq3rl6rkytw377l9
3TZpBx57pmNVf6ptud199XPaCgKauJwSyL,3P7ETBCceZp4zh9eCrHGS4Rr1zYzWGdcmV
1ECxgQ2KDnbBzMWZDTFoWtFwELdqDBEJr9,bc18x82hy73774vmmgz2lx6wl2fzquzjv78d24wc7a
1yza8gjy1DJuUynhn2ocCnEwwCN,1F3uWTH1DqaGwhgHobCDissA7K9o8QrxY
3XgGjRnQxcixr9psw7RGJs4xjEs7k85Xfr,3K3bvmfXR4cTxqw4nrhdxr3GjPSKvWgVpQ
1PJW2kqpqCMYUN4CRJiNtzqGHT,15oVs7oriijmibKEEXTVa1t9nPSu
1ncQj5nwnfDeQ4dEY7HgLm1fcaJrnR,1PiY1ChxQJUsqd9aC8BmGZMzfGqn5c
16PRRE33GheUmTNFNEKkRA9YiTvP4,1vXhUd2CQ2TTPGy4BPMoB1GWHe5j4
1NTucjywRPRAi3RV3EcDNrVFr2jzZCU,3HxGvoQgbyxoG4jmy7teEE7VyjVf5FQARj
3Yob4795TosRGtm6gDFR1XZ8rVXUXEooEG,32xGc1gKH42JTXv7JTNDbgMTm1pTWrCBSq
3vikrp5vNuCWfRiK4xATuRRzCnDm4JRVNV,3BxFPswH7ytAKDX2rpbGJyAJoR9daUY7yx
1j1sCdw9fhtJNz5jr866DQj8w9VuCJ6r,13K4gTb1PPrnmuWCXtXYPQuRQCxfU4vTBQ
1wKAqa1szByAKqntBuEy66BtD9xSvTZUsx,3Gwou1B6nqViEMkYTdM8tjiMCRbWXtYfrq
3oZtccCGAutb5vd3S8wffdrRa7x37r8rCK,1zdD3Vwwf3mYATEXacmzkmwLUJiPDHz
1iNBGVZ4FiF2azVV44v2pcsqmjsvP,1D3oipji4Ya9Dw2k1CEmgdYpDHQm5MVYvG
bc1xl88qmphyaak8etlfqe2zntfa9fw4ywa5gtvy0u,1oHF8qyWFoLxiu9BKiMePEyRBUVLp4v9
3cDuieTALeVXm44LjAqirxfPKzCg4oZ6eU,32sSXWDKKYtMC6tR8s5ethQz6xv5Grr74e
1t37URjEbkZPRFye6aLbN12faoJyF3v,1YagVBzqwCMFGaksZmpqM2zztAD1u613h
1KvUXQ9Vb1AugX5L2bRYBWFcDeLdDk4ZA,bc13gqwarqshvmr905hp6p8d3twvk5fzplzajq4pr3
1qgpKyvzd8bjE5aw9wGc9mVodo,3XLcofvAnEqJYrUe1UXVn3PLJ1WzoNax3K
1tAYLHGnJQBo83p6iB5ofo2NmL94,1bQR14XzLq2C1YQe1gJYMFk8ZTQwAPy
bc1u3cuj3sj65lhzd8t0pkvul9tjzg87yfjkq0xrnj,bc1tq6t52vxmqapklqugrdhqnpzsw5ne4f5fwvclve
1kZZrjRJ44zf4UAZjVBmXMLd3CCHaStf4e,bc17ca8nw37t5jp20ftvvfmycdrhdwxjftddz7xmm6
1yRb61wneNLGCMoiZLxpDpbrroF6HsQC,3uXWmtNdo14ZTJT2H5EVyAroGkvEK3YKkF
3RUg1XfEPR9CQMUeMTPjAcJ4otqiDkU2kJ,bc1hn3d8ac83p30wzmjalhut57rkhexv9ldeu0guwq
1PRhW741aVW5UWfMqq8MFbzidHcb8Y4R,3Gd6fUBrbFGn2xN4MU7mSPsVBGAPL2FrK4
3c2SG5zVZPVpRDVcG5Lvde7uJJVH23jgnL,bc1xgfnpgdz22swl60nxf9uf8fcz08tcesvgjl9mct
1dwUDhdekyGc17A4z3veJe1hva,1YvLXxAUkVuKo5e54FNBXuhu1TFy4TXsB
3bXbEZXjoJpyBexLx4Ywkd3j3GDSRFRAv2,1cU4gZkhMr6d5mqBR57grLL1hYgBmje
1eRFxus8Qzdvf1xG2zj5jpakMR5gbZ,332zKZ4xLzcp4M1eZ9JXmaGVXq6T4KZ1js
3Pg2UPN8hY77cuMLvE61QkoY3osF44SHKb,1rXZQfZict9kEnJqcQRJud2LF2cXbhno52
3RxKFLkv7Y5TVo8bmV6N9rempTEP9nSjzm,1A6GwcP6h5paD96LUeznprf6J
3dDE3ioHk4ihoq7qDdgpPDbb2XifXHa3Dj,bc1akn4v3pp97v5j9jwd7nwzdu3ve5llw77mtul3xg
1iFE5pP3xLKfj45UZw8DD6DLVs8rVjdSYE,3XXAETXtw9nD8TgxL3JfgYxtVtHeWQKbT4
1RqV52mHGYATkmY77mpNp3iYz6qkJzTM,3eEP3kB2C8xD2C21mkY14H3YbLRLXtGJLy
1XryMFzham8DpputWTMTSdCCpY,1RtjmNQaCZ5WmHzg7yPoLwkCWW
bc1ydmsts87ckkg7u9cpqqzdjhdke9reedzce3mp5f,1vXF3tMuPFtDfinAVsCTKrb9Uq
1YXvp4H3CkFLnyWW1nxYrhLE5V,1HepMjNq9tuSgrxzCkzYSA5CBVB
3ohBPEYhYYgpSXAtV4f8PZ88h57dVJCysW,3Sts2CWWMTsCYzifFFHj5tsZ5ZQaZ2JqTB
1qNtFxLXo6339yNKMttysVAKF,3gouCHYZAktNHGKBqPeAzpBLxZuumixSQm
3G2hcNXGfHbG6iAgupsBdxKaqYBLhKLtca,bc1mfgqpejajtft5rjjqae00p7sz89jx7ewpy0y8fk
1xT68modadujPppiRB3PRDnbzMXHjPKg6,1sVpkJKYCLYg6MJRbpsxmVeKGKK9
bc1z42sreerztyecmqqemny5mwmerrkxhzz7qe8pz2,1ENoQoaAtWsqTsDRCwhHAx4NwU1nY3hf
bc18jzjms40w27j5m8j4l788uhxt95rpazkl0m4x0k,1kUTPp57VEAoiQNWz8syXHFcTNMoNt
3WnYurwGfAwGXCKyu7SYu11UnvUVj1RfSy,1koPXYfswKgTyaGnc5gu27BonrkwEpdZ
1Kg61jzTkv1pHLkNqLu3SuPG5uPNsihtwz,bc19w7rdtj8cjh879w56dmzdu6c9l6v3zjvpzkzyuq
bc1pqe6sh29jd3vnvpad7vhv298kyrjvca692zqqcy,3QAgjYs9fRM6h4SpoWSeHHKGvC1enpmyjU
1Kg61jzTkv1pHLkNqLu3SuPG5uPNsihtwz,bc12ur3lnrdnugyd4aaeqlahlvnquumh59ger3dsy4
3hknk1e8cZPrLooAjV4MWkXPBTnRbve4aG,bc15stpx72vthcd2yrt4ww9ms4qsaeka3g5udkrehp
3Gd6fUBrbFGn2xN4MU7mSPsVBGAPL2FrK4,bc1405fumq5srqhahqh3dvs2lx5x84wfwc4s7pxlmx
34WsCtA4WqjVmXx58A5s77EVtZqZjXGyv6,15T8AUX2YSazQ4pLScnjfqUHcd
3MTW7TC7iHjf9jX89guAbDsvU6QpimH3jP,1NwAyKYZRiMbNHrL3HK6o2QPQNWa
3cHrjhZHogb6WvAkC9to4XsTmQ4dDMG5pv,bc1dlmy3clqw94q3v4ze4h530k772r9rt9zv6sd9na
3eMiVZ1Sm3RNfudsaxcYmvfbTbRApqE7Ys,1G8YB9wSACvQmPqMNrJpztaVxGtpeRxB
1aUsYL8vfsoeznqdY9Hjbp1VEv7DokjCvs,bc104678lhm8k0r3d9h0tnxevxxtju4ndf7q5ernaw
3HxGvoQgbyxoG4jmy7teEE7VyjVf5FQARj,1jpp7ECPtvWgWkM9Xn794jgAfC
3Yob4795TosRGtm6gDFR1XZ8rVXUXEooEG,1YagVBzqwCMFGaksZmpqM2zztAD1u613h
bc1p8fqt3e9sq8zzj4kw2mlnpg4gek4z92e7r2m59u,bc1a4sjsldtysllpf3dkxguaqnxt500n9smvl7cl3g
bc145hhymvxzd2cjry6fgq9kugf3hy6wj78v0cs6nj,3r7f29VYMHrrmNcn16LJgQ9L3UwoL81uou
1gDzhLgoLXzC1wuW5VzonrhcW9,1avxUhs4d44oRpvFS6YNZDMwjvfoJ
1hpiwHBHPkVbiK2eSb92bSB46K2DH14R,1MG1UmRBwR6ASAB2HakVZYkzv
3weYo4teyxG6LvPmA8TG3eSpkuBTmw4SLz,bc1qcyk5wwaesahyd49ue7k8tl6qpj9vwm0myncteu
3BrWoL7EZVznmmZtrsc73woxkyncr6ZWA7,1uNCLoAqTpGCEAd9WsVxJfen1HZMCCKpof
1KU41UrfVNiYmJHacuCMNRx85Y1K,1vp5qoe5byuUqTh7nJBZUEQPM5vE5J
3GV1MzftWMQJSvHSsGKJ816oBagohm6AMT,3WHN6fMH8R6dJPAc4j1318FSkCSyE52WdZ
1QVpCsFaxWx9mqiUNoTUwKtzw,3bZwVFGB4ZKs6jKQVeCg6aigVz9dFFyUTA
1GHhRNRs4QFs2ATPPgxMi5DhkDH,1HrzkBDfaoaeZUWuHAqEyiwkEJEj6W
3eMiVZ1Sm3RNfudsaxcYmvfbTbRApqE7Ys,3wnwQg29zGW4kw9jXASfevCMxr8E8XGtZ3
bc15qqrh5xetyz4g5da57htxgycr6r44nkfhdk3m2x,1n3e6hJSTNgFukpwSKhd8tZ3ogSVAsa
1Aots45GzLmqWcSbb7fLQrn9iFKg9c,3faSq2pJDuXysdH4KCkarLWxDZGbDJFw1L
35qxycB99uen5xfvhoocTiuQgCUo7wwJeH,3C8Trx34Up4ZcYZiUPvQM14FrEKHRhvZy1
18aUNMM2Jq7Kmen2Hou3QpxzBHGyEcCZ1,1o9mFRCJJvTBnq6XhWgMMUxTu2m69u
3fn2jVVt763hPzjTFmpMJjwTUUApMGTC1c,1nK7kukHDahZPnWkcJQ3SUffVjPYN
1Ha1SqgyxNX7a2YKMDxG3dQeZD7egDFf,1PVcdjzeDnn92cNf1B6Eone533ms4
1iNBGVZ4FiF2azVV44v2pcsqmjsvP,1NYNx8PD7HsmzyYMDuHmdfgddWXE
1YAgYxjBmyWupN3AjD33PZDdjUd8VHs,1nPNu7wFuHbKtJsLWbNgC5CAUiy
3Vzxcjv9EKp5bgGCLE8yzwyBN4XEGCpoE5,1JYWFUZPneSinkeBww9Kbw8GM
3AVnMn71bEVEzZnAoiJnfSWYHQjFvL2Psv,1JgvohZsqnTNdEjLjGNxj6vtGY7
1NL2zhQTttknWXZrhtcU9WzyN5W4ghCAY,bc1t63zaj0jrvmpr3pglcwvrm8v20zlqvd30fja053
bc1tsfkve8lf28yyzjrrwyzckjkdr573jax0p9xzpm,3JqQow7b4NTFg9ZLe2dKdMtGLX3RKTJEf7
1Vc7Qdj7AsvxQk97mg7P7u3c28LkXSFvkD,1RjXc42VUEWTVrrGWLXrNTHuknFZNWxd
1vkRqf3NNuCu6Ci43qFqVfqFjUrxoU,1grHZEyti4vAruaPMEzzz7b7XZmz
1fBzEmM34tbMFgQVJzeZmCATaXPrjMcW,3eMiVZ1Sm3RNfudsaxcYmvfbTbRApqE7Ys
1q1YuSMPZf2Fom6PPdz6oQLXC,1CvVUhQWSsVvPDTErTnsrxu9j2X4dc1Z
3c7AHArDNtMBdNQMAaAwKbajJJkVvmRCTZ,1beDE6atjuMUj4T6MfiVygwWRXQwn
1EQ9NN9warLLEeVWR6amPR7u8MNg,1AMoACmNTwT5VGLxG2yKzFRi8mQccH4Uv8
3wpf7dkhgJXJGsCUaRkMLVarPWFH98WbGK,bc19mmlttl50k3fl2j299z075gkc2trx3dzpydvxuy
1N4UbSgSeUCMtFeM84XXNdgb5cdWX9Y,bc15emtyfwe67hadagauad0awpp6ja7tktctau7y2k
3XLcofvAnEqJYrUe1UXVn3PLJ1WzoNax3K,1mR91tRz5KgQ1zzSNLMSLTDexJFcZU
1ZpgrryQJJ2SdWxeq45HvRj5Yv,3xTPP3a5cSmEmABXDs4dDfignPZxS3FfkE
38DrGBcyHV38u7hPeuJGRdMxguqXVTFu4g,1uQsXRsjCJeMmFjSXa9aD1udXBxJC
1Ec1TYmH577ERK76rmCeb1zFvP2t,1Zc6niP6eUJu5nG1p1PHH9nbwMTGC5o
1pTynsTpkifxksBsAF6sL39WVHC,1iy6AKQBWsMD3tQCX1tQqUYF4WhXk4hd
bc13wvnz993hchfpzkvdjljt3y9xujy4s2husrzw0y,1MXwkq39SajcurqpJYeuT51LaJxvpnoCVs
3YMvfKxdTMmcYq1v556L2ALZbi3A1agWUt,3DDwtQk4twd45sSLWspiYXCBx2D1aqoCvg
3nEbdtMt8N55rDUxzMDnB4my8ECUU4QUZp,3bQSxTdxMhZ7bA3su7CQrjZjTHXfB3V7UG
1B8tcwTdT8ck1iLr5nZcrG1naMUq,1YGE5mPV1gAZ38PQJLPcyzckUyp4
1ohCjELvt9xR7Wd9SYQQwGVAAs,31CdfrnoR149o9pqtiXWGPFxYCkRTa2nAy
3T8wwMGnL2LfYLczBhfi1teMfB3AVYa7s1,1evTPmeQUrPhhTbqNXojXjbzS9wrDgdXZ
bc1tq6t52vxmqapklqugrdhqnpzsw5ne4f5fwvclve,bc1fw4hu7ruw2j8muxzn78luls986h2lu4q8are8d3
bc1aq0q4w50jq34qremyv80s9qrqn7fjxuhcsrg30g,3LMJS923GWcgcVGFufcrCDFrN4Dyqr93uz
3L9HgP9rVRKmEwkGn12Kp6hDyv7Dgekndk,39nNx6btCfMvfTT49CNusvc3FHdp8zJsRi
1nfNy3gyaaqyC5bYaffkkvthzfi4,bc1jf49vrmk5w3h4gkg6ec0tee0apdg6337mml36vs
bc193ahaf42nf6vrnwhsy4pnvgpjn9gywdmkuwp0h6,1op9q5Brm6vmxtRM6nTq62ofX
3XBEcA56r9VLzJ871Z2TSjTaA7ix6nymb5,1wodyzJcxNUovW8UGyjDYYAXBzKbe
1PJW2kqpqCMYUN4CRJiNtzqGHT,3Ta3vYaLPTBLXCuBGHLkAixY39y1dWYg3a
1qGMGjKGJnbevVRBnCoXCgNhdrsVLE,3nUfVUXqn1HBWY63veQhKkSJbe6vEzsG6Y
1qQpNhLhXj4Nwd9iAENGeeLhKyigx4pGX,bc1qephpmj742l8dwrachhkvxj20rzzxknexnj9w96
1cvdnprptQRTbN63iMjAUQ4yjb92TvbhN2,1azpLigeUwMJAfZJUjjZuwueD
bc1ra9c7cctk5tpvd80atkq4yn7y8j49rzkvklzau9,bc1adcldynhf00jeyf3u9h8y3cmv4jy0dtl8vvykry
bc1d9nr2mdmq6ztw9suja9whyhmh6ek7y50az8ayav,13x2xr6bVLb7n36V55keYVZ9rWLqVf
1TdvwUkTG5hgoij72B8GFK2tqCos,1AVzn3s9WgrXg37kDQKue353FXDq2iCem
1Fm7GrSZiTuwPohY4yqb7rkdrWuAag4,1FCT7S5jkCiF4FfDsagWdYCJR2Mqa2mj
1AVzn3s9WgrXg37kDQKue353FXDq2iCem,3WafW8DbwRVQXyayggzt2rVsUYDt4BfqeC
3SL2hf3BVeCsLSef8BKiFZ3CaDVZSMPxrm,1sVpkJKYCLYg6MJRbpsxmVeKGKK9
1uLwbjTeYEcVibpZoB7H3fpszro,16VDrJqFH7Pn4TeVTXc5874AcWFc
3Tk3UGb5rrqC28arSQHEKxe37oAwNerpRn,1NbgezYyjXZG5HaCm5KkiKxAk8XPhni
175f943gAceduDbh3C7NhPxt3,1Yr3VRqkTN7oXzGhKrHHJVEhNeecFmU6
1NwAyKYZRiMbNHrL3HK6o2QPQNWa,1SX6bHka6qsf8T4gviq4Xb6NTBXjM
195CFiucTZT3xU5RtEozBSPmTL,325zdJ9fbHWoj7AfWEHh1h1BopRD254rHL
1bGDWmXNvA2MC8AoKK3neTgnwQoT,1RCg6kkD6dk8HWjh61rHrjDPiuTfbAB3t4
1Zy3KsvF3ktxYMfajxTBmEe45Z,1tBKAvWz89c3U7bVWFVPsrLghkJW3Q
bc1v7lkthcu66wfe7r5vpwl9zdxa9nt5lppde3ezyh,1LhcomLffEB3cumEBTn6vGF2Wn9MALqcBX
1MkoshJLaYehMdwGg1yCB72wDiU,bc1rdfc5kjjwknkd4llrtmvynh7g3uwfpdtv2lec49
37NzTqZK1PSQccn4rbDszWgXBAThnvuCm3,bc1z7s5xz9luwgg965dna45fsxd8shzpldr5k33gl8
1t37URjEbkZPRFye6aLbN12faoJyF3v,1zks8wmEe1QhGWPT6qj5PytMdvn9Z
3auoHxK46WAkA4YcYdqEfAFHVHD8kX7RxM,3XqYyKSo8n2WQ8aAJDnsj5aAABMkXMowQk
15MDxDS3YvCRVqUJ3j3Bdvgp5ezyTwsY,11vC2cU6ZELgw8sUeVMFQSSUEKZ7U
3vikrp5vNuCWfRiK4xATuRRzCnDm4JRVNV,1D5dWochGeXGB487TThVK9y2yH8S161
3VK2i2FDi1ecuUgvi1nGiQyjssfxPQCrYc,1wodyzJcxNUovW8UGyjDYYAXBzKbe
38p2ZjzE8yGGAaSLbKsb849yQ5TbH41BmG,bc15turk3tawamcv9f5uq5phl47s0fe4ah3v8qssv7
38p2ZjzE8yGGAaSLbKsb849yQ5TbH41BmG,3kxrHpyu4BJraT1VnHCLVMWPXkHY7rJ6oi
1sWVidzTwao1HNrczLtCuQayX,3LnKDQvDhQ9YpQhcLbYj2YFUnS8vhkoeUW
bc1ehy4jltx56f0kdxj4wzyqvuvn7tqwwyfshkgmm7,3QAgjYs9fRM6h4SpoWSeHHKGvC1enpmyjU
3JPfDu6EQABBjGLJSJCFWJbNLTXC2r8uok,1FEJv6sBFRuwWs1qFWTtnmW6VgsPngfCV4
14yG1sYwRzTdBVq3xFTX3Q92njqP1eJds,1JgvohZsqnTNdEjLjGNxj6vtGY7
1KyHYBeXo27sot9FKSgAEYmGdC,3k5EacHdyah4iLSEdx3cTVa8gWnNqHxwsg
3yNtzaLtzHm1LQraxVK8iuuoSUhbuo8xqL,1cKzkNVC7scNQr63WGgn9vXHoRZW
1NL2zhQTttknWXZrhtcU9WzyN5W4ghCAY,389C1hMETsSfKB9cMbhXXZnMWBTAcxDjht
3H2pSHJw1ocE88TJpEMtRgpKYZov2TbgHC,1DUDzobqd6HtxtPbZd1hgoWC6kcJi6Vh
37biXwKbWdMNV6wjCsT5vXqcJsqhVYggsk,3D1AXgMkdfjWz8cjrMrZSqyQWMPyE6jhEM
bc13gqwarqshvmr905hp6p8d3twvk5fzplzajq4pr3,3xP6ofLe6fURXfsfvE2ZMfXFH79WU6H68W
3HeNfy9yD7PLFNijCAAazAHjTgm76uYkip,bc1x4jc4fuvv0rpdkva3upgtksvm29yyhpcat4u5fr
3mM85Nt9wuNcX9YwYn3QusDUdbrRWDqsWq,bc16p3k0pk80g4k74jfj7t8q0vm92x56zxvgu9r39p
38DrGBcyHV38u7hPeuJGRdMxguqXVTFu4g,1Q7ka533KPnLekeTi78jeRiScBtJ25vxUB
3XLcofvAnEqJYrUe1UXVn3PLJ1WzoNax3K,1pRS2X8dyd2ihtTaab5aQgQMS
3R2U2KaK6VhCVpfAJyCdy5rDGJaodxiabG,bc1wsnm2ae638z4jkvr5mz8g2l0tzslk6mff9lg6gd
3coL7QW9VtCBTARmiU6sq2A5WXPR8hFJLp,1rTr7oQR1NhyzGHSdqaX4S9tJGEVyV
3vikrp5vNuCWfRiK4xATuRRzCnDm4JRVNV,3NjEs4Q6CTaqnRoqtyaMbDZfQh88cPZ5be
bc1gww2g5w02jz6m346hwzj2n3fsnkvv3s3wxqyq0z,1DMmNQXxWFWySn7NKhY55Yc6Sg
1yKb2XAdtQzfMtrm4PL2gVXs1X,1j1sCdw9fhtJNz5jr866DQj8w9VuCJ6r
1FnZZug55hNvicZf1GbZ5CChyQq5TnhiHB,3ZSuZiQepjhnfVvaHZL73v1PtAas6ARsQm
bc1jzjhdhz4y2sdl8cpfvv7h6mxlkqnhthkuuhsvha,bc1g8ldn23tce2plp9gwhqwgaccjkwa0yl25a4lq3q
15q61JVDKoNByC37vpCmEri1JpcU,1YLqs46KDYgoLYZ3Uduoci7HXXoM
1224FiNun7EzfUkqyMvdEpAtEFf8Ss,3bZwVFGB4ZKs6jKQVeCg6aigVz9dFFyUTA
1s7CMGHKtgQzBwzi4ps5kqWbUg,3cH5gos6XVgXc7vL6e1ZFxNYsim1Rq2vSS
1zemYdCXMdQDdxb8gssU6TaunP2WbNu4G,1Mcr3URoFCwZg4Ln7ypCpwHtE6mjyVH
1VRPnw9zZE4S14vxC4JBRMqAXoG,1hnsxcEFwXz3kFUyNwfWMbnLMT6gkS
1C3TCHaGpzYumBCgN62VPdcae,bc1zf4pn7thavfn47akm843c0l99sdqgf0zvfzuppp
bc1nvr6nq372wsmf9wxcu2txazhm09c5c8rpz7qyzx,3KbVwLB2XP6yYHBm9xg4xBiJ69tFwu4EbE
bc16tcfnhmnsua439yzqly78rjvxkgage2qjfrc33g,3NWrRmj5wAxP6rkU1HY2TVi8xV1puRnaPN
bc1aexgckdeknyf4r5gclyuu3gnjyzf9fdguwawfur,3JTc4BWDpKm7HAmRUB1BnpEPD4zu15439J
1N96LYRT3B2nYxUGQeHhw4HeQLxnK3CX,1VnjBktL9KxvEGYydNraWyBZ8
bc1scugrmuu4medzkjjw9wruhhnem5xzcmtpx9j8z4,1YTjRVvyMc2x38eM9hb9jorqn
1ZA3E39tvGneFpY1McN5hYiQcK4pp,3dDE3ioHk4ihoq7qDdgpPDbb2XifXHa3Dj
1RqV52mHGYATkmY77mpNp3iYz6qkJzTM,1jcr9J7yMQb4fo1Z4RLbkgxeq
11URfg9CXaykFCGYEoKWd32xUD1r,3CyjGdiBPbTmaNStADKZG4gtTivJ9k8Gsg
13ajXptyPxdqnyHGSTxW7aXKS,3x21bkLvGZTBnrrm8rnK4j3qku4wdSR29G
bc1568xyx6mf535zj4hmee2jex9yt8gzacu3pgcj09,bc1yzeu973dzv0yxccw3eh2hpunk6hucnp5azl3cpn
11NXgt7mD97EpGXZgxwuvztAzXZxRco,1QjhaQySteV9owMQt2p2agSzXeS6qb9Q
1Yu7pwX6trobyFDRgfH8nhh8HCk7u,1ESmf3PpXHcQAoWBDabSUwD3CdNFKbY
14n7fa1t8vroBUU6PdYo98Wr4WzZFk,18DrjyYf1cw6TAn5wS1aTVLEoeW8aWA2
3VqL9GDPG1K3CkNhJWzaVeDF2Lqm3fSAcG,1dXkz9dR2qVLZ56Ua97u93VLdc
373ZUbG5wdKHMMQ4iHqEYgpvXXmXYC4TB5,bc1n8xapq3ymvt8e0702v85z0y6zjaad8kw4kvq5q8
1YXvp4H3CkFLnyWW1nxYrhLE5V,3QVNGQ1xZ2Utkj2jseD9btYGE6eXUoUAxG
36TtLSdLAN3WnMiRwYtL4mviAHRwUr5ZjC,34W9qTi7nwh8QTBbiCTFhuoi87TNXPnWxN
bc1dc4fhencylh09zz35a9a3u5t056t3gnsc0k4e04,bc1h87zl9thcgwwwd54f9da8w4qshhhrf6fctnfyrs
112w2xpMunhin3hLeACQpszCQ7s,3F1TGMZqGx98bg5EnWQnGTe7RokXWcvHbL
1D3dspFFojHmpgj871w5PLEJ7eSAnR,bc12zywemsyemdt7tcxzn2t203r37nld7lkntt5j2w
bc1w5eh3etzvmarjz9dl0y6znspm7hpv8qpe43a49l,1Fm7GrSZiTuwPohY4yqb7rkdrWuAag4
1rrSCo3Ya95Q1RMKTWxLfXQLm,1mN2ehdHMUk9598C4xEw4ksYVhmTJ
3RJ3xs9uDRii7NBZBbFApb6b5tNH6DWN4e,3NjEs4Q6CTaqnRoqtyaMbDZfQh88cPZ5be
1on5mywGSgwMbXz19iHovHCVhnBS3cX,1hVzS7bXH1Zn1fatBgy2ZeFNcz16yb
3VK2i2FDi1ecuUgvi1nGiQyjssfxPQCrYc,1fTk5RzWmYcqEVmBoMzEwRku1ht
bc12meehvta05j5w9lppz843f7w9q5sxytjehtfvj4,1UAjThmw3bi2eSZUdDe397RvBo
1hnnm4nUDkTMwbJhDDtbNnZB29t4u3QQ,bc1ltucskfj2790y0sgt6s8gz74j4pa0wlwwkwcdrm
3CzUEUL7qySTwkbCseb25FRWgiLGoADFgT,3wtqvm4R4DY4esVFBQpDdRhuHk8f4mYjQg
1t3grjopnymKUz17eywNu4jHdb1ujn,1piiSFqg4mFoNnj2UmpEFEHPfXHPvJPu
1PKRMVkUcveBQ13jLj45R7AY5iy2Mn,1K1P67hYjv3bUrUHSpda68wkcPQjDL
1cA5MTiQ3mNuTd2tpcn8sN3wZ62a,3jFCT8c6LupLzto2vuwQo3ZBwB1nrtGxQy
35v4JWJEmzaVxNiG78m2prUTbihE8xMhJ1,3mjSjqsEMhLqnqQGc2qUntPC4cPHR6729v
1LMrRtmPDc59dVo9sYyn66KwAHN,3anHkUwdGC5yqRuYZkDdyFqqtwzDZnwUYz
1nMkKyC9cN6zfwZuZ2ogfoC4YYDzJVTd3y,1DBeM6vU5Upi2y8wpMY737a7x
39Wi9vnpprNLfq9UpZfG5vFantUcS21NeU,1EzCiHSZw47wrpymzuQ8ZyY2L2DKnsuaAG
3vu3xpZGjz2W9QJxkYgywJkzdvd1RkPjNs,bc133nkejyft2qfuxcqk022k5klzzzhgyshp8cwlag
1fHJs9v1nLPwfDAaQ7Fko9XfwowtnBzWS,3AKscWxWujr4HQgQQFpGfv7b4mPsdVyJuQ
1Npu1uW3v4EPEqN8XeeRqdb1D37,1v8xAAEGLpqdSXC19rDbAbt8Fk5Xqh
3crdqscS3741y3v4t1ookuEAVs1YdcKitE,1wRykX6kRrwws4tMQcpmPg5wDxmFL4RY
3NjEs4Q6CTaqnRoqtyaMbDZfQh88cPZ5be,3S6dxQwo27DRPudeyjhEJdn9Vg9gz1A1qV
3Nq3SW1a8sV1aw3dDhLG4ApHszWvcttH4V,3LF17NV7eCyYVjSn2r1a23Sh34YgUD1ZsK
3Rw2MrnT7XK1gP6MrBGGxLBRRkNQTaygpi,34oAYjHP1eifzXLWcnE9dfpEjvJ6czJhnR
3CiSdW2BgrzWKmKGoKjmAtfeFFr8bnmvz6,bc196acchly36n9h2jxuf8gz93cpaatfyqe2n7rlsc
bc1xnsc637a27x3ykqmlqk6vpekjqz3sqdmc2kglk2,1Eivsa8VFbbxx6jDuVwSLhn1akd
3FdQ7WjVftKgkLBvj58p9gdAFUeRpx1oLT,3Tk3UGb5rrqC28arSQHEKxe37oAwNerpRn
1FWfUEPvxZsxkor23eFiVK7nJQK,1dTxAHR2q7wF2Fgw1J99KppfiVpHYjZ
3CzUEUL7qySTwkbCseb25FRWgiLGoADFgT,3P7ETBCceZp4zh9eCrHGS4Rr1zYzWGdcmV
bc1qnrqttq2c6xsvfcqrcy538635qvtfgcuzwmjry9,1KyHYBeXo27sot9FKSgAEYmGdC
3vgJYoX69Em8KNTQShaqvhuqsfRBYSfSib,3cSuMpLkNceqVVCdABC1HYL6y52WXe8rSc
bc1nqkh9j0ykfggr3dyfram7msmk4rv38pyr38x9cd,39ubDYZ6xTZCZr5qg5WgFQhFG4QpN6omQZ
1QjhaQySteV9owMQt2p2agSzXeS6qb9Q,1rcveVA53wDMc7K5oYhoVRQqxX8g
1FJ8MC61d6QwcHdFvtDdBosDHyQox,1pgYofuHijFzp5et4EQgsqN9catVXN
1weVRKDnerJYoKrunkUx2dQGp9Ju8,3XxUCcbs21oJPgV3iRE8P1q2amuNqWgiHr
3Xu8Tee4fyHP3hzCiaNJkaYsG2gWgdZoCg,3P6do4ovpD3uZWWjaukW2D9dwhXmrRq6Ey
1zGyPAvCNdygL8qpTTsrVPun3ttkzsM,bc1jv8e7892q99e7tgxn5quz9ztwmxll9478etw39n
1RgzYnwgAiUJKXRS5hZQN7drLdQ4HErLCf,158ssDvg7zMFhNTvxo5jRgz2vPegb3iqBF
1wNt9CzMeMhq12QFY4vVNwNMHrtb,1knnJFFs3na6n3txe5yxyge9H
32ULgS3SgnrKiAg2E8bh7eyz6yW32BXS7Y,bc1t8cm8qfqkt6j247qlhj3y4yr2fec5hxq8k0042l
1yGW8Dqd4gBDX9tqrVpiQV4AVqoTE8U,19REzjM2jQVUsWUs8XpDvSXfM6esn
1U3CzYZ8MYg2o5UJQ3Fe63296BGDTJa,1rcveVA53wDMc7K5oYhoVRQqxX8g
1yiHEDckvME2amAyPY2Aacyo8FQFct,1RNVSf1uJtuRkPt6MHxyKm9xymQwna
3MwFmqtsVpUqBHVPVZRnKPNUT1LuZceBuE,bc1nlcqkjqt7udskcz35a7l2nu7tc8tjytzp7jj5vd
17dcQKuXz8VZjcx8kGqEJgUa7WHKj7Fn1,1CVKgqN9gyPknMDYSbjLHkSCT
bc13dx94kdxwpw7jx4q7uazl6ctpamf6v4rndz0vcc,1xT68modadujPppiRB3PRDnbzMXHjPKg6
3mz8bsyXJR7xfVnV2zDeJRAUcmMBUH1rxc,bc13wvnz993hchfpzkvdjljt3y9xujy4s2husrzw0y
1iJZNaEnjRTyVuafYeT74jr28,3yv8Rt1naTaqGbGLPiCsruEvGxrjL5vRqY
1zemYdCXMdQDdxb8gssU6TaunP2WbNu4G,36TtLSdLAN3WnMiRwYtL4mviAHRwUr5ZjC
3JvGVGmnSKAWCY5cBBvZ2uuGGqu2XGBJWb,bc1g2m7eeyl6xaq70m9qa0pa4gyv7kc33je2jrpvel
3KQyNJZSg1ydDQAgMjXLBnRanNZrDu9SpV,37HEoJDEAcdDNHtQaGiSHGryqnoeSSB978
1bZ9MwD5XriFshP3WCPxVpRe4rU,15bFuua7a9i9Ua4wWGUQqQMzPvg8p1
1NYNx8PD7HsmzyYMDuHmdfgddWXE,3wycPwyqJTGZL7q8Sw5BNDwmg4fDkydcLm
bc1cxc334epvxy746axsn6dyka9ej4s8jx7cnmelyr,3AmNRfFz39kPzvN9NXjtVK1ymkfBgeJTPw
1fBzEmM34tbMFgQVJzeZmCATaXPrjMcW,3AP9JV4SRV5FFdbC7JxLcoLLpry8KwCKxy
1MkoshJLaYehMdwGg1yCB72wDiU,35nFHMkANL6ppikcM6QfMvhv2QJ7ErwEkj
bc1kxvm2rvl83kq3p20xr5q2jw5szqvq2m2wjvj3g0,3z6ZnM5uYshvA7LD6hDdM2Htdrjs6pNEQe
3BrWoL7EZVznmmZtrsc73woxkyncr6ZWA7,3Lym4M9Y7VKZeMtj2NjF3hZYVZYKUsbrAX
3fn2jVVt763hPzjTFmpMJjwTUUApMGTC1c,bc1ghvdawmpmyt3veu7rfjzkxqus73zxxvrduk0xxz
1dVsYzKkQY2VJhkT8TT2zK3RU85t,1zkhMxFHenhsKp8PdVxGkGLLfUwwgD
3ctoU3p2ECAmzGobRx5tUP4iTk9ie95Nk7,1csoC6wyVXd8zfNXa1yxPcSP8P8iQ1B
37HEoJDEAcdDNHtQaGiSHGryqnoeSSB978,1ioX9t9wKPcqbWWVZU1L7RJusdb
1dErtVjv21PEd1g5UZVndXavvku7,3DaaccDmECTafDsgN3xbH9hyHFDU38ZYZc
3ctoU3p2ECAmzGobRx5tUP4iTk9ie95Nk7,1PXK8WV6qXavxkQDvhUTK4DHv
1Px1Z3gsS5678anTFdrE6P8kCpR7aP,1mZ3ktktAzMiyziFaHyUXsvd5xLLA7UA
17WeJXLg9unCt5GZDihKhQ76Byge,1sUETdqvY5XW6wkSrm2fmvtYdgz39DS
1Gwd7ARxtKmBk7oBThahmkhHn87hZEJTxL,1evTPmeQUrPhhTbqNXojXjbzS9wrDgdXZ
32xGc1gKH42JTXv7JTNDbgMTm1pTWrCBSq,31CdfrnoR149o9pqtiXWGPFxYCkRTa2nAy
bc18q3fycec62f4evwxuyqsf4m5enrswp6szqqgaxr,17LmuYR6naBVeV4B2k2Ri1Tt9L5crfHaja
12sRMJSC6KUDn4bne3rjoNMWFHG,bc1g2m7eeyl6xaq70m9qa0pa4gyv7kc33je2jrpvel
3ZtvR1pKGUKkJXFvEbHkAQRDt6xXiEtEHh,1tKtP9KXTuwj4PCmiNnUD1McZnxVKtCp
1LdiSsXXSsVcEH7KYeJw79sKxc8qrDSgby,1R8h2FxumCe5PdXBLzw4xJoPNhD3No
3dVg7wR6HNKwoSL99rnum3g6z7X7aScY3q,3Yob4795TosRGtm6gDFR1XZ8rVXUXEooEG
3ZBHREvA5cF2s5sfEZDe5teufhh3d9VWMT,34JSvqaveobGebxvq835LEHEQU7BjXsy3z
1WcpfEkLiTm7x2BGJj49fjxvEuU8dPTddb,3LmoTb3NJiW5GcWDpLQH3MFLZaSBNF9Sb6
1RqV52mHGYATkmY77mpNp3iYz6qkJzTM,1MkN6sasTHDCUqUMd56BxuqGzDBbhP5RW
3pgs2oznCHTFsPAbC6bLdfuvM5nsAmgZSM,17SinNP4s1zWJTe7B7UD3azMhG48b6
1dehQZDDAykuUfNtEy2LE7Norku,3kNvSCmV17Lg6xgCojr1yRLWgsgR4vXgUw
3NmwZeCb6DBZ8XeParcyjcuD1EDvc9U15y,1gbqyzAXwRzpseFzf5qaYpuc7
3JnGkeWNJVNCifH2MPnZzyaAgdfhUeSgsU,1c9MkEgm1sBKEnE8JU6kjHEEQQUnaTy
3CyjGdiBPbTmaNStADKZG4gtTivJ9k8Gsg,1czS93pCNkr74xvsp1h7T2DYCXGVj9
bc1z7s5xz9luwgg965dna45fsxd8shzpldr5k33gl8,3eoqSuHi7zAfVDXrUJuux612LTye7e397P
1Q4wRnAyt5f3zbV7wdF9tTzGZ,1AVzn3s9WgrXg37kDQKue353FXDq2iCem
1v8xAAEGLpqdSXC19rDbAbt8Fk5Xqh,3D1tr2FkEJuGearwXmaMt1ycKkg5pDaLoH
1FnZZug55hNvicZf1GbZ5CChyQq5TnhiHB,3iR1MiRiDiRKEaAJghjgpMLBsQRHkSh99F
1RqV52mHGYATkmY77mpNp3iYz6qkJzTM,1g2ihyB17soMUCtPjrLd8cog3kVh
bc1a4sjsldtysllpf3dkxguaqnxt500n9smvl7cl3g,1678TPftFbD8u4uS4zt96Q7zA
164sY2Qm5GAetJFHd8q2frKUyYGSyhB,3M5bkcbQctmYb6AV19Y9eUj5n7b5YbKmRB
3uWAGT6z5wYwm14nwek47N1BToyfKRk3Nw,1mc3j7K2nBGXoZ8sw1serN4HA
3LVrGx7FhaA2hnqQHYivRu55rPuqXX3vxx,bc13pxuxdahp8ffgxrf4kdh44e3q3u72kymvjpu55l
1kZZrjRJ44zf4UAZjVBmXMLd3CCHaStf4e,bc1vj44qdfd2hjwc8fv5ksr0zm5p0drrnfgzjxss37
3cUfi7mDLqxHXh3A9ii7cBvPTni7RvqbmT,1CFZYcM8Gex823KqS4rZU4K3tHQ
1imrZ23rJTNJr4PQHn9wRzx8uA,3d9esouSCrhbk32kVHt4fbPsUT7UTcfpvm
1ycizxAPSrnMew1G3niHvPjGx,bc13dx94kdxwpw7jx4q7uazl6ctpamf6v4rndz0vcc
3G2hcNXGfHbG6iAgupsBdxKaqYBLhKLtca,bc1cd2c3f0fnelk2gpuqq5m8dcujta33lxlf7hxvs9
bc15nlvtq9x9k4vu5zwxvt8djw9pff26qf865tn9f2,1SGZ298L2CfoLjzamir5Gq5WgWf
3ytQFcz394jf79u1yf5e3YuDMUfEknPjgK,1ebS9PraaV5kcer8EPYqNUHhvZRBM
114XDZB7kj9VRufZ88homRt32ruhMA7DHq,bc1vmm9pnmutjuedrr0l0fwfhdwseyvjf274cjng4s
1xT68modadujPppiRB3PRDnbzMXHjPKg6,19zf851iVSz5eRTncRBWZTMBcarEWQY
128TTcaWLyBV436aJ9zgtwMpjuzBvXyE8j,bc1suapzlr20axlfzdc6f2j0jfuk2u6756649qwsvw
3npZusePa92r2AMoMCS6Sazrp9dF2ZQ8ft,1vSCj9d7V2EB9h9qVsXGqwY1p4WGD
1ACUfGRYoiKmtWvqP772AWmEg,1HRkWgwXnu2z9iyJVQmaKLTZLzNqeL1WVf
1Q2rPCwgsPZs6rFbQue3nxqPY,3VPYm4B66iDf8QD6bDUQVaHeavpNuJGL89
3p3NtDYKxW3wsJMXSX3gMVWGazNm2jxtwX,3RoVbqW7mDmSti8vimRC19XMiihHZMMzdX
1FzmCnCjCazgdNgGyTdn1XHoKhDdVBa,bc1nnmzmkaj6plyw52ac84mc6hdrl8g7hpsqne540f
bc1mnfvqhyamcc6mlh9tjvf4savz3tdjyhx72kag8s,1yiHEDckvME2amAyPY2Aacyo8FQFct
3Rw2MrnT7XK1gP6MrBGGxLBRRkNQTaygpi,1nHubjm74WjiSswCYHcwZGe9G3sPbgKx4f
bc1qtpe2wnvnzdaalmuhfxysjmsyef43m9wr48xc4z,1M6LJGjQwcfEcd66wro62Z26rge3e1
3uweHcTkgcMzTv9YM9dByztN2o9TiYEQqM,1C4nQH1PPDxbc14rNisEitPjHuxmbji
36TtLSdLAN3WnMiRwYtL4mviAHRwUr5ZjC,3g9px5FZRbcmPuJbRZ4x6mdG5EZAQgU2HH
bc1sywmrvmzj7nzkz44706v8z8r6x5l5jqaclt0e8e,1UYnySuapZtCia9fpjpj1twVKngGizw
3Lym4M9Y7VKZeMtj2NjF3hZYVZYKUsbrAX,39UseKahYCZZpqg2PX7JUazwpioCsLRTwz
3hC8cZoixpq1eRr7Z5rH6Y7jMxyjoYaKhQ,bc1l7duru0nf3hp0u4xfsz97jtf7plquaurreygavx
1fyxBed6R1wgitP7oQ8ZXqE74kBvCuGGK,3HqV91uTsVRZ1wEKRa2P9JXgwsVfeGnzMT
3MA1J2XGAfTshH28qzyeSkZToEPrtfhJSn,3LnhtNpq3xAWrnCu8MGdoUggECRitMQDnT
1uFk5M5xaMXoxdPshuu8s4EYrU6Karc3m,bc1s5rwulqummymdxqqx6eggszu05kd2kp0pan5ghg
1YWzyEioZxkH4hKeRicrdtPZrFNoHU,1ZNQnDJp7uQ8sAmJZeQ3D3F7LL4QtNEWu
1QkjrWw4fyXZeqrjv9Eau5zANmCF,bc1jpp8sgwpgzjzyyj2u8k2kx7mv89fzyd9gsyv8gd
16ReiPDch728WtnSMwsXrz2hRe3ojup,1QgwNeqCPQx2h5FA5CEQAWSz36
1RNVSf1uJtuRkPt6MHxyKm9xymQwna,34j5qRQ75atPjUoHmq1qJqsHu1QkRsW14j
3UpHeM4qcLyK9yP8nozU6bHuAdbVzzLWP6,3x8wAqc3PwdXCgU8fqeQ4HVPLDwnFhX9v3
bc1u05mlhm8qan3ratcf7038v530yfa9n25n9a6uz8,315VxreKubopwS6w57hR43cA6H5yMrRHEf
bc1qmwfftzzc5hf88q99zf6lejxlksj89hn3epwnzh,3QmANYC2dchR5nGzHhFRcWSAnp9vw36X8K
3dTEWw68wEzYBSUzoTEQjPhVZX1tgJUzuV,3kxrHpyu4BJraT1VnHCLVMWPXkHY7rJ6oi
bc1rps3undtjdw7npa9qmf6paeckww8ldggg3k3jt4,18DrjyYf1cw6TAn5wS1aTVLEoeW8aWA2
1RZHUCSh41xbEsdKkG6jEnbq2nU,1WW7fbUnzE97b4d7bX8gZtauyqHdc
1KvUXQ9Vb1AugX5L2bRYBWFcDeLdDk4ZA,31eh47JQWthK7vJcD89kcRYUYfDFks5Sh5
bc1gncjsdlcpkjgnref4hmwzuf2uzpt7l027sv58tu,1zJDTKJFvAhAZoD4pWLnfeejzZ
3gEUeAGU1nTVtbRcND56QEF2A2ok91fo3P,1MSKRmB7jTnxPErLcp8jRqSAJTh
3XPhU9s1vTgxg3vdxSvrLG6ePmkjbCLhBY,16bNU9WYgWgvAS7orGKwyvscNAdg
3nykoYy3xmZWcV9nJM5PABSJHUn6ug85g9,1nfNy3gyaaqyC5bYaffkkvthzfi4
bc18jzjms40w27j5m8j4l788uhxt95rpazkl0m4x0k,37jtAFppa7taQGAh6nKiZRrw2bsQWcUgV4
bc1ckk4u428sxs2mgy2m30srltc3lppennuwt3apwy,1Y8XxUZTadKYksRRNmmFMxdtK
bc194d9kuzjadr7ah7d822m02chcs0dx9exxh48d0k,1JYY4zsr1Enowx7T8mnT8fH5nMPBw
bc13pxuxdahp8ffgxrf4kdh44e3q3u72kymvjpu55l,31mCFda9ozcvvn3hVqLvMnL9haHRtrh4HL
3GV1MzftWMQJSvHSsGKJ816oBagohm6AMT,135SRcRDWM7gbXJDz4CwmmH7VR8XEZfMQk
1EMRDd9BkW5v1AfmDhhuARSmFcc,3eDee5zdFANVA7YPypAYfhXrFWPMSff6iZ
3LnhtNpq3xAWrnCu8MGdoUggECRitMQDnT,1CmV58YotkwFBYWNfSsZs1Daeda
bc1cre5xu4d0y0atjprzgmgajl7jnp8j9un6n9c4q3,1HRkWgwXnu2z9iyJVQmaKLTZLzNqeL1WVf
1uLwbjTeYEcVibpZoB7H3fpszro,bc1ydmsts87ckkg7u9cpqqzdjhdke9reedzce3mp5f
1RPRmQyMoym2hDiJNKnKZCDWr7FKU,3cs2PW3ABA3XQSTU47coXKgkTBPZV1EV6z
36EjEUcQyL1cQ4RH1D2kURi6xPjP3HZDzH,195CFiucTZT3xU5RtEozBSPmTL
12u5bqk4QdAY2DT22Ztt6b1sk,1YWZCx2hSQPw1xpPsZHZ7dStfzh7HxoNeY
3bHMkwkJkhMnGzNcXNE5qxv3eHkWVw5R8P,3Py4DZT2bSgaSDRZNLPHMWtgW2HPvfuM38
3swRP2FgtCycgBVHM5rEfu2RG1tETYVWTv,3YMvfKxdTMmcYq1v556L2ALZbi3A1agWUt
1StB6AgxwSYDTZ1uWR3f9eKu9usFiKP,3ydSiViJVaUmfrx5o6QyqR5Ybboe6ADEov
18pNdeaGp24uS8uqL3TAapP2gBDB,bc1n9lnluc4e5atsdkdz4gml85m33rjx0je5ex7ne5
3eyrgfZRMhn8WYfi2KFrhpgSSZ52dCJbnN,1odrBPMQk4he43FVELdNgj8q1sgRJU64u
bc1mhhfvfgjd6gxlgwzttcs6497jyjld54f273hgsx,1XV4Yz8AZgNxBay39dpz8nweUN2JV
3tr5PxAKuvAxud9hYGaih3uP4TCs1xM2Td,bc1a2gnxgyfavf9gg9qnqh8l77dpwqd5g89r7axtse
3yDRCrBYvQ5Hb1AZWvqGVJaZGxEn4mMG2R,1cvdnprptQRTbN63iMjAUQ4yjb92TvbhN2
31ZsUrKAkgzH6v8ap6tzUrp3BjpfGVoW7s,bc1jf49vrmk5w3h4gkg6ec0tee0apdg6337mml36vs
3yDRCrBYvQ5Hb1AZWvqGVJaZGxEn4mMG2R,3p9RhSbbHZSFx9qF79jj3FZq696EibLQRS
133Seye9En1oPJXZwMafv6SqZb5j,1WXtajkvs7aopGDkh1AV6mRRHRBB8
1U9gtQs49H52e8G53zxKxB2ak,1G8YB9wSACvQmPqMNrJpztaVxGtpeRxB
3pTAeMCVddNT1rSpRVNQsAYfvZqA3B5NpJ,bc1aevmp44d0te2whsuewtedn82ewkkgkm4rtrul3e
bc1nvr6nq372wsmf9wxcu2txazhm09c5c8rpz7qyzx,16Z2PtACt9psvYiroLDAyiQGqnhG
1xbAsYnM2tTUBnGrQG6quHjnQDE4,3nTa881ZbDkYBNmYq2gDZstY1EnMJARkes
3YvqQ8jQYuNz3VjYrXk5tts91Dq6zV7TTg,1Q6K7ghzEfVjwzLMd4vt7C84viGcSr
1pWnUPu3MeUVCHYu8JYXrMaYH32rAovT9,1Ys714G7x2nJ8RydFXyW3cYxS5B8uaF
32cvMhHNYHpEDwnrZttsLa3iZnZJD7oQmF,bc13mcj3jja883flnq8xrlghestwrl34r0eae35unp
3wtqvm4R4DY4esVFBQpDdRhuHk8f4mYjQg,3QaWQfKPSFKGbPHgBRpZmfLLm4CqYfinNd
38AoKjREwyXND61aCMgWUNghU2BdcPBkBY,3S6dxQwo27DRPudeyjhEJdn9Vg9gz1A1qV
1mbAKKroGhNXM98HnQvADWqoZgx,bc1vh3mq9c2vy3dhm3y04emm9p5kw8t2turrwvzkyj
1RPRmQyMoym2hDiJNKnKZCDWr7FKU,31zWU6f6xxgCCche3ZMEpbVZqDGfbQdkas
1YTnWjtcNcK4ypCgm9HQK6f3wB27C,1Qu2Tbu2VQespAGcj2uFrSPfDcm
141YGU3r6oE64qGj3CTDLRntzt5,3QAaNKK5Vht9Gj7NWFJkVYBfGbJF4JCVRn
bc1ywju6yycgtw992l5e2yh9eh67hyqnd26058a9mx,1517Mb1v6cdroHBvDN6krWLPQQvjY73Lw
1mc3j7K2nBGXoZ8sw1serN4HA,3WhbCBDaAZwW2gUNznXnHVhPK19kRCu78B
32xGc1gKH42JTXv7JTNDbgMTm1pTWrCBSq,31CZwgGtkT9sfN1eY3NNNANQuhA2DN561j
1U3CzYZ8MYg2o5UJQ3Fe63296BGDTJa,3ytnG4g3x8HQiZnSUGNvpTmSCGC65T89jX
19BmEJaP2MRiv4s7iDy6VKZy3UP8QtwoyY,bc1pd5jyf0f7q0yjktm9yygcttn6qp2dm0fk6h94at
1WZ9bp6hc1aM4jJFgrBaizKEW,17KZYxykrwMSyckrWVYU2Lrv9oCYJ
bc15yy6gjajl74w4nm3x8u72yn55v0dcz45v6cq58k,1KMxuVqgKkcyGSJRApaiq2Q91Q8ZK
1kFrxuCncGL94xap5s2dSVXgb7JXbTZ,bc1r2sqcglu6x040p5r6ql2qnsh9v9d26pfytx3ted
bc1glx9y5gug48r0a5hqzpxvanlzvegydlcv4gzqk8,128TTcaWLyBV436aJ9zgtwMpjuzBvXyE8j
bc1qs9apzkhrlck04y8v0jtyftjsv7lmhfn3gw2kwl,3hm6WiiifLC3dvQLLV6vh8Xd5c1QQyi8Ys
33uXdx8MD2MhtrzfyJgwBpZ8swHcUxqYVN,3SCYnehtnQCJ3Ljj8zH6ZXkA2obEmjz74N
3HuGEfE26fUnuEVauiiUHYLzuoE3QooqCW,1pRrMw2jaiBZBNTbNRS59KPEB
bc1r2sqcglu6x040p5r6ql2qnsh9v9d26pfytx3ted,1AeBrrv5LxD4JfKbDgduHb4uM7
11PagU6ThR7m3KDDcDyUHxD4U5awmYJx7,1QeLzArQD7ZPt1xe28GBPi9ha
1NTucjywRPRAi3RV3EcDNrVFr2jzZCU,bc1nm5r9aj0epak5k9qjyczt0sn9mxr8zgqk69gz2s
3KTmdTXVimxQS9de8JDJTaiSEvNo69Km8V,1csoC6wyVXd8zfNXa1yxPcSP8P8iQ1B
1EQ9NN9warLLEeVWR6amPR7u8MNg,1RtNaT74dacUC7gXQs9zLztz9sB5L
bc1qrz5l7mekkepwt8akud0dxltvjsu73yaqd2nt9r,3PUaqnGSJFy1t3HQrFTXDjYSAQHta9HRKR
19Qctkoxu94WrVQYtxPqWN2ARHsvG75EF,bc1w7eyt4vj3a2rfj8x8cmn6dqz70t4j406jagnlnz
1NcH1svsYLFLnsAtxJzonW9vzjhFR7kDxf,1bMUSFgypNj2Ga9ThM4Mdx3He5
36gmZ8CRJLXT4NbNXnT9Tq5NVmaTWAF8X9,1Uh2PLKBNvAiF26MHY2Kg6EWiUV
1nHubjm74WjiSswCYHcwZGe9G3sPbgKx4f,1sWVidzTwao1HNrczLtCuQayX
3emxoHh3xbQ6MUsUX9VRHzbPwRLrgoLB3P,34W9qTi7nwh8QTBbiCTFhuoi87TNXPnWxN
1oQ3q5yoEQ9Qq6rk5hG7nWXpa,18ahmJDKZ7A5Fiy2Qq9uYxV22nAfV
1wUWQ7LejV6XsNDf9rYyM2mknqVbqN,bc1jhwz9cfcwrdchklxj22ne9urcx63u65gfrm5856
3rmZnVrXqsvH3zSpa2wGrwXWN9MV3M5r6E,bc1wqwf0jvzswvjluuyplc747977crtully8qcwsje
bc1s9sa5hspgat78spjzzjkdgt8whl0g78fezcslht,1HaF9ns99jzkyypbsT8PCWd59s2BDU
1CJvwhisbhcCtLPGXQphAqKkXhQHU5R3e8,bc1l7duru0nf3hp0u4xfsz97jtf7plquaurreygavx
1vDpdrnMeTrsPT4DLtB85VzBW5makQ7FVa,1BcmnfT9FQoKmtg3Qa42mgPYSJEuzaENf
1mg4dLLZPFrxb95fvJff8i5ZeL8hwzu,3rrZocRoStu3h26khd18DfFiDgiGDRrQnP
1XTttwXNhJ6LJpyjko23m14L8fK6dX,1uBdUGfJXApiWB8WHC7Aa8dS4G
3kYVUVmBwWb73Q5LuWkwXTnrzx9CrNuy5K,3H6G3PshZKo88EU9GjyvP6B6DsNqnVKQW1
3mz8bsyXJR7xfVnV2zDeJRAUcmMBUH1rxc,126TvB7gbuPDrqPzpky8EA3XwMB
37Rddsjt3h4TXPtMuX3Ak7fCwsjjV7sDrY,1fe9vfzxgcKsGBuYHV8dmAm17Vkoor8ZKh
3G2hcNXGfHbG6iAgupsBdxKaqYBLhKLtca,3MVUybd9wvPYYVYE5iXnpD6MCrNU87uMrn
bc1d3e3jd344uzwyd7ywvzlq3yskxn2kwrrns0txa0,1jaEK67C2oy8uY2t6223xfUHKXqthff
bc1jdk6urnakdp8khpaaj0v4p9qakdcx982ynrll5v,3ctoU3p2ECAmzGobRx5tUP4iTk9ie95Nk7
3LnhtNpq3xAWrnCu8MGdoUggECRitMQDnT,3AxJ5VQnSpvgsCYZNQHg21wfVLraQNqM27
38xouyWWU8Dp6MDkqnNjwUBYBp9izcEEqe,1eHNj2E7nCG7sU18Qbib9ot1R69r
3ttGavgQKuK4Mj1FteowQuTPCs7fTXrfXq,1RgzYnwgAiUJKXRS5hZQN7drLdQ4HErLCf
1CBN1j3tPdgmLYFf8QaG7koog2aVkJwQFB,11YTgfapw7E2tZvD4puJQ9wJV6t8Tfk
3qukGQ4hZFF9GtoESronXTkNm7c1MsnrJE,3coL7QW9VtCBTARmiU6sq2A5WXPR8hFJLp
bc1kunplk2f2e5qxp9h8vuj0tlxuqaxqnssf35gwz0,bc1kfnv8gnqwfzq3ryltc6d3ysje833snuyg0lcwjd
31ZsUrKAkgzH6v8ap6tzUrp3BjpfGVoW7s,bc1xvjcvvqakkwqjjq7gspwprntqe29632hfgkkxxs
1hcZJ3gsdGMmUWJKnWijVkaXgTuJTj,bc13dx94kdxwpw7jx4q7uazl6ctpamf6v4rndz0vcc
3UxQA4VUdAzWuVFZ2HWYm9G62DhEMjZjZ1,3XiHBb6iys3VAFvHQDBTZhjHoDKSfZNi9M
3nFNxuX1FSmJ8L2ZyRXxY2BEb88tv2udiK,bc1srrxd936605r3uldrd9d8k96udsey4hujhjdvjj
1iJZNaEnjRTyVuafYeT74jr28,1XobuHnY22XmU7cmb73bnPanL
3QAgjYs9fRM6h4SpoWSeHHKGvC1enpmyjU,bc1hhsfts3lfrdu0d7wl7296zw3x9zv3rdtmvf7s2h
16z7UzrY8bdKUu8fNciUkrCD8wE5,1AB1A6VpYBdGvRaLqngSksEpF7WYzQLaT
18mnadpktRaVUscNE2ErYmXmCb6EfU,bc17ml4w9eq3xy3xjfqpqqcz0nqzkmcwa2p70nw9yn
bc1dh66mvty9ex3pc4njks3xk7ldv2y73c5wuv5456,1ubKmppG3eoFPsuQtKo7E3ie22K6mAcJN
1pTynsTpkifxksBsAF6sL39WVHC,1q6gov1nrJQ8tJ1Cxr3Gt4VQtZAALCVz7Z
1DPueJzug2XMLeZAGDfvizvy7C5iQbuCFG,339FS7DAGuoySHsUGGY7mMdeqmxN5u9Wwv
17BtMfDsZic1KX9y7P5WRA9suWU5VY,3XdeREdDdavhCbdPJ2WjaLE9AaM2MoGHeo
3Ejowio9WmPw7ofxoAGfKANvanYo9LcJym,3rK2dVYPACiWHEBac8Zg3B6z9poKAEhioH
3oov1TAAoHt4pivGtTn6vehKG7nbsv3MYY,bc1dyuxq93ca2fuxcvpmke0v7dalewn2027592erw9
bc1pj5vpqeh96eylguvefrnkuplar7x4m3s39pvcd3,1Mxwnm4b58xZCMtWJ5FCJyRKT
bc13jjhx3jrqm5zdyn7s8cr6qqa3dx6uh4286ccyz5,1N1YBsWe8sZLmxsA5PjqjSwnnG
bc107p7fpfq056rqc2thngecffhugjenu0ge3jqm3s,bc1g2m7eeyl6xaq70m9qa0pa4gyv7kc33je2jrpvel
12DJaGikzQcALArKNsVAXBu1wLJE,1KpZDaXqVGmef6YsXmFNKKHAhV
1yRb61wneNLGCMoiZLxpDpbrroF6HsQC,3sSMfAHi4w5sp7RY8pNhLdUYrjxQWK2vyz
39r9RqcyipN7vpKStnYLKRjV3NfkrXyYWD,1B9ZRDJVseUZzryRzTjj2xvLjNzNc7G9w
bc1kaynhzeh4mmhjxrxe0y53yj356v9e7ya2l5p928,1XVAbtp1QH7p7FPkWH4ogLJb5iYgoe
1SkQExarAshvA7vMBVCtVHKKAb1u1Uk2,bc16f8a9zap9tdcuzxrcv8wsuhwr4qs0evzny3rhue
3Yt2T1sxHKKC3S3ntv2gqavaQ9UKZ76twu,1cA5MTiQ3mNuTd2tpcn8sN3wZ62a
1z9xRewnLx84H5sqtVePit4ZceBxXRNyD,3rWWytkjgorMkd7A5s1Lyx4ptpjkNyKxmn
32j6yY2J5rpw1WAehzDDLscH1ZeBELZLTd,1op9q5Brm6vmxtRM6nTq62ofX
1uKp8fYWtgp4mC7zNmQt3SdgQ,1ctvnA83pmDQ7PPigckD5zqcdgX1ADd
bc10ev76ha9h5n2c2jrpwfn8fhq89dy7g6cl56cu9d,bc1szucsglc8yjkwk3fm9gyuc63qksvh5k3n3wxug4
3FoKwnbjyJYVSdqCDEAbZMMc4LifxGtLWn,1ZmVcaPC59PKYprJA9oGZFYPjFTTJ3wqs
bc13ujuk7fn7vhnzkj264ffg28jqztfyums0tgues0,bc13jjhx3jrqm5zdyn7s8cr6qqa3dx6uh4286ccyz5
143SYJHDU5Q9wNc3ZLjUWYUfdrs,3SL2hf3BVeCsLSef8BKiFZ3CaDVZSMPxrm
bc1jdk6urnakdp8khpaaj0v4p9qakdcx982ynrll5v,17wy72zHS6iKe3mcgp2NWj9b8Q7YLqVVt
1fTk5RzWmYcqEVmBoMzEwRku1ht,1oQ4CqHXgDvmdyUZPvRUpz1esh
3i2X3QStmazNeMHYQtGUZwNWRNsLV6RM3f,3t6rLZmNimMQrsy3brsVDT9iTMFBn9REdr
128TTcaWLyBV436aJ9zgtwMpjuzBvXyE8j,bc19w7rdtj8cjh879w56dmzdu6c9l6v3zjvpzkzyuq
1ACUfGRYoiKmtWvqP772AWmEg,1BENW1bQ5EV3J6PB9KgUGxBQX7oMjfQoA8
3AwFLfEUMuNXJFjrY7RBCpg1sECngqUk35,1r9YGt552W2aQbuYYzUmNDmjHTWQW
bc1gh3097vd7gjcq7rx6kuf8epnvn7l3c6gjur4cc9,1T8t882hbcwNGJDbhS6JyeM1sbEfUq
bc1s5rwulqummymdxqqx6eggszu05kd2kp0pan5ghg,3CAFNis8AAV1xaeELEfjDEBm3qcAf6atUs
1QwgrAhc6MBYNsPtR4JD1GddmJ3KPn,bc1dwcm4z6g3k5ltqf9hzz3dyakvqfv5n28g0vvm74
1nHubjm74WjiSswCYHcwZGe9G3sPbgKx4f,1WE2BdWAD2ocTt7gXETJzJnpsRJ1WFPSD
bc1nvr6nq372wsmf9wxcu2txazhm09c5c8rpz7qyzx,1KyHYBeXo27sot9FKSgAEYmGdC
1bQR14XzLq2C1YQe1gJYMFk8ZTQwAPy,3emxoHh3xbQ6MUsUX9VRHzbPwRLrgoLB3P
3cTpBtUFqU32j5QzxFQ4Mm5wdm4FoJZxiE,1JQaACdwcLc2io6humZeXNCAY
1RZzMw2sJG32GA9LNELtFLrAcNESRJ9D,19KR4GtohxGFJLSATMVCm4sP5fmb
3mM85Nt9wuNcX9YwYn3QusDUdbrRWDqsWq,3dDE3ioHk4ihoq7qDdgpPDbb2XifXHa3Dj
1ZGam5EGGUfqfCgX63ZoGjxsVD5F,33qKZFG1VX2rRNz1w3vou7dvLVJDYmYBJP
bc1uahpxzzv8erhwcwtgzg09c2ulwej7nkyvegj4pv,bc1lj67d0zr3p53u4y4584max9tms0hydyrf4n3kkl
1nZMDysWemm5zopJZVirm7BGhj,3G1VGJ5ywwWtFKAvpKxdF8WzvGtkj9tXS7
1tTp5W6tvF2rFMyDBzQhCfKT7RLxg8SpcU,1Lt8fAbiD2iqUozdoQBdPb4kGrV
bc1jajpdqsx56ztxj6lz5r6cygln8zt6xlmrjvnttf,1fyxBed6R1wgitP7oQ8ZXqE74kBvCuGGK
bc1a2vjz36m5hj72sp8p2akm0fxvqw7wle2ykskqg8,3JLNQK21jfy1xAw3QVoH8CvbqyYSBwZbsF
3xSFnGVEBsfEeBWSKZExzy1rrY3E7W75Ca,1bjRNVNcdfyyqc1CoUQn5NTy6K6vMm7P9
3HpY7cSn2byrdMo3Hu4dcnBSW4RHqCN46c,1zUuDcL4224xuUSNzovSZaqPMAgscBK
3EnZqV8KqxUkCn7ZfAvA3SfQm1LDHh4swQ,3D1AXgMkdfjWz8cjrMrZSqyQWMPyE6jhEM
3n5UBLNWwGauH7KV59iSyWT3bndiW1CFSa,1Fe3fid2EaQXukNxPkXzJXz8iozBZt
1tytVr9MpWLHJDAebxoMEqE2uhFBa,1r2wtryLY3dyLWoA141Bmj6CCDrMSMt
1ToBzQNoAFHyMxTzJXtaonddaVNxt7JK,bc1k6lteja49navedje73lzhl6azydn659aznn6r0f
3NxHccoDhpUDZyotNCoDiMfEfgU2u7Yxw5,1AzCjgksMLsm12YNokzTbc1Xm
1uWwmr59f7f5UNyw5hzbeWoZh2mxAT,3dVg7wR6HNKwoSL99rnum3g6z7X7aScY3q
3RxPes7AwHrC213QFkW9xdzZWDuso3UiX5,3bQSxTdxMhZ7bA3su7CQrjZjTHXfB3V7UG
13k9JWqCRDBLg3qDFiCBSngU94medLmz,1H4bhGETA17jZ2LAFE6MX3bffZ7gB
bc1202nvtssclukje7vd0m24xqhutyeaw5vmppeue9,1YWZCx2hSQPw1xpPsZHZ7dStfzh7HxoNeY
1z9xRewnLx84H5sqtVePit4ZceBxXRNyD,bc10m8mpxlj3zjj5mwtn3dvhshtups3qum0ddyhtaf
1bUXrhrFBwYzohenzsPqTkrmVmGH7dv9A1,1mReVdHxVogJ54SVCcKijry8NZKU
1idTezbXNCj8zDo3bccugXDDh2Ab,3rtFuzY3pwuXCRoYvTj8465zgRRjJKetUg
373ZUbG5wdKHMMQ4iHqEYgpvXXmXYC4TB5,3QmANYC2dchR5nGzHhFRcWSAnp9vw36X8K
3UsPc3A3dBVfeGsxLX45sy6m5jGVQPuyAN,1ZoaKYguCbLaULzyj5ZCH2imR1EzXq
bc1z7s5xz9luwgg965dna45fsxd8shzpldr5k33gl8,3dDE3ioHk4ihoq7qDdgpPDbb2XifXHa3Dj
bc12x7avvmhdealxq2nt4ns9f52ypzhhue5w3m72n3,3fAGamwEjtjo8PeACaa91LidG862sYkZAn
3aFjzyCVK9bdCcA2NUs2Za8fRo1y4Wkd4e,1b186T1M7oBixH87xTNTELqhZ
31ZsUrKAkgzH6v8ap6tzUrp3BjpfGVoW7s,1FWfUEPvxZsxkor23eFiVK7nJQK
1QXi6GYq96a25ESim3LxWXigvq3Sf,3VhZ8n5dn8t9L1XsbQ7ooz5NgnfMGat5kt
1suerXkrjw3bD2uyxGBU85pHEQT,1ncQj5nwnfDeQ4dEY7HgLm1fcaJrnR
1MZbavd2QtxG9Y6WupeDP82fYWG87L6,1E9ULgPHv4Pcak29SKBAoKURwaFm
3H8DKoA5tUheMUN9E8nuNaGJtGDVvofHar,1knnJFFs3na6n3txe5yxyge9H
14n7fa1t8vroBUU6PdYo98Wr4WzZFk,3H8DKoA5tUheMUN9E8nuNaGJtGDVvofHar
3rzuHqQtv3e56oiGkQZKcPhTry8Nc2317K,1V4aZNCwWPCJJ8QeHBX2ETRWnUv6d3E2U
13ajXptyPxdqnyHGSTxW7aXKS,1fPzmYAUX1xiA1eZgwH9CDR2W
1eErxKuRNTsRgrMQQMLrofLfW1KpZW,1rL39pt3sLBsPibrDHWsa7j21v
19Fgf9zm9yuezLYnDoqAmhhTra6wu,bc19yf247rqf7kracs5zlaxxntyc9hn9hmeth7tu4x
1E4bSfsF3SYkn9zEvaampEszX,1Uso7ZQrZgqLNuMWmMadDTtn7nSvQR
3mM85Nt9wuNcX9YwYn3QusDUdbrRWDqsWq,3KroLphHNpS6Nux4PEzvtAwSzFRsk8QhPV
1da7cRzhBB6Dx8QCqM1KaxhAnAXTC1Qab,19Zm1A6YPDUNTFvPKwQKHgsbXMfy
1vXhUd2CQ2TTPGy4BPMoB1GWHe5j4,1qM7uhSiRvxpviFwRjDTLFRFbaL
16VDrJqFH7Pn4TeVTXc5874AcWFc,1VL2vZ49gkY5iBi6u8FbU3L58yRCq
1zzZBWwDhhqBdrqJEGJPTdJoZDaq,1yQDPRb5Z4wUMcfoio1WPyf8t3BAVL
1GsQBTGYqPBf73NDCiMHxGkyo,1wPbCMpJed8XaGPssCxvwLA5gLX
bc1pjgzshsd7gpu26dys0sshvdlln8x4p5uyjulem3,1QkjrWw4fyXZeqrjv9Eau5zANmCF
1TXQT4ToEDdyooScVQ33ydupU3bT4DNgnP,1PD8MrnmtxFgWSpG5bpsygcpij
15BFXVaCRVS2kQ3udcWdnM4GXeCc,16aEukaSdiRZ2e8zSz3288AKYG7wnJ
196ZBXdZsWgT65cqXJfS3y1pk,bc1x6pewefzduyf2jf565u0z55kdh02396vmzc472q
3sSG8MxWBNegmnf5ubFw8RjqLJkT6o1iJZ,bc162l7j3gjkv0kssga35w28qunwzuxkazx9yqge48
1mdioN1VpWDLfjWXtzccSxoTi,bc17emvplwal369sct0m7ekqr2xejmpnaxdra75f9p
3jnHhoH2uvVDhoCqUqbYgJk67v96VwsuWW,3Wuuu58bSQaFjQMRMWzxhoPqffiZptxZZG
bc19jrmnnc9am66sym5xzxeleaeppuytkdxkgx79rt,1zDBfVyP1S6ChneK3JyW1wt1Q9dx
3pkaw9Uha7nJ3TqZ2yNkRL3hSvbF2VSDpU,3Z2f5FXxuJgRRoAhLWNcUAfPMqgQvZ1gua
1ot6Z9od7KAjUWpnDizSKRZsvpwPfifcWm,1VvBWo1tHhvBmZbPyp3CSjL19hYQL3DjP
bc1fzkmgyt5f2pvg98adnvdgzz2795yuygqd0n8vwz,1jpp7ECPtvWgWkM9Xn794jgAfC
1nm1nc4iAhGdRMUn57hxmA2PCpEFKfoN,13C6GbikdGHEefHZECMfFfqjyLdKgVV
1Q4wRnAyt5f3zbV7wdF9tTzGZ,17RqfbZvS6L32cXK6XcK47sbumymTTc
1MYKY28fHyzruXqzRaEsWP8Dzw5q1z8,bc1d02llmehjc2nuc20ef45pwzehka8xv8ty50xq25
1FWfUEPvxZsxkor23eFiVK7nJQK,1LTDPKYop8UPgTCtH1aED8C1Vot
1dGa2RMqwSyrqWNwXT3ksQm6LaMg,1A62abzLbVM9nQ7zbPcSyLHZz8Mf
1CtnYpmxaq9L6RqqZwpfb2e6zNssJc9,1yjd2HRryPvSJUHnvpk7UdVnVc2o
bc1vj44qdfd2hjwc8fv5ksr0zm5p0drrnfgzjxss37,bc1va9ll7ql2779ug6cjjk628gjcqhal68tggen89k
bc1m4xzvqkfkvwjsf8kuvnwwmtvq3gldt8s95njdvh,1rboJU2wehagxqQufEy3xL5jn
bc19vcjzptweyp2v6dcgkdv45jx9026xsh85g8ymsa,3nxJk7BzsnjBARaeaWAQ1ecWQKzzsfvEoW
1tZBg9ZNL27m3ev2ixgB4aDJ2SUA7B5,1jQG2TZmmmbSEbeXgYSrGZKXfJx
1grHZEyti4vAruaPMEzzz7b7XZmz,1KQn7xAZyHfDVX1Zi9jmXb3xTqtkx
bc1z7s5xz9luwgg965dna45fsxd8shzpldr5k33gl8,1gbqyzAXwRzpseFzf5qaYpuc7
3jnPGRhUWCaCSEbDqYNSaYSzVV7LHaNE9G,1BGLbCfANPQVLu6Bh7iZr42HEz6JQxf
3ArTcBaKAZUHHbxRKTvVUyzGEUVmbtcvSN,3KLS4s6qngpkeGn8nF4DNtfVqfVkXQsJT2
1uA68x6ftuFG1tGJqtkrrjxKNnvornM,1odCZQqbDxtVhmaEVbaANjz41LUDAituve
1hNn6mfB2jE6MCarXc6sc4w2isyQGe,1uNYR2Sh46sfUWFv826BCfYZUyfa73CJk
1rAfHvqjXGp4iaoMkxCBKGjDxRJrDAo,1NHz3LYhyRjfNJiYu4g7rPZrN
bc1rdnswqgkd608kmuvl0m9vt2zekyhmmetqe3r5rm,3D32CJwWrcap4Y3NBVeqcZ6pzXT8sFTmLX
3HbcrmkUEhUMXjNC3uoDJPvCPUWgzEWEdq,112w2xpMunhin3hLeACQpszCQ7s
1s7CMGHKtgQzBwzi4ps5kqWbUg,1NL2zhQTttknWXZrhtcU9WzyN5W4ghCAY
bc1cfh0nl79sp5a2e3ce9xvrgpvape4y0u6wx303a0,1Hdffduo1E2Pn3z6hSxMdPFTqsWQfzq
bc1dde6pw9er6qr8jkd4fju0x8r8uztcmp3q40fasc,1rTqtPfnc3krciMLHFvY9SHLnwoZxAwJ
164DJ8pExBK4hAPL63uGbF5z6x,1V1tzkPRC9v3vSgjY7cZcsB4z
bc18x82hy73774vmmgz2lx6wl2fzquzjv78d24wc7a,3hC8cZoixpq1eRr7Z5rH6Y7jMxyjoYaKhQ
3R2U2KaK6VhCVpfAJyCdy5rDGJaodxiabG,bc1z9angkcup2jg8ekkghuecgyzzdqnpt5p9cez253
3n3BDkFR3Jxrj3Pi3GWwM5RE3ej3beBE6i,19ryuFq48xhN2xNhf5qs2N55ap9BkkhJ
3w6kMCAf2NrDQWNkmBHj26pFpFZn3m3dK9,1hmm5KVy5jLSWe8mZDX39EnmeMF3fsr93
bc16py8ga7p08zqx0qhnqu0nj37nvt3ffpg6nudnlm,1UAjThmw3bi2eSZUdDe397RvBo
39VLbiQCcDA7Mf3cy7dbBjGvSD51tu2Tg4,1qgpKyvzd8bjE5aw9wGc9mVodo
bc1vqzd4aztszvsxykdxdvrt4333m76fkvz2fc4ku7,3KQyNJZSg1ydDQAgMjXLBnRanNZrDu9SpV
bc1lj67d0zr3p53u4y4584max9tms0hydyrf4n3kkl,1DXqSvcFe93mshjik8rezF15yJQxLc
1D5dWochGeXGB487TThVK9y2yH8S161,3ErqSYsSs1JNGGL5uWRXCBgzeGx9CUJK6h
bc1dzj4dqfzvhngzn3atv0r4frh7xm2n6r2kcfyn6f,11SsEhHAA7JhnVHFnJ3XXpUeAQzt6Pg
bc1ltucskfj2790y0sgt6s8gz74j4pa0wlwwkwcdrm,3p3NtDYKxW3wsJMXSX3gMVWGazNm2jxtwX
1TdH3W8SVm3njZ4ywNfSiG9v6PP3JxCaRp,18hGXXhc7jdzVgwzHcKXzM8ZXdVBciy1
1UQGdb4NFbmBevsza3ziQtNTVykAfDg,bc1w7eyt4vj3a2rfj8x8cmn6dqz70t4j406jagnlnz
bc1jhwz9cfcwrdchklxj22ne9urcx63u65gfrm5856,1Xj1hSBynhqS8jsX2z5nKYdEj
1TKHKrCZYuWWWXSEs4DigEGMZsQN6g6,3uhjecKJnpmwpw2ysYPYBuCDZXcJA6uSHU
3kxrHpyu4BJraT1VnHCLVMWPXkHY7rJ6oi,1NHz3LYhyRjfNJiYu4g7rPZrN
1yKb2XAdtQzfMtrm4PL2gVXs1X,3nnoFj5VXkWGGG3ZaKkDCBdTtSqp9cn8MC
1W5iLixgwoxZSbivWy5QWUMF5zTxDLY,1V4A7BcefygqwTHFAaASto3yHKjwtC92
bc13mxeh0qdyu5320gmpr9xg6rhgt3etdt4nj53lf2,35qxycB99uen5xfvhoocTiuQgCUo7wwJeH
1EqmAm34AgbudfMYV3jq4XLKii9ThM,1ALTxfR2ytAm1MU1sU32gHEWkm
1TdvwUkTG5hgoij72B8GFK2tqCos,13RmSoeGGEwL2MG8T4ALEP7L7uSsU6
3LnKDQvDhQ9YpQhcLbYj2YFUnS8vhkoeUW,15NzVthds1sjgmfwz5rw2fKELoFi
1bc4gTLKMKocJKs5REaedVRmHq1sAitK,1emmSCDBzcCXjrLmLfrt1XNYJVpgs9b4rx
1tFsPkWrh6r2H2tSadaWrcWqeDU,1U346T4W8PGeXeEf46KyXntJ5JrhfPAB
1fAJTfzV3ADc4jmqLwJ5GyMvwKKWG3dK7,1bQR14XzLq2C1YQe1gJYMFk8ZTQwAPy
3sTQZCS7Tr9d6MnDpYfqEo5KHtR3USvwe2,1QVdDRtdTAJufdr7LMzb1XF8c
1Kri4HCNk5ziq3ei9gyuRscR8EHiktn,113H18t1zDKmwpvWaa6TAGtFFJaaD5K
bc1xvjcvvqakkwqjjq7gspwprntqe29632hfgkkxxs,1oQ4CqHXgDvmdyUZPvRUpz1esh
bc1srrxd936605r3uldrd9d8k96udsey4hujhjdvjj,bc106s5r759cc782xxvtcjpxaexlknfex4e9hhly4l
1jSHVmF9WFmszFpChohWBzbdE83zvRc63Q,1V1WKvCokbyojeRnmgnVSFPzHdsm
1TeBtW4qjfqFigbTYWn5BFcyjZHNsj,39nNx6btCfMvfTT49CNusvc3FHdp8zJsRi
bc1747yrz2r5v4fnwvlaftfgp7ls0v0thrk53rzeqa,1YHqCs2cY2T22PmMGMpmSHixD
1SLYfTspn7mH6Hngd9L1fy9H8qbh,3VTQmvJgTNKR4njKxuMr3qPZyHfGFhp9kq
1XryMFzham8DpputWTMTSdCCpY,bc1fxe5c708l6daas3yhz6qjmw7sr5z42lmv48cmvn
bc1qmwfftzzc5hf88q99zf6lejxlksj89hn3epwnzh,1BiRsmbzsXyecAXxqiho8iMRyKbU
1DNZ9jgdxqv4gXQz3hgaafMA8k,bc1d9nr2mdmq6ztw9suja9whyhmh6ek7y50az8ayav
bc15yy6gjajl74w4nm3x8u72yn55v0dcz45v6cq58k,3L9HgP9rVRKmEwkGn12Kp6hDyv7Dgekndk
17U3KuXCdnNUar8F3HSJv9cZp9j,3rNCeWkdjSYspvASgRm5G78w6TfdHtdbKk
32xvde1181pLEwJc3R3icoBEoQRVdRtZ49,bc1guaaeupvzr8qg5ayt5xp0cdel48tt8t3sygxjws
1h2fAhgfRA9B74CoJpe1R1xNS,3NWrRmj5wAxP6rkU1HY2TVi8xV1puRnaPN
3C218HRnhvFB5zHSn1bfVhf6DKjjY7S8RC,bc1w5eh3etzvmarjz9dl0y6znspm7hpv8qpe43a49l
1hnA615afDHFugxsQkUp9uLu4,bc1vs3t9e6ufmzge0hw2hxmwwgjnjd3ntel20wnra4
3HM8Z5WE8GsmELvFX3ecfQ694LPP7qxJad,1VFYD6QELNmn1udWN17AvcmV1
bc1jdk6urnakdp8khpaaj0v4p9qakdcx982ynrll5v,3Wp9BXNdX9Z79vGh4yLYq6LapKQfFcGLit
1imrZ23rJTNJr4PQHn9wRzx8uA,1YEp4mUyQj7LqUYpQQGK6r3KG2W
31e4ihh1BhVurKqgdRv444sXNJJsDb6TjL,3KH7qTG6v3tnfQcheChS7WPyXR5apPMjXf
bc1d3e3jd344uzwyd7ywvzlq3yskxn2kwrrns0txa0,bc1ma85pus9apk8kal93atrqe4qs3mkvfhwdjvywss
3FLCuYravXkJ7gyKdHDUiA7gfWfogRvbPW,1pKN57jmKaWzfX6M1ueJuhMQBzWKe
bc1uvu5xhnav3xmek7ml2ky9s57rvhhu668qnxl4qa,bc1v67xyx5wrrjcggg33a0hz7drhejxtgk80wxhn26
1on5mywGSgwMbXz19iHovHCVhnBS3cX,13WcEDbinQYddeBr8WiPgMBGL7TTiN7RCi
1kZZrjRJ44zf4UAZjVBmXMLd3CCHaStf4e,1N5omQkhsTVasr6ydhroQypVKHY8rnt
3VnGAXvNZrVxnqBRHoiSXrENZHFFZxsLWe,3epXtqJ5tRi6UU9cA1tUZ2jkL9z1dUibhh
bc1fqlsnr9yp9ulk5x42uy0dlj3f47yratnrv8wz0d,1v6x929Nmf57igXtKFRT2EAYfmyod2SwN
1UTTmC5jXPtCSPugCA4H4PNpcLUgm9Eh,3p2PgDHDpQQMi9fsg2nbmMuamWaZRFRBiy
1yza8gjy1DJuUynhn2ocCnEwwCN,bc1hwp3u529a9ch3qlcvjjn4dq3thxl65tzfc4yrk6
1UT2dwCc4ZfUQNd89iXDXNj3i7,3UayxPMfEp9gQpCg4mBaaFog1cFaKoa5kj
3ry5J2Pcm8m2Tjd9uPBc1uLcY3unm2Vx9e,1XsbY3Ttu8qk7RXib9Z5BBLD4UfMpbPD
16idqEouqnoF64tbEUEETZXpXv5vy39EUQ,1QimEnYHtRzD2XZKryg1AnZD9rNEEr3E
1oQ4CqHXgDvmdyUZPvRUpz1esh,bc1qs9apzkhrlck04y8v0jtyftjsv7lmhfn3gw2kwl
bc1dc4fhencylh09zz35a9a3u5t056t3gnsc0k4e04,1wU5Fn19FqkFFRopU2mcjedfbYe
3gTdDMCf19tvr4cNLLp4oq8A1jZfuWVb6F,3fBy2doXpVMBocQBLgFstewPcmWrnEaWo3
1Y2tFAXpTNeiT9Wqd2RuefRtEyv39gV,33KZowfNRi5ZvLR1w6ibDKYMBU18FSA1de
1j2jMqXhfnZBDEUGdBvkKVisX89DW8gcj,1XryMFzham8DpputWTMTSdCCpY
37NzTqZK1PSQccn4rbDszWgXBAThnvuCm3,bc1uqkr6h26r9scapsvexp03wjf70urzgrrv3er0cz
3W7HAJB8PZW79y1MeZoQ3QN8jJm7pc78w1,bc1lrh5tyw09az4dx5hk9x9dugmak7kw89nwq5e972
bc1wndzmpgusz6fyw9xu6nwqfag284vqth4ns60xq0,3AwFLfEUMuNXJFjrY7RBCpg1sECngqUk35
3bao28pxKZJqSm73SjZYQYgYz7H3xJrCWZ,3YE1h7cCxkSWEaPVZa8ahF9oy6Fy8rV99Y
17BtMfDsZic1KX9y7P5WRA9suWU5VY,1evTPmeQUrPhhTbqNXojXjbzS9wrDgdXZ
3iScPwySBnELEvq2ftejwbrBeQCqVk7pAN,bc1pd7mtgjcjudzjg6phmjajmjjt937d9x6mf2llak
1ootBiLMRMivzEMpoWF3W4SmhWxkpCxAbf,1yQDPRb5Z4wUMcfoio1WPyf8t3BAVL
3GTLWam7b8W9YuLrwBUGgp3h2TnEp3cnPZ,1HCogyUBf3eHSLok3jvBnV7tibKC
3VyACeiTaDPyKur9L8UpkXeB6mftGxvV6Q,3FYoFSNVFLmgtrUFPnDhoQMYhGHQkLZBKD
3n5UBLNWwGauH7KV59iSyWT3bndiW1CFSa,bc13sukhny6hy6xn5efnx0pxrk9qwpj69wjj4lmth5
3MVj1ijhNhpXmcMq9SJWZxLDGSdmjtacSd,3UUi2ZFvYsahYBmn5gaTZh6ESMMCMTsahq
3H8DKoA5tUheMUN9E8nuNaGJtGDVvofHar,3wCk4GM7ToGdCYgbzxkUkoirjpMcP9DL5E
1nCsLPMiPLLgU1wy5aD4hZBhPD5,1wR14QtyRyPxs3EP9aoM4annJ3xP
1Gg8apT2DH3qGkXDMrHXuQd5i,bc1pkqy0h0nt6yaqmesunn75xym58w7xfs5r20mftp
3zcRrFWtNKMqAJskPsfhR7jVrtjAn77Zp6,bc17wxdw682rylhe8zwp7np8g7yhakdpkxeg9ye7cn
bc18jzjms40w27j5m8j4l788uhxt95rpazkl0m4x0k,1PcaTETyaP3BCBJg4WPZytucU
bc1085g00hnajh8cl9flkj48gzc5jlyrvd3xnyrvq6,1dEPPrrw9LkX3kyP5VWsaPAs2s
bc14tzkwt7pr74y7kcyz3rc2slgenl3400yelhd6r0,3TZpBx57pmNVf6ptud199XPaCgKauJwSyL
bc13m4y8qkqjv8j0xf3kvcl3gwqhjmaffrl6vmz7vz,bc1y0scfz8adpex4p6v64ucpenefxq0ptzw60xt0pg
1iUGv7tLt9BHfVLHwXLiSpqU2Frtr5B,19Fgf9zm9yuezLYnDoqAmhhTra6wu
bc174m0ecnewnfngmtvqzyp984rnm9k5z9t63l0hhj,1QZDjGjHaaEBXCxTAcmYRgv2jTRK
1SSC6rJeGn7hNGyaymPdfZ1aw,bc1vwpas3luzcq8hng6927nknm9s9wjv8lnjqjsy4f
1wUWQ7LejV6XsNDf9rYyM2mknqVbqN,3H22WQP5HhEuawZXpgAsVEz5ziW5cAUk7r
19REzjM2jQVUsWUs8XpDvSXfM6esn,33SaCikvySi47HKFSiXcPPNvJheVg2Dce5
1Zy3KsvF3ktxYMfajxTBmEe45Z,bc1qmawh2akarmzudpjude32h3q7l6yswfpm2aaztq
bc1tq6t52vxmqapklqugrdhqnpzsw5ne4f5fwvclve,1H35h8ct262RbpA6kTn3JFBX8xzg
36TtLSdLAN3WnMiRwYtL4mviAHRwUr5ZjC,bc1qd3tl4al74pw9acu9tytp09l246mmf0gq5vaa7s
1jMdcFS8UQFUmzRhv3r4BoUjNFjFSadkf,1USy1S1DMZb6gNSDMt2wG7nc65BnTzt
3FdQ7WjVftKgkLBvj58p9gdAFUeRpx1oLT,1cLcVdGdzehZ6SKfo4xJJ8GDg
1NYNx8PD7HsmzyYMDuHmdfgddWXE,317XTqnTJtBkZVC4vucEhvRskSZ2AncSeq
3pgs2oznCHTFsPAbC6bLdfuvM5nsAmgZSM,1E9ULgPHv4Pcak29SKBAoKURwaFm
3XLcofvAnEqJYrUe1UXVn3PLJ1WzoNax3K,11V8mkrURszUtSZrhu7MsNb1v
1SeLPTJF7tTJJhnnZ3ixhVVtjW,1DmsfrL4XrvndUS7BZKZNdovQsbPr
3RJ3xs9uDRii7NBZBbFApb6b5tNH6DWN4e,bc1usy4cxhscjsp33kl9945m8ak37dxplvvsd02hfz
1VvBWo1tHhvBmZbPyp3CSjL19hYQL3DjP,1LREDT9kLuBfRM1t5K121kQ9o1T
1ynKHnNwCzBm2jwDoq5rog9JF9RNTbaX,1xBDukeSta54t7UKhimeV12vvBCrm
1wodyzJcxNUovW8UGyjDYYAXBzKbe,36JuVz3WKq4nfrGsxYT5CyFejqrQqhBPqj
bc14nzwps4fjfu2xg2wrygqnsxt2ykf8zn2wy04rpd,19ryuFq48xhN2xNhf5qs2N55ap9BkkhJ
16kGuSuB6QhAwuD41zssZcTk79g,3NGrvjFgsBXncPizvx1oDLX1vBdXEpRBya
3HXm425DAJwzVyHSZxQzQPWVC6cN9And4A,1qmR65xmDcGPNfMxqwtUKgtXVVrBpGMJ
bc178pn2fu3kpjrpukqcxpcjpju8g46kps07s4v24y,3p2PgDHDpQQMi9fsg2nbmMuamWaZRFRBiy
bc1gtancwew60ssj0nyxqduusx89fwek7h7c63a4fn,bc1jusshyyt5aw77me7n2de3sue8qg28w8gf3z7du2
128TTcaWLyBV436aJ9zgtwMpjuzBvXyE8j,bc18lew9e8dmp6y5u2pwt2yd6agx76tx7wxftx4ejf
1rzsm132uh5aHSLSLboCS1YRw4zRC5,38GvZxQdL23bUnGFvqzEh8mEnfztGbXErv
bc1s8sl8wls4vexpu7fectqaef76pjs6t9upq8xngr,3XBEcA56r9VLzJ871Z2TSjTaA7ix6nymb5
bc1gggrc82xqdedvkm4n7aj93m7scmctm862hwmrgx,1vRKdZedGZaL3zP4yz32hCEcv5z
bc15nlvtq9x9k4vu5zwxvt8djw9pff26qf865tn9f2,1CFt3DGpH9eWMYWb1cNcBfboxSAEY5BLu
1PXnjRah7SiPEwz9q7BDYdFHBv7yEJ3pKb,bc167qawgslpz3htvzjrd4mt2zzhv209e0l9vmg6d7
1TjzFVN1Mitmrub7gj2yrf9VFjyMkC,15jbcHKTkfGK2Uzj8X565Pd6f5Fm
3P7ETBCceZp4zh9eCrHGS4Rr1zYzWGdcmV,1b5QqXqm4VQjq3gbsGDZVVxETVZjjvR5
bc19zvnlrdegq4ssgx756w38kykyq8s05krxef3msl,1kY8UJM4fyES1oaPFyahg9mFV
3cnjpnKgeFoHr3QuARPmLeJTMZg2oGLeWv,bc1awva8qd4ugedzt3c6vfyqp9se3p200a8c9rhv33
14TQUVwAhWF8GN89jf5UV7PojxUNS,1co1PNqthLTYKmJxPFX3w9oreLPJPiPfF
3zmJTtvTQXdLLifKnrHwEAUN5xjKNU35ep,1xyhdFyXFbh3nWaSjB1o5v5w2eEQ
bc1z7s5xz9luwgg965dna45fsxd8shzpldr5k33gl8,1zzZBWwDhhqBdrqJEGJPTdJoZDaq
1sy2Bf4roipMQCeP2gZgoNGBo68w869,3sCxvhNZbPZCCBH6mdGGShFfnTtrVkaHWe
35vYxZuVE8hBDuGehTax4GihyHgcoRjhUt,1tJnuK8wNRrkwVARefmQhzWQJkXoo4
3kShV9Nx6avedXs3ZoNs4eqfKZkHLYFrDG,1a3MVymMh2SwztFTSDeFmvKoQR
bc1srrxd936605r3uldrd9d8k96udsey4hujhjdvjj,1odCZQqbDxtVhmaEVbaANjz41LUDAituve
3XPhU9s1vTgxg3vdxSvrLG6ePmkjbCLhBY,1t3grjopnymKUz17eywNu4jHdb1ujn
3ukGsrSrbcBsDSb3oFrmgnetymmCpM22fr,bc1qkmsrlqh744cvwy0arrzr76svdj7nuu09saelzg
1C39FkMToSBgMya5vc7FtDX8rv2hMX,1xkGLP8bxFJmP5kgsGZBQfx5TLdgvv
bc13ujuk7fn7vhnzkj264ffg28jqztfyums0tgues0,3hcTjZ9DQJCim1GFGppCESpaoiv8fRKoad
3NmwZeCb6DBZ8XeParcyjcuD1EDvc9U15y,3n31SMVRPTXhJmhTrqPAQhPgSuRBxqxzVm
bc1nqel340yfxm7nd3uqns88qjsw7dywkyaexue790,3bao28pxKZJqSm73SjZYQYgYz7H3xJrCWZ
bc13dx94kdxwpw7jx4q7uazl6ctpamf6v4rndz0vcc,bc1dgeayk4394ses24tkzpr6rk975y9zt0sl7t3c9a
3ChtsiQUeLQLtheNJJDoh9vF6Fbyafn5ij,bc10tv0uvdpxdg4xnvcvh8rz7xt4zkhpu6ufmwu9dy
3drPDykYFVZoVL5ztv96nf2PMhPBSnDt49,1BY4PK2GqGUjQdhjQRdcubrPccu8bvNm
14VKrkq4GA9HJkMVNmkDswWretcU,1t37URjEbkZPRFye6aLbN12faoJyF3v
1keJSNRjELrDn2TiCT8gNNW7x1vyz,1eZvZj4igtAnXnvm3sQwj2fdzbVhJmEmyb
bc1h87zl9thcgwwwd54f9da8w4qshhhrf6fctnfyrs,bc1lhgctv4nh49fvrcxf7emzuxwcn8wdchc4w3hucq
32ogMShFrvNks9KjqtpP1vDNyxemtArhhc,bc13el3zc6nemyer0c49ruwt7wwhu44603amnxx9ly
1Yu7pwX6trobyFDRgfH8nhh8HCk7u,1MPZ9wiqDF8gLqaMvsdmsLNuW4ueXA
1ECprf3E2Cntb62WtZwY7F72ZkX,3mqQrudrGHAgEE92oKVzRuCG2nHYe3in4t
bc1g2m7eeyl6xaq70m9qa0pa4gyv7kc33je2jrpvel,1vC3qNBM73X4nGFMFvTWkxuLcMaogGv4
3oet3bBjwW5U48fKhxHnjwnVZtZxrANHqL,1pTynsTpkifxksBsAF6sL39WVHC
1pDD2GxAQPauXTrxpker96LAFc,1LL4RMbEGzbbMAYsEszzFKWvmNYpfZ
35v4JWJEmzaVxNiG78m2prUTbihE8xMhJ1,bc1sywmrvmzj7nzkz44706v8z8r6x5l5jqaclt0e8e
19Qctkoxu94WrVQYtxPqWN2ARHsvG75EF,bc1w6ypwej4q0u65ujfkk85esd3xmtng0r6znhalxf
bc1ukzlxfjek292rdx89ghnk44pzq37ykf5w7h8mmc,1SSnMWsGcGXsjT9cTWd9yk512r
1HBr7AhrjYkA6MtUeKxuD6KhetCu,bc17ml4w9eq3xy3xjfqpqqcz0nqzkmcwa2p70nw9yn
3HQbAiJDGNcKBDXNuL19g2jTAvgmsYNa8W,33F4396Z9vpr5zhR8SeUrqskViZF8uDQ7w
1RPTHX4qXdyvYy79HdSDdTmaE,bc1z42sreerztyecmqqemny5mwmerrkxhzz7qe8pz2
1mVEZmDDRgeNKUXrxk6eekFkmazSwq5H,3hzyDDqUd3qs6tHAApycAsxgGzRDPGhRQA
3dhNTuJYRqTfKuTSDfoW3T2pXCjnEuZHmh,173wsRc2DrPjGwhX4KEvE1Dugg4iT
3nnoFj5VXkWGGG3ZaKkDCBdTtSqp9cn8MC,3LmX3KQwewnDBxKVaUc9HAoAdTdWKWxJpg
13ajXptyPxdqnyHGSTxW7aXKS,3uEqD1SX7sAmUvNLt4vHqUGNhJEMBSJogx
3Yob4795TosRGtm6gDFR1XZ8rVXUXEooEG,1N4UbSgSeUCMtFeM84XXNdgb5cdWX9Y
1RPTHX4qXdyvYy79HdSDdTmaE,1oYxg9QYaeuFmgBWJTgRxykfW5kNJc7J
1wkAP2LNihwjP9WcNojShqobbmD2,1AE17YNEmnGq81Kg4znjDaw3UV1rgarE
3kxQE4ZeYuNeddJzQw4hPuLHWaKqADyZzK,1D5dWochGeXGB487TThVK9y2yH8S161
38gBqqEArmu5uDjjXHt7YB3hH1WVc41wjg,37gBPPt6AML8cEmQsa5UatkgUcFddUxDnn
329yzZouaPPx4PULxeJAgBpb2CuPCHXTN1,1tKtP9KXTuwj4PCmiNnUD1McZnxVKtCp
1xzjuTNfkPAvWdaTjUiBtDUDZeH,3iQumLTQP7cVfqL8ufJGZRTca4T8iUGS2K
1XryMFzham8DpputWTMTSdCCpY,3aYSU4MWamUzhvPmvKhBpU38FnpD8WCpRA
3TbUdHYyEpHGXAWmxya298g2bhGEYPVYx3,1RXp3VvHr3SRtTtPhP9LVue9h1VRCT5
39524GatuWpf9MsobjF4BFccH6opk1dEUt,1faTzghVkSw5BKQmrWTXucxMUA
3mQtrXmgXPgVDXqs8HoTpaMkTvAtKyhhrc,1tbr8uAjVkddCJf54Pbgxt5Kh
bc1lyv44z7xk6umwft3m8u23rtd70za6sf3rhep8wc,19QhAw93bnEtR8aCxa1Tc26FL
bc1vqzd4aztszvsxykdxdvrt4333m76fkvz2fc4ku7,1jMdcFS8UQFUmzRhv3r4BoUjNFjFSadkf
31CdfrnoR149o9pqtiXWGPFxYCkRTa2nAy,3ybUuTquUPvS4d5pHpHe76BXQLo8Koy9fY
bc13pxuxdahp8ffgxrf4kdh44e3q3u72kymvjpu55l,1keJSNRjELrDn2TiCT8gNNW7x1vyz
bc1pjgzshsd7gpu26dys0sshvdlln8x4p5uyjulem3,1faFScQ7om1hSywFmb3mrnVjJ9ubCfjK
1D3oipji4Ya9Dw2k1CEmgdYpDHQm5MVYvG,164sY2Qm5GAetJFHd8q2frKUyYGSyhB
1bB6mexKpF62jDecnhRYXWLiNMWwEGGZNc,bc1kyzvckenc73ku600wtzswzenzl8w59g0ptj2hds
bc1rtxqhc4kx65e8l7p0knql5rgs9xh4n9jhyamuhg,3ovEJ6fszJMKgC4NAqJtwUnnqvc6URXhZR
3dVg7wR6HNKwoSL99rnum3g6z7X7aScY3q,1iUGaYpZqrpmroTPPuJoPixBF
bc1tuj950tsrza6vu77mpqqc7huyh79p2vq0273943,bc1qq8gd7ysudhv2u2wtsqq3tjs34rpm3jayg8srcu
37jtAFppa7taQGAh6nKiZRrw2bsQWcUgV4,1Yr3VRqkTN7oXzGhKrHHJVEhNeecFmU6
1zzZBWwDhhqBdrqJEGJPTdJoZDaq,36gmZ8CRJLXT4NbNXnT9Tq5NVmaTWAF8X9
1E4bSfsF3SYkn9zEvaampEszX,3KLS4s6qngpkeGn8nF4DNtfVqfVkXQsJT2
3Lq1iUCg9d12zGCndLNWWY83ZH9nkujBqx,1XXyDxKJDjqniWRRuVUrpWKhf
1AHyTApeNRpiV45e53zXvtHpw2Jn,1EE2AZS2ZVKppXVwbGoQFGWNEUnRwy
1mR91tRz5KgQ1zzSNLMSLTDexJFcZU,bc12au8ax9g58lm2qjsffxsq2gh49lqevc3l7eekvn
3eXx8oXFiWTtsqzWNGkbxRFPU1ehaB9iMa,bc17yutcrqfdphchhe9vqdqrg4x6nahuyfzqv0320a
1rL39pt3sLBsPibrDHWsa7j21v,3DEL2DP3BXK4Zzgn5yWqdVnwFSwvF5v72H
3cpk59JQwyBUrbMmofX3TZgJEehXs1apuR,1XryMFzham8DpputWTMTSdCCpY
34JDqbkjMkbpzsi7DitLy3FZ6Lq2AuHJ98,bc1zeu76syrjvc9e9v9t7xqt8qze9q094fvy83vr27
1zks8wmEe1QhGWPT6qj5PytMdvn9Z,1vLg8byPWswfPUd2QfmFf8Nd2M9Z3z
3mM85Nt9wuNcX9YwYn3QusDUdbrRWDqsWq,1eQWzBPjnKgQ9xFTEmTNGgRr8
bc1x4jc4fuvv0rpdkva3upgtksvm29yyhpcat4u5fr,1nWSc31eE2TGJ3wELt5uSTbSv8B2
1ZNGRXBvw5TbWAL3TwAfmyXKrD,bc13m4y8qkqjv8j0xf3kvcl3gwqhjmaffrl6vmz7vz
1U9BJhBcVwjFQAF9QTvRHtLWW8d,14fwEwNpYcLTKDnB9CBM8tji6ZGpLkgYV
131tDa88XYU4aecTdPuSqQjLuhfQh1Fgt,bc1upcj26rr75ra2gyxw9t32s05ajayragpr97ezf7
1vJznXX2WBFmKVAb9mX1eFW2FMKxy,3Ta3vYaLPTBLXCuBGHLkAixY39y1dWYg3a
1Nt5KFbvXgvXUKKpZwkYmLqpSmFDzQ99kb,1PBf46oxsSx5aUXbDqBoGsoLe
17RqfbZvS6L32cXK6XcK47sbumymTTc,1Tr1F8EL1wofBB8ETZySvNZWNR3NA
3DJuXo1cTgTfsAEemwePQ9jywYasaYtEoR,3gWrC2XY4FAccByWtDmhhxe8SGLgneQkvx
1XT13yQ98nJvaLcycYz1kGfPkyoJR,3i2X3QStmazNeMHYQtGUZwNWRNsLV6RM3f
14zvzfVmJA8sM5eDcUwhD8NL3J7sntVqa,3sSG8MxWBNegmnf5ubFw8RjqLJkT6o1iJZ
3CyjGdiBPbTmaNStADKZG4gtTivJ9k8Gsg,1KYWTozJporub4gtaD2FVWKX6Gmhed8
34ob9VNUrnvUf3nGuGMK25GZnCGScEXyfS,3r5gHyUEmMeAcLiTBtBG78auKaCxLy5DZ2
1mR91tRz5KgQ1zzSNLMSLTDexJFcZU,bc1gguqndcyv4fkf8esdcljmlpcjczzd9xlcl6qah2
3vaqqyL1KZnquKvJZGKVjZhJXvDHo85HR6,1hnnm4nUDkTMwbJhDDtbNnZB29t4u3QQ
1veZZ6TYYrDQec7tPmNgi74FGrt,1azNBqo6j8tkJBoTfMCuoqKaDGjPb
3aFsg8xdCvwAwjBswGKHPRemcSfPdvPWi1,bc1wy9sejd8ndvwu9ucq3a74mwwjswty8khtw9nxsa
3ehcCFZEyJHDhKMwoG8gPypxoHHiMSFUCY,1bq1bGQtaTrCLdYCJs9ZCKNmaVj
3GV1MzftWMQJSvHSsGKJ816oBagohm6AMT,12qHRmyoEaa9JzxjjczahvLVeK4xx
3VK2i2FDi1ecuUgvi1nGiQyjssfxPQCrYc,bc1362x5cg4lr92sknt26x0n03szkspvzj7u3ff0ez
1Ptb9CpcDUBqeMpagNdAAnzdkiP9,1NqX6WH8t5w8ACNNrJCqY8B7WJ
3S7eWjkDKH8hAqfng57cKHLbEbmQWuy4H5,bc1wqwf0jvzswvjluuyplc747977crtully8qcwsje
3qukGQ4hZFF9GtoESronXTkNm7c1MsnrJE,bc1apr90znamykwyyylgenpw9yhqcxqqll8ym5guga
1R7rt19eLtxGjNL7QTqhURtA8jyq7u,3MVj1ijhNhpXmcMq9SJWZxLDGSdmjtacSd
3drPDykYFVZoVL5ztv96nf2PMhPBSnDt49,3ChtsiQUeLQLtheNJJDoh9vF6Fbyafn5ij
1m9JLN1bg4WqrRCCunLfhybLaxcRATn3D,1v8xAAEGLpqdSXC19rDbAbt8Fk5Xqh
1E4bSfsF3SYkn9zEvaampEszX,3BPMGKz59hAh4LNAxk5nmne1DTFBQSdNmj
bc1qyewx48h9h4wh69hfsgxldvejpq3dhhhxmyfawc,382wmwvAyYWeJtykzfojvL7U3g72cDMKcC
3irgG6H8EsT9SvbMp3grEEvcfZVTEN61LX,1517Mb1v6cdroHBvDN6krWLPQQvjY73Lw
1NmdaCCvcDAtrjAL47vE6utvK,1aUsYL8vfsoeznqdY9Hjbp1VEv7DokjCvs
3Mpo1GZTnJvi3kVQ4cnhGhoBja9LgQrQJf,3DziQUEQEPauBxytenFj3metFgdEWBYngW
3mM85Nt9wuNcX9YwYn3QusDUdbrRWDqsWq,1vkRqf3NNuCu6Ci43qFqVfqFjUrxoU
bc1kkedaryqtkywlsl9fhrykkfxldcrq0dxp4j0apf,3kShV9Nx6avedXs3ZoNs4eqfKZkHLYFrDG
3mz8bsyXJR7xfVnV2zDeJRAUcmMBUH1rxc,19ryuFq48xhN2xNhf5qs2N55ap9BkkhJ
3AVnMn71bEVEzZnAoiJnfSWYHQjFvL2Psv,144nx9KJp4erwd2zGhf1tsRZwupj
1DaVcAVQXMbcnSh3eF5eCuqVyV1SRAXEb,1iTxzRVeatVufnP8vbKanxdrjc47zvJzJ
3fJoWGXCPCKZnfoam7jaZKTpS6WJefnHNu,1YQhC6bsQGiXQv7xptJa5zS3YfGVqzFEe
1CJvwhisbhcCtLPGXQphAqKkXhQHU5R3e8,1Zn8V8YQSPrzkGFVHFTC82rHi2ysHLWNa
1ECxgQ2KDnbBzMWZDTFoWtFwELdqDBEJr9,3yLtGPx9orxw97tjHtvYQg9FD991GepyQd
1YGE5mPV1gAZ38PQJLPcyzckUyp4,bc1yplxc5x7y3jkr49fya72kf3d4ecctjkxxmg8508
3TghBo149huzr6ggtBK1E6CVyXkVtYPpQp,1NTucjywRPRAi3RV3EcDNrVFr2jzZCU
1yK4AhgkcLtinoWU4aVJWKL1k73zeLaHc,1ygry6hxAYMGPy3pZM1MkjoKq
1UiquU1NtRydmisW3BLsExcNtmAL3QhQa,bc12x7avvmhdealxq2nt4ns9f52ypzhhue5w3m72n3
bc1ztqj8wrz77q6h87sny369ry84hz30uep08y9u5x,1XRs4CpXbBwWWtpZMBYCHZBgK8
17cju33pxuyY31iMpbF57JUJh,3nEbdtMt8N55rDUxzMDnB4my8ECUU4QUZp
1PLpbTVESg7kWR9RaQ8QqvSD2ND6YrUHzA,16wSsu8WDtXe5mMCPkSaW5c11doFf
1ootBiLMRMivzEMpoWF3W4SmhWxkpCxAbf,bc1jhwz9cfcwrdchklxj22ne9urcx63u65gfrm5856
1vC3qNBM73X4nGFMFvTWkxuLcMaogGv4,3Tk3UGb5rrqC28arSQHEKxe37oAwNerpRn
33uXdx8MD2MhtrzfyJgwBpZ8swHcUxqYVN,bc1jv8e7892q99e7tgxn5quz9ztwmxll9478etw39n
1avpZDUtgtHAWPUUJYn4FpjsU8nz,bc14gumndd2d96a2m0w3qw7c7xsnd8egvvy5c2fr5n
11hcRUTsz6uWcx9JQ4bWztg5eN72Ls5W,1D3dspFFojHmpgj871w5PLEJ7eSAnR
1t37URjEbkZPRFye6aLbN12faoJyF3v,1JRq2UV4FHbEjWwFBVfmjeskYqEhc
bc10c9aeq8lxqsrkev5cnnpr6prwrgkx4qdrsnkdus,bc1yr2l2948jjsel4eghtzvqja4augwrkfmqh8g9m8
bc1mhhfvfgjd6gxlgwzttcs6497jyjld54f273hgsx,1RLY8m8JyEZmK3xGQ7sGCJsru7nvitTyS
1qHMUhkzXBdNiMQ5SzNZADNthKV2zS1fm,1CmV58YotkwFBYWNfSsZs1Daeda
bc10uua9j82uf7vrz6w5z9whty6y3g97h8fg3y8mzf,3vgJYoX69Em8KNTQShaqvhuqsfRBYSfSib
1Yr3VRqkTN7oXzGhKrHHJVEhNeecFmU6,1gXCUj1SJFT3ZPubHJYw3e9Tnnuoz4
33dq1vATzRzutJss6M5fe4djkR66D5bXS1,1M6LJGjQwcfEcd66wro62Z26rge3e1
3QVNGQ1xZ2Utkj2jseD9btYGE6eXUoUAxG,3GV1MzftWMQJSvHSsGKJ816oBagohm6AMT
1aa1tAGY5YEmUd6ip2dSBxBHf6oJY2Tn,bc1vs3t9e6ufmzge0hw2hxmwwgjnjd3ntel20wnra4
1amXeCpvtiaB9J6Xw38M5svfCAzE,1rUDvBPzpwJfrhaPchEZYjj21vyhuvg
3vPYGpcFiUV8cuTBMw7T3M3C5zBFcfFhYJ,1K1P67hYjv3bUrUHSpda68wkcPQjDL
1jKH6yBnFud5iFftyUirfCUSdXJ,1nRCaJHukJFyz8gjbqvkupm9nKTPPL7v
1ohCjELvt9xR7Wd9SYQQwGVAAs,3rmZnVrXqsvH3zSpa2wGrwXWN9MV3M5r6E
3dPmk2spUwkRu3xAMFu9E4xctTbgc6ZktK,1ee8UsxdiZ14hVU8sQhyq8G92Qb4miGqy
1d2Yy5KnbAr3rkzH7u1Jy5vS2MHBT8Py,1avpZDUtgtHAWPUUJYn4FpjsU8nz
1xzjuTNfkPAvWdaTjUiBtDUDZeH,bc14ceqm8tuggd07knr7fnhq0yk8t9r5849cjkjfd8
16W4tePG6vfUqzbwGNVk6Va5NE,1EAY2w9KemKzwxu483wkD5oVZxijz8r
1nVjuBmBFUKhBYVQvn8j9yAqasZTZqfqWa,1UTTmC5jXPtCSPugCA4H4PNpcLUgm9Eh
3ErWJ2UQ1Y7h9Q1qZhLhbjNWSTPtyaLDkZ,bc13tt5rd0s7e9g7f7plx603szws3vnxqjjqasshgm
3aFsg8xdCvwAwjBswGKHPRemcSfPdvPWi1,bc19l4u9zghkhqg5rmap86tfwlyy96vcess5d7rajd
3fn2jVVt763hPzjTFmpMJjwTUUApMGTC1c,33F4396Z9vpr5zhR8SeUrqskViZF8uDQ7w
1gv8WJh263Xy4dUSnCmHcUv1fx,131tDa88XYU4aecTdPuSqQjLuhfQh1Fgt
3cze1pJfw877ZGciCdGVur6RH1mdGjYR15,1mS6JGzbANuHDSAbvD2eaQN747yhWqckf
18aUNMM2Jq7Kmen2Hou3QpxzBHGyEcCZ1,3kShV9Nx6avedXs3ZoNs4eqfKZkHLYFrDG
329yzZouaPPx4PULxeJAgBpb2CuPCHXTN1,1mAqkEUjB23o5fRJjsh1qgoqhgABUrF7
1RZHUCSh41xbEsdKkG6jEnbq2nU,32T6WYccoPGfUcgkY2wn5zo7F8BeyU8VNQ
3FdQ7WjVftKgkLBvj58p9gdAFUeRpx1oLT,17Cisq629qxfKPLPVeEQBBVRSG8
bc1yc6ccg2x4y36luwpje6px39hpakktrw592dp0s6,3cijm91nnBDzdKxtmSigqfnvXFbmN5ZFQy
bc1aufycwutsajwswq9egp00z66vznz5z9u4jenduy,1LnG1jqafsSVLmNwsyEPrQKUuPzne9x
bc1wsnm2ae638z4jkvr5mz8g2l0tzslk6mff9lg6gd,1jBbrTMRtFC6YtnyoYKQmEveG
1hGoq6arfhX5MxrEbA7BD47mhPwFW,3Vr5Y7FEtkfa5jP9qWVu1uqC74iGknFUkL
1vuXhNy568p5ZSxEGKohjKG5C,3jZWfdyMjJNJqaueoDg43janEMMsb2UfPq
3Ejowio9WmPw7ofxoAGfKANvanYo9LcJym,3XRQ7FwkHq79FbwjPzQLaQbjTBtgKTqK4b
bc15turk3tawamcv9f5uq5phl47s0fe4ah3v8qssv7,19u6TqKipp3D9tKotVmPF5eyP2wa
3FdQ7WjVftKgkLBvj58p9gdAFUeRpx1oLT,3gfB4GAUU6q1A764W7agN21ujSmiKpjCHU
1Dag33XULBEq38q5wWqnrfPKXjVN,1YmBRjoYGh1Epv58QxiY6iUHYLtmW8
1vqT7PvSsx4Qz3GLYgkXenoG8L,1qTBsRRJQVZ5atXhbaaPyA3me15zMo
3BCppp5iFByfVpa5b6uBeNyWqghrTxkN64,1qDgF8CsVG3ptHvyzVrLpnHC1aNrMb
1moqC318PMrpZtZZxhxVodvmXF,bc1dqjxlfshe0xmr6jmdv5q70t2ppe0tnk4q0qypuw
1hGoq6arfhX5MxrEbA7BD47mhPwFW,1kdNs2RKiQcqsPzJNTmeqStvP24Q
1KtUdG7VYdLUsf3VTn8gpGrtA6MKVWEdQ,1yHRbPcVjDJ3fHeeHhyz6a38nsE
bc1mfgqpejajtft5rjjqae00p7sz89jx7ewpy0y8fk,1brPgKezPRx5S9gqKREMsPjo254D39
1UVj2LUALNgCwcoZcQQkZ1SE2U,1FizFh4VkKpnas4fZCBJqoQtnJtYXCsAUb
1Fe3fid2EaQXukNxPkXzJXz8iozBZt,1mAqkEUjB23o5fRJjsh1qgoqhgABUrF7
3mUg7TvJPYJZNaVKTmv68C7KgGVBqHeqyD,1eYEq6cw2dFMt8cniqwqipwxSi9b
bc1gqrvetr85sy4xdxr45ljxr5ra674njq20ua7sd6,1AzCjgksMLsm12YNokzTbc1Xm
1dvdwYcYoFyPcSvPKt6LGKf7cig4gU,1MxadtdcKTRekJHwmSXq1RSNVb8aDC4XH
3mJPgt9QFrvPv6iU5RRu8zpGeUHTLAQwMR,bc19f3l3mqujwmmqku2gxu9kny6jt8gh0aa7dmjlc3
bc1akdvd4fxxz2nxuz9yfhrapfl8vnng4sfj6m9tsz,1hnA615afDHFugxsQkUp9uLu4
bc15x0tt7zleenqxrdac4t7rfc6kd76g0x78w3pcuk,1517Mb1v6cdroHBvDN6krWLPQQvjY73Lw
1EutJsUTXCiHzcn6WESe6C9RXYj3ML,1ocfXKCauLoyEKyhSxQ5Z5NVEnEqzvFug
1XTGVzurX14TuXzoXgjhw24Kx6R8sa,1yiHEDckvME2amAyPY2Aacyo8FQFct
1DMmNQXxWFWySn7NKhY55Yc6Sg,3LTqeQkuUy65u819j7iYyLN4QDafWznyTj
1ZoaKYguCbLaULzyj5ZCH2imR1EzXq,bc140erfx7w788az39nff3nts0zcpqw2rculx3t5g6
1s7CMGHKtgQzBwzi4ps5kqWbUg,bc1z95sa7qjnwkjarwtjpv6s00kneccyndgkg8yj4w
1G4peh13r9sFrfrSwi2szQ3NPUZkRC,3Fn2ojad4P2k1bQiNfwNS1bju8bBVU7Uph
1XryMFzham8DpputWTMTSdCCpY,3vF21vgyAa9ouaMi65Ps8Tah6ouBQ1WGGv
bc1ckk4u428sxs2mgy2m30srltc3lppennuwt3apwy,1NL2zhQTttknWXZrhtcU9WzyN5W4ghCAY
131tDa88XYU4aecTdPuSqQjLuhfQh1Fgt,bc15nzvhqml5q9wmchf9sm7ql83scdefu2jhzc33h6
1AzCjgksMLsm12YNokzTbc1Xm,3g9px5FZRbcmPuJbRZ4x6mdG5EZAQgU2HH
1YWzyEioZxkH4hKeRicrdtPZrFNoHU,16LHgDK86cf1Mo3ooL4rxziyLpsTAHv
1xj4RQGaHFoWtMi8oWZmTnXLjJTLDDEP,3kShV9Nx6avedXs3ZoNs4eqfKZkHLYFrDG
3AkXGsGCh4hrMKGi9a7EqXSvT9UyNjr96Y,36B7ZgJgNXrze6ykUVhtC4M3b9vkjY7Na9
3UxQA4VUdAzWuVFZ2HWYm9G62DhEMjZjZ1,3uKHETFknAZTYtc8GCbhH87po52E1MmrEK
1vDpdrnMeTrsPT4DLtB85VzBW5makQ7FVa,3C218HRnhvFB5zHSn1bfVhf6DKjjY7S8RC
1xGNUFC6UjF36niha2ZkEc44f3N,1DBeM6vU5Upi2y8wpMY737a7x
1yK4AhgkcLtinoWU4aVJWKL1k73zeLaHc,1vxmfYUXVvXCo5ooZoBpUfPJREmYWU2
1FizFh4VkKpnas4fZCBJqoQtnJtYXCsAUb,3ZtvR1pKGUKkJXFvEbHkAQRDt6xXiEtEHh
bc15turk3tawamcv9f5uq5phl47s0fe4ah3v8qssv7,1WE2BdWAD2ocTt7gXETJzJnpsRJ1WFPSD
1axPQh9L6MisVBQEzdLkX2cy4NAxX1P,1eCpNVDJthLkJAWeDtgqWKBiScDFrMS
3n8oZYuw9zcZsr3JXogL1CjjjK4hVBEk2h,3vUbofw571231G1Sjx6NeykNHeJ379Twzv
bc1wndzmpgusz6fyw9xu6nwqfag284vqth4ns60xq0,1BDk9GAgEnRY7dtDu8qM8rFZKujbNaEx4
31dtnbB7d3sebtXFPTqfA1V9Sw88XRHg2o,1M89h98qc6Vx26A3LjrhTeGYbFh7
3YE1h7cCxkSWEaPVZa8ahF9oy6Fy8rV99Y,1xnmSj8mik7RCczD3RFerXpwhg8tUbCLL2
1cR1GWRGkjaMSTfdsFfYdBUEQmLBP,3UMAsV4XDdvoHTf68xr2zdMs1aU7J1dYSQ
1vJznXX2WBFmKVAb9mX1eFW2FMKxy,3VRuAVUpmGPSarH4UK1DrPsC4sUr2bVjqj
1RqKc3nc3dpGStNcyyJVdYvfrma,3vFvq1M5UPq5mFzi4Kzw4Nt5bZ3H42aTcC
3rzs1GB1YeReiTapQmyqfnp4ZWsj2cwDqb,1A62abzLbVM9nQ7zbPcSyLHZz8Mf
1D3oipji4Ya9Dw2k1CEmgdYpDHQm5MVYvG,13bK2VsRu83KtrwgFLmpy16xCGApV
3M1T74xGtW2joE1EXFnxz1VPLKH25Cbp89,bc1aw260st5cfzl5e6kws878kpzc9gp2pns5vphzgv
1SD9iNhoGudyj7cVNrZEhe8qXd9X,1UiquU1NtRydmisW3BLsExcNtmAL3QhQa
1YagVBzqwCMFGaksZmpqM2zztAD1u613h,1hpiwHBHPkVbiK2eSb92bSB46K2DH14R
1uXorxFgucfjbp5Ma7f4fiCGw,3RoVbqW7mDmSti8vimRC19XMiihHZMMzdX
34rUpWkGqb9oyEFtPKQ48xfSGN4juNtLRg,1ZzDzA3jnDvAg7fpLjNUxaYukdKAgiXHb
3ri3LtJiC5LhnVNQv5hWbZDFchdYyyqRNx,3C27tD4PX24GYa7nZ2odNcJ8m4bCH4rGnZ
bc142ze5yxf8jvhwunkz64f6v9h8efxd8zudtue6cr,1sYnT4SyMA5Gf7iundsa23ujGs7vRZLZ
1Aots45GzLmqWcSbb7fLQrn9iFKg9c,3rqda97TGrRh5sgSQCqmQAvgtUwaBqq5zp
1yRb61wneNLGCMoiZLxpDpbrroF6HsQC,1MkoshJLaYehMdwGg1yCB72wDiU
bc12gzadlyerg3q8az2t90t24p65k3smex32mrl0nq,11xPmkJsksueQggFKccijFQYirTT
1qM7uhSiRvxpviFwRjDTLFRFbaL,141YGU3r6oE64qGj3CTDLRntzt5
bc14ceqm8tuggd07knr7fnhq0yk8t9r5849cjkjfd8,1vuXhNy568p5ZSxEGKohjKG5C
1fNG8oQY3R5LPgyr9gSBRN8ff8pE,3fcw2Xbypz5smQk4NrhireBMWwRMjvDLTo
bc1qyewx48h9h4wh69hfsgxldvejpq3dhhhxmyfawc,32mqPefaf8mGHviEFz3L5voJnbcQP9FED8
3f6roB91amr4QxEsMMT8338LFTEHxE5tGY,1CEJd8S5MEkhR6DYzHKGyt6CFM
1pC7EJJmUgvDfKCPAAfKWUbRjEGwqNJjq,bc167qawgslpz3htvzjrd4mt2zzhv209e0l9vmg6d7
3gMvqgd5LD74fMCVUX3uEmvYBNUV37EE1v,bc19n7qk0c757n9dqcwa8ajj2x8xr25az9kt2m500d
bc1g2sw94jp6n7y50gfmxyhhzta70fxmwverj9pz3y,3p3NtDYKxW3wsJMXSX3gMVWGazNm2jxtwX
3bao28pxKZJqSm73SjZYQYgYz7H3xJrCWZ,bc1ruwdr4k7qm5trhmj0sxypdx3vu7ya93xhwekmfp
3i2X3QStmazNeMHYQtGUZwNWRNsLV6RM3f,3mJ5175VYWEJHdopZqY55MPCtfGqqS5vtP
1da7cRzhBB6Dx8QCqM1KaxhAnAXTC1Qab,1z3ZPNXw5VCyJA8zWy7KKKTegyvQjedv
bc1m0869uxa40pxvj78lcjazylgudrey3hrx46k75m,bc16r9mexdk5nuuv06p454gfeshmsru00dnces7fwp
1yYs4VY1twFsLpSrY9uS1A23JP8AGh7,1U3K2yYNFe4MKhYFxzabmAAQ9U
14VKrkq4GA9HJkMVNmkDswWretcU,3hmiDrKg49HZTGMPSdU5Hg6LWGPwKhdUuR
bc1rtxqhc4kx65e8l7p0knql5rgs9xh4n9jhyamuhg,3w6kMCAf2NrDQWNkmBHj26pFpFZn3m3dK9
128TTcaWLyBV436aJ9zgtwMpjuzBvXyE8j,3Z6UGo7nKUZNs4GoLYZQ7gqjVffp7paGJM
bc190knrmmg0hugps80p8mycxjr4m0r2g3dlmu0jn6,1oDXN2MmThqYHkg8iVZH4zofL1eCC
1aNuADYvkHZWACcLKG7H2beWQB,135SRcRDWM7gbXJDz4CwmmH7VR8XEZfMQk
bc1vslwvtt7rspwnvrlk4hns7hf7y4t64t23fqaeuk,3gHykfX1PAh6uHSbsiLRCwcUG2uumqVWxZ
3P7ETBCceZp4zh9eCrHGS4Rr1zYzWGdcmV,1zYo7s8Mnb1G8R74SMbTDcjufJe
bc1escra2hfnrlpk3q039pgp8lhqmax5jr69v4qmmx,bc16tcfnhmnsua439yzqly78rjvxkgage2qjfrc33g
3ctoU3p2ECAmzGobRx5tUP4iTk9ie95Nk7,1Pkx3wtjRHtKMAHVDAwGc7EH6ZWAb3
11URfg9CXaykFCGYEoKWd32xUD1r,1mZ3ktktAzMiyziFaHyUXsvd5xLLA7UA
1RPRmQyMoym2hDiJNKnKZCDWr7FKU,3XJrwAtXdFhozfXCaKSk3NSh8ueNySgtwf
1K1P67hYjv3bUrUHSpda68wkcPQjDL,3vvUoxFXmV1dkMmy1CFyfXLbCg4ZhJcxNj
1vJznXX2WBFmKVAb9mX1eFW2FMKxy,33uXdx8MD2MhtrzfyJgwBpZ8swHcUxqYVN
1YK1q4tLE3brjktshU1N5zj1Yd2Dh,bc108n4skk8lfvvr0lj6dygdj4n2kgqhl0hu336uud
1cLcVdGdzehZ6SKfo4xJJ8GDg,1gSo7c7PxfwGJyRvmq59ZQewjhGz28kczL
bc1w7eyt4vj3a2rfj8x8cmn6dqz70t4j406jagnlnz,1RLY8m8JyEZmK3xGQ7sGCJsru7nvitTyS
bc1kxvm2rvl83kq3p20xr5q2jw5szqvq2m2wjvj3g0,3rb1F8B6svnEn9yVRGejcZiKKBfAq9r67W
1q1YuSMPZf2Fom6PPdz6oQLXC,18JLULk17ggeGqZhDqrTV5C7Sd
1YK1q4tLE3brjktshU1N5zj1Yd2Dh,bc1l2stvmeqepkcr5aa46y4fzf2atz8utmxte7v6da
3ydSiViJVaUmfrx5o6QyqR5Ybboe6ADEov,1YN8U5q7rf7R7canFzRmCRhosqMgPci
3uWAGT6z5wYwm14nwek47N1BToyfKRk3Nw,13cxRpE9ieW44AzCbYbcx5o21JwpEkV
1NTucjywRPRAi3RV3EcDNrVFr2jzZCU,bc1sjga4s6sy2gw24cdxz6fc2zmwe9lwzte7wkjfvk
3FahsS9449tiohY6WveWbmy9t9XW5GK8Eu,bc1alqzkrpe0886c0293e383c2ms5mqvlcu6c9drq5
3KTmdTXVimxQS9de8JDJTaiSEvNo69Km8V,bc1pkqy0h0nt6yaqmesunn75xym58w7xfs5r20mftp
bc1ezeqsjdafr6hryzhkhfkaf82ux9kyhgel6eu45h,3Pg2UPN8hY77cuMLvE61QkoY3osF44SHKb
135SRcRDWM7gbXJDz4CwmmH7VR8XEZfMQk,3HoimLihrNpez7jHQqxvQz7eWUm4WeeDzc
3t6rLZmNimMQrsy3brsVDT9iTMFBn9REdr,1231QHtZDJbrRdecbz4DfEfRWpF
3D1tr2FkEJuGearwXmaMt1ycKkg5pDaLoH,37fHsqnppGEZhU7N8iBuQbviVWtS35HV74
1VvBWo1tHhvBmZbPyp3CSjL19hYQL3DjP,1D3oipji4Ya9Dw2k1CEmgdYpDHQm5MVYvG
14zvzfVmJA8sM5eDcUwhD8NL3J7sntVqa,bc1khxg47xkelpjm3kekhfzt63tuh325djtlcy4u4d
3W7HAJB8PZW79y1MeZoQ3QN8jJm7pc78w1,bc1fzkmgyt5f2pvg98adnvdgzz2795yuygqd0n8vwz
1fkx7Gg6Pkrrt1xP744Ks2fYxtPYfZV,1FrEp5Qf4HSfBvJ1hGuM2TUVS8XsE9cUqD
1G4peh13r9sFrfrSwi2szQ3NPUZkRC,11hcRUTsz6uWcx9JQ4bWztg5eN72Ls5W
bc1362x5cg4lr92sknt26x0n03szkspvzj7u3ff0ez,3zcRrFWtNKMqAJskPsfhR7jVrtjAn77Zp6
1SGZ298L2CfoLjzamir5Gq5WgWf,3tmnHsdybmfXjsRMYTHsy6KnmaXLdysDgD
3sSkUnb4E7RRZWnUq8CbkdPUmYVq3sZ7uB,1J5onRqZkNZF8ybLd8S7uVsAKrnbK3AGju
bc1gncjsdlcpkjgnref4hmwzuf2uzpt7l027sv58tu,bc1cs0agkucyl729pjqp5k7fpmw8q9uvc9k4m9zttg
19Zm1A6YPDUNTFvPKwQKHgsbXMfy,1FrEp5Qf4HSfBvJ1hGuM2TUVS8XsE9cUqD
1E9ULgPHv4Pcak29SKBAoKURwaFm,18BhC11RtZbJpPTUdMk6YjxPNZmaf9qs
1ZoaKYguCbLaULzyj5ZCH2imR1EzXq,bc1ch9w54w7eu57afp3p5y0q8xhvmn4lzl9djxsskx
bc1l7duru0nf3hp0u4xfsz97jtf7plquaurreygavx,16ZxrTiZ6edXAhqLawWMFQhtNoTdLXAvK
1eQWzBPjnKgQ9xFTEmTNGgRr8,118WwHz8YoLksUqppg9YCVaG2
3cJAzKYKKA4iqHWWo5oR9cZCMR6CpT55Wi,31ZsUrKAkgzH6v8ap6tzUrp3BjpfGVoW7s
1Kg61jzTkv1pHLkNqLu3SuPG5uPNsihtwz,3CzUEUL7qySTwkbCseb25FRWgiLGoADFgT
3DaaccDmECTafDsgN3xbH9hyHFDU38ZYZc,3sx5PWNCswU7UPPAPZK2rBy6RLfTgU8V8K
1vxmfYUXVvXCo5ooZoBpUfPJREmYWU2,bc1xl88qmphyaak8etlfqe2zntfa9fw4ywa5gtvy0u
1rL39pt3sLBsPibrDHWsa7j21v,bc1xsjurheezkwwurpl8z40y5lpdpzzcc07lr7mchs
3bHMkwkJkhMnGzNcXNE5qxv3eHkWVw5R8P,1ztAzCRHSWQDTeZhUDooTQhyBs
3cBmu1t9K7fMpHNrRKHJ6pEosYLQ2eggHu,1mP7qNoK5zKjAsTRbhdbQFoVkZHdndCGP
1gv8WJh263Xy4dUSnCmHcUv1fx,1gKLozP5GZEyrGphUJVj15pbMoHskze69
1pQpqLGmx6rV5CwMu6iSjVuLsFvbJ7WMW9,3ChtsiQUeLQLtheNJJDoh9vF6Fbyafn5ij
1KpZDaXqVGmef6YsXmFNKKHAhV,3DJuXo1cTgTfsAEemwePQ9jywYasaYtEoR
1vauRnckJnobw46JwqWWTEKTeC,3r1Sq3ydRD6jdUhVPHcf9aC2vpACYFm3av
1uFk5M5xaMXoxdPshuu8s4EYrU6Karc3m,1C3TCHaGpzYumBCgN62VPdcae
1grHZEyti4vAruaPMEzzz7b7XZmz,1v8xAAEGLpqdSXC19rDbAbt8Fk5Xqh
3kJLNmwRKZqeR63XTDnhFaJAEkGaBBNWxB,3G1VGJ5ywwWtFKAvpKxdF8WzvGtkj9tXS7
18JLULk17ggeGqZhDqrTV5C7Sd,1ci1C8Nt5oqhoU789sZJHHtPrn3wVbiqn
3inEtEbWnNatERhKvWsykhrva5pYrfo7dd,1jrfmuNe3y4LLnUJPDXDFi1AwAVw
1qjkrqnCEhPqcpfNJg756kJhfF,18CrosF56jKWAv5hYn7xggG5cQD1Gp
3mz8bsyXJR7xfVnV2zDeJRAUcmMBUH1rxc,1hGoq6arfhX5MxrEbA7BD47mhPwFW
1pTynsTpkifxksBsAF6sL39WVHC,3PhsmMBgm84yzWpoqdE6uiKXPbks2T4haL
3QMtfLJxcUZke7MEevF3tPo7Fi2WmWWVJe,1PRhW741aVW5UWfMqq8MFbzidHcb8Y4R
bc1escra2hfnrlpk3q039pgp8lhqmax5jr69v4qmmx,3Pw1YuoVMRfaBgZj877WJUetRdV5QF7arr
33sPjoqVDrnDwze7AngE6ShE65rZr53KkU,1j8jpgEQgsajqVERcPpH8yQaGcti
1pKN57jmKaWzfX6M1ueJuhMQBzWKe,3us43VJyzx9QAdmCrfVkuuNYMetAVT2vaH
3ydSiViJVaUmfrx5o6QyqR5Ybboe6ADEov,bc1qze3fvsvk39nslzd8a4dn97c267c6v750kpyvke
1nPNu7wFuHbKtJsLWbNgC5CAUiy,bc1kv3a4p7uh56h7z0a68avj77wdf8k20tqqw809ff
196ZBXdZsWgT65cqXJfS3y1pk,1N2ERtQ6s8yDvA3WdgPb3gZTbBna
13P1FSPZMsimFbnPjLpaWwoCrkz6,bc106s5r759cc782xxvtcjpxaexlknfex4e9hhly4l
1zkhMxFHenhsKp8PdVxGkGLLfUwwgD,1XsSwPTLovBB81pHK1Y1oUxogjjD
1D5dWochGeXGB487TThVK9y2yH8S161,1Eivsa8VFbbxx6jDuVwSLhn1akd
1U346T4W8PGeXeEf46KyXntJ5JrhfPAB,1uKp8fYWtgp4mC7zNmQt3SdgQ
1PHXXRu67FbuvSy5MYPDDiSsEid,bc174y6jr20drn7cnafyrel7demr83rxq2ka3dtru8
bc1jhwz9cfcwrdchklxj22ne9urcx63u65gfrm5856,1Qu2Tbu2VQespAGcj2uFrSPfDcm
1cKzkNVC7scNQr63WGgn9vXHoRZW,1pRrMw2jaiBZBNTbNRS59KPEB
3aGgRMwZr1JZNUDNbQfc4UUR8Bv3cQ9ztL,1LMrRtmPDc59dVo9sYyn66KwAHN
14Wmv2D1NMbYcQ1brm2y7zaApTd,3LRESmdHrMYweMXmHBrzJSzVSDMu7zppT9
3n5UBLNWwGauH7KV59iSyWT3bndiW1CFSa,3BrWoL7EZVznmmZtrsc73woxkyncr6ZWA7
133Seye9En1oPJXZwMafv6SqZb5j,bc1lg7fhmcawen5yfesye4efcpws76nfwty7pjsm0p
1eRFxus8Qzdvf1xG2zj5jpakMR5gbZ,1j2jMqXhfnZBDEUGdBvkKVisX89DW8gcj
3P6do4ovpD3uZWWjaukW2D9dwhXmrRq6Ey,14n7fa1t8vroBUU6PdYo98Wr4WzZFk
19REzjM2jQVUsWUs8XpDvSXfM6esn,1A62abzLbVM9nQ7zbPcSyLHZz8Mf
1rTr7oQR1NhyzGHSdqaX4S9tJGEVyV,158XmHYEQUqbkQAiwcW5TLR6whrJXQkqdn
1keJSNRjELrDn2TiCT8gNNW7x1vyz,35qHokG4NsT1sjsZpYT8jKZLcxBFGgykZk
1QN47cD4k6mQsZiAfK93nRcoecz,36HYLQPVc3G9ch3tLEkvu2pJHVh6s8ySpG
1VFYD6QELNmn1udWN17AvcmV1,1WSZJVohTVgM6ZughwTRB6yLs
bc1jdk6urnakdp8khpaaj0v4p9qakdcx982ynrll5v,1dGa2RMqwSyrqWNwXT3ksQm6LaMg
3Dn6qKWkkTkmfCg2k8Ea1xXrzJeK8i34Xp,bc1z9angkcup2jg8ekkghuecgyzzdqnpt5p9cez253
1xGNUFC6UjF36niha2ZkEc44f3N,1DA93UmFa6rifSyxMNTKfu6dCuFSf4jQ
1Uh2PLKBNvAiF26MHY2Kg6EWiUV,1uFk5M5xaMXoxdPshuu8s4EYrU6Karc3m
bc194d9kuzjadr7ah7d822m02chcs0dx9exxh48d0k,1pmgiHKU56suikESgHif3Anyq6DxD8zYZ
1Q6K7ghzEfVjwzLMd4vt7C84viGcSr,39ubDYZ6xTZCZr5qg5WgFQhFG4QpN6omQZ
bc1nzqtltdpxnewf7yh9fl8jh4pgf5yma7mvkzeqc5,1GQYdZnMf6nsFFREWY1Y16jm8V
1Vmhz55c7xmP3Le3aquYQM2YbD,3rzuHqQtv3e56oiGkQZKcPhTry8Nc2317K
1mbAKKroGhNXM98HnQvADWqoZgx,bc1mwjed8337pvag9th63rnh8w9c9m9j685fc6p6kw
1zvNsUZ4q8EJaAqDyWkDMVEne9LiHeb5pF,1AzCjgksMLsm12YNokzTbc1Xm
3hHqHfcCW9kxVPbK98TuDH1GNsJE47uHUV,1fkx7Gg6Pkrrt1xP744Ks2fYxtPYfZV
19Zm1A6YPDUNTFvPKwQKHgsbXMfy,3iNk77ujGpgE4ZX4EPmeRmbMYjyAjBdbZD
1tFsPkWrh6r2H2tSadaWrcWqeDU,1DNZ9jgdxqv4gXQz3hgaafMA8k
bc15nzvhqml5q9wmchf9sm7ql83scdefu2jhzc33h6,3VRuAVUpmGPSarH4UK1DrPsC4sUr2bVjqj
16idqEouqnoF64tbEUEETZXpXv5vy39EUQ,1H6nu2m16Ytp1QZBqEPmxZj5Wd
15qXqTx7bQXxZpS9iVjHjKMNT,3eEP3kB2C8xD2C21mkY14H3YbLRLXtGJLy
3n5UBLNWwGauH7KV59iSyWT3bndiW1CFSa,3bHMkwkJkhMnGzNcXNE5qxv3eHkWVw5R8P
31mXEuzJYEakuH4HHUB48JL9Z4bFpAUuTy,bc1sgssk5w3ltsk0htk0rmzanfzmpvk7e5jtqm7hhx
1mc3j7K2nBGXoZ8sw1serN4HA,35C4jLhd2rYmVcFfZ57RCJi6c9tYZ8A9B8
1dcBnLbk4Xhxr8eME3DUYAfwPk8p,1EsniGLEaggErYBxvGHv5RDpW2B
1Vmhz55c7xmP3Le3aquYQM2YbD,3cTpBtUFqU32j5QzxFQ4Mm5wdm4FoJZxiE
bc1cd2c3f0fnelk2gpuqq5m8dcujta33lxlf7hxvs9,bc1sywmrvmzj7nzkz44706v8z8r6x5l5jqaclt0e8e
15f1vw1NjYrBv2qRXUnxotZoc,1AHyTApeNRpiV45e53zXvtHpw2Jn
3ShxosyGoCJ1qLDkNtQzVvKGtMat3tVGkz,172JLAJqwQerjnLvM73dnvsCQ7J6yTTyF
1iFE5pP3xLKfj45UZw8DD6DLVs8rVjdSYE,3eDee5zdFANVA7YPypAYfhXrFWPMSff6iZ
1vDpdrnMeTrsPT4DLtB85VzBW5makQ7FVa,bc1cd2c3f0fnelk2gpuqq5m8dcujta33lxlf7hxvs9
3rWWytkjgorMkd7A5s1Lyx4ptpjkNyKxmn,1uXorxFgucfjbp5Ma7f4fiCGw
36B7ZgJgNXrze6ykUVhtC4M3b9vkjY7Na9,1UTTmC5jXPtCSPugCA4H4PNpcLUgm9Eh
1ztAzCRHSWQDTeZhUDooTQhyBs,bc104678lhm8k0r3d9h0tnxevxxtju4ndf7q5ernaw
33uXdx8MD2MhtrzfyJgwBpZ8swHcUxqYVN,bc19tyrvxn0gwq4h256dmfj9et2cmxemyqmxlhuhyu
12DJaGikzQcALArKNsVAXBu1wLJE,3dtcRPCiXGcdea2r6Xm8QsGmDEsKbBUk6b
3scqyF7mAJT7pNLxjv6bNMsnk4bUUrfsML,1VvBWo1tHhvBmZbPyp3CSjL19hYQL3DjP
1RqV52mHGYATkmY77mpNp3iYz6qkJzTM,3vF21vgyAa9ouaMi65Ps8Tah6ouBQ1WGGv
3fSnexJ6mzU3RDqR1WgyrPQsEKdNt9Hgtm,bc1fq8c5e8j5v0g903l3rua0yk5ecrztxjts8azvzp
17gMHecah3MJJ6Xyx4xP9zkDNRFZe1Sx9K,16kGuSuB6QhAwuD41zssZcTk79g
3wJdTWpwYpvHLRaLVUKk8iwkbEMkVzSJ2E,1fTk5RzWmYcqEVmBoMzEwRku1ht
1fkx7Gg6Pkrrt1xP744Ks2fYxtPYfZV,3XXAETXtw9nD8TgxL3JfgYxtVtHeWQKbT4
1HE9Nip3oF7Wp6h1mTdfXWARviyUnyk8G,3Bu4wNNKJNdZygffknPsLKDimq7a12SP7s
3ovEJ6fszJMKgC4NAqJtwUnnqvc6URXhZR,1nQCfn4BKVzVXmXqRotgbvCY9Xr3L8QE
bc19vcjzptweyp2v6dcgkdv45jx9026xsh85g8ymsa,bc1hn3d8ac83p30wzmjalhut57rkhexv9ldeu0guwq
1RUqiT4DVvRFhK7mJ2nX9pVa7DfuQtEQ,3HpY7cSn2byrdMo3Hu4dcnBSW4RHqCN46c
bc1qmwfftzzc5hf88q99zf6lejxlksj89hn3epwnzh,1xo5x9YpoGSP2MaFf4YaUhtLXEK8Gc5uZ
175f943gAceduDbh3C7NhPxt3,3LF17NV7eCyYVjSn2r1a23Sh34YgUD1ZsK
1NL2zhQTttknWXZrhtcU9WzyN5W4ghCAY,1qFzKHPSGk9Eqett855vG4XxbM
3xoZ9KyLTmkSDLWTHwM8DhWx9kzp9Kk8KK,3d9esouSCrhbk32kVHt4fbPsUT7UTcfpvm
3gEgPuoaxikeE8pzhbg85sZ6QYaT1H7LFb,1bQR14XzLq2C1YQe1gJYMFk8ZTQwAPy
1myARGjEydJDshuqzD59qGo34gwXe2,1nCsLPMiPLLgU1wy5aD4hZBhPD5
3SL2hf3BVeCsLSef8BKiFZ3CaDVZSMPxrm,16suCuZzd462uwi1jSKxmjyFP
1ootBiLMRMivzEMpoWF3W4SmhWxkpCxAbf,1yRb61wneNLGCMoiZLxpDpbrroF6HsQC
3QMtfLJxcUZke7MEevF3tPo7Fi2WmWWVJe,3kNvSCmV17Lg6xgCojr1yRLWgsgR4vXgUw
3r7f29VYMHrrmNcn16LJgQ9L3UwoL81uou,3hzyDDqUd3qs6tHAApycAsxgGzRDPGhRQA
1T7oNDdbLycvoRZcWfcYEocjhX,1JsMXbB7pgPpW4X3LJdP1JoDQSTj
1gDzhLgoLXzC1wuW5VzonrhcW9,bc144yvccdl40zsqsuej685efx4kxa7xuw3y4unlms
3NsUyraFfyZJdSGMcG6xtJQBpKNQgi1xrT,1RVNjS67o48Ttu2a76qPTsuzYqpF
3XPhU9s1vTgxg3vdxSvrLG6ePmkjbCLhBY,3AyVe3wmriUimofpN4hniMEB9F8t6uHPxi
188DYJMm1gAkoSULjA7DKgqUS,15YUVwJaZ8YNk1aXyvkaC2bHjm4qx
1vrUhBg7qyRWQmKUXVMHi5VPTjgq,bc13m4y8qkqjv8j0xf3kvcl3gwqhjmaffrl6vmz7vz
3ZVLh61VWXkmG9LXHas4mWZBWBaGMGFJR8,1tKtP9KXTuwj4PCmiNnUD1McZnxVKtCp
3A2sckTuTuvujpWN9sZQ3XaRSNrrm7Gxc9,3CT22oUPUAq16YRUZiZ9ja7yyQCmnSBeqk
1CEqRGDKsNhUbr2oLkeB2m2QXLk45rhg7,3GpEw8qYEpEs2TBsoWUEbPcBGYcEVQpNDW
1NRgJ2nx5bcehL4BmRPUUCU34qhE,bc1dqjxlfshe0xmr6jmdv5q70t2ppe0tnk4q0qypuw
3ypwKuTFaMnhrnZfY2DVYyjPb2LTSJEGJ7,1DBeM6vU5Upi2y8wpMY737a7x
1FJ8MC61d6QwcHdFvtDdBosDHyQox,1VFYD6QELNmn1udWN17AvcmV1
bc1xrdaysqpwecn350utspemeupad27zmn7vyucalv,bc1qxv7xr669ckq4hp85llcwh9whcvxmhq6ws9carw
bc108n4skk8lfvvr0lj6dygdj4n2kgqhl0hu336uud,bc1z7s5xz9luwgg965dna45fsxd8shzpldr5k33gl8
37fHsqnppGEZhU7N8iBuQbviVWtS35HV74,1v8V7YQLRW6cfzt15DorsKr6QqA
3FahsS9449tiohY6WveWbmy9t9XW5GK8Eu,1SVKkGUcWe1n21pE4qeiHY2v5juq
bc1jkkrdh2deflwjnqfs50hwymmwyt8z5lj2fduyd6,1sdY4LoX3UBL9arJExhXACqo96CfXsmD
39cnQ9veVsf8hBn7R2CYcBkNEgzH2A6D3W,bc12wnf52qpst4gyl2c5907ca4u98srugtmlzmgn25
3UFKaKwFSYA7oVYY6cQXR8mqQYq9RaCviN,37jtAFppa7taQGAh6nKiZRrw2bsQWcUgV4
3ry5J2Pcm8m2Tjd9uPBc1uLcY3unm2Vx9e,bc1mhhfvfgjd6gxlgwzttcs6497jyjld54f273hgsx
1zvo8reYWsu3gukJrYBg6wC5F6w42,bc1z8u6zrhkvjqgwpdfnptezrcna0jzm5zl9e3pnmd
bc19n7qk0c757n9dqcwa8ajj2x8xr25az9kt2m500d,3kNZz4WdhTn23rbp64hHzVRn29zqzXq2RA
3ry5J2Pcm8m2Tjd9uPBc1uLcY3unm2Vx9e,1WW7fbUnzE97b4d7bX8gZtauyqHdc
1YK1q4tLE3brjktshU1N5zj1Yd2Dh,37HwpzMei4QKme2Q6eQ1qmjMiaa8D1re1d
3hknk1e8cZPrLooAjV4MWkXPBTnRbve4aG,3ps9sW2fVWiTZWWFDMQXPgzSFWwEswaSuF
3qveBkzNw83ggxvPi2mAZx1sdsNGKLjXoT,1QVpCsFaxWx9mqiUNoTUwKtzw
112w2xpMunhin3hLeACQpszCQ7s,3gMvqgd5LD74fMCVUX3uEmvYBNUV37EE1v
3cnjpnKgeFoHr3QuARPmLeJTMZg2oGLeWv,1vyfdc6TwEsiWWFVS3pMteZLaERcNch
1rcveVA53wDMc7K5oYhoVRQqxX8g,17KSCoY99Vb4ZgxcitNfWAjhB
3FrnrETzoCsgdKzrMQR1zr6xe8V9DXoUG8,bc1escra2hfnrlpk3q039pgp8lhqmax5jr69v4qmmx
3MPuMywfmSDtDt9ZJi7YjD6FqmteHvdNCk,14pUsnfpv2zvZ155FQc4WntiYhkU
3rzuHqQtv3e56oiGkQZKcPhTry8Nc2317K,1mn9pqWesCzB9U36qKcsgCVeEjZrSfopyh
1QzEDrPxFAvxD1umzTmFmjE6W99,37NzTqZK1PSQccn4rbDszWgXBAThnvuCm3
158XmHYEQUqbkQAiwcW5TLR6whrJXQkqdn,1jDcR3MoDehF4JYm7LPZxqCqvU
39r9RqcyipN7vpKStnYLKRjV3NfkrXyYWD,3fpYw4vEYEQaU1gofMcKnRG45fBHnhXFyh
1CHgimSdGqsgDHHCdmrsc5jmENDJE,bc1u3cuj3sj65lhzd8t0pkvul9tjzg87yfjkq0xrnj
3Y7jqkCBrX6nd6oPaZaUBURQDCsrLC3Pn8,315VxreKubopwS6w57hR43cA6H5yMrRHEf
3ctoU3p2ECAmzGobRx5tUP4iTk9ie95Nk7,3CKxDz2JA6mxYLYgwdnyM2ft72TB4R25ZX
1KpZDaXqVGmef6YsXmFNKKHAhV,3QvBR4R3Ae8v2AxgJP5hKUqZQzrMV4uYXC
bc1klqu2lu7c49a0skc0j4u073l6mh5dv8ae3e9w4f,17BtMfDsZic1KX9y7P5WRA9suWU5VY
1LSc23BQnrZ8FPDRSXCheNx46QTxzc,3vP7zv84wWs5sHkveR2sLmkixMi8szn9GA
3aNdus4r8fTmXq5Gz7bpZhs8aWihWZy8te,1on5mywGSgwMbXz19iHovHCVhnBS3cX
15q61JVDKoNByC37vpCmEri1JpcU,1Ptb9CpcDUBqeMpagNdAAnzdkiP9
35jGz2K4xM5tNhKVz1n3jeobbFv2DFdJ2j,bc1em8u49xtaf7z050x2h8zee3zfxeg87etpz3m9yj
1t37URjEbkZPRFye6aLbN12faoJyF3v,bc1mfgqpejajtft5rjjqae00p7sz89jx7ewpy0y8fk
1PKRMVkUcveBQ13jLj45R7AY5iy2Mn,1v8xAAEGLpqdSXC19rDbAbt8Fk5Xqh
185ADBXEzBFmgMm3Y4bco2mY2,3gMvqgd5LD74fMCVUX3uEmvYBNUV37EE1v
19Zm1A6YPDUNTFvPKwQKHgsbXMfy,1EN7yxnbC9LaBDybdE7bygxM6jLexZ
1AMoACmNTwT5VGLxG2yKzFRi8mQccH4Uv8,3XS9Q3wjcdA5w6br3hiuqnBVet2yzk4WCm
1pkNaXouh2V8eJ5BXqfJ8WNqpkKPSyY,1HE9Nip3oF7Wp6h1mTdfXWARviyUnyk8G
3rNCeWkdjSYspvASgRm5G78w6TfdHtdbKk,1dKxL5hAdSb1K3M1knouTJpTD27oMuGUw
3LVrGx7FhaA2hnqQHYivRu55rPuqXX3vxx,bc1jqrhszcy8t3pu3lp47txw6xvq5w9cz2vn4tkjut
3RxPes7AwHrC213QFkW9xdzZWDuso3UiX5,1vDpdrnMeTrsPT4DLtB85VzBW5makQ7FVa
13P1FSPZMsimFbnPjLpaWwoCrkz6,38gBqqEArmu5uDjjXHt7YB3hH1WVc41wjg
3gTyUmqgxMwecgiUp5ZovW6YnXu9bUGWTa,bc15vktvaxryamjuqvjs4lr5kvfwnw4du82np7rtcq
3rzuHqQtv3e56oiGkQZKcPhTry8Nc2317K,3XS9Q3wjcdA5w6br3hiuqnBVet2yzk4WCm
bc1kxvm2rvl83kq3p20xr5q2jw5szqvq2m2wjvj3g0,bc1q936g56cl5t8u97ye60kpgxsk0pywh4y36eaqke
1AzCjgksMLsm12YNokzTbc1Xm,1mn9pqWesCzB9U36qKcsgCVeEjZrSfopyh
bc1wtauel79znectrpscjkskzrr7n9r6k8y5dx4j5l,1YY5RkmbcY9Cugs9xNWcCcg2YG8mL2
1piiSFqg4mFoNnj2UmpEFEHPfXHPvJPu,bc1gggrc82xqdedvkm4n7aj93m7scmctm862hwmrgx
3VK2i2FDi1ecuUgvi1nGiQyjssfxPQCrYc,1cVBwWfdkfNvUqnfs8rgchW7oe
1bUXrhrFBwYzohenzsPqTkrmVmGH7dv9A1,1gWX6ZixVDsPpDppd5XLsWMt7q
1zzZBWwDhhqBdrqJEGJPTdJoZDaq,1bvqLUNHHc28gn83aoZZzAev9zvpSk6
bc13pxuxdahp8ffgxrf4kdh44e3q3u72kymvjpu55l,15gQZnsadzgwjRAWVTyWXhT2AZv7r7NH
bc1scugrmuu4medzkjjw9wruhhnem5xzcmtpx9j8z4,bc19f3l3mqujwmmqku2gxu9kny6jt8gh0aa7dmjlc3
3sSG8MxWBNegmnf5ubFw8RjqLJkT6o1iJZ,1Q7ka533KPnLekeTi78jeRiScBtJ25vxUB
bc140erfx7w788az39nff3nts0zcpqw2rculx3t5g6,1RUqiT4DVvRFhK7mJ2nX9pVa7DfuQtEQ
bc1vvxnpyytezrkl3hzqrl2fmnqlrrzmskemrzhwd2,1pRrMw2jaiBZBNTbNRS59KPEB
1TdH3W8SVm3njZ4ywNfSiG9v6PP3JxCaRp,1d6PY7xwi3yc6wupniRnqWoUaWcFdu
bc1f9w68taqw4e73fgngnvgy5e763u5gsy8uy3agf2,bc14czazlcuslafflerujh70veq4yyzgatqp5vdz0a
31Cn9kqMuMcuNmu5h7PKoN3Y7U183FhCC5,3sSkUnb4E7RRZWnUq8CbkdPUmYVq3sZ7uB
1TkEz2JnrDQ18snwSWThPve3ah,bc1cplscllr4g6apl8met6m9jekaqk7jjxlu0f0z88
1tFsPkWrh6r2H2tSadaWrcWqeDU,1ccMtf3yCM4UhGfmCzM5iQZuVx
1csoC6wyVXd8zfNXa1yxPcSP8P8iQ1B,1G4peh13r9sFrfrSwi2szQ3NPUZkRC
15gQZnsadzgwjRAWVTyWXhT2AZv7r7NH,17RqfbZvS6L32cXK6XcK47sbumymTTc
1W25hXGFPjafpyY7wr5jfrMZMPG7LCv,1dErtVjv21PEd1g5UZVndXavvku7
18hGXXhc7jdzVgwzHcKXzM8ZXdVBciy1,1eQWzBPjnKgQ9xFTEmTNGgRr8
34KBZiDi1bynYCQ7LKDGY6sq8JQxgahe13,1jaEK67C2oy8uY2t6223xfUHKXqthff
bc133nkejyft2qfuxcqk022k5klzzzhgyshp8cwlag,1oxRZyDNyfhrRWZnM1zk6Wm3CUNLUKA
3jUSZ8q812Q6mbHuFmZsbP5GC2VS8kZD9Z,3rtFuzY3pwuXCRoYvTj8465zgRRjJKetUg
1Q7tFDmk8GT3954eDFrdaSUrYctWtpU,1ZNGRXBvw5TbWAL3TwAfmyXKrD
bc1jhz43uhumeytr5fcefvzt0hk45tucsyywz67t4k,1ksC7uunDxUTJ2mKW8yCYyHYfRcPr
1SMuKU8vXe14Z1QhnaUMQzuDxVgs,3AQe7uY1YxezwTs6wP1xJ6ALK3cqA5pqj6
1VhF3ZMwcfma9RXmSTPpRQnV4Lt2us,39EnuXvPRG85WaxsYSsNgHEUkRXAnDnVzn
bc1kfcp6rmhmh38eef4av7l23qgncm6ak5c3nc7f94,bc10zpnel4llmel2m8hsqny6kztgkct98rtr3qzyqs
3JNGq1PxbJLABa1dZ5eqV7CYB1AhoydLtA,19CLC8SDGuKFou1fRcSQ2ZEVx36CY5Vf9
1E4bSfsF3SYkn9zEvaampEszX,bc1cs0agkucyl729pjqp5k7fpmw8q9uvc9k4m9zttg
1WU33ftNd6iG9N8QoWzN3JAaj,bc1k8mmwuqvfndly63m2p5xcmqkhyyugej856qt40g
3JLNQK21jfy1xAw3QVoH8CvbqyYSBwZbsF,37NzTqZK1PSQccn4rbDszWgXBAThnvuCm3
3wG6qLxXQDG9Nkv2FtTKLGzHqH41xgabXL,3V2uxG9Ge7WaVKv9szjgZSm7w5SPwr6eaZ
3Lym4M9Y7VKZeMtj2NjF3hZYVZYKUsbrAX,1ok6BBJy9HrwZNLMgbG2qaa42PVYvosw
1XryMFzham8DpputWTMTSdCCpY,bc15vktvaxryamjuqvjs4lr5kvfwnw4du82np7rtcq
3sx5PWNCswU7UPPAPZK2rBy6RLfTgU8V8K,1EQ9NN9warLLEeVWR6amPR7u8MNg
1mAbx4bMLpH6qhH9Aiuw2yexTLQhabDJB,3ApiKdDFCAQbEeGdWes9jpfRzThwPWSnrK
3weYo4teyxG6LvPmA8TG3eSpkuBTmw4SLz,1UAjThmw3bi2eSZUdDe397RvBo
bc1ljumhp68t892k5xl9d322gkmczxydgzvfurz4tl,1yNgFCygXyQjLu5G9qtKtNjjw
bc17wxdw682rylhe8zwp7np8g7yhakdpkxeg9ye7cn,1tTp5W6tvF2rFMyDBzQhCfKT7RLxg8SpcU
11wf5SCKUvohBko2rKzJc156fw,1fnvqGXLUMqLzA9FmRFNEfdHSwqx99Qhc
1FnZZug55hNvicZf1GbZ5CChyQq5TnhiHB,1LCvy7DUHPSR1GEgVfhEU8hVRkrxoBT
bc1078nr7ea4cjef9l040u8q94lvrzuk62m352e9ex,1NEgpUsN7yQ9njqsspv9cHxehyZKF1ToaW
1XApdUCTdDzv73Zrz29CGR7x8P,1ZNQnDJp7uQ8sAmJZeQ3D3F7LL4QtNEWu
1ECxgQ2KDnbBzMWZDTFoWtFwELdqDBEJr9,1qW7NQCrM45xF62vkXEquJ1jDLdhvjB
bc15qqrh5xetyz4g5da57htxgycr6r44nkfhdk3m2x,13VeQ6DWuGD3j5kqxMRtr8skQvunNJh
19Zm1A6YPDUNTFvPKwQKHgsbXMfy,1eghYWmP4w7gsGBP8jP87CNNg7i
3rdub59shg8tJJen1UsDtbX3rWhquYkVHS,bc15stpx72vthcd2yrt4ww9ms4qsaeka3g5udkrehp
3pDMQk7eTqtB1oW795xFQpY6p228Bn5FxR,1JDQWM4p2ES37dMQyYtVTSHub3
1NwAyKYZRiMbNHrL3HK6o2QPQNWa,1Xfh7rAte5DcbUkz3auGPyZ4Q5NgpEQpb
3Py4DZT2bSgaSDRZNLPHMWtgW2HPvfuM38,bc1gww2g5w02jz6m346hwzj2n3fsnkvv3s3wxqyq0z
bc1srrxd936605r3uldrd9d8k96udsey4hujhjdvjj,19JLP2anrsLVYQchCCu5uFdLBbKj
3WnYurwGfAwGXCKyu7SYu11UnvUVj1RfSy,3H8DKoA5tUheMUN9E8nuNaGJtGDVvofHar
1YagVBzqwCMFGaksZmpqM2zztAD1u613h,3GEp2QSQpwopC1eAir8NhzQGpo1qQyxR9g
1bt1nFTqJqCq2UN4JoW3a2nFffD,bc196mnc0v7crt2ptu4c4ggkv03sv4v9nw8hvymxgh
141YGU3r6oE64qGj3CTDLRntzt5,3ErWJ2UQ1Y7h9Q1qZhLhbjNWSTPtyaLDkZ
1PDYKHo6f9uyoeWZC84Mc4acEzheB,17BtMfDsZic1KX9y7P5WRA9suWU5VY
14tRMyhZUmvDujT6ho4fB9oSe,3SCdCMsrfVxSFSAnqkXC7HHBmUm4TJECsq
3sSG8MxWBNegmnf5ubFw8RjqLJkT6o1iJZ,bc1jxrfvcmkv7ffmwz05rckawa9q38e5gsast02wxk
1yNgFCygXyQjLu5G9qtKtNjjw,1QtTwt8T5EZRybhZ1B8G6DA5c
3zcRrFWtNKMqAJskPsfhR7jVrtjAn77Zp6,1vXF3tMuPFtDfinAVsCTKrb9Uq
1bc4gTLKMKocJKs5REaedVRmHq1sAitK,3NMaGzTC6Q3C9rdEyEh6EH6jy6EJqY8AeQ
bc1j0lgfalzh4e4p7wj46jzzy9c2ry4txspfrv2l0q,18v4kx6TsWg7NvL5pQ61c5VLTZ3b
1eDPxWf4PWqgLWu2EmXYLKBWUjST,bc1vf4stknm8h7t5yzgkpg654lu589js74ljj9yjsa
3We1hcHuotaAEkVWisiXae94ozZogvUEj9,31eh47JQWthK7vJcD89kcRYUYfDFks5Sh5
1sVpkJKYCLYg6MJRbpsxmVeKGKK9,1TXQT4ToEDdyooScVQ33ydupU3bT4DNgnP
bc1r0qh04mafsk3tmmmukhp6tclw3exvt2ck6lr70j,15R7woAeMPa3X864fmyVqJBoV
bc1ehy4jltx56f0kdxj4wzyqvuvn7tqwwyfshkgmm7,3oK9YabcW3Hsxbe4z12xN7aT1TkDdyydWr
1W2JxLmCz9JnWYjXfscb9Bhdui3Niyc,3JXKVt6ZX5VxcPBw9S8xMsnjkinvJFHXQ8
1SSC6rJeGn7hNGyaymPdfZ1aw,1LhdT637ScrV8cMa3r9iMEhyT1GeCULAu
3gouCHYZAktNHGKBqPeAzpBLxZuumixSQm,11hcRUTsz6uWcx9JQ4bWztg5eN72Ls5W
1a6Sn9LUkYGQShmUCPaZzXFGRga7QNCLfm,19Qctkoxu94WrVQYtxPqWN2ARHsvG75EF
3QVNGQ1xZ2Utkj2jseD9btYGE6eXUoUAxG,1mbAKKroGhNXM98HnQvADWqoZgx
1n9mZAmchqK6CX3vHHoLJKCJ7C,3QGRsSrNFHdqaeDSaTRNV5phJZrSt5Mqtp
3oHmPHKrtPfLh1fVeHj5uja7kTEhqpomJd,3TRdPs8E1nTNFeGixEW34K9Y8ptU1Vrvfj
1KpZDaXqVGmef6YsXmFNKKHAhV,3ukGsrSrbcBsDSb3oFrmgnetymmCpM22fr
1azNBqo6j8tkJBoTfMCuoqKaDGjPb,35nFHMkANL6ppikcM6QfMvhv2QJ7ErwEkj
1TQEnGciCQhgJ4i9nY65FY8B3k6FN6K,1XEF1uXVnUs77nG3vJtHhwTU4ySN
bc1szucsglc8yjkwk3fm9gyuc63qksvh5k3n3wxug4,bc125zjd8gqvddec0srmgf2gm3dcz6xaj4xtc6g7vx
3dVg7wR6HNKwoSL99rnum3g6z7X7aScY3q,1ok6BBJy9HrwZNLMgbG2qaa42PVYvosw
bc1z95sa7qjnwkjarwtjpv6s00kneccyndgkg8yj4w,1fpo8aDsRVn7huAHa7Wkm12BEXW
3yfBfDtHyCnETvvRUvwPYCB7mWAeZWY3VM,bc1sj7m2kmnnnacdzd3heyan97tz4w6cp26r96ny96
1sdY4LoX3UBL9arJExhXACqo96CfXsmD,1QtTwt8T5EZRybhZ1B8G6DA5c
1SkQExarAshvA7vMBVCtVHKKAb1u1Uk2,3QVNGQ1xZ2Utkj2jseD9btYGE6eXUoUAxG
3sws1vqvPenSWNzM5nczv7mAob3KBqbPsU,bc1ljumhp68t892k5xl9d322gkmczxydgzvfurz4tl
1knnJFFs3na6n3txe5yxyge9H,1PVcdjzeDnn92cNf1B6Eone533ms4
3Yob4795TosRGtm6gDFR1XZ8rVXUXEooEG,3T8wwMGnL2LfYLczBhfi1teMfB3AVYa7s1
371Hebfm3KuAu9ZtrvQY2xsbF9xmFtwJGA,1RfRwp1nqfwxqMmt47uNNWpBJzTW6fK64
31Cn9kqMuMcuNmu5h7PKoN3Y7U183FhCC5,bc14ec64eyjhrsw3uvadj5ngz74ssyyvlshqk0t0ec
bc1nqel340yfxm7nd3uqns88qjsw7dywkyaexue790,3LTqeQkuUy65u819j7iYyLN4QDafWznyTj
1Qu2Tbu2VQespAGcj2uFrSPfDcm,3L7p4R8SRVbEK2SnFss5aJsfuBnHVYrwhj
3p3NtDYKxW3wsJMXSX3gMVWGazNm2jxtwX,3UZ6nhwPKPNVagpvCRWrdeLRpWQV5HbcHP
bc1uvu5xhnav3xmek7ml2ky9s57rvhhu668qnxl4qa,1BPKjMMuR3YAaGipgdiXD1qsyTipTjrsQ
39a75QyW6e2MvdD49MNLcMbBmykKR1RkJ9,1nPNu7wFuHbKtJsLWbNgC5CAUiy
1PcaTETyaP3BCBJg4WPZytucU,3XgGjRnQxcixr9psw7RGJs4xjEs7k85Xfr
bc1hqh04wd9wwpustt6cnza2fzrk5g35erjg74xg9k,1qM7uhSiRvxpviFwRjDTLFRFbaL
3G2hcNXGfHbG6iAgupsBdxKaqYBLhKLtca,1wBCDP3Q1YA3Z1MYTjWwYbNW8yXT
1mAqkEUjB23o5fRJjsh1qgoqhgABUrF7,1FWT5hkPkrQ17vKkV4YFx9pqA26
bc1qaa7a64jw85uq5umpdvre4fmav3e3eehckg08p5,17Cisq629qxfKPLPVeEQBBVRSG8
3rmZnVrXqsvH3zSpa2wGrwXWN9MV3M5r6E,3p2PgDHDpQQMi9fsg2nbmMuamWaZRFRBiy
3uY8jRtUaH51WWWLWLbpPkaCgAWcrkz2qo,bc1kgy48yulypcxmg7h0a6dajr26tj6u0zgkdysef6
3drPDykYFVZoVL5ztv96nf2PMhPBSnDt49,15MDxDS3YvCRVqUJ3j3Bdvgp5ezyTwsY
3m7a192jfVF2JmYSPWUpePjTUWRRQ2CzC4,1cFz2fsTVMe4mgYGmD1ECtso6yXiwbo
19Fire4qwA7eJ19qjDMhiYUiEken,bc1aexgckdeknyf4r5gclyuu3gnjyzf9fdguwawfur
bc19n7qk0c757n9dqcwa8ajj2x8xr25az9kt2m500d,bc1spga3y2vd93acf6yew7y5f7v063wgfzdqk7e0a5
3pgs2oznCHTFsPAbC6bLdfuvM5nsAmgZSM,1T8t882hbcwNGJDbhS6JyeM1sbEfUq
11cGbeXSqVezdemb26sL1ePdV,3CrpjKUoQPiEYqLLnxvia6NMQSBwZejmxk
bc19f3l3mqujwmmqku2gxu9kny6jt8gh0aa7dmjlc3,3W2W483A8rqaHFB7Fek4N1TogPYQXxwMci
1qiwnVsEmXQHqJGmMNMD438QRZhJwUS5X,33LDky39iLX18tZpudfXZDApsndVMTCogG
3cUfi7mDLqxHXh3A9ii7cBvPTni7RvqbmT,163tkcsotrWqPz2QqSDFjwmcwdvTp6sS3V
bc1vqzd4aztszvsxykdxdvrt4333m76fkvz2fc4ku7,bc1yc6ccg2x4y36luwpje6px39hpakktrw592dp0s6
bc1qn80k5neyvl4x5f0pqqag9wuzsg6uj03ru86gea,17GgyWVuhXrcqmuxZ6jgbEiZZ
1sYnT4SyMA5Gf7iundsa23ujGs7vRZLZ,1hPFJtMKiKafRCJQtyJf47Bm1
bc13dwcg8g3u6zwunqs50lqmta39rupca8fmlrq9zj,3VKqXLhEsUWrd3eHYu2cNThy47rgKFRqD9
1Z6cJemm1Qge1qRVYGfCSr9bef,16MQ7zhE2Ptu7HiX3CzwinNdvtfxSDk7D6
19ptZ5NWkpxNkEzXyqcZMEqWMxt,1NRgJ2nx5bcehL4BmRPUUCU34qhE
1odrBPMQk4he43FVELdNgj8q1sgRJU64u,1sq1KG6vkfvEWeqzYkhrQvsU66CNW
1xGNUFC6UjF36niha2ZkEc44f3N,bc1kxvm2rvl83kq3p20xr5q2jw5szqvq2m2wjvj3g0
bc1uahpxzzv8erhwcwtgzg09c2ulwej7nkyvegj4pv,bc14szlcw0hp3qhl03wk63se3zelgjsu5ff0y4mnh3
1yGW8Dqd4gBDX9tqrVpiQV4AVqoTE8U,1utJ8uh16PYEdZKEPGkTqTsS4PEKxqwo
31CdfrnoR149o9pqtiXWGPFxYCkRTa2nAy,15NzVthds1sjgmfwz5rw2fKELoFi
3Py4DZT2bSgaSDRZNLPHMWtgW2HPvfuM38,3Vzxcjv9EKp5bgGCLE8yzwyBN4XEGCpoE5
1vBnu9fSzK6s3ThA7n3wmNMRz1EMdm8Y,131tDa88XYU4aecTdPuSqQjLuhfQh1Fgt
1MfEH5CVLfh9ZoxAKnieHMgLUSmV7e,bc19l4u9zghkhqg5rmap86tfwlyy96vcess5d7rajd
1zkX8WBE8eUyoVuN7LxVxyt957,1ZowPkDe9pqpxqfcedbeNcxXZcM
1gGRfgjbHcipUXpY51uvqLNR5bkQtuNGDx,1S5sqh8tQ4js9uH98igtS4H15X6nYokSyh
1WQ3Nz98uedGx4d1QwYWjPscE2pmuGQCM,3wUQKwM2gYeK11uZgRboGV5DXmYRCPdPLw
1qM7uhSiRvxpviFwRjDTLFRFbaL,3HM8Z5WE8GsmELvFX3ecfQ694LPP7qxJad
bc1wycdqy2l5vqe49j9rvy2qvf7380hd79lp7z20f8,1fzGZarkMoezD1qE4tmNwZZz7nUNJSV
bc16tcfnhmnsua439yzqly78rjvxkgage2qjfrc33g,3scqyF7mAJT7pNLxjv6bNMsnk4bUUrfsML
3sSG8MxWBNegmnf5ubFw8RjqLJkT6o1iJZ,1wKychKTNC5JcUhoPCgPBP5gf
1LT1grVBELw6AdhEmXDLS62RfciNa,131s6AvpDtJKzuhMgdWop58GVxaYUdUHm
3TpDZSXE5fiNyUDbD95Ke629UjtJaacK9T,1nytw2oEE6z9b58LjKzps5AtsQvca7L
1wUbqPMdaW3jZJP89ZHScxKgL,bc13el3zc6nemyer0c49ruwt7wwhu44603amnxx9ly
1W5iLixgwoxZSbivWy5QWUMF5zTxDLY,1RcXEvRrWwGir7iEPK8vBQ6bgC
1Sc8h9sBsnXxdzGNHtaeUF74Q,3AxJ5VQnSpvgsCYZNQHg21wfVLraQNqM27
bc1n8xapq3ymvt8e0702v85z0y6zjaad8kw4kvq5q8,3U1TyG61CNWPC25miUZz9uSh7wD8Cc6s2v
3M2cnLj1a5DxpTmkAVhF8tEQoMRki9jxtK,1AkASy3RAoVkYQJSJvgXcNe9X
1Lay2LtEd8i57WsxH5EMAKjfNo4TfXyAmP,329yzZouaPPx4PULxeJAgBpb2CuPCHXTN1
3FdQ7WjVftKgkLBvj58p9gdAFUeRpx1oLT,1AMoACmNTwT5VGLxG2yKzFRi8mQccH4Uv8
339mPvRrhxQx7LwNUTaeCR84GwTJmFZyGJ,3ysxHJGUqinDRt6rLu3rcCXcSC1eQgiMu7
3Z2f5FXxuJgRRoAhLWNcUAfPMqgQvZ1gua,bc1255vz4qe5up80jr84wrq5xvwcucnvplqjhvejzx
1DmsfrL4XrvndUS7BZKZNdovQsbPr,1b2Lp1LtzMaTHW5PE69bq5qvMdsbchJ
3nDUzPomhT7SxSyS4BP6GSYQga3Swzuz95,1pyWgF76qx56tKfZNGWmxJyBGr1NKEQ2Kw
1xnmSj8mik7RCczD3RFerXpwhg8tUbCLL2,3LVrGx7FhaA2hnqQHYivRu55rPuqXX3vxx
bc1z8u6zrhkvjqgwpdfnptezrcna0jzm5zl9e3pnmd,1Fpg5tdhxKtLsdJq3N8BZ1VDGVD8r
1fXhFNc5vDVt5o4ZwRNipG35Jwx6jXB,1hnA615afDHFugxsQkUp9uLu4
3LF17NV7eCyYVjSn2r1a23Sh34YgUD1ZsK,32TJRFjuREEyyvMJsCdmxGJZgMqRLpDm31
1xyQ1ne4jnUNFJ8C75pReaZspjqn6NM8Rb,31ZsUrKAkgzH6v8ap6tzUrp3BjpfGVoW7s
3HkJzwDVYTo4dcQLfE5nZjN6S9AZPxL56Q,3W9d8tB4oEuuWeP4CH8xCPJv84AVt63ABE
1AUeK2bPwMRU4sxgGd55QJisXfGq6uLkA,3q3cpBEdrJcwoRe4ukC39g2x3rrUJTf6jG
bc1rutl4lpwgyc5lx6dy5k5rqcacw2wttu5nlqdx86,bc1fd8y5se2p6as0rj6ryx0rn0f0kjk00gkqktsuka
1DzW9Tr9pybhCYb5UabWXmTMNbU844,1HvAsQ1qmfg6aRRB2EcW5aQ2cAdgx2bn
1eHiQhQ7pGZhYyohqFWEFS48aSK,3KQyNJZSg1ydDQAgMjXLBnRanNZrDu9SpV
3T8wwMGnL2LfYLczBhfi1teMfB3AVYa7s1,1SqoLahok3CoA59Dcgr3hoXpyk6PaNpyEb
bc1ye0l3323xdgeda4cmgp9nn4ka9yyt8r5ujc2ldc,bc1n6cxners6mnnmupk394es3kdejscz0uhg2cfgms
31ZsUrKAkgzH6v8ap6tzUrp3BjpfGVoW7s,bc1dh66mvty9ex3pc4njks3xk7ldv2y73c5wuv5456
1brPgKezPRx5S9gqKREMsPjo254D39,1QyjentqsM1PvHNMXDPT9ZHaCx
bc1qtpe2wnvnzdaalmuhfxysjmsyef43m9wr48xc4z,1Yjsb4zSajgwAQmDCpnSaEZ7Xig1
1amXeCpvtiaB9J6Xw38M5svfCAzE,3C218HRnhvFB5zHSn1bfVhf6DKjjY7S8RC
bc1yf5z0fkmhqwcmvetw5mzu2pdg73eezuhp74urtn,3zcCVzoNasbXyKP2r5MXwM5y2KN6rgggkR
34oAYjHP1eifzXLWcnE9dfpEjvJ6czJhnR,bc1yf5z0fkmhqwcmvetw5mzu2pdg73eezuhp74urtn
3UZ4LpvRVs1sC9WCuTUPbpDKepiA8XwRy1,3ShxosyGoCJ1qLDkNtQzVvKGtMat3tVGkz
3hZdw8A2k1hgDypCzLUNbMF2vKq9Tt1eHx,1GZcwtXWZMDjhNWBdP4qkzmCH
bc1guaaeupvzr8qg5ayt5xp0cdel48tt8t3sygxjws,3aFsg8xdCvwAwjBswGKHPRemcSfPdvPWi1
bc15pdxupx62cap0ejn6etzdhau0yhr08t0eu8aqex,3Y7jqkCBrX6nd6oPaZaUBURQDCsrLC3Pn8
1hoMDJcgioFsaWVQdF8bqGjqZu99,3Y7kZYeWiARjiH8yosQU62tXWGacNcKMfk
1L2mFKLRwtgQtk9i71xurvvY3aKxmy,1p2U7BhsDSZtz78DJYKiDFC7w7AE
1No7ueJGH95UGaHZUHm5ZiBdJE7NA,19uxWEHgfEFNDNgKm9ZgBVpjcE5bwjm
35VboDPPEewJB5FRraH1Cgcifbz2EMMgf7,12FKbMqG2afrvuH8Q4tSp9H8sCm
1BjiRhGCQqbZ6UCF3LUELEx15Z8Q,1u3oJN9XZnA5scEu9TFF1ougASMbe
3xTPP3a5cSmEmABXDs4dDfignPZxS3FfkE,bc1fq8c5e8j5v0g903l3rua0yk5ecrztxjts8azvzp
1MVoiDsYnCm7agB18NwCwykoRCXMGLam,34jj5tSp9wd82yTxYB8RyxQPyzheR1Udyo
1zzZBWwDhhqBdrqJEGJPTdJoZDaq,32xGc1gKH42JTXv7JTNDbgMTm1pTWrCBSq
1Apb7kJFyEQn2hxpcCyY1o4eQv,18KbpRgqcNaRkzdrysKCSS8BY
1gRBoLFVf4rsKkRm7D7A6LYCA6jwHELB,1hDVXMz2rhEzgYrWytcEn4iqoN3C
bc1z8u6zrhkvjqgwpdfnptezrcna0jzm5zl9e3pnmd,3XxUCcbs21oJPgV3iRE8P1q2amuNqWgiHr
1wKychKTNC5JcUhoPCgPBP5gf,1tDyqAm9XUu3KcDkvSSx7XYFNLs616wcP
3rzs1GB1YeReiTapQmyqfnp4ZWsj2cwDqb,3Nqsf1LbYqbbm4NrpPsQpjL6ENFWpE1xHV
3G2hcNXGfHbG6iAgupsBdxKaqYBLhKLtca,bc1gt24flucusdc7vqsau77xlcy27lfcew9qyufz8x
3CX5ccGvZ2zCiwNPxgAfiN5PhDuRsGb7F4,35qxycB99uen5xfvhoocTiuQgCUo7wwJeH
1dGa2RMqwSyrqWNwXT3ksQm6LaMg,1mAqkEUjB23o5fRJjsh1qgoqhgABUrF7
1dXn9wezjaxtBdoXBRrQfKvErK,1fQWVPhuUE5zdpSaggyXoYHejcLGyb8
1RZHUCSh41xbEsdKkG6jEnbq2nU,bc1jxrfvcmkv7ffmwz05rckawa9q38e5gsast02wxk
3JLNQK21jfy1xAw3QVoH8CvbqyYSBwZbsF,bc1wtauel79znectrpscjkskzrr7n9r6k8y5dx4j5l
bc1gh3097vd7gjcq7rx6kuf8epnvn7l3c6gjur4cc9,3vgJYoX69Em8KNTQShaqvhuqsfRBYSfSib
3faSq2pJDuXysdH4KCkarLWxDZGbDJFw1L,1qaLi94L2nnPXCtfTuD4VC7yHWyxTEnz
14VKrkq4GA9HJkMVNmkDswWretcU,bc14tzkwt7pr74y7kcyz3rc2slgenl3400yelhd6r0
3Pxo7hhKnCWz5JDiWG7AbKzH9CY3XSxppo,11URfg9CXaykFCGYEoKWd32xUD1r
3jK3JoSw6RrkfWfK7U7QbdwLNhTNP7SUeB,1sWVidzTwao1HNrczLtCuQayX
15gLggoJEcYMBtpQwuDZjAbFyL5PxC,38C9Tq6UaMBkSw1CdK6bvog6tRx65Uy6gr
1Srji3jkgjuG563UitziYzJQAWbbW,3WBwnWwHDjcUHNnWHLWjrUK7G7UtKdEXQz
1wUetNgPhWgu8LuX3N9j6CkbAyu,1MWkfcHioE8ZGH1uCR5qJxt8ytNLpMuA9
32T6WYccoPGfUcgkY2wn5zo7F8BeyU8VNQ,16idqEouqnoF64tbEUEETZXpXv5vy39EUQ
1XT13yQ98nJvaLcycYz1kGfPkyoJR,bc1cktaxycun59tj3zqpq5ewv6vwkvh48n78zlgtgn
1hcZJ3gsdGMmUWJKnWijVkaXgTuJTj,3Xu8Tee4fyHP3hzCiaNJkaYsG2gWgdZoCg
1uXorxFgucfjbp5Ma7f4fiCGw,bc1vqzd4aztszvsxykdxdvrt4333m76fkvz2fc4ku7
bc17xa70efqpm03egnjvjkrhcqff72pzxc5kn8f2je,1AGWYZ93cquKXH2XwKwLWaVGtx1qF
bc13uds6au73wn7zved5lfzw8j3ux0z9jurht4syul,1yZ7CQ5wjtX7d548B3Rv69qghHBKS
bc1k8mmwuqvfndly63m2p5xcmqkhyyugej856qt40g,3cijm91nnBDzdKxtmSigqfnvXFbmN5ZFQy
bc1405fumq5srqhahqh3dvs2lx5x84wfwc4s7pxlmx,15LLQfyB4YpLzBfjt1dHi4iabcXv
1Ybg67EGpQaC8SN2wKmrNNmxBfR5Ngbv4,bc1568xyx6mf535zj4hmee2jex9yt8gzacu3pgcj09
3kShV9Nx6avedXs3ZoNs4eqfKZkHLYFrDG,3CzUEUL7qySTwkbCseb25FRWgiLGoADFgT
1z9xRewnLx84H5sqtVePit4ZceBxXRNyD,16ReiPDch728WtnSMwsXrz2hRe3ojup
1vbM5ZGR1gCuBNXKvuzckcjpW6ipstzX,1pjxAECrhDu1YGVb1g9G87i3vF7Ur4r
1LMrRtmPDc59dVo9sYyn66KwAHN,3mBVcXSkkxaVJA3qLiY7oNXF6xyrcaP8fx
3mBVcXSkkxaVJA3qLiY7oNXF6xyrcaP8fx,1wiYAxVYvezhUjq5ZfE5qVVNK7
1ccMtf3yCM4UhGfmCzM5iQZuVx,11Mq38snWxZxi9jSvH2wFgPQutvbB
1ZoaKYguCbLaULzyj5ZCH2imR1EzXq,3rxfEb5zz3eSuWntE2DV3Ry97iFHZUBMXG
1czS93pCNkr74xvsp1h7T2DYCXGVj9,1hnnm4nUDkTMwbJhDDtbNnZB29t4u3QQ
1iUGaYpZqrpmroTPPuJoPixBF,1TXQT4ToEDdyooScVQ33ydupU3bT4DNgnP
3g9px5FZRbcmPuJbRZ4x6mdG5EZAQgU2HH,1UbfStkcD1LmjrXomjZxaJbkGojxE
bc19dq9a5hg4szs5lyqy63wy4q93txct2y2efs89tt,1vLg8byPWswfPUd2QfmFf8Nd2M9Z3z
3rzs1GB1YeReiTapQmyqfnp4ZWsj2cwDqb,1K89wCbXyL3sjxRNYrAQs6f99Dkdae
3gfB4GAUU6q1A764W7agN21ujSmiKpjCHU,bc1hlasr2rzfa4earqyut8jl5csk8ymhw743wlqkwv
17BtMfDsZic1KX9y7P5WRA9suWU5VY,3QGRsSrNFHdqaeDSaTRNV5phJZrSt5Mqtp
1EMRDd9BkW5v1AfmDhhuARSmFcc,bc1vmm9pnmutjuedrr0l0fwfhdwseyvjf274cjng4s
3hHqHfcCW9kxVPbK98TuDH1GNsJE47uHUV,1CStYJbjAa3sJ3pSH4TgqQXvuj
bc1l999zys47an4q80w8gm9k8g7v7nh0xhwfcstdd6,3WXzVrVP1M1YPmTVg8wubRFFzVedtUoJsC
3NkbPwjt2NwRYjEXGmyf5UwY1hcwRRDRBC,bc1405n3f87ucdw8d974tvyu6mn4qgxmd324dedgp0
3yNtzaLtzHm1LQraxVK8iuuoSUhbuo8xqL,bc1alqzkrpe0886c0293e383c2ms5mqvlcu6c9drq5
1dXkz9dR2qVLZ56Ua97u93VLdc,bc1dyuxq93ca2fuxcvpmke0v7dalewn2027592erw9
1s51L2CdZB6JrXPbzVVrzDTdSxe91N,1A3VF8x4Shs7SQGG7iyx5Dvki
3vikrp5vNuCWfRiK4xATuRRzCnDm4JRVNV,1uxa7bs7VPAfir6DLhrjDzJzvRe
bc1wtauel79znectrpscjkskzrr7n9r6k8y5dx4j5l,1MWkfcHioE8ZGH1uCR5qJxt8ytNLpMuA9
12rXJoML96XKYousdurfTGCc43EJS5e,bc1xvjcvvqakkwqjjq7gspwprntqe29632hfgkkxxs
bc1sgssk5w3ltsk0htk0rmzanfzmpvk7e5jtqm7hhx,3YpTCSAUVFMbRPQyB9FUWGyyoDyudYBDhC
3FLCuYravXkJ7gyKdHDUiA7gfWfogRvbPW,37WSvEQYDE8CYkX8MtRWRZtz4MNGZZKVvh
bc1gww2g5w02jz6m346hwzj2n3fsnkvv3s3wxqyq0z,3LdymqQbeYUyu7Hr4u7gP59v3Bymb6mVLi
3bq4DAXMrupEQrfxsD9unVa8t7ZxaFpK2T,1AzCjgksMLsm12YNokzTbc1Xm
3NxHccoDhpUDZyotNCoDiMfEfgU2u7Yxw5,bc1usy4cxhscjsp33kl9945m8ak37dxplvvsd02hfz
37wv21iy5qpYs3Ed6Lpn4SPgLZ4F63ErTP,3XXAETXtw9nD8TgxL3JfgYxtVtHeWQKbT4
1gKLozP5GZEyrGphUJVj15pbMoHskze69,bc12gzadlyerg3q8az2t90t24p65k3smex32mrl0nq
1fTk5RzWmYcqEVmBoMzEwRku1ht,1dr6pBLCUN7Brr6dWLoCHkFRRDxaNzcF
1fNG8oQY3R5LPgyr9gSBRN8ff8pE,bc1tppr4d3vdgcd2vnfzj3umr85feh89v002fu3z5s
bc1ckk4u428sxs2mgy2m30srltc3lppennuwt3apwy,3Hc7kK33qfa7fgb4Z3SVjduZvCJN61itqT
1FcKqHMoKGXLWpxdh3aJaYWYcad,31mCFda9ozcvvn3hVqLvMnL9haHRtrh4HL
1SGZ298L2CfoLjzamir5Gq5WgWf,1AVzn3s9WgrXg37kDQKue353FXDq2iCem
1zvNsUZ4q8EJaAqDyWkDMVEne9LiHeb5pF,bc1nxc49fn5yu38t59h2ezewj59wx8dr8286ypzz5u
1zkX8WBE8eUyoVuN7LxVxyt957,195CFiucTZT3xU5RtEozBSPmTL
11cGbeXSqVezdemb26sL1ePdV,3NGrvjFgsBXncPizvx1oDLX1vBdXEpRBya
bc1de3yvw2vjwlmuxwpyr5x45x0p02dym90l9w0wce,bc1cwckgym9xqgudy9w65wchcrpq9s8hqej255zmug
17WeJXLg9unCt5GZDihKhQ76Byge,bc17emvplwal369sct0m7ekqr2xejmpnaxdra75f9p
1hcZJ3gsdGMmUWJKnWijVkaXgTuJTj,1FatzYp1ZxB4fA9Ey2f6KiZyWsXxo7jMN
3T8wwMGnL2LfYLczBhfi1teMfB3AVYa7s1,3VhZ8n5dn8t9L1XsbQ7ooz5NgnfMGat5kt
1yHRbPcVjDJ3fHeeHhyz6a38nsE,bc18q3fycec62f4evwxuyqsf4m5enrswp6szqqgaxr
1aJu347ATb6SMMye2BEpk4Nxzge,bc1vyldfx6da9666zrqxgcc0ds333xxr3wqftulfr8
3rxfEb5zz3eSuWntE2DV3Ry97iFHZUBMXG,1ufdDHkM9tzoShj1mrTH6ABdT5wxsLp7
bc127mj58zug5gl5m73cuzd30cgmzrrkj2nc3mryfv,1TfF71V2YNyW5m2mmxoLStxB5cXJFPhyCM
bc1auqjrlfl307mwxr9wg9hejc9mu6sz49y28g8c7f,3H6FHvkY5s63X4XRbZtQdTzkmn69ELFoPa
1grHZEyti4vAruaPMEzzz7b7XZmz,3ShxosyGoCJ1qLDkNtQzVvKGtMat3tVGkz
3YFskU8sYizQhhuULo4Z9R74dnEM2weSgA,bc1eckywuttwt0as6vsfhjdhw5f3l4pgvtt4mch9e2
132Psgz8X9wEF2vcMs46r7Y15CX2rPL9RM,1sq1KG6vkfvEWeqzYkhrQvsU66CNW
3UxQA4VUdAzWuVFZ2HWYm9G62DhEMjZjZ1,3wtqvm4R4DY4esVFBQpDdRhuHk8f4mYjQg
bc1cy9ckl4zqawshskqqcr8d8zy0xv58hlwuy2eped,1Vmhz55c7xmP3Le3aquYQM2YbD
1KijRmtxGxCmyffvgENdqZ9pWyLx,1D3oipji4Ya9Dw2k1CEmgdYpDHQm5MVYvG
1hcZJ3gsdGMmUWJKnWijVkaXgTuJTj,bc1g8ldn23tce2plp9gwhqwgaccjkwa0yl25a4lq3q
3xm9X9UMaa8KzWpFHXkZSo1x9tS3aNzRk9,1uxa7bs7VPAfir6DLhrjDzJzvRe
3MkPPudDNo4mHumD2JA1smJJUdT9WX8DLi,17w9rD2WkX2UsGbR5pNsXdbsfg2PZ9
1fiDcfWQNB6EyWRQp2qLmtzor,1gDn7N1Qiegd1HRv9kLp9LwgBmyhnv19
bc14tzkwt7pr74y7kcyz3rc2slgenl3400yelhd6r0,1fCLwzybvYPd8rBNrJrriWuRF
3XLcofvAnEqJYrUe1UXVn3PLJ1WzoNax3K,bc1z9angkcup2jg8ekkghuecgyzzdqnpt5p9cez253
3MVj1ijhNhpXmcMq9SJWZxLDGSdmjtacSd,34j5qRQ75atPjUoHmq1qJqsHu1QkRsW14j
bc12gzadlyerg3q8az2t90t24p65k3smex32mrl0nq,3vF21vgyAa9ouaMi65Ps8Tah6ouBQ1WGGv
1B8tcwTdT8ck1iLr5nZcrG1naMUq,3vgJYoX69Em8KNTQShaqvhuqsfRBYSfSib
bc16tep8tsp7fj8ekpuz068v4zgynjs520tywnf6xw,1Xxvhjs4zuw8dmiuUnnoDm6oQdns2bSH
3eTHyZ9oqqFesnahqHFV8fnTsjSrA5kMD3,3E8pN555VpkgzUJPabsJNB5t6u5FFkZZim
3pMRHWYuzSauKViKZrw4Tjavs4NeK8zLW1,3JLNQK21jfy1xAw3QVoH8CvbqyYSBwZbsF
3pS9tEPJfJ687t8ZSLXdVevttm8XbTacFD,bc1ankr8wg29utrt0n3dkdfnxeztp9gls8uzj5lm5p
1eRFxus8Qzdvf1xG2zj5jpakMR5gbZ,1wNt9CzMeMhq12QFY4vVNwNMHrtb
1GQYdZnMf6nsFFREWY1Y16jm8V,1WLFjJqSwwrBeWQ1bmhCR3NE7hc8c7go
3CzUEUL7qySTwkbCseb25FRWgiLGoADFgT,bc1j9h4fppu4y34z4vqzqcg60r7xp5hl2d5xncuezp
bc196hlrwx7nhn2w42egawlcx24ncmmch5dhjtsyfd,3VwjzTuQCfegAACqYgpuM1Yo4nxpFiCPzy
3AwFLfEUMuNXJFjrY7RBCpg1sECngqUk35,bc1989hk8g3hwt0z7yqw6w37w4nx9empd3uspgzm0m
1pkNaXouh2V8eJ5BXqfJ8WNqpkKPSyY,18hGXXhc7jdzVgwzHcKXzM8ZXdVBciy1
3jK3JoSw6RrkfWfK7U7QbdwLNhTNP7SUeB,3iGzc9wJJe2vo28NhpeMEfULiCXDxEibWj
1FizFh4VkKpnas4fZCBJqoQtnJtYXCsAUb,1bVHFJdijY3xw5Y9KUXQP8Xgx
1g8KxB9dLnqChnzGJ9xZbw7W3Lo,1kHAxFHFJRuWjbDKcQiMkyEQ8VadoGUrPd
1KhB1Y66d7nn8P8Mc7C4z94ACJ3f4c3pg,1kjcCRomsHVBYtW2tsMh4GBZ5Am7Hv
bc1vqzd4aztszvsxykdxdvrt4333m76fkvz2fc4ku7,bc1vkxwxkyzzglkwtf4dc2ejz7pkpv6yqsytjxgw2w
16uM81avzqLGNVAaGFTHeY6rictkRKaJ,3hJQEQsqhsr47Hunt5NCiopotgJtRNfe4q
1rrSCo3Ya95Q1RMKTWxLfXQLm,17WWsxwmAbsYTDvmeqcE85Rs8p
bc10uua9j82uf7vrz6w5z9whty6y3g97h8fg3y8mzf,3P2vxhYWhdU73LLGDVdUE7JF5MbZ97qhoW
1BDk9GAgEnRY7dtDu8qM8rFZKujbNaEx4,1RXp3VvHr3SRtTtPhP9LVue9h1VRCT5
bc1lyv44z7xk6umwft3m8u23rtd70za6sf3rhep8wc,1LTzZUeAPtsLHza1ccSc5j1hSwzacD
3Y7jqkCBrX6nd6oPaZaUBURQDCsrLC3Pn8,1MfEH5CVLfh9ZoxAKnieHMgLUSmV7e
1HRkWgwXnu2z9iyJVQmaKLTZLzNqeL1WVf,3RvJj3KomG7dMB3rLpKBYDPSWNYzcpFm2T
1pkNaXouh2V8eJ5BXqfJ8WNqpkKPSyY,1X9ikcdVytjEXdhpEG7RhhyP6eD9mA9mNL
bc1vfffv9eq0452x4mj52nqcal95d8y70zk0w7rp7j,3LnKDQvDhQ9YpQhcLbYj2YFUnS8vhkoeUW
15TVcTHYbyvCZpQ1JH2yk2SjV,1m9afpZreg7VrfK98YpJoNwqTzMgo
3inEtEbWnNatERhKvWsykhrva5pYrfo7dd,158XmHYEQUqbkQAiwcW5TLR6whrJXQkqdn
3kYVUVmBwWb73Q5LuWkwXTnrzx9CrNuy5K,1E9ULgPHv4Pcak29SKBAoKURwaFm
1YHqCs2cY2T22PmMGMpmSHixD,1ohCjELvt9xR7Wd9SYQQwGVAAs
bc1wndzmpgusz6fyw9xu6nwqfag284vqth4ns60xq0,1rxfSZ6QWU8JkatoatS3EYuSJebFNYMg
bc19w7rdtj8cjh879w56dmzdu6c9l6v3zjvpzkzyuq,1zUuDcL4224xuUSNzovSZaqPMAgscBK
1hoMDJcgioFsaWVQdF8bqGjqZu99,1AzCjgksMLsm12YNokzTbc1Xm
3weYo4teyxG6LvPmA8TG3eSpkuBTmw4SLz,1BXphK2asr5hLuxgmztY39KB6
3wfFYeGwAfDx8WjRrPbZ5W6WCwuEEwhigB,11zeHfd1Lkfk62cDCo4TGvQkSL7QV
3VqL9GDPG1K3CkNhJWzaVeDF2Lqm3fSAcG,1wZBFz22Q2uHGHqiz2Ui1B1PFCcrrgdwR6
1oANpFHXk5unjy5p2cwkuPp5EDLqbqGE8j,1sFWk6DVW4urgdRnFEsiGFq6MU
bc1n8xapq3ymvt8e0702v85z0y6zjaad8kw4kvq5q8,3MPuMywfmSDtDt9ZJi7YjD6FqmteHvdNCk
bc1w36wq553mvyhnywr327uympt5ek9vd0p6uve9jt,3dR2YPMnyv4rsE53eT8GH2iVbh6DGzEY5d
1rXZQfZict9kEnJqcQRJud2LF2cXbhno52,1kHx4iQs4w7EXcxibxVPXWcnnCVJehDkv
3zww4mQ9J3DYLTy6Ke6imNwowyYMyN3f2Z,1mdioN1VpWDLfjWXtzccSxoTi
178euEbzUh6bPzhJ8KisYQhPpn,3CKxDz2JA6mxYLYgwdnyM2ft72TB4R25ZX
1Hkrq2KWgGradDHy4o9irwEjvnrjJpuA2P,bc1ldsrzu6xhqvxf5l5u0yqjprxx5lq8etd9fl3h37
bc1w9a3clsf04kaajvtgu0l9kp9x2zmj6hk8mwsdk5,131s6AvpDtJKzuhMgdWop58GVxaYUdUHm
1JsgVJSitgS5Mcpgb8nn7LyLEjG,15BFXVaCRVS2kQ3udcWdnM4GXeCc
1HRkWgwXnu2z9iyJVQmaKLTZLzNqeL1WVf,bc1wqwf0jvzswvjluuyplc747977crtully8qcwsje
1ysNyBidrU7UxAYKxeXs4L8b4phoo5Wz,1vwnXWQLEjgHiZRTRT9PU9LGYbA
bc1uahpxzzv8erhwcwtgzg09c2ulwej7nkyvegj4pv,11cGbeXSqVezdemb26sL1ePdV
17RqfbZvS6L32cXK6XcK47sbumymTTc,bc1u6u2nttzqzwklcnxsxkwuthtgr2fwzcs3zjkq4x
1NRgJ2nx5bcehL4BmRPUUCU34qhE,bc17wxdw682rylhe8zwp7np8g7yhakdpkxeg9ye7cn
1yGW8Dqd4gBDX9tqrVpiQV4AVqoTE8U,1B6hw4ZqevPAbRfmh7jEEMVsUQBSnza
1FuZpUNyDUu8tKm5oTE3HEyL7F8F,18JLULk17ggeGqZhDqrTV5C7Sd
1zYmpNtf4gM8Airajbmdb3kQnw2X,3ZSuZiQepjhnfVvaHZL73v1PtAas6ARsQm
bc173vmxmpc8msxypy2gp37qnqwewx753a63xuucl5,3FvCUNFRexhLed6uGxviXAL5Pa3p6Lmvyi
bc1h7rl0wv9zpdssxdxvzsfvyp5jhlw2fyqj408das,3SL2hf3BVeCsLSef8BKiFZ3CaDVZSMPxrm
1vuXhNy568p5ZSxEGKohjKG5C,bc1mxgpvmq8kfzzkr237uyt9d9sjxgy6qxs2s8tmw9
1HhXziLQxCuKkfcqiWk2FVwzZ4z,1RNVSf1uJtuRkPt6MHxyKm9xymQwna
1F3uWTH1DqaGwhgHobCDissA7K9o8QrxY,1QUzNCNtSRz8EvK82SxzrojCjCYqeLG
17WWsxwmAbsYTDvmeqcE85Rs8p,1v8xAAEGLpqdSXC19rDbAbt8Fk5Xqh
1NEgpUsN7yQ9njqsspv9cHxehyZKF1ToaW,3hPN38vNUtuz7AZiyi7A2UFtsb3836wgRg
bc1uvu5xhnav3xmek7ml2ky9s57rvhhu668qnxl4qa,1da7cRzhBB6Dx8QCqM1KaxhAnAXTC1Qab
1uaLMyJAhbJnGdaafHj2V85nFcGFkcujf,16ZxrTiZ6edXAhqLawWMFQhtNoTdLXAvK
1gv8WJh263Xy4dUSnCmHcUv1fx,bc17ytc40x7dky0e2w0fm93adpld4sw6zqevv47q97
3UUi2ZFvYsahYBmn5gaTZh6ESMMCMTsahq,bc1krlthqyu6p2s2mvuxzw7ska0s3d7tfqkzdm998f
1hUDUmpoNQp11MZ9SduMyCHDGBrF,bc1ljumhp68t892k5xl9d322gkmczxydgzvfurz4tl
3YMvfKxdTMmcYq1v556L2ALZbi3A1agWUt,1weVRKDnerJYoKrunkUx2dQGp9Ju8
3ZSuZiQepjhnfVvaHZL73v1PtAas6ARsQm,1xGNUFC6UjF36niha2ZkEc44f3N
3sx5PWNCswU7UPPAPZK2rBy6RLfTgU8V8K,1WU33ftNd6iG9N8QoWzN3JAaj
bc1lyv44z7xk6umwft3m8u23rtd70za6sf3rhep8wc,1iGRniC5iF6iu2EaSnAM4wL3i7oKd
158XmHYEQUqbkQAiwcW5TLR6whrJXQkqdn,bc1jfms8qahne628ytz0te3vfk84am83z26ug0gl06
3C218HRnhvFB5zHSn1bfVhf6DKjjY7S8RC,1G4peh13r9sFrfrSwi2szQ3NPUZkRC
3bao28pxKZJqSm73SjZYQYgYz7H3xJrCWZ,1ufdDHkM9tzoShj1mrTH6ABdT5wxsLp7
3FK7eeg8rUcY6Q27pkq6MoD7SS4f7vwxgu,1jSHVmF9WFmszFpChohWBzbdE83zvRc63Q
1wU5Fn19FqkFFRopU2mcjedfbYe,1vDpdrnMeTrsPT4DLtB85VzBW5makQ7FVa
3pHY93j5pkRUtSWSP29nWBGyDTEWpwE5zV,bc1ry8pxz9qmana0atw84mruzk8xskl2yphdhuh48k
3yNtzaLtzHm1LQraxVK8iuuoSUhbuo8xqL,12sRMJSC6KUDn4bne3rjoNMWFHG
3kYVUVmBwWb73Q5LuWkwXTnrzx9CrNuy5K,3ehcCFZEyJHDhKMwoG8gPypxoHHiMSFUCY
1RNVSf1uJtuRkPt6MHxyKm9xymQwna,1zks8wmEe1QhGWPT6qj5PytMdvn9Z
1nCsLPMiPLLgU1wy5aD4hZBhPD5,bc1qmawh2akarmzudpjude32h3q7l6yswfpm2aaztq
1mS2G8CfVcGHzThuQmVSUihX2KFyEiQ,3vVAcWKeTDE2BzextHg84LRu4bPuP4ePke
3o3E6ubmLHq2CK36kfUXTcx7JWRGuXA1Xi,12ho8CLVfPC1rJykqM9249HHs24JgBHrqq
1vC3qNBM73X4nGFMFvTWkxuLcMaogGv4,38C9Tq6UaMBkSw1CdK6bvog6tRx65Uy6gr
bc1uvu5xhnav3xmek7ml2ky9s57rvhhu668qnxl4qa,18DrjyYf1cw6TAn5wS1aTVLEoeW8aWA2
3GV1MzftWMQJSvHSsGKJ816oBagohm6AMT,3wJdTWpwYpvHLRaLVUKk8iwkbEMkVzSJ2E
1ux6mVKuh1hhfek5TsqtpBJJE,bc13gqwarqshvmr905hp6p8d3twvk5fzplzajq4pr3
1Axq5ohoKF1ZU5kXdZhG2cA2jfMbVa,1D4523EkXaD37qLMauDnkA8Sq3t2Uqip
1Fe3fid2EaQXukNxPkXzJXz8iozBZt,175f943gAceduDbh3C7NhPxt3
bc1dvnnphpckdq7vse6spfdc2m59592rc6396hg6lu,1ALTxfR2ytAm1MU1sU32gHEWkm
3Rw2MrnT7XK1gP6MrBGGxLBRRkNQTaygpi,3hC8cZoixpq1eRr7Z5rH6Y7jMxyjoYaKhQ
bc1jhwz9cfcwrdchklxj22ne9urcx63u65gfrm5856,1etyRDdPy76ENiozxJrGMx5zYAK6g
1pjSZhTK3kY4Ujic4ZTXNnB1NbN,bc1e7l4k3ff9kk9t8le80tjwlyuzvk0ddjy2zwsy63
1AVzn3s9WgrXg37kDQKue353FXDq2iCem,1fpo8aDsRVn7huAHa7Wkm12BEXW
3swRP2FgtCycgBVHM5rEfu2RG1tETYVWTv,1eGF8V8mBk8BmEkt1Ede9WXjogzj2d9R
3VJT5V8U9ZqPVvbr8z5EvvJqbwHkKL41HD,3pEwraDZeLP9EJa3wT8yWrji8WctBgpaPs
1W5iLixgwoxZSbivWy5QWUMF5zTxDLY,3Nq3SW1a8sV1aw3dDhLG4ApHszWvcttH4V
3mz8bsyXJR7xfVnV2zDeJRAUcmMBUH1rxc,31CZwgGtkT9sfN1eY3NNNANQuhA2DN561j
bc140erfx7w788az39nff3nts0zcpqw2rculx3t5g6,332zKZ4xLzcp4M1eZ9JXmaGVXq6T4KZ1js
35qHokG4NsT1sjsZpYT8jKZLcxBFGgykZk,1PUijsgUpRCLaQuLQAXg8upxAkTzP
bc1568xyx6mf535zj4hmee2jex9yt8gzacu3pgcj09,bc1x4jc4fuvv0rpdkva3upgtksvm29yyhpcat4u5fr
1yza8gjy1DJuUynhn2ocCnEwwCN,1tytVr9MpWLHJDAebxoMEqE2uhFBa
bc1s5x33h00s7fw8mnn423x8vj0rtc6npvg5rv0jj7,3t1ZYwhm4Bk7DxEdBdPVEagcRon2EzH5py
1v5fjcsy6xYwcKS4NaEB9CVvQ,1DfWPTa5kcrKK6nRhoKeu7dHG8xGNwaCn
1tKtP9KXTuwj4PCmiNnUD1McZnxVKtCp,bc12x7avvmhdealxq2nt4ns9f52ypzhhue5w3m72n3
1vp5qoe5byuUqTh7nJBZUEQPM5vE5J,1mZ3ktktAzMiyziFaHyUXsvd5xLLA7UA
1W5iLixgwoxZSbivWy5QWUMF5zTxDLY,3xP6ofLe6fURXfsfvE2ZMfXFH79WU6H68W
1Y2tFAXpTNeiT9Wqd2RuefRtEyv39gV,1ZhhDZ623gxtsyeP7Lxebg1ZxwVPv1
1KMxuVqgKkcyGSJRApaiq2Q91Q8ZK,1TfF71V2YNyW5m2mmxoLStxB5cXJFPhyCM
bc1jxrfvcmkv7ffmwz05rckawa9q38e5gsast02wxk,1ccMtf3yCM4UhGfmCzM5iQZuVx
1TQEnGciCQhgJ4i9nY65FY8B3k6FN6K,15gQZnsadzgwjRAWVTyWXhT2AZv7r7NH
1zQkxN8qeLdBz1fno7m4pRRrTZnykd5wr,1pTynsTpkifxksBsAF6sL39WVHC
3Z1gkofEb9TWfsjoZRbW9th4zKa8UGT8N3,3hm6WiiifLC3dvQLLV6vh8Xd5c1QQyi8Ys
3bLoBQsm34QXHsCn9eiu663qyBgZKnkSC6,3B685AvwXhnamG468oepUh6KUSzsG8n4jB
1EGg2CyL5Ho6BLGQdBsQwcWLtvD,1gKLozP5GZEyrGphUJVj15pbMoHskze69
14pUsnfpv2zvZ155FQc4WntiYhkU,1eFHuMV1XWCyBpzt8BnX8JFrxrAQe5qP
bc1kkedaryqtkywlsl9fhrykkfxldcrq0dxp4j0apf,1231QHtZDJbrRdecbz4DfEfRWpF
1GhVorL59w9VzmESdDjMek7AQJk,1R1yNxbrs69pWiGP3G8pPcjJm5V7tFy8zJ
bc1fqlsnr9yp9ulk5x42uy0dlj3f47yratnrv8wz0d,3Lq1iUCg9d12zGCndLNWWY83ZH9nkujBqx
bc1gwvuzukmpq7hklsksawjdmnjvus5mee4ka2fvkc,1EhHK8HTCcnnByY968kCkN1YiCZDXL4Gte
1RgzYnwgAiUJKXRS5hZQN7drLdQ4HErLCf,1vXF3tMuPFtDfinAVsCTKrb9Uq
3weYo4teyxG6LvPmA8TG3eSpkuBTmw4SLz,1E8RL58KZUasvFx3p5bv4HtRnS
3AmNRfFz39kPzvN9NXjtVK1ymkfBgeJTPw,1EQ9NN9warLLEeVWR6amPR7u8MNg
bc10d0v2eyu3vet6w0rszg7z9qhl5vfmxkn2ssyqs3,bc104678lhm8k0r3d9h0tnxevxxtju4ndf7q5ernaw
1m9JLN1bg4WqrRCCunLfhybLaxcRATn3D,3Q1kPyN7tWBHEiAjN58BsAypDagvYvqtHB
3cnjpnKgeFoHr3QuARPmLeJTMZg2oGLeWv,bc1wvtguhes7gcmtyglr03yjpx0cwnwp0y27cj3xyx
12pUFLTd9wE3yrWZp4QFozsSm5,17KZYxykrwMSyckrWVYU2Lrv9oCYJ
1sYnT4SyMA5Gf7iundsa23ujGs7vRZLZ,3JwbWDZ13ANUGfqoM4peE2doLPmuXBsVYy
bc1x4jc4fuvv0rpdkva3upgtksvm29yyhpcat4u5fr,3rmZnVrXqsvH3zSpa2wGrwXWN9MV3M5r6E
15oVs7oriijmibKEEXTVa1t9nPSu,1doHZKKHA3JyjTBno7bftZSFNsE2dk
1mdioN1VpWDLfjWXtzccSxoTi,1qjkrqnCEhPqcpfNJg756kJhfF
1QurtRjpze4VTBeNFiypa98VSaa,1sTPemW2ZhvpxMCrYMYYTM9891tRj2P
bc1e3w44rqw3wslq7me86r60jfvnp0jfrcy6n3jaud,1vauRnckJnobw46JwqWWTEKTeC
3KLS4s6qngpkeGn8nF4DNtfVqfVkXQsJT2,bc1gww2g5w02jz6m346hwzj2n3fsnkvv3s3wxqyq0z
1XryMFzham8DpputWTMTSdCCpY,1cG37rx1FhVwM8hVV59SK2eJpkJ2Xi
1on5mywGSgwMbXz19iHovHCVhnBS3cX,33MdCzoCbdn5A538gzDVCjyYtwjnZnWrhZ
1fiDcfWQNB6EyWRQp2qLmtzor,1zkhMxFHenhsKp8PdVxGkGLLfUwwgD
3cnjpnKgeFoHr3QuARPmLeJTMZg2oGLeWv,bc1j0lgfalzh4e4p7wj46jzzy9c2ry4txspfrv2l0q
bc1vslwvtt7rspwnvrlk4hns7hf7y4t64t23fqaeuk,3cH5gos6XVgXc7vL6e1ZFxNYsim1Rq2vSS
1VFYD6QELNmn1udWN17AvcmV1,1v4VYxE7yXTLGNuPuehy7XXmqcFZe8j
37XChDhYmTi2wR883FLY8jpo9gbdZacrdo,3QVNGQ1xZ2Utkj2jseD9btYGE6eXUoUAxG
3xP6ofLe6fURXfsfvE2ZMfXFH79WU6H68W,1XobuHnY22XmU7cmb73bnPanL
1bN3QQ35Jp8UcJ6eYpZtPHCJyMh5,3scqyF7mAJT7pNLxjv6bNMsnk4bUUrfsML
bc167wavft02ucc4eqzzd8rwgw5qvxhvsvra99lmw3,1mLyNhRZwwDjRQXT9qZFFPGcsWkDDdyENj
bc1g08t573tllucj45m05503y3d2myrlmja8t7exag,37Z5NmZXY6f4kgVBVidTui6ZwZrhxjabAw
1PRhW741aVW5UWfMqq8MFbzidHcb8Y4R,bc1yc6ccg2x4y36luwpje6px39hpakktrw592dp0s6
1kFrxuCncGL94xap5s2dSVXgb7JXbTZ,1AMoACmNTwT5VGLxG2yKzFRi8mQccH4Uv8
1jpp7ECPtvWgWkM9Xn794jgAfC,1BjiRhGCQqbZ6UCF3LUELEx15Z8Q
1Gg8apT2DH3qGkXDMrHXuQd5i,3sCfeKpMMkxrCwXZo6FgBRT2766SN5g2YG
3wtqvm4R4DY4esVFBQpDdRhuHk8f4mYjQg,bc1wndzmpgusz6fyw9xu6nwqfag284vqth4ns60xq0
3Xu8Tee4fyHP3hzCiaNJkaYsG2gWgdZoCg,1bE56gjNeVnfTpwpiPrUPZ8WjLeaKtv5N
1A18wZY7Ds5URLqQT58hsfZ82EvXySoGM,1XG4YvQbkBgUsBTP4VScRxQGJcXYm6VBSx
1mR91tRz5KgQ1zzSNLMSLTDexJFcZU,3ioeg1HRJoD9qt11SmU1P5QMGGxTLPdibP
3LMJS923GWcgcVGFufcrCDFrN4Dyqr93uz,3SA2xEqnzbWz5nePq4EMySnWaE8JpUpZ6V
3tNutSZ8hxbiWjcKa3uA4NhtqcZQSAnhtu,1FnZZug55hNvicZf1GbZ5CChyQq5TnhiHB
3oet3bBjwW5U48fKhxHnjwnVZtZxrANHqL,1UAjThmw3bi2eSZUdDe397RvBo
1RgzYnwgAiUJKXRS5hZQN7drLdQ4HErLCf,1Yhhs6TzqyEg37htQVH9YuyAeqUi
bc14stw3tdhl73hl428apuxuauknv6qfkyft6l0z7j,3G2hcNXGfHbG6iAgupsBdxKaqYBLhKLtca
bc1yzeu973dzv0yxccw3eh2hpunk6hucnp5azl3cpn,19KxLSGqhBZsdquqqsuu7hBBp8Y
3yNtzaLtzHm1LQraxVK8iuuoSUhbuo8xqL,14TQUVwAhWF8GN89jf5UV7PojxUNS
bc1escra2hfnrlpk3q039pgp8lhqmax5jr69v4qmmx,3dgja934muKJWn6cCPNFyCEKiNJTs1pu7m
bc1ehy4jltx56f0kdxj4wzyqvuvn7tqwwyfshkgmm7,3gfB4GAUU6q1A764W7agN21ujSmiKpjCHU
1m8gNwkckR9eL38W2oJ5ViqVGr3FQD,1eaAmq4EdrNYCJHTp7K7bszcqznP699Xt
1FWfUEPvxZsxkor23eFiVK7nJQK,bc1vf4stknm8h7t5yzgkpg654lu589js74ljj9yjsa
bc1llc29rt5r4chn55z095l4n60eqqs7dhpcedwh4k,1h56SykBdBMKpurY4ArdudPrrbC
3CKe7W2cZzmxb4cPUpbJJLhCMWZMyEwpSq,1Yr3VRqkTN7oXzGhKrHHJVEhNeecFmU6
bc1gtancwew60ssj0nyxqduusx89fwek7h7c63a4fn,3Z2f5FXxuJgRRoAhLWNcUAfPMqgQvZ1gua
bc1kunplk2f2e5qxp9h8vuj0tlxuqaxqnssf35gwz0,1Ptb9CpcDUBqeMpagNdAAnzdkiP9
3V6yUqvNRZD9GwaR9LPqVegFpyeVAoAiVv,bc1cwckgym9xqgudy9w65wchcrpq9s8hqej255zmug
1sWVidzTwao1HNrczLtCuQayX,1DPNw9Kf5QcMenc11oRUKYdBUDTcnnwu
1xuiLUiRVwnRbHpfaisCjBJwAHAABAXD,1Y2nFpa6mQh9LV3wj3oPY2sMcpbpZm
1xc38spKstMcwbtvqnVAZDSdHuKnRH,12gxbLqxX51RBVDSuFE6H5fAFcQ6UXP3G
11tNzTmQ7kq3XaXDehcYv5iEGnDB,bc1quj07fvu63heu0g0v4eh6al3aj4zdm9g2w2ug7d
bc1escra2hfnrlpk3q039pgp8lhqmax5jr69v4qmmx,1SvDTLcYFg4zaT3grxYUzDKdn72
bc12e6lrwc937r837zuchl7zgvgkl9arntw6lm6hrz,1voEo6RBRGrc7e6PAWQiY4NC6Md5y
1CNnj3c7wdnmxB1cAf4tFrNrR4gcW,3xsJGg5MxwtragdaFy14eQriRjbixySa6P
bc12x7avvmhdealxq2nt4ns9f52ypzhhue5w3m72n3,1zPuyXxm8u3pzj3Q5Db8XgofmDYV
3cze1pJfw877ZGciCdGVur6RH1mdGjYR15,3fpYw4vEYEQaU1gofMcKnRG45fBHnhXFyh
14WQMfBhrMmZLFomo6Xd9mBVi5pY,11aHM49kZgkcwLdxyDXVHKWV7rsnwV
1G4peh13r9sFrfrSwi2szQ3NPUZkRC,1b186T1M7oBixH87xTNTELqhZ
1t37URjEbkZPRFye6aLbN12faoJyF3v,bc17wxdw682rylhe8zwp7np8g7yhakdpkxeg9ye7cn
158XmHYEQUqbkQAiwcW5TLR6whrJXQkqdn,bc1z95sa7qjnwkjarwtjpv6s00kneccyndgkg8yj4w
3JMhTXw5ByiMev1456ii5s1yWMj7rx8CFv,bc1qrz5l7mekkepwt8akud0dxltvjsu73yaqd2nt9r
bc1qmawh2akarmzudpjude32h3q7l6yswfpm2aaztq,bc18waf8zej23aeha7wgsmukrxcrx2cpksccldfxru
3MiWHEiJcjjNos1uTxMCKFz8uD4njrhCNv,3JqW8SXun6tpkfHhDT1sDzzrAqjLEyJ2ea
1ECxgQ2KDnbBzMWZDTFoWtFwELdqDBEJr9,1oM291ow5KyA4mfeu4difXJQgZJku1HXv
bc19n7qk0c757n9dqcwa8ajj2x8xr25az9kt2m500d,bc1r7guz5zd2lhxyac6zxk8vfvtftqqw67m6yp8jhl
3roD766jwk7Nrxa14YryKNgoXbDPYT9wqV,1W9t2fdaNA6QuZcM64EgnDVzMsDCB1J
1VrRZudzqHx7JZoznLEsujXQDe,1Zy3KsvF3ktxYMfajxTBmEe45Z
1KG2EMa8oFkJdT3f1ZsWxqpawpix8hYL31,3tfDWuG74u8o41jiX9VNuCZZDVidEoRrJy
bc1568xyx6mf535zj4hmee2jex9yt8gzacu3pgcj09,bc1xrdaysqpwecn350utspemeupad27zmn7vyucalv
3Fn2ojad4P2k1bQiNfwNS1bju8bBVU7Uph,3E9ZS1mkmykuRq63vmJUyeybqyZgAQwDCi
1AcEAW8rs7X4z6uhgo6rZHNEVvZK1oU,3aVYXADyVBVmvRnQrF1Vop9hfPGuDesTgf
16idqEouqnoF64tbEUEETZXpXv5vy39EUQ,39DWmCU87WdeZhthKEydUwgGiQqYY4H5yb
1NmPdJARBaXW3ENzPXqB8drgNuBWoScWNf,3buPhJiLNK4GFLWdfwNk4MovTqNk1JvrDq
bc1a5sjfxty254plvrkeyccut46dtmdls5jxyee7tl,bc12m6sgc9mcw9mlgk3kk0rz297cp26tt3vhz475hs
3ydSiViJVaUmfrx5o6QyqR5Ybboe6ADEov,bc1rps3undtjdw7npa9qmf6paeckww8ldggg3k3jt4
3vikrp5vNuCWfRiK4xATuRRzCnDm4JRVNV,1weVRKDnerJYoKrunkUx2dQGp9Ju8
bc144yvccdl40zsqsuej685efx4kxa7xuw3y4unlms,bc1vvxnpyytezrkl3hzqrl2fmnqlrrzmskemrzhwd2
1AzCjgksMLsm12YNokzTbc1Xm,1ZEHFQBykzYZn7buKe8PLRpGmL
bc17anvc783vpddeenz0vpkf6hm8f55gwwzcr47kw0,3vqWqGj164Dce3bZzpeaWg1bPm92i7Gv1x
bc1fw4hu7ruw2j8muxzn78luls986h2lu4q8are8d3,3UZ4LpvRVs1sC9WCuTUPbpDKepiA8XwRy1
133Seye9En1oPJXZwMafv6SqZb5j,176p7gHf3xkUsz9RjVSGH8XGY6GR
1JbG3RhKKMHGoy6DnmYTt4HYuKZPUn1KgD,3Y7jqkCBrX6nd6oPaZaUBURQDCsrLC3Pn8
1mAqkEUjB23o5fRJjsh1qgoqhgABUrF7,159FrRJLbHsWB4WbR2QGmM6636pNCk5jF
bc1dv0p3um0yp59fkq6kutzk6ck0afwlt9tudeljx9,3ZVLh61VWXkmG9LXHas4mWZBWBaGMGFJR8
1z9xRewnLx84H5sqtVePit4ZceBxXRNyD,3VhYdQv7U4rVuXor1mN9fADMg5PsNnYS7G
bc1jqrhszcy8t3pu3lp47txw6xvq5w9cz2vn4tkjut,31dtnbB7d3sebtXFPTqfA1V9Sw88XRHg2o
bc1cvayr09w5a7h38g7f3sd4qev3f05nccezrm4sru,bc15nzvhqml5q9wmchf9sm7ql83scdefu2jhzc33h6
3Lq1iUCg9d12zGCndLNWWY83ZH9nkujBqx,13zinT1VCwBdicg4ZhXrMMckdqJheu9Z
bc1cvayr09w5a7h38g7f3sd4qev3f05nccezrm4sru,1kT9Wr8U4pjmaPrxTkxdHQc4Tk4i
3ZSuZiQepjhnfVvaHZL73v1PtAas6ARsQm,1mc3j7K2nBGXoZ8sw1serN4HA
bc1aumpqwfrthvqdxsudaqcg0ttu3gl4wyhqukrfyd,19vFGFhY2tTnBTrUrj9SFa7BZmpKaXh8
1dyHTH7hNLkDC3bL747P7YSseMZAa,1TYMwfJcyhAeNCc4L8mQcBxSiBzu9hF
bc1jf49vrmk5w3h4gkg6ec0tee0apdg6337mml36vs,bc19dq9a5hg4szs5lyqy63wy4q93txct2y2efs89tt
3faSq2pJDuXysdH4KCkarLWxDZGbDJFw1L,1FrEp5Qf4HSfBvJ1hGuM2TUVS8XsE9cUqD
1RNVSf1uJtuRkPt6MHxyKm9xymQwna,1vrUhBg7qyRWQmKUXVMHi5VPTjgq
3cTDc9P2W6HaeYo3GnzoboqR6XXedubXze,3p6dsRQLWFb85LGosEW4AKmt63ea9eNPM9
1VvBWo1tHhvBmZbPyp3CSjL19hYQL3DjP,1CHgimSdGqsgDHHCdmrsc5jmENDJE
bc1jxrfvcmkv7ffmwz05rckawa9q38e5gsast02wxk,3vpquuTu4rhewfHPparXmvJiJW4MniWdVM
bc13gqwarqshvmr905hp6p8d3twvk5fzplzajq4pr3,3uhHX7j2SDdqGSimSDqk7RLfcQ3h8hdBf9
16ZxrTiZ6edXAhqLawWMFQhtNoTdLXAvK,1TdvwUkTG5hgoij72B8GFK2tqCos
3G6umWXCuz31yMCVMtSc4K5U5oDy3BaBeF,1LMrRtmPDc59dVo9sYyn66KwAHN
1ufdDHkM9tzoShj1mrTH6ABdT5wxsLp7,1q1YuSMPZf2Fom6PPdz6oQLXC
bc1l7duru0nf3hp0u4xfsz97jtf7plquaurreygavx,3Pg2UPN8hY77cuMLvE61QkoY3osF44SHKb
1uXorxFgucfjbp5Ma7f4fiCGw,1QgwNeqCPQx2h5FA5CEQAWSz36
bc19jrmnnc9am66sym5xzxeleaeppuytkdxkgx79rt,bc1c0xhjs0qwctu43fzpujarcs9jqgnlt95llsr4wy
1GnbPvFZBUUVEe5DGTNu5rdvkqUNb,3XoWcDMLVwKbmCCbRRSrEykcJvQhqexyDQ
1YXvp4H3CkFLnyWW1nxYrhLE5V,3rtziFumqYV7LyY38i6xMu6hxwmWK7dCWf
bc1g8ldn23tce2plp9gwhqwgaccjkwa0yl25a4lq3q,1Y2nFpa6mQh9LV3wj3oPY2sMcpbpZm
1fAJTfzV3ADc4jmqLwJ5GyMvwKKWG3dK7,3n5UBLNWwGauH7KV59iSyWT3bndiW1CFSa
1upknsW6FktDnthCLjTWPsT4ps2iP,32xGc1gKH42JTXv7JTNDbgMTm1pTWrCBSq
3nykoYy3xmZWcV9nJM5PABSJHUn6ug85g9,1LCvy7DUHPSR1GEgVfhEU8hVRkrxoBT
3AwFLfEUMuNXJFjrY7RBCpg1sECngqUk35,1ECxgQ2KDnbBzMWZDTFoWtFwELdqDBEJr9
3CtZqaasFvBz3XLvKy2B7g2QFtoiDCp94t,1eFHuMV1XWCyBpzt8BnX8JFrxrAQe5qP
1upknsW6FktDnthCLjTWPsT4ps2iP,135SRcRDWM7gbXJDz4CwmmH7VR8XEZfMQk
3MmuLQPChZALDDrTcTzjimjGPhPuiz2Ywm,3s9x3L12cmc5MXvvDafssFMSBB6kYcH5dm
1BDk9GAgEnRY7dtDu8qM8rFZKujbNaEx4,3kxrHpyu4BJraT1VnHCLVMWPXkHY7rJ6oi
bc1x4jc4fuvv0rpdkva3upgtksvm29yyhpcat4u5fr,1yNgFCygXyQjLu5G9qtKtNjjw
3VvQePcnx2CGaw61MEfdvwM88d3C93eTrZ,1fTk5RzWmYcqEVmBoMzEwRku1ht
bc1jf49vrmk5w3h4gkg6ec0tee0apdg6337mml36vs,bc19uz34m9kawaykut74apnvm0zl582xfrhrj8c7l9
1Kg61jzTkv1pHLkNqLu3SuPG5uPNsihtwz,bc1e395525f2u436529ftkc2m0q9ufplrcxc2lsq80
3dgja934muKJWn6cCPNFyCEKiNJTs1pu7m,bc1ywxyfr69twl8jwt8wt8te6gn9sw2r85uf4tjr29
3We1hcHuotaAEkVWisiXae94ozZogvUEj9,1U346T4W8PGeXeEf46KyXntJ5JrhfPAB
bc1dhydr0d7ptw7mr43ltvxrmw45nqe8yjzcxxm2yu,3G1VGJ5ywwWtFKAvpKxdF8WzvGtkj9tXS7
bc16tcfnhmnsua439yzqly78rjvxkgage2qjfrc33g,1nWSc31eE2TGJ3wELt5uSTbSv8B2
bc1yzeu973dzv0yxccw3eh2hpunk6hucnp5azl3cpn,1qah5w5dxxd3wSxDNvVyZPFkpY
3twfxfRk9XpugrKAtLzZ2i43pWGgHg9m8J,1YGE5mPV1gAZ38PQJLPcyzckUyp4
1mVEZmDDRgeNKUXrxk6eekFkmazSwq5H,3CzUEUL7qySTwkbCseb25FRWgiLGoADFgT
1dVsYzKkQY2VJhkT8TT2zK3RU85t,1yNgFCygXyQjLu5G9qtKtNjjw
bc1kfcp6rmhmh38eef4av7l23qgncm6ak5c3nc7f94,3ARUBH36hYYXBgL3V5fZGn9782no5F2y9u
1v2e6TqkS7BhsAuqDDupk6erNXTcNM6x,3do39oN1NBKTWNQBTuEa7ogJVHgGBCx2At
bc13wvjnq3c2ev6upy7c2cw602l05tehrrgwe72nhn,3sSG8MxWBNegmnf5ubFw8RjqLJkT6o1iJZ
18CrosF56jKWAv5hYn7xggG5cQD1Gp,3Fn2ojad4P2k1bQiNfwNS1bju8bBVU7Uph
3W7HAJB8PZW79y1MeZoQ3QN8jJm7pc78w1,1rcveVA53wDMc7K5oYhoVRQqxX8g
bc1362x5cg4lr92sknt26x0n03szkspvzj7u3ff0ez,35A5oRiSwN4Zi9RYYeQuxu8iHyr3W4AabV
3tiWUusZzue38zUhGdMGM3vrwf4S9YLQtd,1hzpEpu77sG2MWKXK8H9PLHQTFTxD5TaY
1E4bSfsF3SYkn9zEvaampEszX,bc1afvhaap8emrpcsteaugk6nrj0u2dccyt0h6ajrr
1wU5Fn19FqkFFRopU2mcjedfbYe,1f5Q27kbtkQcHTAh3KzS71nRp
1pEpNf6SZEfNyEmwKCoJMWSsHcy,1RPTHX4qXdyvYy79HdSDdTmaE
1S5sqh8tQ4js9uH98igtS4H15X6nYokSyh,3zqZkFteMCkYSzdNERhTjSH1EDLhVTzuy6
1NJFUCpcx4rBe767niGDam2wHBT8zeTb,1daNE3ckCFesCgzKeKk22N29o1SiKzk
188DYJMm1gAkoSULjA7DKgqUS,1fMtCGnKDtxCDy6c7btbdnY8yNoog3mQUS
3mxWd5fWSxRCK6iTU3N1jTZUHTGKf83N44,bc1nm3qlg73m7fvt2kf9c67d8ssrshz33asetaj3y9
3FK7eeg8rUcY6Q27pkq6MoD7SS4f7vwxgu,bc1srlrtcvh8xugzqrxfffz85smqm2ayy007ypfwn5
3hHcxwWiiLYb4zijvt8fVcurNTep3r3KEn,bc1c8h2xpalek8ms95z07pl7y93exsdw9xdnfj7xm0
1PRhW741aVW5UWfMqq8MFbzidHcb8Y4R,1aiuQqHX6QuycqqrQAt7r3mQw6LSA
3Py4DZT2bSgaSDRZNLPHMWtgW2HPvfuM38,bc18jzjms40w27j5m8j4l788uhxt95rpazkl0m4x0k
1SGZ298L2CfoLjzamir5Gq5WgWf,3qz66tWkSvQ5jUR6eeWfHTaQenPti1N8Qy
1n9mZAmchqK6CX3vHHoLJKCJ7C,3H2pSHJw1ocE88TJpEMtRgpKYZov2TbgHC
bc12kc93p4d8xht0zgq420e5cjyfs3hwmmgjpv5zc2,1jFGaSJsXqcJfWPR5s7XrsqScmc1RY92BN
1EGg2CyL5Ho6BLGQdBsQwcWLtvD,1LREDT9kLuBfRM1t5K121kQ9o1T
141YGU3r6oE64qGj3CTDLRntzt5,bc1z9angkcup2jg8ekkghuecgyzzdqnpt5p9cez253
bc10tv0uvdpxdg4xnvcvh8rz7xt4zkhpu6ufmwu9dy,bc1rps3undtjdw7npa9qmf6paeckww8ldggg3k3jt4
3gouCHYZAktNHGKBqPeAzpBLxZuumixSQm,1nPNu7wFuHbKtJsLWbNgC5CAUiy
1aGQ1mqhAEbW8iiDapetaw6AyzmS,bc1t2mgcv9emsndfget8mk9uc7avh423kkdcujuhyx
3D1tr2FkEJuGearwXmaMt1ycKkg5pDaLoH,3ZHt27khLX2dkdx6LT44C92ytJNZPGixGK
1TQEnGciCQhgJ4i9nY65FY8B3k6FN6K,bc1mhhfvfgjd6gxlgwzttcs6497jyjld54f273hgsx
3kxrHpyu4BJraT1VnHCLVMWPXkHY7rJ6oi,1PRhW741aVW5UWfMqq8MFbzidHcb8Y4R
3sejknAV6MYoyKJv6QdekCrVLSMAA1CKWe,3hwpnyUzPN6EQLfErQ91dqa6ps8NLmn234
1T2bfz4ZPbHgo5Wf8YWyoojKd9zyELfL,13SqWELVJbNtZAVbJRxJhKYMBPR
1NTucjywRPRAi3RV3EcDNrVFr2jzZCU,3FLCuYravXkJ7gyKdHDUiA7gfWfogRvbPW
3rmZnVrXqsvH3zSpa2wGrwXWN9MV3M5r6E,1S4T562zRCjoMqbwh3CA9BWFt2j3sof
bc1ydmsts87ckkg7u9cpqqzdjhdke9reedzce3mp5f,bc19dq9a5hg4szs5lyqy63wy4q93txct2y2efs89tt
19ptZ5NWkpxNkEzXyqcZMEqWMxt,1YagVBzqwCMFGaksZmpqM2zztAD1u613h
1f6qYXcBY8HYp6C8VDSeehzfes9iD99A,1B6apcuAj6ZUjAP5Kov8FBMuJforhHx
1XG4YvQbkBgUsBTP4VScRxQGJcXYm6VBSx,3R4NLwmnvimc7JGUBtghGGtHGQSn8HQULW
bc1uvu5xhnav3xmek7ml2ky9s57rvhhu668qnxl4qa,bc1a2vjz36m5hj72sp8p2akm0fxvqw7wle2ykskqg8
bc1d9nr2mdmq6ztw9suja9whyhmh6ek7y50az8ayav,3GR4ezDH19Ewx7f3759wFYQJQRQCzj8MEa
1hnA615afDHFugxsQkUp9uLu4,1pzBLoHPzJgY7HPoJ1zWW6E8g
3xq4bNQsTtJsvJhR6gykLbM19itzxQexsa,188DYJMm1gAkoSULjA7DKgqUS
1n9mZAmchqK6CX3vHHoLJKCJ7C,bc1g8tvgv6qaf3fecl0cph9htxggxs9p0hdj80vt3s
3ArTcBaKAZUHHbxRKTvVUyzGEUVmbtcvSN,bc1scugrmuu4medzkjjw9wruhhnem5xzcmtpx9j8z4
bc14gumndd2d96a2m0w3qw7c7xsnd8egvvy5c2fr5n,3eEP3kB2C8xD2C21mkY14H3YbLRLXtGJLy
bc16py8ga7p08zqx0qhnqu0nj37nvt3ffpg6nudnlm,33uXdx8MD2MhtrzfyJgwBpZ8swHcUxqYVN
3GSSquruoGcnXSmDgpkFwphrFDyB3KuQ7m,1zYo7s8Mnb1G8R74SMbTDcjufJe
1nN5QqJcj9bojwqh3C649RErNbmUjywJd,1Zyig1ceCStK9J8LUq2PwFtZHUwF7ak
bc19utyyjwzvzpr3a8fsyx6dx7rjg6n8uf0evklfdy,3UMAsV4XDdvoHTf68xr2zdMs1aU7J1dYSQ
3sTi6Pjnt5Ww6mGVrkrjuw4MEW9WiqoC8F,1Ki5gPG3w7s2egDDJucjSccoVsKx9p
bc12au8ax9g58lm2qjsffxsq2gh49lqevc3l7eekvn,3vu3xpZGjz2W9QJxkYgywJkzdvd1RkPjNs
1eDPxWf4PWqgLWu2EmXYLKBWUjST,3oX47eJuhfPUyoy3dbs22PKtN6sUNFD1Jw
12DJaGikzQcALArKNsVAXBu1wLJE,bc177rymrhjdrvz8ytqzwdqudpsn7n67qdunm9hhpg
bc1r87lwsvn4yekwv495vna2ag74lu49ueut7qmckp,1XRs4CpXbBwWWtpZMBYCHZBgK8
bc174j5zkqjtqdwddtgag98jssxpvp8k9n3gsgyydm,3uwoyErZVKtN92E6WLDCQLNdSWvy6KMrkR
1da7cRzhBB6Dx8QCqM1KaxhAnAXTC1Qab,3gMvqgd5LD74fMCVUX3uEmvYBNUV37EE1v
3ShxosyGoCJ1qLDkNtQzVvKGtMat3tVGkz,1mdioN1VpWDLfjWXtzccSxoTi
1dQ6u9T3Jf7BmznyEWkijZaA13czr,1avPCUYjq5WNjrzJJNcA1WZGhS
1LREDT9kLuBfRM1t5K121kQ9o1T,1CFZYcM8Gex823KqS4rZU4K3tHQ
1QkjrWw4fyXZeqrjv9Eau5zANmCF,1bZ9MwD5XriFshP3WCPxVpRe4rU
3YMvfKxdTMmcYq1v556L2ALZbi3A1agWUt,1j8gxLT6d3onFNWZT4hmLHrHY5Mob
17WWsxwmAbsYTDvmeqcE85Rs8p,bc1akn4v3pp97v5j9jwd7nwzdu3ve5llw77mtul3xg
bc1msvthtwhajg2wjuegcu57t8t0mvans7zxgz2t3a,bc1t2mgcv9emsndfget8mk9uc7avh423kkdcujuhyx
1uFk5M5xaMXoxdPshuu8s4EYrU6Karc3m,1D5dWochGeXGB487TThVK9y2yH8S161
1GfKDxLv8vc11BZhVP5seYtpS8yNbPqp,1eaAmq4EdrNYCJHTp7K7bszcqznP699Xt
1qTBsRRJQVZ5atXhbaaPyA3me15zMo,1iy6AKQBWsMD3tQCX1tQqUYF4WhXk4hd
bc1w5eh3etzvmarjz9dl0y6znspm7hpv8qpe43a49l,3AVnMn71bEVEzZnAoiJnfSWYHQjFvL2Psv
1XryMFzham8DpputWTMTSdCCpY,1jcr9J7yMQb4fo1Z4RLbkgxeq
bc1llc29rt5r4chn55z095l4n60eqqs7dhpcedwh4k,1hVxLXcevxdVtVZTCD7kSDmeHP1P
bc1w7eyt4vj3a2rfj8x8cmn6dqz70t4j406jagnlnz,1ZGbSdXm4w5VgDLqoq6c1qzej9q7
bc108n4skk8lfvvr0lj6dygdj4n2kgqhl0hu336uud,1kjcCRomsHVBYtW2tsMh4GBZ5Am7Hv
1Pkx3wtjRHtKMAHVDAwGc7EH6ZWAb3,bc1z0zccy03gmdx3hxfl5wsr82j88z58umz84xyaj0
bc10kfr3uyd3n930lkul4ywcyvv9qk6aj9ul7juluz,3o7jwvZrs6sSpQcyHh6Ah7Y4sR2gA11wkY
3EnZqV8KqxUkCn7ZfAvA3SfQm1LDHh4swQ,1hPFJtMKiKafRCJQtyJf47Bm1
1u6Zi4o8X4Q6EZD6ctwA6rsfN76qD,1kFrxuCncGL94xap5s2dSVXgb7JXbTZ
1iy6AKQBWsMD3tQCX1tQqUYF4WhXk4hd,1fXhFNc5vDVt5o4ZwRNipG35Jwx6jXB
3Rw2MrnT7XK1gP6MrBGGxLBRRkNQTaygpi,1yKb2XAdtQzfMtrm4PL2gVXs1X
1BcmnfT9FQoKmtg3Qa42mgPYSJEuzaENf,bc1a2gnxgyfavf9gg9qnqh8l77dpwqd5g89r7axtse
3L7p4R8SRVbEK2SnFss5aJsfuBnHVYrwhj,3kxQE4ZeYuNeddJzQw4hPuLHWaKqADyZzK
1vuXhNy568p5ZSxEGKohjKG5C,1V4A7BcefygqwTHFAaASto3yHKjwtC92
3xkgcaTfHDjxzCqKM7QH11KAuGhkJZzwUX,bc1vy33jfc7zaghkt0jxtrkjsw6xykfjfw5dspstpr
1JRjN976nSFjMMaAyfHHpm6iV,1oQ3q5yoEQ9Qq6rk5hG7nWXpa
1mR91tRz5KgQ1zzSNLMSLTDexJFcZU,17HqfLuxbmjTWnDHqrQR4rpfxFBXEQY
bc1jfms8qahne628ytz0te3vfk84am83z26ug0gl06,34YWa9LX7Ca6WoTWT4ToiPpka3L4zw5w2Q
3xwhMqG6yRpndKuPRUmwjFcwHiJ2wqq7mx,1PEeF9KGmq3EmXhAw7op6jvb3MtQSy
3Lq1iUCg9d12zGCndLNWWY83ZH9nkujBqx,1XobuHnY22XmU7cmb73bnPanL
bc1xwuwq5tk8n6fxf3l8yjr0pxszerdee3jka2gg2c,3tfDWuG74u8o41jiX9VNuCZZDVidEoRrJy
1UAjThmw3bi2eSZUdDe397RvBo,1grHZEyti4vAruaPMEzzz7b7XZmz
3HM8Z5WE8GsmELvFX3ecfQ694LPP7qxJad,bc1uqkr6h26r9scapsvexp03wjf70urzgrrv3er0cz
bc19dq9a5hg4szs5lyqy63wy4q93txct2y2efs89tt,339FS7DAGuoySHsUGGY7mMdeqmxN5u9Wwv
bc1wsnm2ae638z4jkvr5mz8g2l0tzslk6mff9lg6gd,bc19tyrvxn0gwq4h256dmfj9et2cmxemyqmxlhuhyu
1uZf9sBiRJmSd78CdFTrY1tEbUQ,1Q2vPXEfQzZ3JcdsJH7apVnuiEvSED
3mqQrudrGHAgEE92oKVzRuCG2nHYe3in4t,14Wmv2D1NMbYcQ1brm2y7zaApTd
1iQi8NGP2pV1YUxoqD2Ty7rjppBPuXmBEA,36RktpYhRsSbd4ZENisu31rtLfmQBJNX1T
bc1p59mmmz08lp85v8wewmwr05rd3qznnfsx47tp8w,1Y2tFAXpTNeiT9Wqd2RuefRtEyv39gV
3XLcofvAnEqJYrUe1UXVn3PLJ1WzoNax3K,1faTzghVkSw5BKQmrWTXucxMUA
3wnwQg29zGW4kw9jXASfevCMxr8E8XGtZ3,1kXUokQHk3am8XEWiY9cmUTvZB8VRg
3XxUCcbs21oJPgV3iRE8P1q2amuNqWgiHr,1PUijsgUpRCLaQuLQAXg8upxAkTzP
11swyoj9mSjWqPxdXXZWYMJQSjE,3sSMfAHi4w5sp7RY8pNhLdUYrjxQWK2vyz
bc1cktaxycun59tj3zqpq5ewv6vwkvh48n78zlgtgn,bc12au8ax9g58lm2qjsffxsq2gh49lqevc3l7eekvn
1e2F54yiShgjovB2ZDiR4G843rgD2MnDNX,3GMqDxGTfdzhkdEZAGJ667i4MBcFAojQSN
3yxzXMLH8rK4teiT85Cv34S661aRAzev2o,11keX3uCPLQX5kRi2C3sdwzZHX6Qk
1S5d2LJ9MziMUfAHZeiDqwK2wc2p1By7aP,13fCEMHQDwuqA3LkaNGL1TasYa3ac
1zGyPAvCNdygL8qpTTsrVPun3ttkzsM,bc15u0jsgzy8c2csg7qj7xydqx7ejlaespgx5t2zns
bc140erfx7w788az39nff3nts0zcpqw2rculx3t5g6,1RtNaT74dacUC7gXQs9zLztz9sB5L
3UpHeM4qcLyK9yP8nozU6bHuAdbVzzLWP6,1Vk3ZVFjRV4SDpzzFdiBJx5EYcSK1
3ChtsiQUeLQLtheNJJDoh9vF6Fbyafn5ij,1vxmfYUXVvXCo5ooZoBpUfPJREmYWU2
176p7gHf3xkUsz9RjVSGH8XGY6GR,3HkJzwDVYTo4dcQLfE5nZjN6S9AZPxL56Q
1czS93pCNkr74xvsp1h7T2DYCXGVj9,3cxegXQEcW8UVYxHnyPoRpQYMfkaJDpzen
1idTezbXNCj8zDo3bccugXDDh2Ab,1KKPhkDChf7v9f9BruyB4VkyYB2eS
1koPXYfswKgTyaGnc5gu27BonrkwEpdZ,3SgSVmMZgVSHrjq5s4G3oB8ekXZZ2DwetA
1G8YB9wSACvQmPqMNrJpztaVxGtpeRxB,3P7ETBCceZp4zh9eCrHGS4Rr1zYzWGdcmV
bc144yvccdl40zsqsuej685efx4kxa7xuw3y4unlms,1kbcEHa67db3ytpCS6wcJUmX98Ritm
1CHgimSdGqsgDHHCdmrsc5jmENDJE,bc1f2fkpj8c874q34r76ayrt3zag9tlguduegm54p0
3MTW7TC7iHjf9jX89guAbDsvU6QpimH3jP,1QgwNeqCPQx2h5FA5CEQAWSz36
3PArvwuekZ63aUwiAnvRq8oWJT58sYBhWf,bc1rmmvavlgz68xua5ucdpm670d6ku66kstn6hwqp5
15NzVthds1sjgmfwz5rw2fKELoFi,1FB9m5xdTZagtezKyKSUdobM5T3
bc1djs0hqr0d5prcdur8aflynp0473a6tfpycrand0,3jxNNJ2ec6jrU6VfiuJvqApNURkZLTXG2Z
3m3dLAxgcZzQ5PTdR38781qfSidfD9a7ht,bc1guaaeupvzr8qg5ayt5xp0cdel48tt8t3sygxjws
1KQgjBMwj2RpDRHVsGDtmCxeqcKnvxEMF,bc14gumndd2d96a2m0w3qw7c7xsnd8egvvy5c2fr5n
1KyHYBeXo27sot9FKSgAEYmGdC,bc1rdnswqgkd608kmuvl0m9vt2zekyhmmetqe3r5rm
bc194d9kuzjadr7ah7d822m02chcs0dx9exxh48d0k,3cTpBtUFqU32j5QzxFQ4Mm5wdm4FoJZxiE
1vJznXX2WBFmKVAb9mX1eFW2FMKxy,bc13pxuxdahp8ffgxrf4kdh44e3q3u72kymvjpu55l
3eEP3kB2C8xD2C21mkY14H3YbLRLXtGJLy,1FWT5hkPkrQ17vKkV4YFx9pqA26
32ogMShFrvNks9KjqtpP1vDNyxemtArhhc,1WufsxieYp9tjVpqB1WH13hSNELx6Bf
1T8t882hbcwNGJDbhS6JyeM1sbEfUq,bc174m0ecnewnfngmtvqzyp984rnm9k5z9t63l0hhj
3YvqQ8jQYuNz3VjYrXk5tts91Dq6zV7TTg,38p2ZjzE8yGGAaSLbKsb849yQ5TbH41BmG
bc1s8sl8wls4vexpu7fectqaef76pjs6t9upq8xngr,1ByYynn7kPesdYpDGaokAEjNu6BBs
3BvPE3sFQW4ZwPEKMpEJ2TNdg8Htb2dRFY,3dX3hCrwnoWdY3M6UrrzB6SQH7QLoY4nX5
1HAyqfP8UbxFC7yAEoMsUS2J1u,1KMxuVqgKkcyGSJRApaiq2Q91Q8ZK
118WwHz8YoLksUqppg9YCVaG2,3WnYurwGfAwGXCKyu7SYu11UnvUVj1RfSy
bc1fydenj2cra6rg6x4qzmj32tv2sraqafqkdxy6dw,bc1dh7xkw7vrgtlzj3w64yhn96nma4d2c8jkv3c535
1hnsxcEFwXz3kFUyNwfWMbnLMT6gkS,3RZ6d5arUwyz8EbgdVGMzDzL3iB2t82wHy
3XNqSwKQ6tUjoeRP5M25MoWCb1QdoPK4N6,13kZbb7rFFDkexFf4LPCMJPC1C
bc1nvr6nq372wsmf9wxcu2txazhm09c5c8rpz7qyzx,1DShBVWRFdkuNgrnaFdt9mTLKtLUXx8CYp
1iUGaYpZqrpmroTPPuJoPixBF,3UpHeM4qcLyK9yP8nozU6bHuAdbVzzLWP6
3ZtvR1pKGUKkJXFvEbHkAQRDt6xXiEtEHh,1RNVSf1uJtuRkPt6MHxyKm9xymQwna
3ysxHJGUqinDRt6rLu3rcCXcSC1eQgiMu7,3GCzuPfvA574dkFCKkKoMPBXL9qp7EYN8b
1da7cRzhBB6Dx8QCqM1KaxhAnAXTC1Qab,3rdub59shg8tJJen1UsDtbX3rWhquYkVHS
1rL39pt3sLBsPibrDHWsa7j21v,bc1e395525f2u436529ftkc2m0q9ufplrcxc2lsq80
3iagJMBp7abW5DKxjh6xESsQ4Jvtzu5rDY,1JQaACdwcLc2io6humZeXNCAY
36EjEUcQyL1cQ4RH1D2kURi6xPjP3HZDzH,14VKrkq4GA9HJkMVNmkDswWretcU
16MmFgJazEccvHCZKkRSfN54V29,3W2W483A8rqaHFB7Fek4N1TogPYQXxwMci
3sGyfhDkVmWb2KUUperDS1Kd3bcjYKmpE4,1vqT7PvSsx4Qz3GLYgkXenoG8L
12DJaGikzQcALArKNsVAXBu1wLJE,1DhxuGsMWgTMN9xGjWZyuo6CzLXc
3emxoHh3xbQ6MUsUX9VRHzbPwRLrgoLB3P,3QAaNKK5Vht9Gj7NWFJkVYBfGbJF4JCVRn
33F4396Z9vpr5zhR8SeUrqskViZF8uDQ7w,1Em54MNp5NmBi5bzNe2bpi3MidvsqyLCqU
1dVsYzKkQY2VJhkT8TT2zK3RU85t,bc1d9nr2mdmq6ztw9suja9whyhmh6ek7y50az8ayav
3ctoU3p2ECAmzGobRx5tUP4iTk9ie95Nk7,bc1grv9y5s7lh4t3h565e9yqm7lzq8e2fvfgehkhra
188DYJMm1gAkoSULjA7DKgqUS,1w6of5GfTChG8yutkGXw2sgQZh
17DR1GkmqFr7qf3JXmMHPNwTfs7K,199MS989giCdPRoe6z35ZfjqNpFBfNM
bc1ehy4jltx56f0kdxj4wzyqvuvn7tqwwyfshkgmm7,1QjhaQySteV9owMQt2p2agSzXeS6qb9Q
11GYHqXvrLViePy2XNrtEYGLZ8Q,1Xxvhjs4zuw8dmiuUnnoDm6oQdns2bSH
1NbBT5TNhE26ShzTxXZsPJ5rm,1tLybBw59YwW16BgMGGSBAGo7iJdaC3S
1mVEZmDDRgeNKUXrxk6eekFkmazSwq5H,1kWCw3G1HEJFbGye6DuUcWjiyDgLgo
1TwWHG4hrCKuDMwJtcerCzKeu,3ytnG4g3x8HQiZnSUGNvpTmSCGC65T89jX
1Ybg67EGpQaC8SN2wKmrNNmxBfR5Ngbv4,39DWmCU87WdeZhthKEydUwgGiQqYY4H5yb
3sSkUnb4E7RRZWnUq8CbkdPUmYVq3sZ7uB,bc1989hk8g3hwt0z7yqw6w37w4nx9empd3uspgzm0m
1CEqRGDKsNhUbr2oLkeB2m2QXLk45rhg7,bc1jf49vrmk5w3h4gkg6ec0tee0apdg6337mml36vs
1HRkWgwXnu2z9iyJVQmaKLTZLzNqeL1WVf,3Ejowio9WmPw7ofxoAGfKANvanYo9LcJym
3rK2dVYPACiWHEBac8Zg3B6z9poKAEhioH,3cze1pJfw877ZGciCdGVur6RH1mdGjYR15
bc167w3v4er8jp5g687axkd49335jx28f83vynv6vg,1YxEobWyv6detvkeh8rXjGmsdAbU
1wNwYL4BhPESshypkJWjuDatJk9MPGMfii,3nDhrFtUxmRjq7bkaRtAguSkCYhgsEHk3t
3n5BX3RoTWXvCDXJs9GuthM4DNmaK2jnUe,1qgpKyvzd8bjE5aw9wGc9mVodo
1r6rVzbqHjjFKatb9a1y3Um2XUopTEZ1j,1KSgnekGzTsviu4fwni65jouhPpiCs
bc1z7s5xz9luwgg965dna45fsxd8shzpldr5k33gl8,3TYndC6Y9oDBWpWTzFT6pY55byjy3vtn3v
1G4peh13r9sFrfrSwi2szQ3NPUZkRC,1nZMDysWemm5zopJZVirm7BGhj
3CzakdY9SEE12gwZqvkkqCh5i4VRcttRui,3u4KBcGEMftCCcgDe5BJo9WdChDdE9VRat
13RmSoeGGEwL2MG8T4ALEP7L7uSsU6,1zUuDcL4224xuUSNzovSZaqPMAgscBK
1nMkKyC9cN6zfwZuZ2ogfoC4YYDzJVTd3y,38AoKjREwyXND61aCMgWUNghU2BdcPBkBY
3GkZAQnCQUs8wKwcjsgn51s4rKuC9DqNua,bc13mcj3jja883flnq8xrlghestwrl34r0eae35unp
32aDjWaDD3e4We5eZzRvArpWZQvjdYGCKz,1gzRGPYvQV8nbwgdKEkGW7fvhipJE
19rU1yk3BXnTjQHLBJTwPsdpfQSdv1mBT,1dehQZDDAykuUfNtEy2LE7Norku
3VvQePcnx2CGaw61MEfdvwM88d3C93eTrZ,1wZ6tZUtSTq4KyTugxtqiyKazN5v
1hoMDJcgioFsaWVQdF8bqGjqZu99,3Bu4wNNKJNdZygffknPsLKDimq7a12SP7s
1yYs4VY1twFsLpSrY9uS1A23JP8AGh7,19rU1yk3BXnTjQHLBJTwPsdpfQSdv1mBT
3zQDNrBR4sVmDMBh8fSuRPR5fGViYTpVtG,1hnsxcEFwXz3kFUyNwfWMbnLMT6gkS
1on5mywGSgwMbXz19iHovHCVhnBS3cX,3GkZAQnCQUs8wKwcjsgn51s4rKuC9DqNua
3V8TsGN4qiUGZtCCm3XhW4Ft7FPauZBWUF,1csoC6wyVXd8zfNXa1yxPcSP8P8iQ1B
3HpY7cSn2byrdMo3Hu4dcnBSW4RHqCN46c,1ygkZLzFNZXWU1GQSviXYyJhqSi8dK5q
1nCsLPMiPLLgU1wy5aD4hZBhPD5,3GcHbC4J7DtmsJcoxhFf3Qd3sQAEKnpqVj
1Yr3VRqkTN7oXzGhKrHHJVEhNeecFmU6,3PgzQbGPvMTD8Hgz9Y9QZSpirUQW9Utx9y
1owG12zqhViUKTzd4Kg3qWdEXTVNGR,1RZHUCSh41xbEsdKkG6jEnbq2nU
3Nq3SW1a8sV1aw3dDhLG4ApHszWvcttH4V,1ab72cokDcwiVa5LWPUuEyv5nDboJE7A1p
1RqV52mHGYATkmY77mpNp3iYz6qkJzTM,3H6FHvkY5s63X4XRbZtQdTzkmn69ELFoPa
bc1vyldfx6da9666zrqxgcc0ds333xxr3wqftulfr8,3Fn2ojad4P2k1bQiNfwNS1bju8bBVU7Uph
3StaN3PHhKZ2tMvMkRkL7ywiSXdDHKTtte,1qHgxf9N6VTG2p7bp6tx8PqGCX
bc1adcldynhf00jeyf3u9h8y3cmv4jy0dtl8vvykry,1ygry6hxAYMGPy3pZM1MkjoKq
1HSequn1dQCvZDeaBkpLErVPtGQMG8WM,3fBy2doXpVMBocQBLgFstewPcmWrnEaWo3
bc1x4jc4fuvv0rpdkva3upgtksvm29yyhpcat4u5fr,1H3n4mLDmN4hRhcvhDVGUVE6LEoqvnFs
1yHRbPcVjDJ3fHeeHhyz6a38nsE,1SkQExarAshvA7vMBVCtVHKKAb1u1Uk2
3gXr2LjSdC6i5bYne3666MDN6XcapN8s8h,3GRkf2gVNKpUN499GMXGoQojqhC8JHdtS7
bc1ehflqkjldf6ejzez3pk4tjjpqa0aze5u2dzuz7r,1pQpqLGmx6rV5CwMu6iSjVuLsFvbJ7WMW9
1mStU6wuAyp8xooLwZhKPns6fn,1tZBg9ZNL27m3ev2ixgB4aDJ2SUA7B5
3UmTFSLA7oXL6wHJzENXaPmVqsBnkoHLgh,1gQksDqgyrgrUCMaswkoT6C5KFrArWwX
3bLoBQsm34QXHsCn9eiu663qyBgZKnkSC6,38W7HQan4DjboiLmPtA52fNEBmUGLG74Bz
13RmSoeGGEwL2MG8T4ALEP7L7uSsU6,bc1xsjurheezkwwurpl8z40y5lpdpzzcc07lr7mchs
bc1cktaxycun59tj3zqpq5ewv6vwkvh48n78zlgtgn,3ShwrB3MyYd8F4z5mZ9BhmX6z8iGqCFQsb
32T6WYccoPGfUcgkY2wn5zo7F8BeyU8VNQ,16D3Zt7pGcj7Nddr8oFxiqiG8WGB
3EL8pKMwsTwCenWKBQUj1sXcDC8YNWz7NS,1mCJ5exvyLhjiEVWPc8Hd2sBANpERrY
16aEukaSdiRZ2e8zSz3288AKYG7wnJ,1Ptb9CpcDUBqeMpagNdAAnzdkiP9
1wUWQ7LejV6XsNDf9rYyM2mknqVbqN,bc1gh3097vd7gjcq7rx6kuf8epnvn7l3c6gjur4cc9
1fGvaRUsH2ZKdbP7gr9rxNU4v,3f5opAtiDLNBrRW89MGG8ApdQz8JKu7eG8
3VKqXLhEsUWrd3eHYu2cNThy47rgKFRqD9,1ttzpiVBruUKu4VB6S1Rwcbw7Htacp
1NRgJ2nx5bcehL4BmRPUUCU34qhE,1DPNw9Kf5QcMenc11oRUKYdBUDTcnnwu
1FB9m5xdTZagtezKyKSUdobM5T3,bc1urz6zqarhn35se4mxc3rm7tewa5ev7esg4fua4q
1aJtmWXQKDU7H7gWyZKNEhNivyEHF,bc100ycle5fm6galgulsvzkslc4n88re68w3rgtvn6
bc1ljumhp68t892k5xl9d322gkmczxydgzvfurz4tl,3DBa98j2EhsBjUL5cAMHNFSoWVdKZQzjhj
1CmV58YotkwFBYWNfSsZs1Daeda,1gzMZyDNCvvRTTdWBCY9YK965NRb48QZn
1NTucjywRPRAi3RV3EcDNrVFr2jzZCU,bc1mwjed8337pvag9th63rnh8w9c9m9j685fc6p6kw
1tm3X1F87zx8aMz77aiKG5yHXA,17KZYxykrwMSyckrWVYU2Lrv9oCYJ
1SGZ298L2CfoLjzamir5Gq5WgWf,bc1vg6x25q6vq2xtcuj76lel09qnh6twjw3l5zmws8
1bZj5GeQCNDv1mqr9RiAKp178W,bc194d9kuzjadr7ah7d822m02chcs0dx9exxh48d0k
17BtMfDsZic1KX9y7P5WRA9suWU5VY,1LREDT9kLuBfRM1t5K121kQ9o1T
bc1grv9y5s7lh4t3h565e9yqm7lzq8e2fvfgehkhra,1pgaubJja54mMpRssEeb1nPJ3Y9WD3jP
37Rddsjt3h4TXPtMuX3Ak7fCwsjjV7sDrY,bc1yds7uwyw5vqje8d4p0g7gjz70yacdkc7xuggv0d
36B7ZgJgNXrze6ykUVhtC4M3b9vkjY7Na9,1mZ3ktktAzMiyziFaHyUXsvd5xLLA7UA
3yTrr6bbRA3xEftot9NX5TT2b1S6LAiYBS,12DJaGikzQcALArKNsVAXBu1wLJE
bc16py8ga7p08zqx0qhnqu0nj37nvt3ffpg6nudnlm,35VboDPPEewJB5FRraH1Cgcifbz2EMMgf7
1mdioN1VpWDLfjWXtzccSxoTi,3YvqQ8jQYuNz3VjYrXk5tts91Dq6zV7TTg
1fiDcfWQNB6EyWRQp2qLmtzor,bc1j68vvv230cmlvtv6svhgt3cnp5alpm5exyxcjfz
1JRjN976nSFjMMaAyfHHpm6iV,bc1yztmagucjthmqzza4cnt94qtaqdwg2a4c0zwcth
3cfYG1w2osk3ryBJrqJbb6UTihBgTA5arh,1HSequn1dQCvZDeaBkpLErVPtGQMG8WM
3C9vn4gP4Wsxor4Ju7CemtCwjkzdcNAvtm,bc1hjuvhsew97m7p0gx6ey6ljp60ljksmk6fkhmgrv
3ypwKuTFaMnhrnZfY2DVYyjPb2LTSJEGJ7,1vauRnckJnobw46JwqWWTEKTeC
bc1vj44qdfd2hjwc8fv5ksr0zm5p0drrnfgzjxss37,1GuQsvXMpm4y9gcXbx676QwiatnrjHhrq
1YK1q4tLE3brjktshU1N5zj1Yd2Dh,3gTqwWfMVZuGBNrhajQp7mn3gaXoz1JTFc
bc13dx94kdxwpw7jx4q7uazl6ctpamf6v4rndz0vcc,3n5BX3RoTWXvCDXJs9GuthM4DNmaK2jnUe
11cGbeXSqVezdemb26sL1ePdV,1hoMDJcgioFsaWVQdF8bqGjqZu99
3L9HgP9rVRKmEwkGn12Kp6hDyv7Dgekndk,1KhdbXVxSMJ7cY5C6Z2k6fxiJw
3xTPP3a5cSmEmABXDs4dDfignPZxS3FfkE,3bKLPmwJu57uxFKv7USupVsBdABLnJFcEe
1zT4rxxFqV33MQMnpVBa53APeUKrv,bc1t6t0fc3kcd3av8hv46stltr74hw392t4ac8c0q9
3eMiVZ1Sm3RNfudsaxcYmvfbTbRApqE7Ys,1bwBiepZsUVCdsDB7xZkk9erXSLfvMgp
bc1u3cuj3sj65lhzd8t0pkvul9tjzg87yfjkq0xrnj,bc1qrz5l7mekkepwt8akud0dxltvjsu73yaqd2nt9r
1MfEH5CVLfh9ZoxAKnieHMgLUSmV7e,bc1vy33jfc7zaghkt0jxtrkjsw6xykfjfw5dspstpr
3UsPc3A3dBVfeGsxLX45sy6m5jGVQPuyAN,bc1568xyx6mf535zj4hmee2jex9yt8gzacu3pgcj09
34KBZiDi1bynYCQ7LKDGY6sq8JQxgahe13,bc1xnsc637a27x3ykqmlqk6vpekjqz3sqdmc2kglk2
1Lt8fAbiD2iqUozdoQBdPb4kGrV,1CHgimSdGqsgDHHCdmrsc5jmENDJE
3swRP2FgtCycgBVHM5rEfu2RG1tETYVWTv,bc1nqel340yfxm7nd3uqns88qjsw7dywkyaexue790
bc1uakn33527fpenhwkkjnznjewvv2m8txghwkd9vq,3BAa1kivgrFVViLnPWcx2GETRxvpT2KekE
17KSCoY99Vb4ZgxcitNfWAjhB,bc196mnc0v7crt2ptu4c4ggkv03sv4v9nw8hvymxgh
1nCsLPMiPLLgU1wy5aD4hZBhPD5,bc1q936g56cl5t8u97ye60kpgxsk0pywh4y36eaqke
1SSC6rJeGn7hNGyaymPdfZ1aw,3kShV9Nx6avedXs3ZoNs4eqfKZkHLYFrDG
1ZEHFQBykzYZn7buKe8PLRpGmL,1mqft6LdgmSuMeXcgjWiH3NWDy
1dVsYzKkQY2VJhkT8TT2zK3RU85t,bc1msvthtwhajg2wjuegcu57t8t0mvans7zxgz2t3a
13RmSoeGGEwL2MG8T4ALEP7L7uSsU6,bc1ukksvx2qlx8p0xfemac34gxmcx36tugxxreef7a
1DocL6KoQeCHwdna1ZZNmbPfo4ufYqanFm,13zinT1VCwBdicg4ZhXrMMckdqJheu9Z
1eFHuMV1XWCyBpzt8BnX8JFrxrAQe5qP,1yQDPRb5Z4wUMcfoio1WPyf8t3BAVL
36ynHL2ojEmddqSdJiSpD9VFtiAA6EJ1PW,bc1taqquerpfs0dqtscea8leznylhtcsx0sf0ufuqe
1BXHmSFaU8qt1HJudbRTc5rzEG1hpv,3P6do4ovpD3uZWWjaukW2D9dwhXmrRq6Ey
14pUsnfpv2zvZ155FQc4WntiYhkU,bc1362x5cg4lr92sknt26x0n03szkspvzj7u3ff0ez
3We1hcHuotaAEkVWisiXae94ozZogvUEj9,bc19vcjzptweyp2v6dcgkdv45jx9026xsh85g8ymsa
3JLNQK21jfy1xAw3QVoH8CvbqyYSBwZbsF,bc142ze5yxf8jvhwunkz64f6v9h8efxd8zudtue6cr
1QhkxdR2APwfxpFvhpLTGGzTGiB6od2,1j7m3TffACPAZtxi2mCFSypPZi
3MwFmqtsVpUqBHVPVZRnKPNUT1LuZceBuE,1S4TqjKRQjqebWxWaibBoh1aTWjJ
1YGE5mPV1gAZ38PQJLPcyzckUyp4,3nTa881ZbDkYBNmYq2gDZstY1EnMJARkes
bc1c2n9fp5rl36yqx24gt30se5hwsuj6y3axwlm5n9,1VQ3pHyxNspA1iXyP9bXDxMax
3r7f29VYMHrrmNcn16LJgQ9L3UwoL81uou,36xZTxKehkp1VmSbzhMatBCbHv82MUP511
1qpXuzegLFFVT6SFPNP32ZiEUMedmhhEb,1zdbVidQwbqir4VGYnic7SUUwzRupYJCt
13RmSoeGGEwL2MG8T4ALEP7L7uSsU6,1fkx7Gg6Pkrrt1xP744Ks2fYxtPYfZV
1KtUdG7VYdLUsf3VTn8gpGrtA6MKVWEdQ,1oxRZyDNyfhrRWZnM1zk6Wm3CUNLUKA
bc1de3yvw2vjwlmuxwpyr5x45x0p02dym90l9w0wce,1AE17YNEmnGq81Kg4znjDaw3UV1rgarE
1vp5qoe5byuUqTh7nJBZUEQPM5vE5J,1SkQExarAshvA7vMBVCtVHKKAb1u1Uk2
bc1cqu7r7qmmxpwxcjrlsjs9x7htldxzs0s7qvd7rt,1N2ERtQ6s8yDvA3WdgPb3gZTbBna
3JMhTXw5ByiMev1456ii5s1yWMj7rx8CFv,1YEp4mUyQj7LqUYpQQGK6r3KG2W
bc1srlrtcvh8xugzqrxfffz85smqm2ayy007ypfwn5,bc1edqf954dryfhemtlzwdx28m2ale3j2xy25l8j86
3mxWd5fWSxRCK6iTU3N1jTZUHTGKf83N44,3Sgdf5Bpj4pU3m9PZwyHWX7ycqiaa9ByAJ
1iFE5pP3xLKfj45UZw8DD6DLVs8rVjdSYE,bc1jxrfvcmkv7ffmwz05rckawa9q38e5gsast02wxk
176p7gHf3xkUsz9RjVSGH8XGY6GR,3Fu5Y8UMgi9sCeRpyKfkjgFpKF8qXAdWCM
bc1wycdqy2l5vqe49j9rvy2qvf7380hd79lp7z20f8,3Vzxcjv9EKp5bgGCLE8yzwyBN4XEGCpoE5
1jBbrTMRtFC6YtnyoYKQmEveG,3caCHPJ9L3qSoDeuatx4EWFTtKXsSqBRR2
1keJSNRjELrDn2TiCT8gNNW7x1vyz,3gouCHYZAktNHGKBqPeAzpBLxZuumixSQm
bc12meehvta05j5w9lppz843f7w9q5sxytjehtfvj4,1TQEnGciCQhgJ4i9nY65FY8B3k6FN6K
19ptZ5NWkpxNkEzXyqcZMEqWMxt,1kT9Wr8U4pjmaPrxTkxdHQc4Tk4i
3hknk1e8cZPrLooAjV4MWkXPBTnRbve4aG,13LWHJULcfBZBgqGQf81H8QgsE
34h2Rha8aLV9wyCuPpwSr2Ru8sLS4Yjw8b,1Q7tFDmk8GT3954eDFrdaSUrYctWtpU
13RmSoeGGEwL2MG8T4ALEP7L7uSsU6,1TkEz2JnrDQ18snwSWThPve3ah
1zYmpNtf4gM8Airajbmdb3kQnw2X,3UZ4LpvRVs1sC9WCuTUPbpDKepiA8XwRy1
1m9JLN1bg4WqrRCCunLfhybLaxcRATn3D,17bAqv31fZzx6Beg1K2Riizmvdmm
bc1wtauel79znectrpscjkskzrr7n9r6k8y5dx4j5l,1fxJntBRj1x7oR6Jd6BW7QXRtRUqP
1wSEzuf8wrJdcdmk7Jp3eD7KWX,38C9Tq6UaMBkSw1CdK6bvog6tRx65Uy6gr
3pHY93j5pkRUtSWSP29nWBGyDTEWpwE5zV,1R9cXSiAQ2GXXZYP9jBCJFGMM5i2txfn
1aa1tAGY5YEmUd6ip2dSBxBHf6oJY2Tn,1cimY918Lqcv8AtRQ4eAqaXW1FrtA6StdL
bc1mwjed8337pvag9th63rnh8w9c9m9j685fc6p6kw,3KnK6jsNDUVt9vTP8idyC8h48rTALtcnec
3LmX3KQwewnDBxKVaUc9HAoAdTdWKWxJpg,3SgSVmMZgVSHrjq5s4G3oB8ekXZZ2DwetA
1YHqCs2cY2T22PmMGMpmSHixD,18JLULk17ggeGqZhDqrTV5C7Sd
1FWT5hkPkrQ17vKkV4YFx9pqA26,1kMSQBJYdUw1BmpcnNsPQULMhmQaeunU
15JGDNHHfXzRDXpHRwd9fmPZL1,3QhHezvce3oZiexoiZCY6f8TBEUa3dcXnD
1iJZNaEnjRTyVuafYeT74jr28,bc1hk0cecay0xs30dpgyxfftzn44xkmzyzgw3z8dvf
1mdioN1VpWDLfjWXtzccSxoTi,3vF21vgyAa9ouaMi65Ps8Tah6ouBQ1WGGv
1ztAzCRHSWQDTeZhUDooTQhyBs,3sSkUnb4E7RRZWnUq8CbkdPUmYVq3sZ7uB
3SsBXasvo9ix6oxwh9k1wzPMgFjuMLHqcK,3wPCeNwRGAbtXVT2WMfTk3Y8pSqiG6Ff7N
3Gd6fUBrbFGn2xN4MU7mSPsVBGAPL2FrK4,1iKbrxSSeJhJF9WtzDyf78LKY
33RAxhCxHMCLpjvEiSean5uv2F2eGZMMWz,1oSjp5pkhnmwFskzdJsyZt9gbHNw6kDqo
3HuGEfE26fUnuEVauiiUHYLzuoE3QooqCW,3uWAGT6z5wYwm14nwek47N1BToyfKRk3Nw
1tytVr9MpWLHJDAebxoMEqE2uhFBa,1vauRnckJnobw46JwqWWTEKTeC
3BrWoL7EZVznmmZtrsc73woxkyncr6ZWA7,3Z6UGo7nKUZNs4GoLYZQ7gqjVffp7paGJM
1oYxg9QYaeuFmgBWJTgRxykfW5kNJc7J,3wnwQg29zGW4kw9jXASfevCMxr8E8XGtZ3
3ZtvR1pKGUKkJXFvEbHkAQRDt6xXiEtEHh,3HbcrmkUEhUMXjNC3uoDJPvCPUWgzEWEdq
3pmVnZMmbDZgyAAi5AF88jNqdS4P3uCjNq,3fJoWGXCPCKZnfoam7jaZKTpS6WJefnHNu
1NEgpUsN7yQ9njqsspv9cHxehyZKF1ToaW,3wyT69Tav3dUy2eoU8RRUr3AXTtAjfQyJi
bc13sukhny6hy6xn5efnx0pxrk9qwpj69wjj4lmth5,15oVs7oriijmibKEEXTVa1t9nPSu
1KijRmtxGxCmyffvgENdqZ9pWyLx,34KBZiDi1bynYCQ7LKDGY6sq8JQxgahe13
3cnjpnKgeFoHr3QuARPmLeJTMZg2oGLeWv,12DJaGikzQcALArKNsVAXBu1wLJE
1kEbf1PotcLwnTLC6b4nCadFRjSFo4KSxk,1uB49vPcHZyjbPv2JXyp9qHiLt
3FkwAdBacaKWZBekcCJR9tETp5kN4DvjUh,1CL3krTMKrohmjBsuw1Um4jcu6
14pUsnfpv2zvZ155FQc4WntiYhkU,1zWy3CcPuKoMfBuE2dzEs9m4pSSQKfKj
1bvqLUNHHc28gn83aoZZzAev9zvpSk6,bc15yy6gjajl74w4nm3x8u72yn55v0dcz45v6cq58k
3hHqHfcCW9kxVPbK98TuDH1GNsJE47uHUV,3mz8bsyXJR7xfVnV2zDeJRAUcmMBUH1rxc
3mJPgt9QFrvPv6iU5RRu8zpGeUHTLAQwMR,bc1ezw9ym7ug3rpqycce4gpsg9478a2xas2474uu3w
3vg4wqF8JiyKxvy67uGWe69kdNu2RQLaaj,1G8YB9wSACvQmPqMNrJpztaVxGtpeRxB
1MSKRmB7jTnxPErLcp8jRqSAJTh,1WufsxieYp9tjVpqB1WH13hSNELx6Bf
bc1l7duru0nf3hp0u4xfsz97jtf7plquaurreygavx,3FahsS9449tiohY6WveWbmy9t9XW5GK8Eu
3n31SMVRPTXhJmhTrqPAQhPgSuRBxqxzVm,1DmsfrL4XrvndUS7BZKZNdovQsbPr
1dKgh9RRreBTvxaroEqSqK96GoSx5s,1nGXASbuTBAfo5bFNMKqdCUyw5C7TzT7K
bc1w9a3clsf04kaajvtgu0l9kp9x2zmj6hk8mwsdk5,3HXm425DAJwzVyHSZxQzQPWVC6cN9And4A
3rK2dVYPACiWHEBac8Zg3B6z9poKAEhioH,1xT68modadujPppiRB3PRDnbzMXHjPKg6
1uYwVJMhrjHf9SjfcZFqi6bTvUR1A,bc14ceqm8tuggd07knr7fnhq0yk8t9r5849cjkjfd8
3eyrgfZRMhn8WYfi2KFrhpgSSZ52dCJbnN,1RgzYnwgAiUJKXRS5hZQN7drLdQ4HErLCf
1YWzyEioZxkH4hKeRicrdtPZrFNoHU,3yxzXMLH8rK4teiT85Cv34S661aRAzev2o
17KZYxykrwMSyckrWVYU2Lrv9oCYJ,1kbcEHa67db3ytpCS6wcJUmX98Ritm
bc1fxe5c708l6daas3yhz6qjmw7sr5z42lmv48cmvn,1stFnGrbuBqmMD8fqBZy339684vkY6
12ENdPfrYPdALUcSNLmR8vVAHc68,3wyT69Tav3dUy2eoU8RRUr3AXTtAjfQyJi
1wjH2oVn6eHPfbuguFiYVDeFNFjHftyf,1HpV7mqx2U7nxpsegsKRQdTDjmjXHo
1faFScQ7om1hSywFmb3mrnVjJ9ubCfjK,1C6oziyHR7MvRuaDdmSvYmuZt
1ab72cokDcwiVa5LWPUuEyv5nDboJE7A1p,1ECxgQ2KDnbBzMWZDTFoWtFwELdqDBEJr9
bc10tv0uvdpxdg4xnvcvh8rz7xt4zkhpu6ufmwu9dy,1N1YBsWe8sZLmxsA5PjqjSwnnG
3WnYurwGfAwGXCKyu7SYu11UnvUVj1RfSy,1HhXziLQxCuKkfcqiWk2FVwzZ4z
3fn2jVVt763hPzjTFmpMJjwTUUApMGTC1c,1wUbqPMdaW3jZJP89ZHScxKgL
1qW7NQCrM45xF62vkXEquJ1jDLdhvjB,1jZFjnHKPYxkfTZS2DXo1ettvo51n
3i2X3QStmazNeMHYQtGUZwNWRNsLV6RM3f,3Sgdf5Bpj4pU3m9PZwyHWX7ycqiaa9ByAJ
11Mq38snWxZxi9jSvH2wFgPQutvbB,3sw2Th25C3cT487PFT2wVwwEapm7yjA5UU
112w2xpMunhin3hLeACQpszCQ7s,bc10hp78z7pq86n80r7wgtn7kc9fjajav7xj68kf4e
1DR4R37NwiFtB1fKHHcRFVL7fgm8,1svhbfzRrSBoWSEwmmeVS6V3hejdrx
3ZVLh61VWXkmG9LXHas4mWZBWBaGMGFJR8,1U346T4W8PGeXeEf46KyXntJ5JrhfPAB
3sws1vqvPenSWNzM5nczv7mAob3KBqbPsU,1CzSUV9M7s5PDv7mGMtG2v2uHSpsUKpnk
19rU1yk3BXnTjQHLBJTwPsdpfQSdv1mBT,1b1vMZ68N4UYSKgdj36997nRCueMu1TdSr
1PmKAjYzPK2CPQCTjfS8cgsvEMosUsQrC,1X92LdKcyPTCUJ9QiEM9uR6WE4f
3pgs2oznCHTFsPAbC6bLdfuvM5nsAmgZSM,3swRP2FgtCycgBVHM5rEfu2RG1tETYVWTv
bc1dsja9m7gpyldlnjjjsdm24q0s8q829ujnn7suyl,1YTjRVvyMc2x38eM9hb9jorqn
3Pw1YuoVMRfaBgZj877WJUetRdV5QF7arr,3tocrJfkvGJKpqCWycTZEyZVoW5Ynf88tZ
1U9gtQs49H52e8G53zxKxB2ak,1KijRmtxGxCmyffvgENdqZ9pWyLx
1hUDUmpoNQp11MZ9SduMyCHDGBrF,1LeqgyUB8iw3CntKJQpU3eHs3fGoSQSxL
3ArTcBaKAZUHHbxRKTvVUyzGEUVmbtcvSN,1qah5w5dxxd3wSxDNvVyZPFkpY
1ohCjELvt9xR7Wd9SYQQwGVAAs,bc18x82hy73774vmmgz2lx6wl2fzquzjv78d24wc7a
1RfxfGstNK7iFLsh2owobq9wYbg,1KtUdG7VYdLUsf3VTn8gpGrtA6MKVWEdQ
3oX47eJuhfPUyoy3dbs22PKtN6sUNFD1Jw,1RZzMw2sJG32GA9LNELtFLrAcNESRJ9D
195CFiucTZT3xU5RtEozBSPmTL,3HZPEooeovZ51TYjYVkuGND4ryQJm9T4dQ
17WWsxwmAbsYTDvmeqcE85Rs8p,1yKb2XAdtQzfMtrm4PL2gVXs1X
3ioeg1HRJoD9qt11SmU1P5QMGGxTLPdibP,3ASRtrYTWG8PShy4swoMSQVBFsYoSfo6PF
bc1v4kf8yrxpeeyj55g8w8x37g9wzenak25e06a27l,1khHiaapUjRgoq6NDzfNA6a9xNP
1mZrAz2hFqNhJQhw7jR4Lz1oHJMdc,bc1xsjurheezkwwurpl8z40y5lpdpzzcc07lr7mchs
bc1vyldfx6da9666zrqxgcc0ds333xxr3wqftulfr8,bc13mcwpqa0g3mtzke7t6pwyknpwsucp65h04zf0td
3tmnHsdybmfXjsRMYTHsy6KnmaXLdysDgD,1Xxvhjs4zuw8dmiuUnnoDm6oQdns2bSH
1hiXS2twEqJjMaws3At2CWzPrWxZ,1eDPxWf4PWqgLWu2EmXYLKBWUjST
1wuMEtYaVRab8VKMu83BEGDfJcaDN,3kNZz4WdhTn23rbp64hHzVRn29zqzXq2RA
bc19n7qk0c757n9dqcwa8ajj2x8xr25az9kt2m500d,1doYshztRk3gtcJeNMYo5kdUxAr2Z
1dPmL3juoL2hG7r9BjQ8EpEx6o1zVcpDY,3XqYyKSo8n2WQ8aAJDnsj5aAABMkXMowQk
3Yob4795TosRGtm6gDFR1XZ8rVXUXEooEG,1ffX7xJNGQmobvxxNE94RUpXN9p
3rzs1GB1YeReiTapQmyqfnp4ZWsj2cwDqb,1fxJntBRj1x7oR6Jd6BW7QXRtRUqP
bc1dqjxlfshe0xmr6jmdv5q70t2ppe0tnk4q0qypuw,1t3grjopnymKUz17eywNu4jHdb1ujn
bc1fzkmgyt5f2pvg98adnvdgzz2795yuygqd0n8vwz,142AaBxYoT2VBU28VhY86t4jqk
3emxoHh3xbQ6MUsUX9VRHzbPwRLrgoLB3P,15Nbsc84fQfVJFCtmFLj4CqN6AWT5iBD
3NmwZeCb6DBZ8XeParcyjcuD1EDvc9U15y,3dR2YPMnyv4rsE53eT8GH2iVbh6DGzEY5d
3cpk59JQwyBUrbMmofX3TZgJEehXs1apuR,bc1q6gjf7pmvqvw8v434pcaac26gcxqhnmeace37af
1zemYdCXMdQDdxb8gssU6TaunP2WbNu4G,3mBVcXSkkxaVJA3qLiY7oNXF6xyrcaP8fx
bc162l7j3gjkv0kssga35w28qunwzuxkazx9yqge48,3zww4mQ9J3DYLTy6Ke6imNwowyYMyN3f2Z
1CJvwhisbhcCtLPGXQphAqKkXhQHU5R3e8,3ehcCFZEyJHDhKMwoG8gPypxoHHiMSFUCY
1UAjThmw3bi2eSZUdDe397RvBo,1BcmnfT9FQoKmtg3Qa42mgPYSJEuzaENf
1CEqRGDKsNhUbr2oLkeB2m2QXLk45rhg7,3CzUEUL7qySTwkbCseb25FRWgiLGoADFgT
1AE17YNEmnGq81Kg4znjDaw3UV1rgarE,1xnKJKqbfUC1u9kFSX1fF3rRf
1kFrxuCncGL94xap5s2dSVXgb7JXbTZ,3iFYsfbst1211QQUgLeVdQA3T62nR8cuAK
3XoWcDMLVwKbmCCbRRSrEykcJvQhqexyDQ,3QrcRt1SB6CprT7AoTXax7drmzJzTwJp3X
1LREDT9kLuBfRM1t5K121kQ9o1T,bc177rymrhjdrvz8ytqzwdqudpsn7n67qdunm9hhpg
1oopJiU6zHyem2XBLQefEgMhyE4v,bc1fe6eu3hr34waqcxry96esrd3pmzvysk09qnk7l6
1kZZrjRJ44zf4UAZjVBmXMLd3CCHaStf4e,3nnoFj5VXkWGGG3ZaKkDCBdTtSqp9cn8MC
3UxQA4VUdAzWuVFZ2HWYm9G62DhEMjZjZ1,3K6TNHnjFNyznjYo9w2Ydh1LmNjJCzRxy9
bc178pn2fu3kpjrpukqcxpcjpju8g46kps07s4v24y,39DofYEKvV15cCE96SjaFVUeVDNF1BVj6b
1bZj5GeQCNDv1mqr9RiAKp178W,3dDE3ioHk4ihoq7qDdgpPDbb2XifXHa3Dj
19KxLSGqhBZsdquqqsuu7hBBp8Y,1imrZ23rJTNJr4PQHn9wRzx8uA
34j25iuoT6E4yuwVAAxhXEPxDtuYtNpeDb,1JYNPxFL62WJcyCBCBnpJ9yQZwQhzUQ7m
35Er5cbCmR7zMy5ntpoqyReT8MgtLGC7fx,3QAaNKK5Vht9Gj7NWFJkVYBfGbJF4JCVRn
1jrLspU9JyTuwFchMbr5D5YotyX,34NyghuJDkFFhZn79VA67qDbHvbc7vwb4E
bc18jzjms40w27j5m8j4l788uhxt95rpazkl0m4x0k,bc1tpgctflc4ylxjy86llwdw55g6vyvn06pcy98zw5
13Mgc5zMrJpHkncpTUduMZQSeW66xHkgKL,3PGfiHgsjix1mvt59kvZ37ErdNMUsfkuqx
1NRgJ2nx5bcehL4BmRPUUCU34qhE,1M6LJGjQwcfEcd66wro62Z26rge3e1
bc15yy6gjajl74w4nm3x8u72yn55v0dcz45v6cq58k,bc1362x5cg4lr92sknt26x0n03szkspvzj7u3ff0ez
bc10ev76ha9h5n2c2jrpwfn8fhq89dy7g6cl56cu9d,1mc3j7K2nBGXoZ8sw1serN4HA
1b1vMZ68N4UYSKgdj36997nRCueMu1TdSr,3jGVzQJ1YzC4Cn3vTbrVeUtmLj3R5QPbcn
1M1v7HDscKARULMEn2SkJtCLSRs,bc1d3clt3qu4l634tezufxc422yayt6kt5sk3dnqrk
1tZBg9ZNL27m3ev2ixgB4aDJ2SUA7B5,1PLpbTVESg7kWR9RaQ8QqvSD2ND6YrUHzA
3L7p4R8SRVbEK2SnFss5aJsfuBnHVYrwhj,bc1tpgctflc4ylxjy86llwdw55g6vyvn06pcy98zw5
1PUijsgUpRCLaQuLQAXg8upxAkTzP,1G4peh13r9sFrfrSwi2szQ3NPUZkRC
3JNGq1PxbJLABa1dZ5eqV7CYB1AhoydLtA,19zf851iVSz5eRTncRBWZTMBcarEWQY
bc1qmawh2akarmzudpjude32h3q7l6yswfpm2aaztq,1iG1djH1m5zN37iD5BKv6sCcWN
1BWesvMYnf2DvpT2idLbSBP5Xn6bZetvs,bc1ee3tkjk7qyegvfy67qmsgjhrtje7ek0geatw4sv
1pDD2GxAQPauXTrxpker96LAFc,bc12gzadlyerg3q8az2t90t24p65k3smex32mrl0nq
3HunBSiVcnCnrRm1b9YffhZ9hU6Dfn3brk,bc1xwuwq5tk8n6fxf3l8yjr0pxszerdee3jka2gg2c
3EnZqV8KqxUkCn7ZfAvA3SfQm1LDHh4swQ,1JB9R6sYhuWcDhpCbDK1v2H5Xf
3crdqscS3741y3v4t1ookuEAVs1YdcKitE,1tTp5W6tvF2rFMyDBzQhCfKT7RLxg8SpcU
bc1nepmhfnr4q0r6wj0txvqgc2l2nym8xxumkmxyfj,3VvQePcnx2CGaw61MEfdvwM88d3C93eTrZ
bc15l37chnvlc994kul72pwmmqzckrrhha37y4906p,11xPmkJsksueQggFKccijFQYirTT
3drPDykYFVZoVL5ztv96nf2PMhPBSnDt49,bc1u3cuj3sj65lhzd8t0pkvul9tjzg87yfjkq0xrnj
3UpHeM4qcLyK9yP8nozU6bHuAdbVzzLWP6,1KG2EMa8oFkJdT3f1ZsWxqpawpix8hYL31
3mJPgt9QFrvPv6iU5RRu8zpGeUHTLAQwMR,1CtnYpmxaq9L6RqqZwpfb2e6zNssJc9
3CKe7W2cZzmxb4cPUpbJJLhCMWZMyEwpSq,3pmVnZMmbDZgyAAi5AF88jNqdS4P3uCjNq
1W9dErt1rsnjWiPUHuqMAFvxGRpDYM4bD,13MMmaiKPMCAXvvqj6DNB3YRvNrGd
3NmwZeCb6DBZ8XeParcyjcuD1EDvc9U15y,bc1e3w44rqw3wslq7me86r60jfvnp0jfrcy6n3jaud
bc1rutl4lpwgyc5lx6dy5k5rqcacw2wttu5nlqdx86,3UmTFSLA7oXL6wHJzENXaPmVqsBnkoHLgh
3LF17NV7eCyYVjSn2r1a23Sh34YgUD1ZsK,1mStU6wuAyp8xooLwZhKPns6fn
1ztAzCRHSWQDTeZhUDooTQhyBs,1upknsW6FktDnthCLjTWPsT4ps2iP
1wuMEtYaVRab8VKMu83BEGDfJcaDN,1amXeCpvtiaB9J6Xw38M5svfCAzE
1DUDzobqd6HtxtPbZd1hgoWC6kcJi6Vh,1K2EvUx6T9SMAYXshUUFVkSGvmn
1YWzyEioZxkH4hKeRicrdtPZrFNoHU,3Z1gkofEb9TWfsjoZRbW9th4zKa8UGT8N3
3D1AXgMkdfjWz8cjrMrZSqyQWMPyE6jhEM,3eQAuXud7CADjneSJTFozSiFyfVopFHZia
bc1quj07fvu63heu0g0v4eh6al3aj4zdm9g2w2ug7d,17NX7mp5ddy6e1GfM3sKZ2eb8UQt
bc1jd05qvpz6dfv6jdfejmqndt4mf7a8p0sgv5mhm5,3Lq1iUCg9d12zGCndLNWWY83ZH9nkujBqx
1CEqRGDKsNhUbr2oLkeB2m2QXLk45rhg7,1224FiNun7EzfUkqyMvdEpAtEFf8Ss
1rcveVA53wDMc7K5oYhoVRQqxX8g,1tTp5W6tvF2rFMyDBzQhCfKT7RLxg8SpcU
1Px1Z3gsS5678anTFdrE6P8kCpR7aP,1QkjrWw4fyXZeqrjv9Eau5zANmCF
3wpf7dkhgJXJGsCUaRkMLVarPWFH98WbGK,bc1kfnv8gnqwfzq3ryltc6d3ysje833snuyg0lcwjd
bc1u3cuj3sj65lhzd8t0pkvul9tjzg87yfjkq0xrnj,bc1xmlvlwgwh5s2l92mcwrmcgedq3rl6rkytw377l9
3HpY7cSn2byrdMo3Hu4dcnBSW4RHqCN46c,1zvNsUZ4q8EJaAqDyWkDMVEne9LiHeb5pF
38w5eXaQxwrQDLtZCKcGfTY1g3BFkUUjYF,1jcr9J7yMQb4fo1Z4RLbkgxeq
1UTTmC5jXPtCSPugCA4H4PNpcLUgm9Eh,bc1z9angkcup2jg8ekkghuecgyzzdqnpt5p9cez253
1sYnT4SyMA5Gf7iundsa23ujGs7vRZLZ,14a55exbMv6cZWWBgZmLaN1MAjxM2GH
3XRM5pWJfKRFWfYtdWBVfpwGdoruwj4CTE,1TJEaLKdMqiCDSFe53D11x53P5Buz
3RWxoeJb3zDfH7EzZLYCg5ew28kFffRuCA,1pyWgF76qx56tKfZNGWmxJyBGr1NKEQ2Kw
1wNt9CzMeMhq12QFY4vVNwNMHrtb,1bwBiepZsUVCdsDB7xZkk9erXSLfvMgp
1mAqkEUjB23o5fRJjsh1qgoqhgABUrF7,1UxkZCS4ohYGQFtGJMrfo2CTHmdUj1oefx
19Qctkoxu94WrVQYtxPqWN2ARHsvG75EF,1zHzjudbhhRcK4Vjro9Q3UeNR
1wUbqPMdaW3jZJP89ZHScxKgL,1LL4RMbEGzbbMAYsEszzFKWvmNYpfZ
bc1klqu2lu7c49a0skc0j4u073l6mh5dv8ae3e9w4f,1ZV8zU7EqBmoFcS9b3wmBDKZxL
1DBeM6vU5Upi2y8wpMY737a7x,bc1yplxc5x7y3jkr49fya72kf3d4ecctjkxxmg8508
1RZiaMiBbnAUBKnt1oR4yFjSLH3ka,3kxrHpyu4BJraT1VnHCLVMWPXkHY7rJ6oi
3LVrGx7FhaA2hnqQHYivRu55rPuqXX3vxx,bc1fxe5c708l6daas3yhz6qjmw7sr5z42lmv48cmvn
35qHokG4NsT1sjsZpYT8jKZLcxBFGgykZk,1ZEDP4f4zcdJHS99dRvBwvasXcchd
3pMRHWYuzSauKViKZrw4Tjavs4NeK8zLW1,bc1qdc7847x8p3h6z6y60fhzkd7txeqpjdpjv78c8f
3i2X3QStmazNeMHYQtGUZwNWRNsLV6RM3f,bc1v46w90c72ft32lm9ehq39f4g5ymesvd09y6lkgw
1MPZ9wiqDF8gLqaMvsdmsLNuW4ueXA,1Fpg5tdhxKtLsdJq3N8BZ1VDGVD8r
bc1rsa9snwmasetfkd28tr09649d4gga7lumj39tre,3TghBo149huzr6ggtBK1E6CVyXkVtYPpQp
1Vu8auVKNvQBJDsiJoYyijrSpTYM2f,1B5nYpguioToPoGRGFK8hwmFoTab1f
1ur4KrTRZ8Cm7V5NTKy6KVLS36F,1pzBLoHPzJgY7HPoJ1zWW6E8g
bc1rrm86uea9dnqqpx58fntkk6k5hszaspkaurjynx,bc1c94dsndylydlv5c95ly86pyuwx8k0t3x6sg6lrw
3m3dLAxgcZzQ5PTdR38781qfSidfD9a7ht,bc1mqnjshmt0frtle9xfq374rjyhr0w89tnzue8vtl
3UxQA4VUdAzWuVFZ2HWYm9G62DhEMjZjZ1,bc1078nr7ea4cjef9l040u8q94lvrzuk62m352e9ex
3HpY7cSn2byrdMo3Hu4dcnBSW4RHqCN46c,bc1zf4pn7thavfn47akm843c0l99sdqgf0zvfzuppp
1dehQZDDAykuUfNtEy2LE7Norku,1jFGaSJsXqcJfWPR5s7XrsqScmc1RY92BN
3sws1vqvPenSWNzM5nczv7mAob3KBqbPsU,1oPYvKrXkkGBLHuXUNFPHKZ86D7
3uV4ujgMuCmcv1TwnYm6BMA2u7U4U3KU8Y,17WWsxwmAbsYTDvmeqcE85Rs8p
3YwmYNmgLRJXk4hfDnPcX1eFfqQrYh4Rye,bc15x0tt7zleenqxrdac4t7rfc6kd76g0x78w3pcuk
1vLVbjAFkHz4nADWRq2P9SLP4kp,3xq4bNQsTtJsvJhR6gykLbM19itzxQexsa
bc1dqjxlfshe0xmr6jmdv5q70t2ppe0tnk4q0qypuw,1DMmNQXxWFWySn7NKhY55Yc6Sg
15BFXVaCRVS2kQ3udcWdnM4GXeCc,1FWfUEPvxZsxkor23eFiVK7nJQK
3gfB4GAUU6q1A764W7agN21ujSmiKpjCHU,bc1yf5z0fkmhqwcmvetw5mzu2pdg73eezuhp74urtn
1zemYdCXMdQDdxb8gssU6TaunP2WbNu4G,bc1n9jz5yyyttnlpacfjq50jzc6h84tv75l8xgpmks
3LmX3KQwewnDBxKVaUc9HAoAdTdWKWxJpg,32TJRFjuREEyyvMJsCdmxGJZgMqRLpDm31
1stFnGrbuBqmMD8fqBZy339684vkY6,bc1cw4mwa4d25p4uyzae7z3wl0jg6tdaneh4e7hpgg
1JsgVJSitgS5Mcpgb8nn7LyLEjG,bc1j9h4fppu4y34z4vqzqcg60r7xp5hl2d5xncuezp
bc1qnrqttq2c6xsvfcqrcy538635qvtfgcuzwmjry9,1hcZJ3gsdGMmUWJKnWijVkaXgTuJTj
3FvCUNFRexhLed6uGxviXAL5Pa3p6Lmvyi,3UsPc3A3dBVfeGsxLX45sy6m5jGVQPuyAN
bc1gdzjgn5xsxjc4h6k6nznkdjn22mnex6cdxy8jur,3AxJ5VQnSpvgsCYZNQHg21wfVLraQNqM27
1qiwnVsEmXQHqJGmMNMD438QRZhJwUS5X,175f943gAceduDbh3C7NhPxt3
1W25hXGFPjafpyY7wr5jfrMZMPG7LCv,bc1kkedaryqtkywlsl9fhrykkfxldcrq0dxp4j0apf
1StB6AgxwSYDTZ1uWR3f9eKu9usFiKP,1knnJFFs3na6n3txe5yxyge9H
1BTj6qqW74Cd9E9NawgZW76L7cv,1TNzbqiy4JrRM9QVbjrRruFEXCFiNLpn
1B8tcwTdT8ck1iLr5nZcrG1naMUq,1wUWQ7LejV6XsNDf9rYyM2mknqVbqN
1ygry6hxAYMGPy3pZM1MkjoKq,bc1jf49vrmk5w3h4gkg6ec0tee0apdg6337mml36vs
bc173p008zld8cmfer3qpsyjk9tvxcs92rs38nlcxw,3U3nEky1876PqWg3Lxy8uBKJGmhAZY6NRs
bc1llc29rt5r4chn55z095l4n60eqqs7dhpcedwh4k,193wsRxupwiCAzUsV6PTEa3HbqgH
bc16tep8tsp7fj8ekpuz068v4zgynjs520tywnf6xw,3ywxFE3RrPr5qgrEhKsmgRjPRfj2DYmJVv
bc173vmxmpc8msxypy2gp37qnqwewx753a63xuucl5,1vqT7PvSsx4Qz3GLYgkXenoG8L
bc18m3f7a3df8vfhc9sdqzufwe9wlkln97falj00fh,1DfWPTa5kcrKK6nRhoKeu7dHG8xGNwaCn
3oet3bBjwW5U48fKhxHnjwnVZtZxrANHqL,bc19utyyjwzvzpr3a8fsyx6dx7rjg6n8uf0evklfdy
1T8t882hbcwNGJDbhS6JyeM1sbEfUq,11zeHfd1Lkfk62cDCo4TGvQkSL7QV
3cS4LyQZvYfJ6PYV416pdU6DeyU7nUtGeP,3LjNxiajwG2GGMdtj1FRnnGkbqQayWpVZU
3ChtsiQUeLQLtheNJJDoh9vF6Fbyafn5ij,3KbVwLB2XP6yYHBm9xg4xBiJ69tFwu4EbE
1kozWJxQ3YtpnFho74kkyVW6zj9uwaR,bc177rymrhjdrvz8ytqzwdqudpsn7n67qdunm9hhpg
3HTz7BgksnDX8kM8UdnNt8QgaPrqsjysgg,15nBjUAmK95QSrDtaVRTiagZEZpfMbS7p5
3XS9Q3wjcdA5w6br3hiuqnBVet2yzk4WCm,bc1sgssk5w3ltsk0htk0rmzanfzmpvk7e5jtqm7hhx
bc19n7qk0c757n9dqcwa8ajj2x8xr25az9kt2m500d,3MVj1ijhNhpXmcMq9SJWZxLDGSdmjtacSd
1XM6iT43i2L7ovjWZLRTodBfPjtT,3TEpbrQycFPnthfoaUKJGPTnUE4NzVD4jo
1MV4uLoMxbMCXBVov99YCr5cfgmb,bc14ceqm8tuggd07knr7fnhq0yk8t9r5849cjkjfd8
3JMhTXw5ByiMev1456ii5s1yWMj7rx8CFv,3WhcgMey6HQfQC1hvYjZaMpExTQ1BWZWL7
1ZEHFQBykzYZn7buKe8PLRpGmL,bc107p7fpfq056rqc2thngecffhugjenu0ge3jqm3s
3AVnMn71bEVEzZnAoiJnfSWYHQjFvL2Psv,bc1rhpv787s6dej57clrkjdu7zauu76cyrkhtsxcp6
1mc3j7K2nBGXoZ8sw1serN4HA,1b498GVHnL2FMNhz3y3QU5RJwnZoo
1YvLXxAUkVuKo5e54FNBXuhu1TFy4TXsB,1NapGb4ytsBiSKaWTVbRjQhacY
1TqhjipBqFiLjxKbS6qNkzoqD,1Zy3KsvF3ktxYMfajxTBmEe45Z
16idqEouqnoF64tbEUEETZXpXv5vy39EUQ,1VFYD6QELNmn1udWN17AvcmV1
1voEo6RBRGrc7e6PAWQiY4NC6Md5y,1Zg1W7dXYbiaeUZWaDq7cUc6L6
3oa5Cx6nYNnkcizKfoWHHAY9fYHXm9pHd3,bc129gl78txxwdmyu8ekkc4m8hr97x5jnt7weg3ce8
bc1dh66mvty9ex3pc4njks3xk7ldv2y73c5wuv5456,3fvhiuwWV7o68zTm5ChBr2u1SyHkPgUGRa
1fBzEmM34tbMFgQVJzeZmCATaXPrjMcW,1YEp4mUyQj7LqUYpQQGK6r3KG2W
bc1wvtguhes7gcmtyglr03yjpx0cwnwp0y27cj3xyx,bc12gzadlyerg3q8az2t90t24p65k3smex32mrl0nq
3TZuJnENHr9HxcAYBBiuoA7zaSNCify9Ty,3fn2jVVt763hPzjTFmpMJjwTUUApMGTC1c
bc1gdzjgn5xsxjc4h6k6nznkdjn22mnex6cdxy8jur,1zzZBWwDhhqBdrqJEGJPTdJoZDaq
1mbAKKroGhNXM98HnQvADWqoZgx,bc19yf247rqf7kracs5zlaxxntyc9hn9hmeth7tu4x
3yDRCrBYvQ5Hb1AZWvqGVJaZGxEn4mMG2R,bc10kfr3uyd3n930lkul4ywcyvv9qk6aj9ul7juluz
1CJvwhisbhcCtLPGXQphAqKkXhQHU5R3e8,bc178pn2fu3kpjrpukqcxpcjpju8g46kps07s4v24y
1WGyaJvzpRrxp4D8KDVfsMwNhAuffEW,16wSsu8WDtXe5mMCPkSaW5c11doFf
1oQf5fJCDzh4QfdvcfH1nnkiMMhv4GL4,bc150spm99cu4rhqmqpta97pek588a26jr4p8spvum
1DNZ9jgdxqv4gXQz3hgaafMA8k,173iptKFfZLrqpYBGq5v6VnAG92N1DrQ
bc1xwuwq5tk8n6fxf3l8yjr0pxszerdee3jka2gg2c,3u2XwJw6ggE7pBLLkfXWfsuT1Eqy83R32E
3Yob4795TosRGtm6gDFR1XZ8rVXUXEooEG,1mZ3ktktAzMiyziFaHyUXsvd5xLLA7UA
16suCuZzd462uwi1jSKxmjyFP,1QYFXjZrvMaW7mT4HSrwvUCBi7j
3RvJj3KomG7dMB3rLpKBYDPSWNYzcpFm2T,374qz8We97636xWvugHe1eKdx27YKA59n8
3M2cnLj1a5DxpTmkAVhF8tEQoMRki9jxtK,3C1BZzEvrpvvhuL2uV1Fe3RWdo5p9snJT9
1MfEH5CVLfh9ZoxAKnieHMgLUSmV7e,1ygry6hxAYMGPy3pZM1MkjoKq
1HJSgaKS3UpGJLTG8fBAb4YNybwW5hMqh,3XMRRF271CfsCQpvSFSPp5aXqhU2yQRKLb
3vaddGaj5zJwkEUZXwoR14vdqqxwvmb3Ze,1ntBeTYJNx9EmbxXMdaXjjvB4M
3vPYGpcFiUV8cuTBMw7T3M3C5zBFcfFhYJ,bc18lew9e8dmp6y5u2pwt2yd6agx76tx7wxftx4ejf
33uXdx8MD2MhtrzfyJgwBpZ8swHcUxqYVN,1EqmAm34AgbudfMYV3jq4XLKii9ThM
3zcRrFWtNKMqAJskPsfhR7jVrtjAn77Zp6,15m1Y3NuW8UgWbD4WLUpvC4MY
1csoC6wyVXd8zfNXa1yxPcSP8P8iQ1B,bc10uua9j82uf7vrz6w5z9whty6y3g97h8fg3y8mzf
17ya3kbr1JfHpKTdp3gm9ZigzP,1w8ZmatvFB7sunn1Wxyq9v31jNtx7fZ
3eyrgfZRMhn8WYfi2KFrhpgSSZ52dCJbnN,3WafW8DbwRVQXyayggzt2rVsUYDt4BfqeC
3pS2hWzz7YCbgYCbCMWgFujSvrX9Lc8XXi,1QuaYCZvxrT7xJMkXRWU26VRs7m5hGx
1PkDnn1p844xfYKYcgTtVL1751Ne3,3QrcRt1SB6CprT7AoTXax7drmzJzTwJp3X
1JB9R6sYhuWcDhpCbDK1v2H5Xf,3xm9X9UMaa8KzWpFHXkZSo1x9tS3aNzRk9
1kozWJxQ3YtpnFho74kkyVW6zj9uwaR,3mxWd5fWSxRCK6iTU3N1jTZUHTGKf83N44
bc1gtancwew60ssj0nyxqduusx89fwek7h7c63a4fn,1N1U1uj1NkHUrfv8UkZiMQsMFdMkca
1kE6Cbt3oEVoqQxUc7PsWmdyZTm1k,bc1scugrmuu4medzkjjw9wruhhnem5xzcmtpx9j8z4
bc13sukhny6hy6xn5efnx0pxrk9qwpj69wjj4lmth5,bc1s9sa5hspgat78spjzzjkdgt8whl0g78fezcslht
1rrSCo3Ya95Q1RMKTWxLfXQLm,1yHRbPcVjDJ3fHeeHhyz6a38nsE
1mZ3ktktAzMiyziFaHyUXsvd5xLLA7UA,bc1h7rl0wv9zpdssxdxvzsfvyp5jhlw2fyqj408das
3DBa98j2EhsBjUL5cAMHNFSoWVdKZQzjhj,1mbrJ9FdH8WaVjnncAPtkNXBi
3KthPmz3ra8SWXkJVSQ3qqfttw3B4ebTxd,3AwFLfEUMuNXJFjrY7RBCpg1sECngqUk35
1AMoACmNTwT5VGLxG2yKzFRi8mQccH4Uv8,1E4bSfsF3SYkn9zEvaampEszX
bc1djs0hqr0d5prcdur8aflynp0473a6tfpycrand0,1EMRDd9BkW5v1AfmDhhuARSmFcc
bc1jxrfvcmkv7ffmwz05rckawa9q38e5gsast02wxk,13VeQ6DWuGD3j5kqxMRtr8skQvunNJh
1Sh8ycEAYZ6zuT7qViWGqyFYPvWts,bc1g2sw94jp6n7y50gfmxyhhzta70fxmwverj9pz3y
1t3E7ZkvYAT1Aq8Y4g3bLWvaN3yK2,32rGgouzQYe3wj3RmeQPbTWb9QV4esRbpg
bc144yvccdl40zsqsuej685efx4kxa7xuw3y4unlms,bc1tgydf8ehqguth58fj4d9egwqly4s0zpgsmscg55
3L9HgP9rVRKmEwkGn12Kp6hDyv7Dgekndk,1U3CzYZ8MYg2o5UJQ3Fe63296BGDTJa
1S5sqh8tQ4js9uH98igtS4H15X6nYokSyh,3nBHQPvVUdGHt1ycBnw646YwSzmwTDBbgP
bc1g08t573tllucj45m05503y3d2myrlmja8t7exag,17DR1GkmqFr7qf3JXmMHPNwTfs7K
1U1gG3NRQUfhgJZTVjqGuJJcxrM,3cJkBYut9NpNnjbVYqATBEc2P2zaEQr7Bq
3uQ1pNqBnF1h3m8g57An4YAjxihHHrGmPt,3HpY7cSn2byrdMo3Hu4dcnBSW4RHqCN46c
1ENoQoaAtWsqTsDRCwhHAx4NwU1nY3hf,1K2EvUx6T9SMAYXshUUFVkSGvmn
3UpXKbVTJLyGnBEvHwzUiMipNWZR5mqjLL,1WeCrfNa3gxuprUCw5GG8gwUddQuNKRc8
3QrcRt1SB6CprT7AoTXax7drmzJzTwJp3X,18hGXXhc7jdzVgwzHcKXzM8ZXdVBciy1
bc1d866mqel09s9k3y32gvdx2l59qk407l9qdqsh82,1oQ4CqHXgDvmdyUZPvRUpz1esh
1NstcSQ4EProUkP2hB7hDj9ThgeY,3VqL9GDPG1K3CkNhJWzaVeDF2Lqm3fSAcG
1eErxKuRNTsRgrMQQMLrofLfW1KpZW,3gfB4GAUU6q1A764W7agN21ujSmiKpjCHU
1JRjN976nSFjMMaAyfHHpm6iV,166CtNbxSC6ye4ncJ8Nrky7Ya
3ehcCFZEyJHDhKMwoG8gPypxoHHiMSFUCY,bc169up56ctj4c58ty86k5n7cryeg7rnt4ektuy9nz
bc1d866mqel09s9k3y32gvdx2l59qk407l9qdqsh82,1TbSXHhTEzeeequ7RKHpnHmdLSToibiU
3AxJ5VQnSpvgsCYZNQHg21wfVLraQNqM27,1NTucjywRPRAi3RV3EcDNrVFr2jzZCU
bc1z7s5xz9luwgg965dna45fsxd8shzpldr5k33gl8,bc13mfnpd3k2lrvh9f6u5we7fz5xxrqsczvc04n4tz
15oVs7oriijmibKEEXTVa1t9nPSu,1kozWJxQ3YtpnFho74kkyVW6zj9uwaR
3MVj1ijhNhpXmcMq9SJWZxLDGSdmjtacSd,1xsGWBusJec9mYnX1K2vsqJ4s
388dkPhod4b9XyQjv9WjA5tMKtnqDF2VLK,1f5H9HzLRHjUT3Z2NxWGYM9LDKbXg9sYb
1EMRDd9BkW5v1AfmDhhuARSmFcc,bc1kunplk2f2e5qxp9h8vuj0tlxuqaxqnssf35gwz0
1oWnsB4Q9ayt2ThMZpjZFC3H4MWEci,3MVj1ijhNhpXmcMq9SJWZxLDGSdmjtacSd
bc1jf9q5tlv4cvdl4a9724eg8f3xeveews0zq7fc8e,3P6do4ovpD3uZWWjaukW2D9dwhXmrRq6Ey
1zvNsUZ4q8EJaAqDyWkDMVEne9LiHeb5pF,3QGRsSrNFHdqaeDSaTRNV5phJZrSt5Mqtp
bc1uwyt3v4pdd3ex0l8ezcftrn9t8zuedhuxwr5sfs,3vgJYoX69Em8KNTQShaqvhuqsfRBYSfSib
1a6Sn9LUkYGQShmUCPaZzXFGRga7QNCLfm,1amQyCd9Q3mSPodyQYDZsn2eYi
14oDdMUnHMt1cRSNQoZ3Xyi6p1PJbo,3LdymqQbeYUyu7Hr4u7gP59v3Bymb6mVLi
3wnwQg29zGW4kw9jXASfevCMxr8E8XGtZ3,bc14czazlcuslafflerujh70veq4yyzgatqp5vdz0a
128TTcaWLyBV436aJ9zgtwMpjuzBvXyE8j,3YMvfKxdTMmcYq1v556L2ALZbi3A1agWUt
3nTm97oUXrnBS4NEWd1LG3PccFos4hYkam,1AMoACmNTwT5VGLxG2yKzFRi8mQccH4Uv8
17SinNP4s1zWJTe7B7UD3azMhG48b6,1DmWzNR1eahMfKoqrbV2GpCFPj1wzGRY
bc1nqkh9j0ykfggr3dyfram7msmk4rv38pyr38x9cd,bc1crc0mmh0dr2yn8hrl9df2k5xxma7c65vdy7qhuf
bc13mxeh0qdyu5320gmpr9xg6rhgt3etdt4nj53lf2,1HMYDEAyuajjLn1QMx64H23kqUC1Mnf39
1ZW2QvkbqsG98D6H6Vu2aYn5o,3CJBoPyuyJvYL4pvhPTL5xAZj12wuK3dJ2
1U3K2yYNFe4MKhYFxzabmAAQ9U,1SFbVNxKRgxtwNip2ycqfwhnEZJxN
1xT68modadujPppiRB3PRDnbzMXHjPKg6,38gBqqEArmu5uDjjXHt7YB3hH1WVc41wjg
1Aots45GzLmqWcSbb7fLQrn9iFKg9c,1PUijsgUpRCLaQuLQAXg8upxAkTzP
1HJSgaKS3UpGJLTG8fBAb4YNybwW5hMqh,1LRWmzdBfQHVFk552GBsv45mdFXMF249C1
1PJW2kqpqCMYUN4CRJiNtzqGHT,1v8V7YQLRW6cfzt15DorsKr6QqA
3a71egKN9eFrRNGgkQnUNZFJLhjrfkShAD,38C9Tq6UaMBkSw1CdK6bvog6tRx65Uy6gr
bc1de3yvw2vjwlmuxwpyr5x45x0p02dym90l9w0wce,1j7m3TffACPAZtxi2mCFSypPZi
bc1s4rff78ca625hcty8x3pmc0nspmxkaqxq756twv,bc13dx94kdxwpw7jx4q7uazl6ctpamf6v4rndz0vcc
32ULgS3SgnrKiAg2E8bh7eyz6yW32BXS7Y,1jrfmuNe3y4LLnUJPDXDFi1AwAVw
1vuXhNy568p5ZSxEGKohjKG5C,bc1gt24flucusdc7vqsau77xlcy27lfcew9qyufz8x
1ohCjELvt9xR7Wd9SYQQwGVAAs,bc1x6pewefzduyf2jf565u0z55kdh02396vmzc472q
3yfBfDtHyCnETvvRUvwPYCB7mWAeZWY3VM,3UCzcBHgs4B1BC9Yyhh5BKzAdbbWHRpjXe
1vDpdrnMeTrsPT4DLtB85VzBW5makQ7FVa,3vaqqyL1KZnquKvJZGKVjZhJXvDHo85HR6
3HuGEfE26fUnuEVauiiUHYLzuoE3QooqCW,1ygry6hxAYMGPy3pZM1MkjoKq
bc1w9a3clsf04kaajvtgu0l9kp9x2zmj6hk8mwsdk5,3P2vxhYWhdU73LLGDVdUE7JF5MbZ97qhoW
1fBzEmM34tbMFgQVJzeZmCATaXPrjMcW,1csoC6wyVXd8zfNXa1yxPcSP8P8iQ1B
3rzs1GB1YeReiTapQmyqfnp4ZWsj2cwDqb,1xnmSj8mik7RCczD3RFerXpwhg8tUbCLL2
bc1srrxd936605r3uldrd9d8k96udsey4hujhjdvjj,3NX7qt7eUnUugwyREkhb2U9Th2n5cfAYY7
3C218HRnhvFB5zHSn1bfVhf6DKjjY7S8RC,387ZPTnt7wK2uW5RvkYY1dbSEbBdYc6XAi
1aBN7grVP3CoPrW1Z9fgsL57EXDg,18j9Nb5CAif6HTiap5Yzu7zXWw64
bc19n7qk0c757n9dqcwa8ajj2x8xr25az9kt2m500d,3hm6WiiifLC3dvQLLV6vh8Xd5c1QQyi8Ys
1H3NJPrUT16w2FjEhF7MhgvyWd9T,3faSq2pJDuXysdH4KCkarLWxDZGbDJFw1L
bc13wvjnq3c2ev6upy7c2cw602l05tehrrgwe72nhn,3WF4TREB5ZKdqov2nc8cMaVDdhRACDAGCN
1Y1QbAMTF47Tkmp9xB43gpGV5vDHoSx,12qWebLzUvv83HD2XSYSvPAsXF7ECZ4Bv4
1tytVr9MpWLHJDAebxoMEqE2uhFBa,1CEqRGDKsNhUbr2oLkeB2m2QXLk45rhg7
1N4UbSgSeUCMtFeM84XXNdgb5cdWX9Y,bc1mwjed8337pvag9th63rnh8w9c9m9j685fc6p6kw
1Bt1RxZ3JtXoRNjPRETGS3Q9RvRZJ,15NzVthds1sjgmfwz5rw2fKELoFi
bc1qyewx48h9h4wh69hfsgxldvejpq3dhhhxmyfawc,bc196mnc0v7crt2ptu4c4ggkv03sv4v9nw8hvymxgh
bc12meehvta05j5w9lppz843f7w9q5sxytjehtfvj4,1brPgKezPRx5S9gqKREMsPjo254D39
1yGW8Dqd4gBDX9tqrVpiQV4AVqoTE8U,16CbuLUzWPQSiQd99efacxk1c
1WZ9bp6hc1aM4jJFgrBaizKEW,12454ns6MZSmgcdUGxcbqswBN
bc19f3l3mqujwmmqku2gxu9kny6jt8gh0aa7dmjlc3,19hpEctbBHrhqnDM8R6M3QuYTWP
3hC8cZoixpq1eRr7Z5rH6Y7jMxyjoYaKhQ,114XDZB7kj9VRufZ88homRt32ruhMA7DHq
1oQ3q5yoEQ9Qq6rk5hG7nWXpa,1TE3EfFNH2hWg9cr4TbDNyVKd2M6V
3Tk3UGb5rrqC28arSQHEKxe37oAwNerpRn,bc1dqjxlfshe0xmr6jmdv5q70t2ppe0tnk4q0qypuw
1UZAEbDScxLXcVVzkzjzF9FAKm,1YvLXxAUkVuKo5e54FNBXuhu1TFy4TXsB
3sx5PWNCswU7UPPAPZK2rBy6RLfTgU8V8K,1qFzKHPSGk9Eqett855vG4XxbM
1Ptb9CpcDUBqeMpagNdAAnzdkiP9,3XBEcA56r9VLzJ871Z2TSjTaA7ix6nymb5
1x6hqhV9MpYovyQouG25fpAdhzq7h,3yUCgS4KHY6aGEhYKJdpTHeSmnqZdakf6t
3tiWUusZzue38zUhGdMGM3vrwf4S9YLQtd,1ztAzCRHSWQDTeZhUDooTQhyBs
3Lq1iUCg9d12zGCndLNWWY83ZH9nkujBqx,1hVzS7bXH1Zn1fatBgy2ZeFNcz16yb
1AcEAW8rs7X4z6uhgo6rZHNEVvZK1oU,bc1drfecce67vj2zgug49j83y4zd58nree5xuw0q5f
3oX47eJuhfPUyoy3dbs22PKtN6sUNFD1Jw,bc1jg52d06sft94xm8jrcfg4rqcjvss5nz7h60gyx7
bc10ev76ha9h5n2c2jrpwfn8fhq89dy7g6cl56cu9d,1qDgF8CsVG3ptHvyzVrLpnHC1aNrMb
133Seye9En1oPJXZwMafv6SqZb5j,1E9ULgPHv4Pcak29SKBAoKURwaFm
bc1uahpxzzv8erhwcwtgzg09c2ulwej7nkyvegj4pv,3ypwKuTFaMnhrnZfY2DVYyjPb2LTSJEGJ7
3jxNNJ2ec6jrU6VfiuJvqApNURkZLTXG2Z,bc1hwyr5fr9cvyt58klqrm4ednan40fe39k8692sgt
3jjEoiUCbgSBTY6VH8m9mctiWz3HrZAXbZ,3HbKMZQng5WmVUQkeRPzSDtf1XZAAuMnZC
bc1dgeayk4394ses24tkzpr6rk975y9zt0sl7t3c9a,1WcQEMVkmREntkPwAv6SFsZpw2wxj
1dGa2RMqwSyrqWNwXT3ksQm6LaMg,bc1cwckgym9xqgudy9w65wchcrpq9s8hqej255zmug
3mM85Nt9wuNcX9YwYn3QusDUdbrRWDqsWq,bc1dlmy3clqw94q3v4ze4h530k772r9rt9zv6sd9na
bc1kkkeyy8ra4fks4qdpt9dw327nsjr9kn93lc4r9z,3pmVnZMmbDZgyAAi5AF88jNqdS4P3uCjNq
1brPgKezPRx5S9gqKREMsPjo254D39,39CmC7PVzkkQamA41GnH6FZrphhJDUcvfq
1yRb61wneNLGCMoiZLxpDpbrroF6HsQC,1CCmUXT3TSfYyCg6bWx9RGfebWgd
3R3fYfEPcu4orFvoXokZDkSyPFmcdtefeV,bc1r8tu2cvkt8qtfds7hmukqa3hg4k3tne4fhlaa76
bc1jhz43uhumeytr5fcefvzt0hk45tucsyywz67t4k,11bLNJcvdbgyVMFUokmRbtxgzPxm6F6
bc1gwvuzukmpq7hklsksawjdmnjvus5mee4ka2fvkc,bc1ltucskfj2790y0sgt6s8gz74j4pa0wlwwkwcdrm
bc1jqrhszcy8t3pu3lp47txw6xvq5w9cz2vn4tkjut,1aATrGHseYuLDose24YYMwLFtpji2M
1GrUrk8jBhBeU75TNtR8VR4JcY7GZaENw,bc1gyft0cxe8gn5y3f3t7c8zfclqr7ey78y6lj8qyw
bc1krlthqyu6p2s2mvuxzw7ska0s3d7tfqkzdm998f,bc1qrz5l7mekkepwt8akud0dxltvjsu73yaqd2nt9r
1nCsLPMiPLLgU1wy5aD4hZBhPD5,1yrjbZHVVbcgpViXRK4tRUVwMh2HCLE
1Zn8V8YQSPrzkGFVHFTC82rHi2ysHLWNa,3ERMvY9184T2JYFgSiVhmDP4djM6i2N5Wc
176p7gHf3xkUsz9RjVSGH8XGY6GR,1LREDT9kLuBfRM1t5K121kQ9o1T
1VyQCF8Be7f83zkjg8Dxaeiq17C9jnsKQf,1JgvohZsqnTNdEjLjGNxj6vtGY7
37jtAFppa7taQGAh6nKiZRrw2bsQWcUgV4,3nFNxuX1FSmJ8L2ZyRXxY2BEb88tv2udiK
1gzRGPYvQV8nbwgdKEkGW7fvhipJE,1QgwNeqCPQx2h5FA5CEQAWSz36
1mStU6wuAyp8xooLwZhKPns6fn,bc1z95sa7qjnwkjarwtjpv6s00kneccyndgkg8yj4w
158XmHYEQUqbkQAiwcW5TLR6whrJXQkqdn,1D3dspFFojHmpgj871w5PLEJ7eSAnR
32VWnTxL5fQ2zVtaZWLDb6Co53Y9WQch79,1zZDW5L7L8XVpHM1FH6RDG1TJjPKkDad
3MwFmqtsVpUqBHVPVZRnKPNUT1LuZceBuE,bc1nqr9874qarjw8733fmndq46muawenpgpt7cs9pg
1odrBPMQk4he43FVELdNgj8q1sgRJU64u,1Xrj9xDpeSzcwYf3UDv2SKJsqp9ZmuZJm
17ducmq7oKxpHHQ936PnBccRUmTzhqE,bc1gtancwew60ssj0nyxqduusx89fwek7h7c63a4fn
1iNBGVZ4FiF2azVV44v2pcsqmjsvP,bc1jfufgy68nj4ulfw7unahqgm62jefw5vfux394zl
3CX5ccGvZ2zCiwNPxgAfiN5PhDuRsGb7F4,bc174m0ecnewnfngmtvqzyp984rnm9k5z9t63l0hhj
bc16tcfnhmnsua439yzqly78rjvxkgage2qjfrc33g,1bVHFJdijY3xw5Y9KUXQP8Xgx
3GTLWam7b8W9YuLrwBUGgp3h2TnEp3cnPZ,3gasVBAmM3qAMb5z1hDd7FUJVFMyc8VE3b
1Vmhz55c7xmP3Le3aquYQM2YbD,bc1hhsfts3lfrdu0d7wl7296zw3x9zv3rdtmvf7s2h
3TfxxuKGe8uKoiZ26CXtDMqXAxHYwyj9jj,3Hc7kK33qfa7fgb4Z3SVjduZvCJN61itqT
1sy2Bf4roipMQCeP2gZgoNGBo68w869,3296QAZYXDkTx3cSN49BwRr5pS15cS6Mfh
3MVj1ijhNhpXmcMq9SJWZxLDGSdmjtacSd,1rg8NmM8ZcrsW8166ZxJwq7zt488bh1h3
3vwvJ6LmbKwaQqBrETy8NizGPwHzxeaFuw,1wAognmPY7SUQH8UiKTZ2dJNAk1FDhd2BA
1wZBFz22Q2uHGHqiz2Ui1B1PFCcrrgdwR6,1Un6TzoMeyPnE16qogktZrReJEfs2J
1JB9R6sYhuWcDhpCbDK1v2H5Xf,bc1yc6ccg2x4y36luwpje6px39hpakktrw592dp0s6
3zgFetzh6xQFybA6q6qfi22ko4XMD82ay7,35VboDPPEewJB5FRraH1Cgcifbz2EMMgf7
bc1ehy4jltx56f0kdxj4wzyqvuvn7tqwwyfshkgmm7,3bHMkwkJkhMnGzNcXNE5qxv3eHkWVw5R8P
1SkQExarAshvA7vMBVCtVHKKAb1u1Uk2,39UseKahYCZZpqg2PX7JUazwpioCsLRTwz
31CdfrnoR149o9pqtiXWGPFxYCkRTa2nAy,3fcw2Xbypz5smQk4NrhireBMWwRMjvDLTo
1E4bSfsF3SYkn9zEvaampEszX,1pRMN5g2LPSueQf3eDJR6JZgR9aj6jELKr
1gDn7N1Qiegd1HRv9kLp9LwgBmyhnv19,1zWy3CcPuKoMfBuE2dzEs9m4pSSQKfKj
bc1aw072suc6tu9fy6zsgrutcu8spplqet87wjvgsw,3Z3Xf4e1RVSNtT9BXecvmTpbKFwHTkafLV
3jXmBy9ZykxZXgEdYnsx8vroxhEqSiiFye,3ESpYc9tkisx3qFdRAisVHX6jxsErVhS47
3x1hkfaRdCii1uU81NrVWUiVxfDd2FCRsk,bc1qtpe2wnvnzdaalmuhfxysjmsyef43m9wr48xc4z
1WufsxieYp9tjVpqB1WH13hSNELx6Bf,3u2XwJw6ggE7pBLLkfXWfsuT1Eqy83R32E
bc1glx9y5gug48r0a5hqzpxvanlzvegydlcv4gzqk8,bc1rzf6auzelcgl0tneag9gemtrw2kpn5zt74u5hj4
1jKH6yBnFud5iFftyUirfCUSdXJ,3XLRB2zdrnsQb6inHbCmaPThNuJr7n5wME
3CX5ccGvZ2zCiwNPxgAfiN5PhDuRsGb7F4,3nFNxuX1FSmJ8L2ZyRXxY2BEb88tv2udiK
3CKe7W2cZzmxb4cPUpbJJLhCMWZMyEwpSq,1CHgimSdGqsgDHHCdmrsc5jmENDJE
3wnwQg29zGW4kw9jXASfevCMxr8E8XGtZ3,1PJW2kqpqCMYUN4CRJiNtzqGHT
1vuXhNy568p5ZSxEGKohjKG5C,31qLX8v9Zv7iajZJuYKoKPjSkxQQP5SL6B
1BJkk8dgSFQSGprpB543ndVWY,bc1ehflqkjldf6ejzez3pk4tjjpqa0aze5u2dzuz7r
1JRq2UV4FHbEjWwFBVfmjeskYqEhc,3qukGQ4hZFF9GtoESronXTkNm7c1MsnrJE
bc1u6u2nttzqzwklcnxsxkwuthtgr2fwzcs3zjkq4x,1on5mywGSgwMbXz19iHovHCVhnBS3cX
1mZrAz2hFqNhJQhw7jR4Lz1oHJMdc,1zzZBWwDhhqBdrqJEGJPTdJoZDaq
34h2Rha8aLV9wyCuPpwSr2Ru8sLS4Yjw8b,bc1rsa9snwmasetfkd28tr09649d4gga7lumj39tre
1HAyqfP8UbxFC7yAEoMsUS2J1u,1wKAqa1szByAKqntBuEy66BtD9xSvTZUsx
1ZAxBYhWZUh39LSu6poW7op1z138zcE9Z,bc1avgjlgecz0ltdry8hyez9qs4uqfgl9t0wzweg9a
3aFsg8xdCvwAwjBswGKHPRemcSfPdvPWi1,15hp3T9V3kNhaYSqCgtExN7QB8y3qaN
34j5qRQ75atPjUoHmq1qJqsHu1QkRsW14j,bc1lg7fhmcawen5yfesye4efcpws76nfwty7pjsm0p
1MfEH5CVLfh9ZoxAKnieHMgLUSmV7e,1F3uWTH1DqaGwhgHobCDissA7K9o8QrxY
bc1jajpdqsx56ztxj6lz5r6cygln8zt6xlmrjvnttf,1Ec1TYmH577ERK76rmCeb1zFvP2t
1pKN57jmKaWzfX6M1ueJuhMQBzWKe,16idqEouqnoF64tbEUEETZXpXv5vy39EUQ
196ZBXdZsWgT65cqXJfS3y1pk,1AUeK2bPwMRU4sxgGd55QJisXfGq6uLkA
1xGNUFC6UjF36niha2ZkEc44f3N,17WWsxwmAbsYTDvmeqcE85Rs8p
bc1z0v6wz0ne86qrw3ngguzm5cppvk0l8nr3gmp8zg,bc1ys2r7lp74svymycd0rvyha0hz7x8dujn4j0qrxl
1Vmhz55c7xmP3Le3aquYQM2YbD,bc1mqnjshmt0frtle9xfq374rjyhr0w89tnzue8vtl
bc1a5sjfxty254plvrkeyccut46dtmdls5jxyee7tl,1s6dmNNyAwU1kcFTup9yDHF9jZoUaS
1YKKnk3hXaaYL7mqff7gtmPP6Q7DBsQmg3,1fEhy9EUM5Kcb2Cgm9tccExns
3VqL9GDPG1K3CkNhJWzaVeDF2Lqm3fSAcG,1PNb7Qep1HbtoiKKYzzFvi95YgbPAwjENp
1zYmpNtf4gM8Airajbmdb3kQnw2X,1ufdDHkM9tzoShj1mrTH6ABdT5wxsLp7
3ErWJ2UQ1Y7h9Q1qZhLhbjNWSTPtyaLDkZ,bc14ec64eyjhrsw3uvadj5ngz74ssyyvlshqk0t0ec
1voEo6RBRGrc7e6PAWQiY4NC6Md5y,bc18h9n504n693tvl0z2mmr5nf6v2zyyfxn0qyt47u
bc13dwcg8g3u6zwunqs50lqmta39rupca8fmlrq9zj,35Y5X6GYq3Vq9nh69SRd5mTgzL212f2o2K
1wU5Fn19FqkFFRopU2mcjedfbYe,3c3W4gAjqwB4HJpEKcWsZRFM7moyfLd1hs
17SinNP4s1zWJTe7B7UD3azMhG48b6,bc19vcjzptweyp2v6dcgkdv45jx9026xsh85g8ymsa
3p3NtDYKxW3wsJMXSX3gMVWGazNm2jxtwX,bc1lj67d0zr3p53u4y4584max9tms0hydyrf4n3kkl
1uXorxFgucfjbp5Ma7f4fiCGw,1PS7uWdfZoUP15JNoHvEZvee5W3URkreC
bc1vf4stknm8h7t5yzgkpg654lu589js74ljj9yjsa,39r9RqcyipN7vpKStnYLKRjV3NfkrXyYWD
1gDzhLgoLXzC1wuW5VzonrhcW9,1aGQ1mqhAEbW8iiDapetaw6AyzmS
1nCsLPMiPLLgU1wy5aD4hZBhPD5,12rXJoML96XKYousdurfTGCc43EJS5e
3xm9X9UMaa8KzWpFHXkZSo1x9tS3aNzRk9,1BRzZNYf7XY1h1LCYYQXUAjr9uz15zY
1k6mJ8zh54RPSwS9hUX4MGtLyjPd,bc1vslwvtt7rspwnvrlk4hns7hf7y4t64t23fqaeuk
1NstcSQ4EProUkP2hB7hDj9ThgeY,bc125mkegj958ldht3kc9d0axmwkv9j454tlsucwsf
3yv8Rt1naTaqGbGLPiCsruEvGxrjL5vRqY,3inEtEbWnNatERhKvWsykhrva5pYrfo7dd
3vu3xpZGjz2W9QJxkYgywJkzdvd1RkPjNs,3oxACah8e3Lxugwg9SoPCFZgz1hKXQppRi
1gVpLq35H1fbU5vwb43DNvA4Ydk7,bc14nfwzdnw66zvgkpwa5stnrh5y94x663kehvx6gv
1mc3j7K2nBGXoZ8sw1serN4HA,3WHN6fMH8R6dJPAc4j1318FSkCSyE52WdZ
1qgpKyvzd8bjE5aw9wGc9mVodo,1avpZDUtgtHAWPUUJYn4FpjsU8nz
39a75QyW6e2MvdD49MNLcMbBmykKR1RkJ9,bc1cxpjz3a45l89zmhzth3jeqwxfv0g9rhj35a0han
34j25iuoT6E4yuwVAAxhXEPxDtuYtNpeDb,1SkQExarAshvA7vMBVCtVHKKAb1u1Uk2
1uxa7bs7VPAfir6DLhrjDzJzvRe,1STbDrBQdQGsxvSmcZQ1BRacq2KQyn
3YE1h7cCxkSWEaPVZa8ahF9oy6Fy8rV99Y,3RJ3xs9uDRii7NBZBbFApb6b5tNH6DWN4e
1AzCjgksMLsm12YNokzTbc1Xm,bc1xvjcvvqakkwqjjq7gspwprntqe29632hfgkkxxs
1cFGHwEoWLs8yV1ZVWfmatPLSyHYc,1Zyig1ceCStK9J8LUq2PwFtZHUwF7ak
11hcRUTsz6uWcx9JQ4bWztg5eN72Ls5W,bc10ev76ha9h5n2c2jrpwfn8fhq89dy7g6cl56cu9d
1ttzpiVBruUKu4VB6S1Rwcbw7Htacp,bc1qtpe2wnvnzdaalmuhfxysjmsyef43m9wr48xc4z
1Pkx3wtjRHtKMAHVDAwGc7EH6ZWAb3,1qmR65xmDcGPNfMxqwtUKgtXVVrBpGMJ
1WXtajkvs7aopGDkh1AV6mRRHRBB8,3gTyUmqgxMwecgiUp5ZovW6YnXu9bUGWTa
19ptZ5NWkpxNkEzXyqcZMEqWMxt,17gMHecah3MJJ6Xyx4xP9zkDNRFZe1Sx9K
1VKTFQ3jPKckbXsnXTp3zXPjZWd3HQJqTR,1zvNsUZ4q8EJaAqDyWkDMVEne9LiHeb5pF
3twfxfRk9XpugrKAtLzZ2i43pWGgHg9m8J,bc1nvr6nq372wsmf9wxcu2txazhm09c5c8rpz7qyzx
1oQ4CqHXgDvmdyUZPvRUpz1esh,1e8YzjWgCQvWtrCVwbNyJgvLQ2Tup
1DNZ9jgdxqv4gXQz3hgaafMA8k,1oopJiU6zHyem2XBLQefEgMhyE4v
bc104678lhm8k0r3d9h0tnxevxxtju4ndf7q5ernaw,3oK9YabcW3Hsxbe4z12xN7aT1TkDdyydWr
1twB7jTthG2Z4hDQN3SUB1ufx,3jUSZ8q812Q6mbHuFmZsbP5GC2VS8kZD9Z
bc19yf247rqf7kracs5zlaxxntyc9hn9hmeth7tu4x,1pTynsTpkifxksBsAF6sL39WVHC
1vxmfYUXVvXCo5ooZoBpUfPJREmYWU2,bc1ely6jpjgy6w3zwe0kuk938rssgenapk5lxudfw0
1aiaAdcq9g2w72K9hQmvsj49DKfXKBuLMm,11bLNJcvdbgyVMFUokmRbtxgzPxm6F6
3UpHeM4qcLyK9yP8nozU6bHuAdbVzzLWP6,1KMxuVqgKkcyGSJRApaiq2Q91Q8ZK
3MwFmqtsVpUqBHVPVZRnKPNUT1LuZceBuE,3YE1h7cCxkSWEaPVZa8ahF9oy6Fy8rV99Y
3VqL9GDPG1K3CkNhJWzaVeDF2Lqm3fSAcG,1smfRjy7CtWTNy6FYpMs9zwkHShN
3r1Sq3ydRD6jdUhVPHcf9aC2vpACYFm3av,1iKbrxSSeJhJF9WtzDyf78LKY
3pkaw9Uha7nJ3TqZ2yNkRL3hSvbF2VSDpU,3JNGq1PxbJLABa1dZ5eqV7CYB1AhoydLtA
bc1glx9y5gug48r0a5hqzpxvanlzvegydlcv4gzqk8,bc1405fumq5srqhahqh3dvs2lx5x84wfwc4s7pxlmx
bc1xvn6e3zkhpez3369petg40dphdduq7nhq8ntmjx,3y5syL7rRMPkNuq3UpUMeeDEuEPmeN1CmJ
1hNn6mfB2jE6MCarXc6sc4w2isyQGe,3cS4LyQZvYfJ6PYV416pdU6DeyU7nUtGeP
1w6of5GfTChG8yutkGXw2sgQZh,1Lh7KQebHyhxaprFtTbK4vjnLkpQpyAq1
1wuMEtYaVRab8VKMu83BEGDfJcaDN,1Vu8auVKNvQBJDsiJoYyijrSpTYM2f
1wPqtgdSn2vFR89ckojpGV5Doov4pYu,1ewhAD1Uu8Z4kqCfgkkYk426pU
bc1gtd7vkl7ywpn4xfkygzf4sfnf600tl4w8vepaap,bc1xuwnwkfup45lh67m72ygwflldzskgyqjzdtze04
1JRq2UV4FHbEjWwFBVfmjeskYqEhc,3WC8LG87wok9wtEXjB6Z96o1re5JpNH3su
1wfyzN25C8wkzDJ6uHwULPhWgDVE,3BkvCjEFGEqqMn75xV1rxrNKutaGBmWQk8
1v2e6TqkS7BhsAuqDDupk6erNXTcNM6x,11hcRUTsz6uWcx9JQ4bWztg5eN72Ls5W
1yGW8Dqd4gBDX9tqrVpiQV4AVqoTE8U,3JMhTXw5ByiMev1456ii5s1yWMj7rx8CFv
1ab72cokDcwiVa5LWPUuEyv5nDboJE7A1p,1W25hXGFPjafpyY7wr5jfrMZMPG7LCv
1WGyaJvzpRrxp4D8KDVfsMwNhAuffEW,1e8QMJSgsr1zYXyURk7EuABNwRajCqHEH
1D3oipji4Ya9Dw2k1CEmgdYpDHQm5MVYvG,1LjWdeHTYTouhSMBtQPCmf2cGnx4dyVXP9
16aEukaSdiRZ2e8zSz3288AKYG7wnJ,3tiWUusZzue38zUhGdMGM3vrwf4S9YLQtd
3emxoHh3xbQ6MUsUX9VRHzbPwRLrgoLB3P,bc1vf4stknm8h7t5yzgkpg654lu589js74ljj9yjsa
1YagVBzqwCMFGaksZmpqM2zztAD1u613h,1fpo8aDsRVn7huAHa7Wkm12BEXW
1tm3X1F87zx8aMz77aiKG5yHXA,1rXZQfZict9kEnJqcQRJud2LF2cXbhno52
3ioeg1HRJoD9qt11SmU1P5QMGGxTLPdibP,bc1747yrz2r5v4fnwvlaftfgp7ls0v0thrk53rzeqa
bc1z95sa7qjnwkjarwtjpv6s00kneccyndgkg8yj4w,3Y8iwW29sReDanDwbWSiygH6rAUefxqpR1
3w6kMCAf2NrDQWNkmBHj26pFpFZn3m3dK9,bc1ukzlxfjek292rdx89ghnk44pzq37ykf5w7h8mmc
19rU1yk3BXnTjQHLBJTwPsdpfQSdv1mBT,1yjd2HRryPvSJUHnvpk7UdVnVc2o
1eDPxWf4PWqgLWu2EmXYLKBWUjST,bc1yplxc5x7y3jkr49fya72kf3d4ecctjkxxmg8508
3XBEcA56r9VLzJ871Z2TSjTaA7ix6nymb5,1nZMDysWemm5zopJZVirm7BGhj
19Fire4qwA7eJ19qjDMhiYUiEken,3r7f29VYMHrrmNcn16LJgQ9L3UwoL81uou
1p2QYYZBKMNWBx4G2rwBr8i8H2QwZZf2NH,3Z2f5FXxuJgRRoAhLWNcUAfPMqgQvZ1gua
18JLULk17ggeGqZhDqrTV5C7Sd,1q6gov1nrJQ8tJ1Cxr3Gt4VQtZAALCVz7Z
1qah5w5dxxd3wSxDNvVyZPFkpY,bc1j8kg59kjretempkdlcs7eqyj5qtd8ampjdcmwa9
3UsPc3A3dBVfeGsxLX45sy6m5jGVQPuyAN,1iRthAzG1ZeDq1sPzcwSMMwJ3
1qPm45hmjseZVwD2KvMBYD6Mu1vaC,1dbVAnr74R8KkqffHxffudkeCpRJvZ7
3Fi4EKE5Mi7tY1ndN7nV9sXmkvCSLA6sfb,34qYpekDf7rh1SK3ae6Fk58JyAyfF3wuJX
1KG2EMa8oFkJdT3f1ZsWxqpawpix8hYL31,1zHzjudbhhRcK4Vjro9Q3UeNR
32aDjWaDD3e4We5eZzRvArpWZQvjdYGCKz,bc13wvjnq3c2ev6upy7c2cw602l05tehrrgwe72nhn
3CKxDz2JA6mxYLYgwdnyM2ft72TB4R25ZX,1rTr7oQR1NhyzGHSdqaX4S9tJGEVyV
3MA1J2XGAfTshH28qzyeSkZToEPrtfhJSn,3nTm97oUXrnBS4NEWd1LG3PccFos4hYkam
1LREDT9kLuBfRM1t5K121kQ9o1T,bc1cplscllr4g6apl8met6m9jekaqk7jjxlu0f0z88
3iTWdUJR4VrNJFU9zwuNCpWZzCbzAWdSnt,3Mni3SRARtMNqnakETo22G7LtA5wyLzthS
1rTr7oQR1NhyzGHSdqaX4S9tJGEVyV,bc1xu88gwzk4dwaqmy0nc2upgtp798jc69qgaep3w7
3eaLRAi3KGnNSuDrBX8mquPQGF7SsFvULB,13RmSoeGGEwL2MG8T4ALEP7L7uSsU6
1vDpdrnMeTrsPT4DLtB85VzBW5makQ7FVa,3nDUzPomhT7SxSyS4BP6GSYQga3Swzuz95
bc1z95sa7qjnwkjarwtjpv6s00kneccyndgkg8yj4w,1xbAsYnM2tTUBnGrQG6quHjnQDE4
3N2EavCTSHiJA6HdfYJZtBfvwKHBUSjoqv,1dKgM5evU4kL66jDXFDviQ5pChsk
3dTEWw68wEzYBSUzoTEQjPhVZX1tgJUzuV,3MwFmqtsVpUqBHVPVZRnKPNUT1LuZceBuE
1DPueJzug2XMLeZAGDfvizvy7C5iQbuCFG,bc17j6san7xtye4h2c4pkwfzwslphfwzgt84kg6kyq
3eGMWKD3wjApWh74bHNBZzYrUmgD3UiJ5J,35C4jLhd2rYmVcFfZ57RCJi6c9tYZ8A9B8
13WNZTzvBcyYmmsjByW3KcYfHnZQ,1gRBoLFVf4rsKkRm7D7A6LYCA6jwHELB
3gMP8XwXhqXo7pZFU7s74AGAhWztyS5gC5,1aoGmv4vEvMbWczkhAQS6JDbq2Cxwh7
1oPYvKrXkkGBLHuXUNFPHKZ86D7,1oMfu2dZ5WGYsFWbm4fLELLN3Z7NKdF
1wmTuW8rWFxDV13hDcRZzMJwanFTp2kZ,bc1gdpma6t9kdrayfruq9vk7llnzcwlqd8fsr5mezr
1hZ97NarDsfMUYp7B7xQSQ4LcDj7,1ByYynn7kPesdYpDGaokAEjNu6BBs
14sErAu6rEiFKVkqfxwMjDyWtEwR,3ZsG2gGiWawZHYEhAbALoNi6NE3vRgfEc5
1oxRZyDNyfhrRWZnM1zk6Wm3CUNLUKA,3NN6KWpwm56FyyM2iDgcFm4iULVkMxtPoB
3drPDykYFVZoVL5ztv96nf2PMhPBSnDt49,3VhYdQv7U4rVuXor1mN9fADMg5PsNnYS7G
bc1jfms8qahne628ytz0te3vfk84am83z26ug0gl06,1pWnUPu3MeUVCHYu8JYXrMaYH32rAovT9
bc1ajel5u2q2mnfchtnt8fe8vfjrp0anwy9kfahzla,1STbDrBQdQGsxvSmcZQ1BRacq2KQyn
1n9mZAmchqK6CX3vHHoLJKCJ7C,1rTr7oQR1NhyzGHSdqaX4S9tJGEVyV
bc10hp78z7pq86n80r7wgtn7kc9fjajav7xj68kf4e,3D9mHMx3sro34zDs5vVXM9TYP7htyunjie
1ZA3E39tvGneFpY1McN5hYiQcK4pp,bc1wsnm2ae638z4jkvr5mz8g2l0tzslk6mff9lg6gd
bc1de3yvw2vjwlmuxwpyr5x45x0p02dym90l9w0wce,1GFjaJUd5reexUomgqzC6F6QY4dB9gZ8
1PJW2kqpqCMYUN4CRJiNtzqGHT,1J4pgA3kVbpnEExJmwygEeMDaGqZMXCzXe
373ZUbG5wdKHMMQ4iHqEYgpvXXmXYC4TB5,bc12t002kce44zfzx9ahkraxn25p9zrexv9zh6puj4
1fXhFNc5vDVt5o4ZwRNipG35Jwx6jXB,1Px1Z3gsS5678anTFdrE6P8kCpR7aP
3LmX3KQwewnDBxKVaUc9HAoAdTdWKWxJpg,19KxLSGqhBZsdquqqsuu7hBBp8Y
1DbqULF8YC3bbGYxDGHjefWSTYaTQ7,1qHMUhkzXBdNiMQ5SzNZADNthKV2zS1fm
3gMvqgd5LD74fMCVUX3uEmvYBNUV37EE1v,bc1362x5cg4lr92sknt26x0n03szkspvzj7u3ff0ez
3qukGQ4hZFF9GtoESronXTkNm7c1MsnrJE,34YWa9LX7Ca6WoTWT4ToiPpka3L4zw5w2Q
bc1s72rxxvhqslna2dc2r5rt09p2hf9zjr459jnsff,3PWo4X8hZu4xJHTvMkVSCpw9qLgEqN5A9g
188DYJMm1gAkoSULjA7DKgqUS,bc1z7s5xz9luwgg965dna45fsxd8shzpldr5k33gl8
1s7CMGHKtgQzBwzi4ps5kqWbUg,3rK2dVYPACiWHEBac8Zg3B6z9poKAEhioH
1WU33ftNd6iG9N8QoWzN3JAaj,1FuZpUNyDUu8tKm5oTE3HEyL7F8F
1GuQsvXMpm4y9gcXbx676QwiatnrjHhrq,1QimEnYHtRzD2XZKryg1AnZD9rNEEr3E
3TEpbrQycFPnthfoaUKJGPTnUE4NzVD4jo,3pTAeMCVddNT1rSpRVNQsAYfvZqA3B5NpJ
1VFYD6QELNmn1udWN17AvcmV1,bc1ytlpnv86ve039v5xztyrxqtvdvqsr2yu979gs4l
3jK3JoSw6RrkfWfK7U7QbdwLNhTNP7SUeB,1X9N3uWRjgqVQV2xHoDyjaqU9E
12rXJoML96XKYousdurfTGCc43EJS5e,3jK3JoSw6RrkfWfK7U7QbdwLNhTNP7SUeB
3aV9A1cNUhG1GhudTsFnF4BRjGzR3cLRTM,3R3fYfEPcu4orFvoXokZDkSyPFmcdtefeV
1QkjrWw4fyXZeqrjv9Eau5zANmCF,39a75QyW6e2MvdD49MNLcMbBmykKR1RkJ9
1XTttwXNhJ6LJpyjko23m14L8fK6dX,3sLBk5vdtenq3VibQTgH3X8NaHotMps2ps
3TRdPs8E1nTNFeGixEW34K9Y8ptU1Vrvfj,1ESmf3PpXHcQAoWBDabSUwD3CdNFKbY
bc1gww2g5w02jz6m346hwzj2n3fsnkvv3s3wxqyq0z,3ry5J2Pcm8m2Tjd9uPBc1uLcY3unm2Vx9e
1pRS2X8dyd2ihtTaab5aQgQMS,3g9px5FZRbcmPuJbRZ4x6mdG5EZAQgU2HH
bc1mhhfvfgjd6gxlgwzttcs6497jyjld54f273hgsx,1LTDPKYop8UPgTCtH1aED8C1Vot
1zZDW5L7L8XVpHM1FH6RDG1TJjPKkDad,19REzjM2jQVUsWUs8XpDvSXfM6esn
17WWsxwmAbsYTDvmeqcE85Rs8p,bc1qmwfftzzc5hf88q99zf6lejxlksj89hn3epwnzh
1fTk5RzWmYcqEVmBoMzEwRku1ht,3SL2hf3BVeCsLSef8BKiFZ3CaDVZSMPxrm
3rK2dVYPACiWHEBac8Zg3B6z9poKAEhioH,bc1krlthqyu6p2s2mvuxzw7ska0s3d7tfqkzdm998f
bc1wv4ptzha50d57g7a9pdgdxggpfz4dgkmy8zjjs4,bc1k8mmwuqvfndly63m2p5xcmqkhyyugej856qt40g
1GnbPvFZBUUVEe5DGTNu5rdvkqUNb,1Y2nFpa6mQh9LV3wj3oPY2sMcpbpZm
1GHhRNRs4QFs2ATPPgxMi5DhkDH,bc1h8u3u0td9rga7p2ph4hdh4ukstrdkss75rsp0ec
3WC8LG87wok9wtEXjB6Z96o1re5JpNH3su,bc1405fumq5srqhahqh3dvs2lx5x84wfwc4s7pxlmx
128TTcaWLyBV436aJ9zgtwMpjuzBvXyE8j,1uYwVJMhrjHf9SjfcZFqi6bTvUR1A
3FdQ7WjVftKgkLBvj58p9gdAFUeRpx1oLT,1vTzaHZC3RybUP7BMo4rHYGnvgCtZ
bc1w5eh3etzvmarjz9dl0y6znspm7hpv8qpe43a49l,1Ec1TYmH577ERK76rmCeb1zFvP2t
1v8xAAEGLpqdSXC19rDbAbt8Fk5Xqh,bc1xsjurheezkwwurpl8z40y5lpdpzzcc07lr7mchs
3aaDZtncysfRXxtzYe26NnZb6NC3Q3cCgE,1BLezmSXc5sUrrk51iPrRhkzz7vqUrbw
bc1fcay23fd2yprcvs865uchtq398akur35qzlxley,bc1qcyk5wwaesahyd49ue7k8tl6qpj9vwm0myncteu
1HE9Nip3oF7Wp6h1mTdfXWARviyUnyk8G,37HwpzMei4QKme2Q6eQ1qmjMiaa8D1re1d
32j6yY2J5rpw1WAehzDDLscH1ZeBELZLTd,bc18wqwca4f8272sewvgysyukpa2x8rdu6zqlytstp
16W4tePG6vfUqzbwGNVk6Va5NE,3P9ppT7uGEeZ4qE3DE9sWKkf2mVfhY3bDa
3SCdCMsrfVxSFSAnqkXC7HHBmUm4TJECsq,1DBeM6vU5Upi2y8wpMY737a7x
bc1cy9ckl4zqawshskqqcr8d8zy0xv58hlwuy2eped,1xGNUFC6UjF36niha2ZkEc44f3N
1hUDUmpoNQp11MZ9SduMyCHDGBrF,3HuGEfE26fUnuEVauiiUHYLzuoE3QooqCW
bc16tcfnhmnsua439yzqly78rjvxkgage2qjfrc33g,1iRBRsHgFJqRJQFEUwkzvV9xG8Ka3psY4B
1J9UvRhC2wzTMTUf4ndmn6MCfb,11NXgt7mD97EpGXZgxwuvztAzXZxRco
3yFSnJfveptotWVvFjX2Woc1ruWYGCHqL2,bc15nzvhqml5q9wmchf9sm7ql83scdefu2jhzc33h6
3yv8Rt1naTaqGbGLPiCsruEvGxrjL5vRqY,17r9zCCoW6oBPEF2m4wvZypz1t
1v8V7YQLRW6cfzt15DorsKr6QqA,1kE6Cbt3oEVoqQxUc7PsWmdyZTm1k
3UUi2ZFvYsahYBmn5gaTZh6ESMMCMTsahq,1sj4yHhZRY58wsYYc9KDRSamVF
1sWV9uX5oW3DuxUS1o7mAZn7n5,3pgs2oznCHTFsPAbC6bLdfuvM5nsAmgZSM
1ZA3E39tvGneFpY1McN5hYiQcK4pp,bc18jzjms40w27j5m8j4l788uhxt95rpazkl0m4x0k
3Aep2XospDSTaQKBU7ue3mhppw4vNef329,1qjkrqnCEhPqcpfNJg756kJhfF
1vxmfYUXVvXCo5ooZoBpUfPJREmYWU2,3PugDBjDF4vXQLmuQXj9ihDfbJ4owMZWTk
1gDn7N1Qiegd1HRv9kLp9LwgBmyhnv19,3P6do4ovpD3uZWWjaukW2D9dwhXmrRq6Ey
bc19esrzrs2cvulm83ztjgyv0rnpxxuvyewhpkejq5,33uXdx8MD2MhtrzfyJgwBpZ8swHcUxqYVN
1nh92UQcHTpAuyQaVA8arHY1VMki,39a75QyW6e2MvdD49MNLcMbBmykKR1RkJ9
3hknk1e8cZPrLooAjV4MWkXPBTnRbve4aG,1yQDPRb5Z4wUMcfoio1WPyf8t3BAVL
bc1cvayr09w5a7h38g7f3sd4qev3f05nccezrm4sru,1mgq98QWKFGzEYp2dRTWC7yBm3L9eQLXyF
bc1yr2l2948jjsel4eghtzvqja4augwrkfmqh8g9m8,1DbqULF8YC3bbGYxDGHjefWSTYaTQ7
1xbAsYnM2tTUBnGrQG6quHjnQDE4,32qHsoPafVgTB9YCeUvj9SLzrUrWf2ihDb
bc1yc6ccg2x4y36luwpje6px39hpakktrw592dp0s6,34j5qRQ75atPjUoHmq1qJqsHu1QkRsW14j
38AoKjREwyXND61aCMgWUNghU2BdcPBkBY,3p3NtDYKxW3wsJMXSX3gMVWGazNm2jxtwX
bc194d9kuzjadr7ah7d822m02chcs0dx9exxh48d0k,1L6r6u19sy5nGdQ5LgXxdtVYcEgHE6ymh6
3inEtEbWnNatERhKvWsykhrva5pYrfo7dd,1v6MECdVLm6XUDpgzyzZyi88y6q
3D9mHMx3sro34zDs5vVXM9TYP7htyunjie,3GxW6TdsWb9QaH2r8vg4WmH85GMNNW8Tbu
bc1zwfef6ethz6t0rud0uaq9473uy7f00y6xylmn0z,1tm3X1F87zx8aMz77aiKG5yHXA
bc1fqlsnr9yp9ulk5x42uy0dlj3f47yratnrv8wz0d,bc19dq9a5hg4szs5lyqy63wy4q93txct2y2efs89tt
1zGyPAvCNdygL8qpTTsrVPun3ttkzsM,1gWX6ZixVDsPpDppd5XLsWMt7q
1iKbrxSSeJhJF9WtzDyf78LKY,3rGKD5dxVuz6prmTWepjYTxmL3d5ADsWkE
3bao28pxKZJqSm73SjZYQYgYz7H3xJrCWZ,3HbcrmkUEhUMXjNC3uoDJPvCPUWgzEWEdq
1eRFxus8Qzdvf1xG2zj5jpakMR5gbZ,3hJQEQsqhsr47Hunt5NCiopotgJtRNfe4q
12DJaGikzQcALArKNsVAXBu1wLJE,3nTm97oUXrnBS4NEWd1LG3PccFos4hYkam
3HuGEfE26fUnuEVauiiUHYLzuoE3QooqCW,bc1405n3f87ucdw8d974tvyu6mn4qgxmd324dedgp0
bc1xk9vdgzt7rkdaw4rkxmef0ymnlf4ddyfgnat4wq,15gQZnsadzgwjRAWVTyWXhT2AZv7r7NH
3HpY7cSn2byrdMo3Hu4dcnBSW4RHqCN46c,1NwAyKYZRiMbNHrL3HK6o2QPQNWa
1cKzkNVC7scNQr63WGgn9vXHoRZW,34KBZiDi1bynYCQ7LKDGY6sq8JQxgahe13
3W7HAJB8PZW79y1MeZoQ3QN8jJm7pc78w1,1TYMwfJcyhAeNCc4L8mQcBxSiBzu9hF
1NYNx8PD7HsmzyYMDuHmdfgddWXE,32T6WYccoPGfUcgkY2wn5zo7F8BeyU8VNQ
3GMqDxGTfdzhkdEZAGJ667i4MBcFAojQSN,12KEjofcm2zUchhbrcboRjhE7
19Fgf9zm9yuezLYnDoqAmhhTra6wu,bc1xrdaysqpwecn350utspemeupad27zmn7vyucalv
1uNCLoAqTpGCEAd9WsVxJfen1HZMCCKpof,19Qctkoxu94WrVQYtxPqWN2ARHsvG75EF
3mRxMinBBSvpGe1Rc52bHbWVPz9dPNkXe3,1HxCFRYyhTFpWTZgkz5gWvuSFnyHXoy2
317XTqnTJtBkZVC4vucEhvRskSZ2AncSeq,1e8YzjWgCQvWtrCVwbNyJgvLQ2Tup
1S4TqjKRQjqebWxWaibBoh1aTWjJ,1G4peh13r9sFrfrSwi2szQ3NPUZkRC
15gQZnsadzgwjRAWVTyWXhT2AZv7r7NH,1Lt8fAbiD2iqUozdoQBdPb4kGrV
14n7fa1t8vroBUU6PdYo98Wr4WzZFk,3DaaccDmECTafDsgN3xbH9hyHFDU38ZYZc
bc1vy33jfc7zaghkt0jxtrkjsw6xykfjfw5dspstpr,1TkGqxLW8Gw7LU3Y6YkBAF5ULewEZVv
1xhCjHbmbyqJMJi834Hwdk61HULxFr74V,1fyxBed6R1wgitP7oQ8ZXqE74kBvCuGGK
1iUGv7tLt9BHfVLHwXLiSpqU2Frtr5B,3KVzBA86FBtbiKLJdHuieYR7YDPQrPa22d
3eyQ2n7Qr5fYNxSK1nTwKH4cfWMebT5CDx,bc17rmck86m89ar3ld6lnge96wjl2jrnhs0a0uhdjl
bc1j9n8nfhpaeq8x7uzquxek62phyt835dxfvgdkl7,18G46i9DzGiVvdaNmYkbs3uAtq
1xkGLP8bxFJmP5kgsGZBQfx5TLdgvv,32VWnTxL5fQ2zVtaZWLDb6Co53Y9WQch79
1uDzt6nR7augYM82Mt2yVoWjFWg,3PuQHQa2DsjCfkqviG3pRdxFpYiYQsPA4F
3Jxv9Hx2jZ9PFwQBNzqoB1qhgA6Xd3JX6P,3vPYGpcFiUV8cuTBMw7T3M3C5zBFcfFhYJ
3coL7QW9VtCBTARmiU6sq2A5WXPR8hFJLp,bc1wvtguhes7gcmtyglr03yjpx0cwnwp0y27cj3xyx
1ufdDHkM9tzoShj1mrTH6ABdT5wxsLp7,3zsbVYcxFG9WmrbgcNSbhVMHWGrKNgq8Ef
1DUDzobqd6HtxtPbZd1hgoWC6kcJi6Vh,3SWYEM5MBM9Mfb3WciUZtW4JNfoZBDPNe2
1HrzkBDfaoaeZUWuHAqEyiwkEJEj6W,1nmv9WWCJgEhwrV7SafmDUp265j18jsF
3o3E6ubmLHq2CK36kfUXTcx7JWRGuXA1Xi,3XS9Q3wjcdA5w6br3hiuqnBVet2yzk4WCm
15NzVthds1sjgmfwz5rw2fKELoFi,bc1dzj4dqfzvhngzn3atv0r4frh7xm2n6r2kcfyn6f
bc1v76je78qred33y6utfx66dlq44z5726l7xrf4mt,1c9dnvbZS2X1TCA31XmXrfu5hGT7t2
1VhF3ZMwcfma9RXmSTPpRQnV4Lt2us,1jzPGPv4CQJ5mU7F9i2JLn5SWitqdhanc
34YWa9LX7Ca6WoTWT4ToiPpka3L4zw5w2Q,35nFHMkANL6ppikcM6QfMvhv2QJ7ErwEkj
3LmoTb3NJiW5GcWDpLQH3MFLZaSBNF9Sb6,bc1qreek6jp022a49ndw0kkp9denwpavhkxkdp62yf
3CMTZJd2h42Md7VCmdDT4jJ1EdCJYDvWFb,3hy2ojyRQDkfRA6ne5uWghtzXvcP1JpUi6
196ZBXdZsWgT65cqXJfS3y1pk,12KEjofcm2zUchhbrcboRjhE7
1yza8gjy1DJuUynhn2ocCnEwwCN,3emxoHh3xbQ6MUsUX9VRHzbPwRLrgoLB3P
1W5iLixgwoxZSbivWy5QWUMF5zTxDLY,bc1g8ldn23tce2plp9gwhqwgaccjkwa0yl25a4lq3q
bc12x7avvmhdealxq2nt4ns9f52ypzhhue5w3m72n3,3YEQCTk3TYm6YV3uLfxzGx7uy3jcJy9pfZ
3CKxDz2JA6mxYLYgwdnyM2ft72TB4R25ZX,3JMhTXw5ByiMev1456ii5s1yWMj7rx8CFv
1RxbPtwHSrqVbCUjcz6s8zpV5mgzKig8,bc1drfecce67vj2zgug49j83y4zd58nree5xuw0q5f
3D9mHMx3sro34zDs5vVXM9TYP7htyunjie,bc15yy6gjajl74w4nm3x8u72yn55v0dcz45v6cq58k
3kmuzLqZAk1wjz1FbpY931fjwrMEQZujJF,1gwCXa4PdbaePPZs1ZtvSsvrP5
1vp5qoe5byuUqTh7nJBZUEQPM5vE5J,bc1xyjsj6n6ptq4cln70ddlp5vp8f7qm2lgdqecrmg
1t37URjEbkZPRFye6aLbN12faoJyF3v,bc144yvccdl40zsqsuej685efx4kxa7xuw3y4unlms
1tm3X1F87zx8aMz77aiKG5yHXA,3n8oZYuw9zcZsr3JXogL1CjjjK4hVBEk2h
bc18q02s0hv7fmry8eu8uaksdvjf8n74capvddl2tf,3QVNGQ1xZ2Utkj2jseD9btYGE6eXUoUAxG
1vDpdrnMeTrsPT4DLtB85VzBW5makQ7FVa,1NL2zhQTttknWXZrhtcU9WzyN5W4ghCAY
34YWa9LX7Ca6WoTWT4ToiPpka3L4zw5w2Q,36TtLSdLAN3WnMiRwYtL4mviAHRwUr5ZjC
3ypwKuTFaMnhrnZfY2DVYyjPb2LTSJEGJ7,1sq1KG6vkfvEWeqzYkhrQvsU66CNW
1keJSNRjELrDn2TiCT8gNNW7x1vyz,1Srji3jkgjuG563UitziYzJQAWbbW
127fB9bNNb2hds1RLe6uJUB2oTaSQ,1KXvuod1VGvPiWu8rBTBd9vYwa28bS
3cTpBtUFqU32j5QzxFQ4Mm5wdm4FoJZxiE,1FrEp5Qf4HSfBvJ1hGuM2TUVS8XsE9cUqD
3UCzcBHgs4B1BC9Yyhh5BKzAdbbWHRpjXe,1DXqSvcFe93mshjik8rezF15yJQxLc
1zvNsUZ4q8EJaAqDyWkDMVEne9LiHeb5pF,3HnVcnqyMQAYugUE167aVxn5iueTyG3psr
1Zg1W7dXYbiaeUZWaDq7cUc6L6,3iR1MiRiDiRKEaAJghjgpMLBsQRHkSh99F
bc144r27s6q5z55rk5qazfnprhuh2h08csd00xpd2f,3ASRtrYTWG8PShy4swoMSQVBFsYoSfo6PF
1zkhMxFHenhsKp8PdVxGkGLLfUwwgD,3nDUzPomhT7SxSyS4BP6GSYQga3Swzuz95
bc1kkedaryqtkywlsl9fhrykkfxldcrq0dxp4j0apf,1vp5qoe5byuUqTh7nJBZUEQPM5vE5J
14q8MGweHF3CeGJP3E22QyexxmR,1aJu347ATb6SMMye2BEpk4Nxzge
1tKtP9KXTuwj4PCmiNnUD1McZnxVKtCp,3HXm425DAJwzVyHSZxQzQPWVC6cN9And4A
bc1sdyr0npesr0yn6uc5stps8eevjhckry08mfudxk,1J5onRqZkNZF8ybLd8S7uVsAKrnbK3AGju
1gwCXa4PdbaePPZs1ZtvSsvrP5,3bXbEZXjoJpyBexLx4Ywkd3j3GDSRFRAv2
34h2Rha8aLV9wyCuPpwSr2Ru8sLS4Yjw8b,bc1xrdaysqpwecn350utspemeupad27zmn7vyucalv
1pRS2X8dyd2ihtTaab5aQgQMS,1Yu7pwX6trobyFDRgfH8nhh8HCk7u
1Px1Z3gsS5678anTFdrE6P8kCpR7aP,3ChtsiQUeLQLtheNJJDoh9vF6Fbyafn5ij
1mxtzBrzo5CXwXWXqVU52a3axek1vdz,bc1eqvsge0ra43s6ml8u033zrx666454za9zmvfsn9
1yHRbPcVjDJ3fHeeHhyz6a38nsE,3HkJzwDVYTo4dcQLfE5nZjN6S9AZPxL56Q
1Q6K7ghzEfVjwzLMd4vt7C84viGcSr,bc1j9h4fppu4y34z4vqzqcg60r7xp5hl2d5xncuezp
1q1YuSMPZf2Fom6PPdz6oQLXC,bc1a5sjfxty254plvrkeyccut46dtmdls5jxyee7tl
1kXUokQHk3am8XEWiY9cmUTvZB8VRg,1eiiZ6f4N2inHX1j8fmeFMy2TzAF
3FK7eeg8rUcY6Q27pkq6MoD7SS4f7vwxgu,3Nqsf1LbYqbbm4NrpPsQpjL6ENFWpE1xHV
3a7fZj59mwGFTRHNXvtJZtNgYqCQLmJtvd,bc14j56nccfy0jh8f5r2sax9xuzj3vls9v78dzmxr0
1fTk5RzWmYcqEVmBoMzEwRku1ht,37gBPPt6AML8cEmQsa5UatkgUcFddUxDnn
bc1g2m7eeyl6xaq70m9qa0pa4gyv7kc33je2jrpvel,1keJSNRjELrDn2TiCT8gNNW7x1vyz
bc1q02em5wysvpgp6knsl48jc24hvfv5we753jyjxq,17r9zCCoW6oBPEF2m4wvZypz1t
1faTzghVkSw5BKQmrWTXucxMUA,bc17yutcrqfdphchhe9vqdqrg4x6nahuyfzqv0320a
1JB9R6sYhuWcDhpCbDK1v2H5Xf,3ehcCFZEyJHDhKMwoG8gPypxoHHiMSFUCY
1FJ8MC61d6QwcHdFvtDdBosDHyQox,1sYnT4SyMA5Gf7iundsa23ujGs7vRZLZ
1DocL6KoQeCHwdna1ZZNmbPfo4ufYqanFm,3zcRrFWtNKMqAJskPsfhR7jVrtjAn77Zp6
bc1kkedaryqtkywlsl9fhrykkfxldcrq0dxp4j0apf,39HAyk2KVpvY7ABN9TE7aLR5iiK8oG1WAT
bc1klqu2lu7c49a0skc0j4u073l6mh5dv8ae3e9w4f,3yv8Rt1naTaqGbGLPiCsruEvGxrjL5vRqY
1fyxBed6R1wgitP7oQ8ZXqE74kBvCuGGK,3sws1vqvPenSWNzM5nczv7mAob3KBqbPsU
1EzCiHSZw47wrpymzuQ8ZyY2L2DKnsuaAG,bc1nvr6crtpp6m9ae83kvtu0r270jxz8d2wlla45k5
3ucymzALXgCzkMLPk7WpDCdmk4zEfuVmPe,1FizFh4VkKpnas4fZCBJqoQtnJtYXCsAUb
3cDuieTALeVXm44LjAqirxfPKzCg4oZ6eU,3HM8Z5WE8GsmELvFX3ecfQ694LPP7qxJad
1Q4wRnAyt5f3zbV7wdF9tTzGZ,1F3uWTH1DqaGwhgHobCDissA7K9o8QrxY
bc1mw7ftgra90z5p2vuf5tpzt63eegsj7zyvqkvayn,1eYEq6cw2dFMt8cniqwqipwxSi9b
3oX47eJuhfPUyoy3dbs22PKtN6sUNFD1Jw,1Ap1JPiDWXaikS7wguxa5JMrEi8GWe
3kShV9Nx6avedXs3ZoNs4eqfKZkHLYFrDG,3sLBk5vdtenq3VibQTgH3X8NaHotMps2ps
bc1xrdaysqpwecn350utspemeupad27zmn7vyucalv,1ZA3E39tvGneFpY1McN5hYiQcK4pp
bc1jhz43uhumeytr5fcefvzt0hk45tucsyywz67t4k,3K3bvmfXR4cTxqw4nrhdxr3GjPSKvWgVpQ
1Uh2PLKBNvAiF26MHY2Kg6EWiUV,3XxUCcbs21oJPgV3iRE8P1q2amuNqWgiHr
1W5iLixgwoxZSbivWy5QWUMF5zTxDLY,1WSZJVohTVgM6ZughwTRB6yLs
bc1ukksvx2qlx8p0xfemac34gxmcx36tugxxreef7a,1Uso7ZQrZgqLNuMWmMadDTtn7nSvQR
11EFsDU1XVgVLAnrtfyu2JdDy8v3EpUDJv,1eHiQhQ7pGZhYyohqFWEFS48aSK
1jQG2TZmmmbSEbeXgYSrGZKXfJx,3YFskU8sYizQhhuULo4Z9R74dnEM2weSgA
3BvPE3sFQW4ZwPEKMpEJ2TNdg8Htb2dRFY,bc1cd2c3f0fnelk2gpuqq5m8dcujta33lxlf7hxvs9
bc1fcay23fd2yprcvs865uchtq398akur35qzlxley,1kozWJxQ3YtpnFho74kkyVW6zj9uwaR
19Qctkoxu94WrVQYtxPqWN2ARHsvG75EF,3BvPE3sFQW4ZwPEKMpEJ2TNdg8Htb2dRFY
bc13m4y8qkqjv8j0xf3kvcl3gwqhjmaffrl6vmz7vz,1rTr7oQR1NhyzGHSdqaX4S9tJGEVyV
3vu3xpZGjz2W9QJxkYgywJkzdvd1RkPjNs,16bNU9WYgWgvAS7orGKwyvscNAdg
382wmwvAyYWeJtykzfojvL7U3g72cDMKcC,1KG2EMa8oFkJdT3f1ZsWxqpawpix8hYL31
bc14tzkwt7pr74y7kcyz3rc2slgenl3400yelhd6r0,1cz3jMTQTqHU8Bmvw5tbNePSWbw6JLZuaq
1eDPxWf4PWqgLWu2EmXYLKBWUjST,bc14ceqm8tuggd07knr7fnhq0yk8t9r5849cjkjfd8
15gQZnsadzgwjRAWVTyWXhT2AZv7r7NH,3uKHETFknAZTYtc8GCbhH87po52E1MmrEK
131tDa88XYU4aecTdPuSqQjLuhfQh1Fgt,3fn2jVVt763hPzjTFmpMJjwTUUApMGTC1c
3aFsg8xdCvwAwjBswGKHPRemcSfPdvPWi1,bc1uvu5xhnav3xmek7ml2ky9s57rvhhu668qnxl4qa
1Yr3VRqkTN7oXzGhKrHHJVEhNeecFmU6,1ocg4PdopUb6GNcjvQfHx4mBV1rvXC
3MA1J2XGAfTshH28qzyeSkZToEPrtfhJSn,1keJSNRjELrDn2TiCT8gNNW7x1vyz
1CmV58YotkwFBYWNfSsZs1Daeda,1YN8U5q7rf7R7canFzRmCRhosqMgPci
bc1gncjsdlcpkjgnref4hmwzuf2uzpt7l027sv58tu,bc1mh0dpvvkejgn6lfk73l6d3ugsks3zu74qq03ze5
3wnwQg29zGW4kw9jXASfevCMxr8E8XGtZ3,1BJkk8dgSFQSGprpB543ndVWY
16aqhgGm9WUDFQ9R5uf7jc3Zsb4R9,1oxRZyDNyfhrRWZnM1zk6Wm3CUNLUKA
185ADBXEzBFmgMm3Y4bco2mY2,3G2hcNXGfHbG6iAgupsBdxKaqYBLhKLtca
bc13el3zc6nemyer0c49ruwt7wwhu44603amnxx9ly,1csoC6wyVXd8zfNXa1yxPcSP8P8iQ1B
bc1guaaeupvzr8qg5ayt5xp0cdel48tt8t3sygxjws,3rzs1GB1YeReiTapQmyqfnp4ZWsj2cwDqb
1vqT7PvSsx4Qz3GLYgkXenoG8L,1Y9jMiPMf3AD6UMHXuDtV2k5S7
bc1dqjxlfshe0xmr6jmdv5q70t2ppe0tnk4q0qypuw,bc1s5rwulqummymdxqqx6eggszu05kd2kp0pan5ghg
1C4LzER1bo6Lbsxz7K4NSwDSY8u7RczsMC,1Us2dPCF1GHBGURJ7u8Aznzkh93ijVy
bc1rtqfm8f8tx4nfsfjgdgaqyazd2ylfr5txrt53f9,3jK3JoSw6RrkfWfK7U7QbdwLNhTNP7SUeB
3XxCt3T6oaAT3gMXv91WdoqRBTwgWetYa1,bc19esrzrs2cvulm83ztjgyv0rnpxxuvyewhpkejq5
1E9ULgPHv4Pcak29SKBAoKURwaFm,37NzTqZK1PSQccn4rbDszWgXBAThnvuCm3
bc10ev76ha9h5n2c2jrpwfn8fhq89dy7g6cl56cu9d,1s2q4WvPeLkdKex62XYayUPBMNNk
1knnJFFs3na6n3txe5yxyge9H,39huGc6ax8jnZaEzTgwH9wwYGGfy5qhDVu
3Yt2T1sxHKKC3S3ntv2gqavaQ9UKZ76twu,16suCuZzd462uwi1jSKxmjyFP
bc16f8a9zap9tdcuzxrcv8wsuhwr4qs0evzny3rhue,bc13pxuxdahp8ffgxrf4kdh44e3q3u72kymvjpu55l
14zvzfVmJA8sM5eDcUwhD8NL3J7sntVqa,12qWebLzUvv83HD2XSYSvPAsXF7ECZ4Bv4
1A3VF8x4Shs7SQGG7iyx5Dvki,bc1vv5rkwuu3jg03ctah3twzxw2g3rhx0vs3f3kd6e
14pUsnfpv2zvZ155FQc4WntiYhkU,3ErWJ2UQ1Y7h9Q1qZhLhbjNWSTPtyaLDkZ
196ZBXdZsWgT65cqXJfS3y1pk,bc142ze5yxf8jvhwunkz64f6v9h8efxd8zudtue6cr
bc1zwfef6ethz6t0rud0uaq9473uy7f00y6xylmn0z,bc13gqwarqshvmr905hp6p8d3twvk5fzplzajq4pr3
bc13dx94kdxwpw7jx4q7uazl6ctpamf6v4rndz0vcc,1mg4dLLZPFrxb95fvJff8i5ZeL8hwzu
1CJvwhisbhcCtLPGXQphAqKkXhQHU5R3e8,1KG2EMa8oFkJdT3f1ZsWxqpawpix8hYL31
3p3NtDYKxW3wsJMXSX3gMVWGazNm2jxtwX,1NYNx8PD7HsmzyYMDuHmdfgddWXE
1wZBFz22Q2uHGHqiz2Ui1B1PFCcrrgdwR6,1EutJsUTXCiHzcn6WESe6C9RXYj3ML
bc1vy33jfc7zaghkt0jxtrkjsw6xykfjfw5dspstpr,1zkX8WBE8eUyoVuN7LxVxyt957
38AoKjREwyXND61aCMgWUNghU2BdcPBkBY,1azNBqo6j8tkJBoTfMCuoqKaDGjPb
1tgFLJpYBM2KdbM3jF56jdSGy,3DQbhk2yAcdsxniztXwJNuvg3ezxorVFMZ
1f3aeDcVVc1eBaL69qNiHVWNyJ,3Rw2MrnT7XK1gP6MrBGGxLBRRkNQTaygpi
3d9esouSCrhbk32kVHt4fbPsUT7UTcfpvm,3g32UVLLwDWmjYwVfYGPwK7CYFNzgrYJcA
bc1h87zl9thcgwwwd54f9da8w4qshhhrf6fctnfyrs,bc14nzwps4fjfu2xg2wrygqnsxt2ykf8zn2wy04rpd
bc1fcay23fd2yprcvs865uchtq398akur35qzlxley,3vu3xpZGjz2W9QJxkYgywJkzdvd1RkPjNs
3cfYG1w2osk3ryBJrqJbb6UTihBgTA5arh,bc1w3xcu5z7e8gfjnen5v6wyvg6267txz65q8zhz8t
14VKrkq4GA9HJkMVNmkDswWretcU,3w6kMCAf2NrDQWNkmBHj26pFpFZn3m3dK9
127r4nEMGneHQv8K7JL93Ftqj14Dtb,3JLNQK21jfy1xAw3QVoH8CvbqyYSBwZbsF
bc103d2uxewwaqd6n9j9xk378u48245krtjlwlnz23,bc1d3clt3qu4l634tezufxc422yayt6kt5sk3dnqrk
1CtnYpmxaq9L6RqqZwpfb2e6zNssJc9,3Rh7mWJhEQKqTV687Q7Zuxrszuyu8LwVqT
3buPhJiLNK4GFLWdfwNk4MovTqNk1JvrDq,bc1djs0hqr0d5prcdur8aflynp0473a6tfpycrand0
1imrZ23rJTNJr4PQHn9wRzx8uA,1u6Zi4o8X4Q6EZD6ctwA6rsfN76qD
3dTEWw68wEzYBSUzoTEQjPhVZX1tgJUzuV,3pR4wCrA35xR2tBdoThAA98S95JRiZgnDe
bc1nvr6nq372wsmf9wxcu2txazhm09c5c8rpz7qyzx,3vgJYoX69Em8KNTQShaqvhuqsfRBYSfSib
bc13pxuxdahp8ffgxrf4kdh44e3q3u72kymvjpu55l,bc108n4skk8lfvvr0lj6dygdj4n2kgqhl0hu336uud
1DBeM6vU5Upi2y8wpMY737a7x,3rxfEb5zz3eSuWntE2DV3Ry97iFHZUBMXG
bc1gtd7vkl7ywpn4xfkygzf4sfnf600tl4w8vepaap,3GabGHzXweusip9mQtiy6DGBiUAmKkkPHY
1DoLthH1w5iVkheVn6DhJaUXRkLhGF7C,14t1ZzTiCGXwtTUmwEHBKDbYKQWCq13AQ
3Rw2MrnT7XK1gP6MrBGGxLBRRkNQTaygpi,1vTzaHZC3RybUP7BMo4rHYGnvgCtZ
3L7p4R8SRVbEK2SnFss5aJsfuBnHVYrwhj,1HAyqfP8UbxFC7yAEoMsUS2J1u
bc1gdzjgn5xsxjc4h6k6nznkdjn22mnex6cdxy8jur,1wKAqa1szByAKqntBuEy66BtD9xSvTZUsx
11EFsDU1XVgVLAnrtfyu2JdDy8v3EpUDJv,1SGZ298L2CfoLjzamir5Gq5WgWf
3RWxoeJb3zDfH7EzZLYCg5ew28kFffRuCA,bc1g0wyc5vl35ygtgrmsfvz7rug87amjaa5lq72k3j
1aUpA5UtcvpjJ9wc6pVVGm5L6UL2wgR59,bc1zgya5w34u2aly25hmjle6v6ul3sjg37h4e026ta
1x8s5TxNtZESG1HDmD3CRZWopMd,1eRFxus8Qzdvf1xG2zj5jpakMR5gbZ
1GnbPvFZBUUVEe5DGTNu5rdvkqUNb,1rrSCo3Ya95Q1RMKTWxLfXQLm
3rNWPH1An6jnyguZmBRiN9Mo8PzioxDJ6Q,bc1jzjhdhz4y2sdl8cpfvv7h6mxlkqnhthkuuhsvha
bc15emtyfwe67hadagauad0awpp6ja7tktctau7y2k,3XJrwAtXdFhozfXCaKSk3NSh8ueNySgtwf
1VG3twdPegGULo3xPwzuuhwXa53eNXe,1ZNGRXBvw5TbWAL3TwAfmyXKrD
3qgrNs3hBGb2ngXzKuYdVncpYC2TC54ynQ,1faTzghVkSw5BKQmrWTXucxMUA
3M2cnLj1a5DxpTmkAVhF8tEQoMRki9jxtK,3VoPtRZPCkabwpv1cwR7VEa2Eo25745J6F
bc178pn2fu3kpjrpukqcxpcjpju8g46kps07s4v24y,1t3grjopnymKUz17eywNu4jHdb1ujn
3oQdEKrKYdzuqiWvuQzBVbin8C6QvkWyjV,3AxJ5VQnSpvgsCYZNQHg21wfVLraQNqM27
1CJvwhisbhcCtLPGXQphAqKkXhQHU5R3e8,bc13mxeh0qdyu5320gmpr9xg6rhgt3etdt4nj53lf2
3g9px5FZRbcmPuJbRZ4x6mdG5EZAQgU2HH,1h9nJr5j23tRgM1mYuWF9u6PD8vHgxvTkz
1hnA615afDHFugxsQkUp9uLu4,1xV9pRgjtH4ja4sS1ud4XomtCggP
13cFJQY4H8CtXdooznMYVuWPBKD,3L3Nmdm2MG4kLdk2Tu5wFLnBweHdUHbUXM
3T8wwMGnL2LfYLczBhfi1teMfB3AVYa7s1,3jSJPvx8dAMXQCYW3hC59BGLnhoN9zr19t
1yVVoBWQyNj1M8HtJJeJGGMAEH3MynFenN,3U1TyG61CNWPC25miUZz9uSh7wD8Cc6s2v
bc1z6plehtwqzs79uw3a3umcu4mn0w0rjl490cxkay,1RvFhjzxRvS25DK91RMP7QeBgLYMYB6
1on5mywGSgwMbXz19iHovHCVhnBS3cX,1Bw1fMe9AW7FpYcKkuoSn8VhAien
1Q6K7ghzEfVjwzLMd4vt7C84viGcSr,18XJCf5J1QKDhrbuQzw1ExsLqZSsGX
38DrGBcyHV38u7hPeuJGRdMxguqXVTFu4g,1jMdcFS8UQFUmzRhv3r4BoUjNFjFSadkf
1ZNAATEmD9ogHBD5ev9P32qcPuhbS6JA,1vwnXWQLEjgHiZRTRT9PU9LGYbA
1QzEDrPxFAvxD1umzTmFmjE6W99,3yhDxg3QzsqhVF6CYbxxhmtUAwP5huHFhT
1FSvjmSLRg6JQeh6QXbNsKu7XJYKeG,bc1fzkmgyt5f2pvg98adnvdgzz2795yuygqd0n8vwz
3t6rLZmNimMQrsy3brsVDT9iTMFBn9REdr,32xvde1181pLEwJc3R3icoBEoQRVdRtZ49
1124313X9wgBx8bnqZtkcaoA9Qd,1UfM13LpkejY2YKKSDVHMU9X9w1HNnjw
3pmVnZMmbDZgyAAi5AF88jNqdS4P3uCjNq,3iGzc9wJJe2vo28NhpeMEfULiCXDxEibWj
bc1z0vnur0x22e8jl0l4gpx8upvk70zm2xuzqkmwrp,bc1dcu77e2qw9nf8yqltfyrrd4j7xp85chv26yr9lf
1gKLozP5GZEyrGphUJVj15pbMoHskze69,3nCwKiDb29gmrHzrsgzJALAb9pPgXpZaEs
37jtAFppa7taQGAh6nKiZRrw2bsQWcUgV4,39DofYEKvV15cCE96SjaFVUeVDNF1BVj6b
3VKqXLhEsUWrd3eHYu2cNThy47rgKFRqD9,1jaEK67C2oy8uY2t6223xfUHKXqthff
3rxfEb5zz3eSuWntE2DV3Ry97iFHZUBMXG,3NWrRmj5wAxP6rkU1HY2TVi8xV1puRnaPN
3BrWoL7EZVznmmZtrsc73woxkyncr6ZWA7,1apCkH17dW8XKMhqAZ3TpceRLz
bc10leurs8jqkac39hlj4x68p96xfpwnphhtcc6dk6,1NmPdJARBaXW3ENzPXqB8drgNuBWoScWNf
3AF7HFq8rrDsV1XueyVv1FLpSWVkM2MtdD,1BDk9GAgEnRY7dtDu8qM8rFZKujbNaEx4
1JbG3RhKKMHGoy6DnmYTt4HYuKZPUn1KgD,1hajdAqDAP2DKP72n859A9j7TQLP
1tm3X1F87zx8aMz77aiKG5yHXA,12sRMJSC6KUDn4bne3rjoNMWFHG
3wpf7dkhgJXJGsCUaRkMLVarPWFH98WbGK,3FoKwnbjyJYVSdqCDEAbZMMc4LifxGtLWn
1AkASy3RAoVkYQJSJvgXcNe9X,bc1ee3tkjk7qyegvfy67qmsgjhrtje7ek0geatw4sv
1QjhaQySteV9owMQt2p2agSzXeS6qb9Q,1WZ9bp6hc1aM4jJFgrBaizKEW
1zT4rxxFqV33MQMnpVBa53APeUKrv,1uXorxFgucfjbp5Ma7f4fiCGw
1xZmmaYRTEtvHYsrDe2gw73x1LgX6pg,1bMUSFgypNj2Ga9ThM4Mdx3He5
1TNrmaHwhyBxu3NGfNn995M7eP6wrj,bc1s8sl8wls4vexpu7fectqaef76pjs6t9upq8xngr
1Lt8fAbiD2iqUozdoQBdPb4kGrV,1YTjRVvyMc2x38eM9hb9jorqn
1LdiSsXXSsVcEH7KYeJw79sKxc8qrDSgby,1EGg2CyL5Ho6BLGQdBsQwcWLtvD
3r1Sq3ydRD6jdUhVPHcf9aC2vpACYFm3av,1TqhjipBqFiLjxKbS6qNkzoqD
1XTttwXNhJ6LJpyjko23m14L8fK6dX,164sY2Qm5GAetJFHd8q2frKUyYGSyhB
bc13tt5rd0s7e9g7f7plx603szws3vnxqjjqasshgm,3H6FHvkY5s63X4XRbZtQdTzkmn69ELFoPa
3D9mHMx3sro34zDs5vVXM9TYP7htyunjie,1zYmpNtf4gM8Airajbmdb3kQnw2X
3ohBPEYhYYgpSXAtV4f8PZ88h57dVJCysW,1gR4r5GqWXeYwQ6WMFHgoJEqW5u4CTvU
3UZ4LpvRVs1sC9WCuTUPbpDKepiA8XwRy1,1EPwVGNUJRx3CULwm66xufC6EWPE
3NjEs4Q6CTaqnRoqtyaMbDZfQh88cPZ5be,bc1qze3fvsvk39nslzd8a4dn97c267c6v750kpyvke
3vu3xpZGjz2W9QJxkYgywJkzdvd1RkPjNs,1V8QP4RgkS8wUa6GAeWypt6gRHPtz3
3ZM9RXg3P1ymMM527XQnEgwH54Voj36mMs,1zYmpNtf4gM8Airajbmdb3kQnw2X
3JqQYiiU4gUCfEesyR7MwJjPYysPWYkkhx,bc1ztqj8wrz77q6h87sny369ry84hz30uep08y9u5x
1mc3j7K2nBGXoZ8sw1serN4HA,1Yhiht5Y7Jvrs5WAk2LLdNMFkWF
1CJvwhisbhcCtLPGXQphAqKkXhQHU5R3e8,bc1kynj84s5pdkrcq3adau0x725azj3haa9u9alv0a
1pWnUPu3MeUVCHYu8JYXrMaYH32rAovT9,1mn9pqWesCzB9U36qKcsgCVeEjZrSfopyh
1xnmSj8mik7RCczD3RFerXpwhg8tUbCLL2,1JRjN976nSFjMMaAyfHHpm6iV
1NL2zhQTttknWXZrhtcU9WzyN5W4ghCAY,bc13gqwarqshvmr905hp6p8d3twvk5fzplzajq4pr3
bc1xsjurheezkwwurpl8z40y5lpdpzzcc07lr7mchs,382wmwvAyYWeJtykzfojvL7U3g72cDMKcC
13doGvWQBoL3cY2cskDf1mepUVqp,bc1dhckj293r3esxvx4963dquhp9utac8snjzzdj9z
3LKRqs56Acei1k5UxJ7xsqM9ZgCZSMczMB,bc107p7fpfq056rqc2thngecffhugjenu0ge3jqm3s
3pkaw9Uha7nJ3TqZ2yNkRL3hSvbF2VSDpU,1aoGmv4vEvMbWczkhAQS6JDbq2Cxwh7
1G8YB9wSACvQmPqMNrJpztaVxGtpeRxB,bc10uua9j82uf7vrz6w5z9whty6y3g97h8fg3y8mzf
19Fgf9zm9yuezLYnDoqAmhhTra6wu,1qbjG3aJeSQiVgLg6xa7ksgpSMhUD
3G6umWXCuz31yMCVMtSc4K5U5oDy3BaBeF,1yKb2XAdtQzfMtrm4PL2gVXs1X
bc13el3zc6nemyer0c49ruwt7wwhu44603amnxx9ly,1stt5u6pVbuomcFXCtF92LS9vghTPQuF
3Gd6fUBrbFGn2xN4MU7mSPsVBGAPL2FrK4,3buPhJiLNK4GFLWdfwNk4MovTqNk1JvrDq
17ya3kbr1JfHpKTdp3gm9ZigzP,1BGLbCfANPQVLu6Bh7iZr42HEz6JQxf
1n9mZAmchqK6CX3vHHoLJKCJ7C,3VK2i2FDi1ecuUgvi1nGiQyjssfxPQCrYc
1yYs4VY1twFsLpSrY9uS1A23JP8AGh7,bc1gt24flucusdc7vqsau77xlcy27lfcew9qyufz8x
1ioX9t9wKPcqbWWVZU1L7RJusdb,1AvumDFUu88Yj6hswmbeNijPe
3T8wwMGnL2LfYLczBhfi1teMfB3AVYa7s1,1xZLz125DXB2rTPk9jHgZrdJPUbpg5K1Jg
bc1d99t8vjzz6ex46eefg5yqd9hgxe4388xt7hvugp,3bHMkwkJkhMnGzNcXNE5qxv3eHkWVw5R8P
3aFsg8xdCvwAwjBswGKHPRemcSfPdvPWi1,1t3grjopnymKUz17eywNu4jHdb1ujn
3EjC2VsjN9SYynANjjXM48U8sWc49f75bZ,bc1z0zccy03gmdx3hxfl5wsr82j88z58umz84xyaj0
bc17ca8nw37t5jp20ftvvfmycdrhdwxjftddz7xmm6,bc12wnf52qpst4gyl2c5907ca4u98srugtmlzmgn25
3rzs1GB1YeReiTapQmyqfnp4ZWsj2cwDqb,37iK2aeHi3v2wQvMMhmDrW54k89SLSqdwG
373ZUbG5wdKHMMQ4iHqEYgpvXXmXYC4TB5,bc1362x5cg4lr92sknt26x0n03szkspvzj7u3ff0ez
bc144yvccdl40zsqsuej685efx4kxa7xuw3y4unlms,1utJ8uh16PYEdZKEPGkTqTsS4PEKxqwo
1E4bSfsF3SYkn9zEvaampEszX,1zemYdCXMdQDdxb8gssU6TaunP2WbNu4G
3zSUb1CMNDwYy8fCJoeDu3CTE1YrRyhdXK,1wmTuW8rWFxDV13hDcRZzMJwanFTp2kZ
3mjS7y7JyDR2i2ZUqKMgn4ePtnXv4vag1j,3xn1uY6GyFXm1JDCtWG9NKxuPm2fLZ2iua
1piiSFqg4mFoNnj2UmpEFEHPfXHPvJPu,1CEqRGDKsNhUbr2oLkeB2m2QXLk45rhg7
1uYbuLh2aSyVnRiZMTcfNSfv37P2rtTLZ,1XknwGUzG7KZTuynHaZWw1yCh
bc1kkedaryqtkywlsl9fhrykkfxldcrq0dxp4j0apf,1AzCjgksMLsm12YNokzTbc1Xm
bc1n6dk4ppptj73glu3ced56rqjrwjswz67srvd338,1t7ARig37UvqmqYnaUiAVKK53
1iUGv7tLt9BHfVLHwXLiSpqU2Frtr5B,bc12gzadlyerg3q8az2t90t24p65k3smex32mrl0nq
31qLX8v9Zv7iajZJuYKoKPjSkxQQP5SL6B,bc1de3yvw2vjwlmuxwpyr5x45x0p02dym90l9w0wce
1HE9Nip3oF7Wp6h1mTdfXWARviyUnyk8G,13zinT1VCwBdicg4ZhXrMMckdqJheu9Z
1StB6AgxwSYDTZ1uWR3f9eKu9usFiKP,bc1qaa7a64jw85uq5umpdvre4fmav3e3eehckg08p5
1TqhjipBqFiLjxKbS6qNkzoqD,1Gwd7ARxtKmBk7oBThahmkhHn87hZEJTxL
1J8P484pkynJgbwGG9ZMgF6rbGRGvJht,1LMrRtmPDc59dVo9sYyn66KwAHN
1YXvp4H3CkFLnyWW1nxYrhLE5V,3nDUzPomhT7SxSyS4BP6GSYQga3Swzuz95
3jXmBy9ZykxZXgEdYnsx8vroxhEqSiiFye,3yEQ2MWgfy3xcDSCKcSuQrFwQ8As8XHcFD
1SGZ298L2CfoLjzamir5Gq5WgWf,3w6kMCAf2NrDQWNkmBHj26pFpFZn3m3dK9
1vC3qNBM73X4nGFMFvTWkxuLcMaogGv4,1R8h2FxumCe5PdXBLzw4xJoPNhD3No
bc142ze5yxf8jvhwunkz64f6v9h8efxd8zudtue6cr,bc1u6u2nttzqzwklcnxsxkwuthtgr2fwzcs3zjkq4x
1NstcSQ4EProUkP2hB7hDj9ThgeY,1LhdT637ScrV8cMa3r9iMEhyT1GeCULAu
1p5BT5sg1L6vmkUv948mmbvHq6sPYdq,1EoBkoKUZDVF1QW9qYM8uetqvB5C
bc1dsja9m7gpyldlnjjjsdm24q0s8q829ujnn7suyl,3jnPGRhUWCaCSEbDqYNSaYSzVV7LHaNE9G
1Hdffduo1E2Pn3z6hSxMdPFTqsWQfzq,1ZGbSdXm4w5VgDLqoq6c1qzej9q7
32VWnTxL5fQ2zVtaZWLDb6Co53Y9WQch79,1Q6K7ghzEfVjwzLMd4vt7C84viGcSr
3GTLWam7b8W9YuLrwBUGgp3h2TnEp3cnPZ,3uHFeyNgwwWpBfDpToGqxBH27mpNoyCefU
3fSnexJ6mzU3RDqR1WgyrPQsEKdNt9Hgtm,3z3Pu9K7vGe1By4uwn424mNCo9b3FtAmj1
3xP6ofLe6fURXfsfvE2ZMfXFH79WU6H68W,13cFJQY4H8CtXdooznMYVuWPBKD
bc1ch9w54w7eu57afp3p5y0q8xhvmn4lzl9djxsskx,3pwB2AMSXnePwfP5C1ZP6APtW1whQcWonf
1dGa2RMqwSyrqWNwXT3ksQm6LaMg,bc1aexgckdeknyf4r5gclyuu3gnjyzf9fdguwawfur
bc1x4jc4fuvv0rpdkva3upgtksvm29yyhpcat4u5fr,3EjC2VsjN9SYynANjjXM48U8sWc49f75bZ
1tgFLJpYBM2KdbM3jF56jdSGy,1JRq2UV4FHbEjWwFBVfmjeskYqEhc
3dVg7wR6HNKwoSL99rnum3g6z7X7aScY3q,bc1u3cuj3sj65lhzd8t0pkvul9tjzg87yfjkq0xrnj
3Xu8Tee4fyHP3hzCiaNJkaYsG2gWgdZoCg,1vauRnckJnobw46JwqWWTEKTeC
1WV6kEpCBKifYDUnue9ziG3L7VNYRp5h,1dVsYzKkQY2VJhkT8TT2zK3RU85t
18X6V3Y2pHqPMsAHXFXcKcYtaw,3YwmYNmgLRJXk4hfDnPcX1eFfqQrYh4Rye
bc1sjga4s6sy2gw24cdxz6fc2zmwe9lwzte7wkjfvk,1ztAzCRHSWQDTeZhUDooTQhyBs
3XoWcDMLVwKbmCCbRRSrEykcJvQhqexyDQ,1ffX7xJNGQmobvxxNE94RUpXN9p
3inEtEbWnNatERhKvWsykhrva5pYrfo7dd,bc13j2wf30qythyrn46g5m3n9zwtfc0gcnqv9ycj8s
1QPtVxCJZ54mp22F2noTN2xz8fNmYJ,1apCkH17dW8XKMhqAZ3TpceRLz
3CKxDz2JA6mxYLYgwdnyM2ft72TB4R25ZX,bc13wvnz993hchfpzkvdjljt3y9xujy4s2husrzw0y
3emxoHh3xbQ6MUsUX9VRHzbPwRLrgoLB3P,13a4FBxbZ2ifH5TzsAqbopBfGjLTbEP7C
3pr59mtpJUFYGY23Y6tR1EEPMHvggiuVzE,1fGZottvNA7yqA6fzuRDHKCnq3F4iKvKR
3kxQE4ZeYuNeddJzQw4hPuLHWaKqADyZzK,1gNUtuSwoWMTLoZ28Vtf8Foa3THadp
18CrosF56jKWAv5hYn7xggG5cQD1Gp,1Tr1F8EL1wofBB8ETZySvNZWNR3NA
1vDM6tu78fF9CzqUg4BxwjNdj9p5,3wfFYeGwAfDx8WjRrPbZ5W6WCwuEEwhigB
bc12au8ax9g58lm2qjsffxsq2gh49lqevc3l7eekvn,1weVRKDnerJYoKrunkUx2dQGp9Ju8
3xm9X9UMaa8KzWpFHXkZSo1x9tS3aNzRk9,bc1eje6yts94fwkkmqlewfr5c56yknzkzg3ysqtxd9
bc1jf49vrmk5w3h4gkg6ec0tee0apdg6337mml36vs,17bAqv31fZzx6Beg1K2Riizmvdmm
3Lq1iUCg9d12zGCndLNWWY83ZH9nkujBqx,3vqWqGj164Dce3bZzpeaWg1bPm92i7Gv1x
1hqPLKuoBe7qd2D9CnFKR3eNM,1UKq8qzgdWpP5un2CPcBaz3xFPPa
1LdiSsXXSsVcEH7KYeJw79sKxc8qrDSgby,17GgyWVuhXrcqmuxZ6jgbEiZZ
3TEpbrQycFPnthfoaUKJGPTnUE4NzVD4jo,1jFGaSJsXqcJfWPR5s7XrsqScmc1RY92BN
3wKhp8M43TvF5cN5LPuK1mFmPZPPzjo9rq,1ypBqhT9AHdVguknFBuDQ2E8FY9
1zkhMxFHenhsKp8PdVxGkGLLfUwwgD,3pgD7KjnNxhNb5GcaTofE3eYAFbtbV8G1H
37wv21iy5qpYs3Ed6Lpn4SPgLZ4F63ErTP,bc19tyrvxn0gwq4h256dmfj9et2cmxemyqmxlhuhyu
1rTr7oQR1NhyzGHSdqaX4S9tJGEVyV,1TQEnGciCQhgJ4i9nY65FY8B3k6FN6K
1gv8WJh263Xy4dUSnCmHcUv1fx,bc1jxrfvcmkv7ffmwz05rckawa9q38e5gsast02wxk
bc106s5r759cc782xxvtcjpxaexlknfex4e9hhly4l,15UjgCMcyP2Lw7aKvgbbrExGuPAtY
38hkMMf43PLMW4hCQn77mh5szDSatfB4QZ,1goBcut1fJhjZgS6uvnX9nfy6wj1eY
1DNZ9jgdxqv4gXQz3hgaafMA8k,bc1vwpas3luzcq8hng6927nknm9s9wjv8lnjqjsy4f
1avpZDUtgtHAWPUUJYn4FpjsU8nz,1v2e6TqkS7BhsAuqDDupk6erNXTcNM6x
16VDrJqFH7Pn4TeVTXc5874AcWFc,1u6Zi4o8X4Q6EZD6ctwA6rsfN76qD
37rngovop9VpkSzY8QXFrMxSabkzEZrMYL,bc1edqf954dryfhemtlzwdx28m2ale3j2xy25l8j86
1GfKDxLv8vc11BZhVP5seYtpS8yNbPqp,1NstcSQ4EProUkP2hB7hDj9ThgeY
bc1ch9w54w7eu57afp3p5y0q8xhvmn4lzl9djxsskx,bc1xrdaysqpwecn350utspemeupad27zmn7vyucalv
bc1vqzd4aztszvsxykdxdvrt4333m76fkvz2fc4ku7,1mdioN1VpWDLfjWXtzccSxoTi
1aNuADYvkHZWACcLKG7H2beWQB,bc1ezhmfg4vv6rxkv92j7gcq6fhkqk3nfatndp0sam
1AMoACmNTwT5VGLxG2yKzFRi8mQccH4Uv8,1vbM5ZGR1gCuBNXKvuzckcjpW6ipstzX
1W9dErt1rsnjWiPUHuqMAFvxGRpDYM4bD,1iy6AKQBWsMD3tQCX1tQqUYF4WhXk4hd
18BhC11RtZbJpPTUdMk6YjxPNZmaf9qs,1XTttwXNhJ6LJpyjko23m14L8fK6dX
3mjSjqsEMhLqnqQGc2qUntPC4cPHR6729v,3Cy962bS5AhYguwxNKbrMHApXN7Q8v5yNb
3DGLGkF7WLRPmwzU6nBGEZWLNAQTLZocQm,3zgFetzh6xQFybA6q6qfi22ko4XMD82ay7
1t3grjopnymKUz17eywNu4jHdb1ujn,bc1s9sa5hspgat78spjzzjkdgt8whl0g78fezcslht
bc1g44tmv5gh3e08vt2szpxatmp5yfnrzu5pmjyg62,1asScSmyuNjtQ1awwspykyNRto4i
1x8s5TxNtZESG1HDmD3CRZWopMd,1YQhC6bsQGiXQv7xptJa5zS3YfGVqzFEe
bc1glx9y5gug48r0a5hqzpxvanlzvegydlcv4gzqk8,1FnZZug55hNvicZf1GbZ5CChyQq5TnhiHB
bc1yzeu973dzv0yxccw3eh2hpunk6hucnp5azl3cpn,1dvdwYcYoFyPcSvPKt6LGKf7cig4gU
bc1p9lknn3hkuf8z4aevr3332e84r5ple49q8u407t,33gKHf7ApHxG4A6zVmX62c2tm4HeR4PYkf
bc12gzadlyerg3q8az2t90t24p65k3smex32mrl0nq,bc13sukhny6hy6xn5efnx0pxrk9qwpj69wjj4lmth5
1Yr3VRqkTN7oXzGhKrHHJVEhNeecFmU6,bc15pdxupx62cap0ejn6etzdhau0yhr08t0eu8aqex
3XPhU9s1vTgxg3vdxSvrLG6ePmkjbCLhBY,bc1s9sa5hspgat78spjzzjkdgt8whl0g78fezcslht
3dhNTuJYRqTfKuTSDfoW3T2pXCjnEuZHmh,33UQEbcTMzmnxrX84ovsFXtvjGjxeYUtFC
3jxNNJ2ec6jrU6VfiuJvqApNURkZLTXG2Z,1xZLz125DXB2rTPk9jHgZrdJPUbpg5K1Jg
bc1djs0hqr0d5prcdur8aflynp0473a6tfpycrand0,1QZDjGjHaaEBXCxTAcmYRgv2jTRK
1RgzYnwgAiUJKXRS5hZQN7drLdQ4HErLCf,1231QHtZDJbrRdecbz4DfEfRWpF
3znCFTPpp3TxtacKf12hMpudHVpyHo6jGi,3LHy5E9FPXzG8tcXecb7FH1vGh8RhzEZH1
bc15dvtgw46vrs46t5nfrzl5mgkufycueen44h5lgd,1kB7DczVDpJwYgNasTmQWWPoa9ihGVQRB
1Q4wRnAyt5f3zbV7wdF9tTzGZ,1ALTxfR2ytAm1MU1sU32gHEWkm
1NL2zhQTttknWXZrhtcU9WzyN5W4ghCAY,1QyjentqsM1PvHNMXDPT9ZHaCx
19rU1yk3BXnTjQHLBJTwPsdpfQSdv1mBT,bc10tv0uvdpxdg4xnvcvh8rz7xt4zkhpu6ufmwu9dy
1jcr9J7yMQb4fo1Z4RLbkgxeq,bc1y8s6tj2mr4jy7wypxt38jntrr8cn0ha86w93wl7
17gMHecah3MJJ6Xyx4xP9zkDNRFZe1Sx9K,16idqEouqnoF64tbEUEETZXpXv5vy39EUQ
bc1mfgqpejajtft5rjjqae00p7sz89jx7ewpy0y8fk,1v4VYxE7yXTLGNuPuehy7XXmqcFZe8j
31e4ihh1BhVurKqgdRv444sXNJJsDb6TjL,1PD8MrnmtxFgWSpG5bpsygcpij
1iKbrxSSeJhJF9WtzDyf78LKY,bc1ytyrjy8azvue54twnsy69r2z763v4em7k52e9zd
3bao28pxKZJqSm73SjZYQYgYz7H3xJrCWZ,bc1yc6ccg2x4y36luwpje6px39hpakktrw592dp0s6
bc1pkqy0h0nt6yaqmesunn75xym58w7xfs5r20mftp,1vBnu9fSzK6s3ThA7n3wmNMRz1EMdm8Y
128qEM4fmszdBdvjMFxUfoGLhVc5Av4,1Lt8fAbiD2iqUozdoQBdPb4kGrV
36o76x6G15oueLVxatReR7wch81yTFjpaE,1v4VYxE7yXTLGNuPuehy7XXmqcFZe8j
1C1xPTFALYTjDEhPosLRnJDEkjtE1GxFU,14JrGkBdLoEe1cQQfJznTkXQbs9RwbLV
3JvGVGmnSKAWCY5cBBvZ2uuGGqu2XGBJWb,3LF17NV7eCyYVjSn2r1a23Sh34YgUD1ZsK
175f943gAceduDbh3C7NhPxt3,1bq1bGQtaTrCLdYCJs9ZCKNmaVj
3EX5KYtoaktPWxEnBHM5MKsZC76e4hYkXR,1nytw2oEE6z9b58LjKzps5AtsQvca7L
17KZYxykrwMSyckrWVYU2Lrv9oCYJ,bc1dueqgytlugrnue52tg8jpnrr8slvz5guqpt498q
1N96LYRT3B2nYxUGQeHhw4HeQLxnK3CX,3eQMbuuFNviQMXPutj6HDmg5mZ3KP5SU3j
3MVUybd9wvPYYVYE5iXnpD6MCrNU87uMrn,bc1uazcp8vqu9y02fnfw63vwdejdyxcepdmd3v7xwp
1myARGjEydJDshuqzD59qGo34gwXe2,3yaZDCeqUqwHSe4KJfR4zw5zcvG5JKEqaW
bc1rsa9snwmasetfkd28tr09649d4gga7lumj39tre,16idqEouqnoF64tbEUEETZXpXv5vy39EUQ
11g6bWdajPBZthZzDq8DnR3S9FUPkhByC,1WW7fbUnzE97b4d7bX8gZtauyqHdc
3QJmqBFtYjYz7gPtXMzLzMyAYZG98mHXh5,1yfT39JxaxByz67FGDe2pTA1R1FkEJfhoF
1pDD2GxAQPauXTrxpker96LAFc,1qTBsRRJQVZ5atXhbaaPyA3me15zMo
1pQpqLGmx6rV5CwMu6iSjVuLsFvbJ7WMW9,1UXXfWZq1qNLUB2Xa9Jzfs6JBiCWWnF
1Px1Z3gsS5678anTFdrE6P8kCpR7aP,bc1fzkmgyt5f2pvg98adnvdgzz2795yuygqd0n8vwz
1Xhbj6WAtnPBf4gNL2EL2sv5V5SG,19KR4GtohxGFJLSATMVCm4sP5fmb
3SwBWEFxLo1A7dyrAiJ4HMdP6S9ssLL55U,3xxUNTSE9t8ggNhSLStW7qq3MqgMFkFUiC
bc1jhz43uhumeytr5fcefvzt0hk45tucsyywz67t4k,373ZUbG5wdKHMMQ4iHqEYgpvXXmXYC4TB5
3VKqXLhEsUWrd3eHYu2cNThy47rgKFRqD9,36B7ZgJgNXrze6ykUVhtC4M3b9vkjY7Na9
1DNZ9jgdxqv4gXQz3hgaafMA8k,1HHJHpF9S52vUtVho4oaCv6tD52avXE
bc1xvjcvvqakkwqjjq7gspwprntqe29632hfgkkxxs,1nQCfn4BKVzVXmXqRotgbvCY9Xr3L8QE
bc1l7duru0nf3hp0u4xfsz97jtf7plquaurreygavx,1CJvwhisbhcCtLPGXQphAqKkXhQHU5R3e8
3MA1J2XGAfTshH28qzyeSkZToEPrtfhJSn,3PcipxZXEMZFZtA2Zc5CQ3yYi8sxa8A4im
37rngovop9VpkSzY8QXFrMxSabkzEZrMYL,3nCwKiDb29gmrHzrsgzJALAb9pPgXpZaEs
bc176dufkpyx9c2c3kewlk92nrr0tpfvpc36kqeyrk,1GzziJgDjr3mNZHAoqgpGXfsDnxNj6s
bc19dq9a5hg4szs5lyqy63wy4q93txct2y2efs89tt,bc17rmck86m89ar3ld6lnge96wjl2jrnhs0a0uhdjl
1VRPnw9zZE4S14vxC4JBRMqAXoG,bc1784aa62lhy5jek0r2kq50akg79veprudv0t0lwl
1CJvsQwdBa1LMaEmGiCf58Njt,39hJKydXhnJcDjcT9fipnmWxvnJCXCETqh
3NxHccoDhpUDZyotNCoDiMfEfgU2u7Yxw5,373ZUbG5wdKHMMQ4iHqEYgpvXXmXYC4TB5
1JB9R6sYhuWcDhpCbDK1v2H5Xf,3r1Sq3ydRD6jdUhVPHcf9aC2vpACYFm3av
33MdCzoCbdn5A538gzDVCjyYtwjnZnWrhZ,3XiHBb6iys3VAFvHQDBTZhjHoDKSfZNi9M
12ENdPfrYPdALUcSNLmR8vVAHc68,1EAY2w9KemKzwxu483wkD5oVZxijz8r
1fxJntBRj1x7oR6Jd6BW7QXRtRUqP,3i2X3QStmazNeMHYQtGUZwNWRNsLV6RM3f
3mQtrXmgXPgVDXqs8HoTpaMkTvAtKyhhrc,3MTW7TC7iHjf9jX89guAbDsvU6QpimH3jP
1mc3j7K2nBGXoZ8sw1serN4HA,3KsC7zGjDQsTzAWkwRq8EdiEWwYMgm8QmJ
3r7f29VYMHrrmNcn16LJgQ9L3UwoL81uou,1SGZ298L2CfoLjzamir5Gq5WgWf
38oQYvzgV3PNqkpJAupV86wKGxLLkq1Kqq,3J5vuaqcTUg6Ncxe7o257FyugVSoYfnfXr
1WZ9bp6hc1aM4jJFgrBaizKEW,3vKDTnegeZ4cL74Ft5ZjvpAa2tnTCC8NhR
31qLX8v9Zv7iajZJuYKoKPjSkxQQP5SL6B,bc194d9kuzjadr7ah7d822m02chcs0dx9exxh48d0k
1wNt9CzMeMhq12QFY4vVNwNMHrtb,3JPfDu6EQABBjGLJSJCFWJbNLTXC2r8uok
1Ap1JPiDWXaikS7wguxa5JMrEi8GWe,bc1phlg6ceqhntzazyrxq9smhvvskk8uyw3xas9era
1wuMEtYaVRab8VKMu83BEGDfJcaDN,bc1u7csqv6jsmap7k0jyhcaad77wncqgay9ha39xwa
1TQEnGciCQhgJ4i9nY65FY8B3k6FN6K,1AVzn3s9WgrXg37kDQKue353FXDq2iCem
3K6TNHnjFNyznjYo9w2Ydh1LmNjJCzRxy9,bc15u0jsgzy8c2csg7qj7xydqx7ejlaespgx5t2zns
1AzCjgksMLsm12YNokzTbc1Xm,1tBRgHs787rzBLeVkcG8LrLjFz
3BvPE3sFQW4ZwPEKMpEJ2TNdg8Htb2dRFY,1U9gtQs49H52e8G53zxKxB2ak
1wjH2oVn6eHPfbuguFiYVDeFNFjHftyf,3GCpCFS4zXSdkvH9uGhT9oVH2QV8e9XjX2
1LMrRtmPDc59dVo9sYyn66KwAHN,3JqQYiiU4gUCfEesyR7MwJjPYysPWYkkhx
1yK4AhgkcLtinoWU4aVJWKL1k73zeLaHc,3pgs2oznCHTFsPAbC6bLdfuvM5nsAmgZSM
126TvB7gbuPDrqPzpky8EA3XwMB,15Nbsc84fQfVJFCtmFLj4CqN6AWT5iBD
3Z2f5FXxuJgRRoAhLWNcUAfPMqgQvZ1gua,bc10m8mpxlj3zjj5mwtn3dvhshtups3qum0ddyhtaf
3G6umWXCuz31yMCVMtSc4K5U5oDy3BaBeF,1Ptb9CpcDUBqeMpagNdAAnzdkiP9
3XS9Q3wjcdA5w6br3hiuqnBVet2yzk4WCm,1v2e6TqkS7BhsAuqDDupk6erNXTcNM6x
1CBN1j3tPdgmLYFf8QaG7koog2aVkJwQFB,3KQyNJZSg1ydDQAgMjXLBnRanNZrDu9SpV
bc1cd2c3f0fnelk2gpuqq5m8dcujta33lxlf7hxvs9,3ytnG4g3x8HQiZnSUGNvpTmSCGC65T89jX
1Lt8fAbiD2iqUozdoQBdPb4kGrV,1ggKWnJoe2QCgYqXiAFsywwQwiSiV
1FnZZug55hNvicZf1GbZ5CChyQq5TnhiHB,1LMrRtmPDc59dVo9sYyn66KwAHN
1mZ3ktktAzMiyziFaHyUXsvd5xLLA7UA,1yza8gjy1DJuUynhn2ocCnEwwCN
1kZZrjRJ44zf4UAZjVBmXMLd3CCHaStf4e,3We1hcHuotaAEkVWisiXae94ozZogvUEj9
bc142ze5yxf8jvhwunkz64f6v9h8efxd8zudtue6cr,3SCdCMsrfVxSFSAnqkXC7HHBmUm4TJECsq
bc1xnsc637a27x3ykqmlqk6vpekjqz3sqdmc2kglk2,16z7UzrY8bdKUu8fNciUkrCD8wE5
bc1gtd7vkl7ywpn4xfkygzf4sfnf600tl4w8vepaap,1ypBqhT9AHdVguknFBuDQ2E8FY9
1oYxg9QYaeuFmgBWJTgRxykfW5kNJc7J,1wKAqa1szByAKqntBuEy66BtD9xSvTZUsx
bc1kunplk2f2e5qxp9h8vuj0tlxuqaxqnssf35gwz0,bc12s8a2usdr4t394xek2s0dmkmfx797ek8kfv0ar5
3Y7jqkCBrX6nd6oPaZaUBURQDCsrLC3Pn8,3w6kMCAf2NrDQWNkmBHj26pFpFZn3m3dK9
3yhDxg3QzsqhVF6CYbxxhmtUAwP5huHFhT,1fxW5erkmKtkyyxmaNm4QT1bHvsy
1Ki5gPG3w7s2egDDJucjSccoVsKx9p,1JYY4zsr1Enowx7T8mnT8fH5nMPBw
1hUDUmpoNQp11MZ9SduMyCHDGBrF,36Yn6KBtrpRSVXjVbFCpZHq17qHW5nLrFx
1vshHkB1nWfYMe3bzM7SP1yAcAxrmUEiHv,14zvzfVmJA8sM5eDcUwhD8NL3J7sntVqa
bc1adcldynhf00jeyf3u9h8y3cmv4jy0dtl8vvykry,1gbqyzAXwRzpseFzf5qaYpuc7
bc1jqrhszcy8t3pu3lp47txw6xvq5w9cz2vn4tkjut,3JNGq1PxbJLABa1dZ5eqV7CYB1AhoydLtA
39DWmCU87WdeZhthKEydUwgGiQqYY4H5yb,bc1fjjgv8ma029m59668l5zu37dmxghy3w47u65lyw
1f5coi59idjK71JMG8BTZQ2M6bKPHP5uuy,bc1u05mlhm8qan3ratcf7038v530yfa9n25n9a6uz8
bc1x4jc4fuvv0rpdkva3upgtksvm29yyhpcat4u5fr,3sx5PWNCswU7UPPAPZK2rBy6RLfTgU8V8K
1x8s5TxNtZESG1HDmD3CRZWopMd,bc13dx94kdxwpw7jx4q7uazl6ctpamf6v4rndz0vcc
3WnYurwGfAwGXCKyu7SYu11UnvUVj1RfSy,bc1v7lkthcu66wfe7r5vpwl9zdxa9nt5lppde3ezyh
3aNdus4r8fTmXq5Gz7bpZhs8aWihWZy8te,1hGoq6arfhX5MxrEbA7BD47mhPwFW
3bHMkwkJkhMnGzNcXNE5qxv3eHkWVw5R8P,34rfuboeVdgKZ1kCFahtQJ58AFWbSnYtTv
1WufsxieYp9tjVpqB1WH13hSNELx6Bf,1VtP8BdTH3EGbGBZqRpEGoJXL1KP5
bc18lew9e8dmp6y5u2pwt2yd6agx76tx7wxftx4ejf,3sSkUnb4E7RRZWnUq8CbkdPUmYVq3sZ7uB
bc1mw7ftgra90z5p2vuf5tpzt63eegsj7zyvqkvayn,17zbayjh4ULZ6J8iDpufK3DdAtvqnJPv
1pTynsTpkifxksBsAF6sL39WVHC,1hbnNRmNkazvPEeyXcasnEg3CHpDph
3aAAUQYxDJG7Agph3qL6FMWgGz2QTkFTo9,3FKqtJMDmFkhpnnH1FQhquY7sazFNwQ9C8
3ZVLh61VWXkmG9LXHas4mWZBWBaGMGFJR8,1StB6AgxwSYDTZ1uWR3f9eKu9usFiKP
bc1v46w90c72ft32lm9ehq39f4g5ymesvd09y6lkgw,bc1gqrvetr85sy4xdxr45ljxr5ra674njq20ua7sd6
1J5onRqZkNZF8ybLd8S7uVsAKrnbK3AGju,3HpSi2v66vnV87WhswrNLB7J4o2RSVasiZ
1wfyzN25C8wkzDJ6uHwULPhWgDVE,bc148ayz4w7wzsmkvkw7xpgnqj2yrg4jggnlf0ksjk
1t7ARig37UvqmqYnaUiAVKK53,1xj6way4S7zSgPajjN5burWR4XbZTnm6p9
3XS9Q3wjcdA5w6br3hiuqnBVet2yzk4WCm,1fXhFNc5vDVt5o4ZwRNipG35Jwx6jXB
1Y6cvbmUX1mmRYJ9XZdAcnXYZXd7Xgen,3GK7PCMupTtxFQcsxXQ7oRBFDN9K1giDZK
bc194d9kuzjadr7ah7d822m02chcs0dx9exxh48d0k,1kUTPp57VEAoiQNWz8syXHFcTNMoNt
3P6do4ovpD3uZWWjaukW2D9dwhXmrRq6Ey,112w2xpMunhin3hLeACQpszCQ7s
1wUWQ7LejV6XsNDf9rYyM2mknqVbqN,3vNcLjBN1gXG9o9bP8JbGoTNBcR8QKv4k9
13WNZTzvBcyYmmsjByW3KcYfHnZQ,1678TPftFbD8u4uS4zt96Q7zA
3P2vxhYWhdU73LLGDVdUE7JF5MbZ97qhoW,bc1nl3tjk24yyv4pfglshpeg9katz509qhap6ptgvl
1knnJFFs3na6n3txe5yxyge9H,bc1r87lwsvn4yekwv495vna2ag74lu49ueut7qmckp
3KQyNJZSg1ydDQAgMjXLBnRanNZrDu9SpV,1nQCfn4BKVzVXmXqRotgbvCY9Xr3L8QE
1vshHkB1nWfYMe3bzM7SP1yAcAxrmUEiHv,1fKFSDpBeP6mwU6TfW4SAkiSy7HytU3S2g
1nCsLPMiPLLgU1wy5aD4hZBhPD5,3u2XwJw6ggE7pBLLkfXWfsuT1Eqy83R32E
bc1xwuwq5tk8n6fxf3l8yjr0pxszerdee3jka2gg2c,bc1ra9c7cctk5tpvd80atkq4yn7y8j49rzkvklzau9
1V4A7BcefygqwTHFAaASto3yHKjwtC92,1XRs4CpXbBwWWtpZMBYCHZBgK8
114XDZB7kj9VRufZ88homRt32ruhMA7DHq,18BhC11RtZbJpPTUdMk6YjxPNZmaf9qs
3K6TNHnjFNyznjYo9w2Ydh1LmNjJCzRxy9,bc1qxv7xr669ckq4hp85llcwh9whcvxmhq6ws9carw
3Py4DZT2bSgaSDRZNLPHMWtgW2HPvfuM38,1TdH3W8SVm3njZ4ywNfSiG9v6PP3JxCaRp
3mJPgt9QFrvPv6iU5RRu8zpGeUHTLAQwMR,3RkGLbL3WsZyRxb6696qfxWqsViyobVE7Q
131tDa88XYU4aecTdPuSqQjLuhfQh1Fgt,1h9nJr5j23tRgM1mYuWF9u6PD8vHgxvTkz
1vp5qoe5byuUqTh7nJBZUEQPM5vE5J,3RrCkE76P44scLC2AkYtDE3QgwVUgbPVK9
3gMP8XwXhqXo7pZFU7s74AGAhWztyS5gC5,bc193ahaf42nf6vrnwhsy4pnvgpjn9gywdmkuwp0h6
3XS9Q3wjcdA5w6br3hiuqnBVet2yzk4WCm,bc1m4xzvqkfkvwjsf8kuvnwwmtvq3gldt8s95njdvh
bc1s99sjkzccjvzannxh7wnasepjx6u8h7h67hzp0q,1HrzkBDfaoaeZUWuHAqEyiwkEJEj6W
1nMkKyC9cN6zfwZuZ2ogfoC4YYDzJVTd3y,3bao28pxKZJqSm73SjZYQYgYz7H3xJrCWZ
32ULgS3SgnrKiAg2E8bh7eyz6yW32BXS7Y,16D3Zt7pGcj7Nddr8oFxiqiG8WGB
bc1nlcqkjqt7udskcz35a7l2nu7tc8tjytzp7jj5vd,1V4aZNCwWPCJJ8QeHBX2ETRWnUv6d3E2U
1QtTwt8T5EZRybhZ1B8G6DA5c,bc1dh66mvty9ex3pc4njks3xk7ldv2y73c5wuv5456
15qXqTx7bQXxZpS9iVjHjKMNT,bc1cd2c3f0fnelk2gpuqq5m8dcujta33lxlf7hxvs9
3Z3Xf4e1RVSNtT9BXecvmTpbKFwHTkafLV,1HvAsQ1qmfg6aRRB2EcW5aQ2cAdgx2bn
34j5qRQ75atPjUoHmq1qJqsHu1QkRsW14j,3LTqeQkuUy65u819j7iYyLN4QDafWznyTj
3H8DKoA5tUheMUN9E8nuNaGJtGDVvofHar,116Hef9okUUVEzjib5MMdHrenDup6cMrN
3XBEcA56r9VLzJ871Z2TSjTaA7ix6nymb5,19KxLSGqhBZsdquqqsuu7hBBp8Y
1zZDW5L7L8XVpHM1FH6RDG1TJjPKkDad,3YMvfKxdTMmcYq1v556L2ALZbi3A1agWUt
1mVEZmDDRgeNKUXrxk6eekFkmazSwq5H,3EnZqV8KqxUkCn7ZfAvA3SfQm1LDHh4swQ
bc10tv0uvdpxdg4xnvcvh8rz7xt4zkhpu6ufmwu9dy,1ksC7uunDxUTJ2mKW8yCYyHYfRcPr
1Ha1SqgyxNX7a2YKMDxG3dQeZD7egDFf,1Y6cvbmUX1mmRYJ9XZdAcnXYZXd7Xgen
3rdub59shg8tJJen1UsDtbX3rWhquYkVHS,1BvvVeUqXnxdHskm7S8JBciS95BJ4Hc
bc1uvu5xhnav3xmek7ml2ky9s57rvhhu668qnxl4qa,3VJYBZxXKvvwHm7wPVaax9xssM6X57yX3s
1yHRbPcVjDJ3fHeeHhyz6a38nsE,1qM7uhSiRvxpviFwRjDTLFRFbaL
bc1s4rff78ca625hcty8x3pmc0nspmxkaqxq756twv,3oet3bBjwW5U48fKhxHnjwnVZtZxrANHqL
3gasVBAmM3qAMb5z1hDd7FUJVFMyc8VE3b,bc1akdvd4fxxz2nxuz9yfhrapfl8vnng4sfj6m9tsz
3XS9Q3wjcdA5w6br3hiuqnBVet2yzk4WCm,1DXqSvcFe93mshjik8rezF15yJQxLc
1kUTPp57VEAoiQNWz8syXHFcTNMoNt,3GcHbC4J7DtmsJcoxhFf3Qd3sQAEKnpqVj
1NwAyKYZRiMbNHrL3HK6o2QPQNWa,133Seye9En1oPJXZwMafv6SqZb5j
3MPuMywfmSDtDt9ZJi7YjD6FqmteHvdNCk,1YvqWtZde8r3RF3PznjutoJS7Nu69
bc12au8ax9g58lm2qjsffxsq2gh49lqevc3l7eekvn,1vuXhNy568p5ZSxEGKohjKG5C
3dhNTuJYRqTfKuTSDfoW3T2pXCjnEuZHmh,3VPYm4B66iDf8QD6bDUQVaHeavpNuJGL89
1HWSR49um7nojmV9CLvhgeLPrtuW,bc1fwuqsssj2gq9mnvstnmx40nuv5x7n289a0e9tyd
bc18waf8zej23aeha7wgsmukrxcrx2cpksccldfxru,1vyfdc6TwEsiWWFVS3pMteZLaERcNch
1oQ3q5yoEQ9Qq6rk5hG7nWXpa,1hUDUmpoNQp11MZ9SduMyCHDGBrF
1cckLLzqpn2unpqt2rVg28Js2kfa,3vwvJ6LmbKwaQqBrETy8NizGPwHzxeaFuw
3fSnexJ6mzU3RDqR1WgyrPQsEKdNt9Hgtm,bc1fe6eu3hr34waqcxry96esrd3pmzvysk09qnk7l6
bc1xed2pl9lu5lh0d42ymh03rteetaqsygh54rzj4x,1mtF4LbAMKAtckd2N34zTWttXiX
3n5UBLNWwGauH7KV59iSyWT3bndiW1CFSa,3LTqeQkuUy65u819j7iYyLN4QDafWznyTj
1U9gtQs49H52e8G53zxKxB2ak,1stFnGrbuBqmMD8fqBZy339684vkY6
1dGa2RMqwSyrqWNwXT3ksQm6LaMg,bc1h87zl9thcgwwwd54f9da8w4qshhhrf6fctnfyrs
3YFskU8sYizQhhuULo4Z9R74dnEM2weSgA,3ovEJ6fszJMKgC4NAqJtwUnnqvc6URXhZR
1upknsW6FktDnthCLjTWPsT4ps2iP,1Zg1W7dXYbiaeUZWaDq7cUc6L6
1keJSNRjELrDn2TiCT8gNNW7x1vyz,3D9mHMx3sro34zDs5vVXM9TYP7htyunjie
3mM85Nt9wuNcX9YwYn3QusDUdbrRWDqsWq,bc1kkedaryqtkywlsl9fhrykkfxldcrq0dxp4j0apf
3VPVL8RXcuYeGNugxpkewTpcSG77B3yXwW,1tTp5W6tvF2rFMyDBzQhCfKT7RLxg8SpcU
18BhC11RtZbJpPTUdMk6YjxPNZmaf9qs,1mgq98QWKFGzEYp2dRTWC7yBm3L9eQLXyF
1pDD2GxAQPauXTrxpker96LAFc,1j8gxLT6d3onFNWZT4hmLHrHY5Mob
1v8V7YQLRW6cfzt15DorsKr6QqA,32qHsoPafVgTB9YCeUvj9SLzrUrWf2ihDb
3sSG8MxWBNegmnf5ubFw8RjqLJkT6o1iJZ,3BUeSuPvQAavUryXoJhvpkMSEWeyvEMBqi
1rrSCo3Ya95Q1RMKTWxLfXQLm,1gFgDZEcBzh4ndRajGXMW1GbpV9yTKGL
1W9t2fdaNA6QuZcM64EgnDVzMsDCB1J,1QexCTLBsG9FicEHcVXrU3YrQCuVZ4JWs
3XLcofvAnEqJYrUe1UXVn3PLJ1WzoNax3K,1jJB1harmZBKoce7VL5MKdxpfjL1D
3kxQE4ZeYuNeddJzQw4hPuLHWaKqADyZzK,3gfB4GAUU6q1A764W7agN21ujSmiKpjCHU
3H6G3PshZKo88EU9GjyvP6B6DsNqnVKQW1,1RCg6kkD6dk8HWjh61rHrjDPiuTfbAB3t4
3iagJMBp7abW5DKxjh6xESsQ4Jvtzu5rDY,3nwp7UKZHH2RDJSL9k8ZET4AetD2eHDwg5
1VrRZudzqHx7JZoznLEsujXQDe,1MbXrhyqpmWZA1wRB7UozKzzBwdLSD1K
bc1uvu5xhnav3xmek7ml2ky9s57rvhhu668qnxl4qa,15bFuua7a9i9Ua4wWGUQqQMzPvg8p1
bc13gqwarqshvmr905hp6p8d3twvk5fzplzajq4pr3,35jTk62XigK8QJnLgcA7oqsLkVV55coua7
1TQEnGciCQhgJ4i9nY65FY8B3k6FN6K,3xq4bNQsTtJsvJhR6gykLbM19itzxQexsa
3bHMkwkJkhMnGzNcXNE5qxv3eHkWVw5R8P,3iTWdUJR4VrNJFU9zwuNCpWZzCbzAWdSnt
1r9YGt552W2aQbuYYzUmNDmjHTWQW,1kMSQBJYdUw1BmpcnNsPQULMhmQaeunU
14yG1sYwRzTdBVq3xFTX3Q92njqP1eJds,1TkEz2JnrDQ18snwSWThPve3ah
1EzCiHSZw47wrpymzuQ8ZyY2L2DKnsuaAG,bc12au8ax9g58lm2qjsffxsq2gh49lqevc3l7eekvn
3QAgjYs9fRM6h4SpoWSeHHKGvC1enpmyjU,32xvde1181pLEwJc3R3icoBEoQRVdRtZ49
bc1gdzjgn5xsxjc4h6k6nznkdjn22mnex6cdxy8jur,1ENoQoaAtWsqTsDRCwhHAx4NwU1nY3hf
bc1guaaeupvzr8qg5ayt5xp0cdel48tt8t3sygxjws,1PJW2kqpqCMYUN4CRJiNtzqGHT
bc1awva8qd4ugedzt3c6vfyqp9se3p200a8c9rhv33,1yK4AhgkcLtinoWU4aVJWKL1k73zeLaHc
1wU5Fn19FqkFFRopU2mcjedfbYe,1AVZhqwrMV9N852zRJaUsS8B8pQSLqfSr
3L7p4R8SRVbEK2SnFss5aJsfuBnHVYrwhj,3tMXTxo7MvA7CNXn4vCTg5fdtbi1zVP77F
3CKxDz2JA6mxYLYgwdnyM2ft72TB4R25ZX,1BcmnfT9FQoKmtg3Qa42mgPYSJEuzaENf
114XDZB7kj9VRufZ88homRt32ruhMA7DHq,3jSpnDBUvD6TT4DTJXpxHUdL63YgHkMEdL
12rXJoML96XKYousdurfTGCc43EJS5e,bc1s9sa5hspgat78spjzzjkdgt8whl0g78fezcslht
1ztAzCRHSWQDTeZhUDooTQhyBs,176p7gHf3xkUsz9RjVSGH8XGY6GR
1tsRnBJuiTPafm5R7m2BMdcbTm4,bc1djs0hqr0d5prcdur8aflynp0473a6tfpycrand0
3npZusePa92r2AMoMCS6Sazrp9dF2ZQ8ft,3yaZDCeqUqwHSe4KJfR4zw5zcvG5JKEqaW
3P6do4ovpD3uZWWjaukW2D9dwhXmrRq6Ey,1ttzpiVBruUKu4VB6S1Rwcbw7Htacp
1vp5qoe5byuUqTh7nJBZUEQPM5vE5J,173wsRc2DrPjGwhX4KEvE1Dugg4iT
3bHMkwkJkhMnGzNcXNE5qxv3eHkWVw5R8P,1cKzkNVC7scNQr63WGgn9vXHoRZW
1fyxBed6R1wgitP7oQ8ZXqE74kBvCuGGK,3SsBXasvo9ix6oxwh9k1wzPMgFjuMLHqcK
1nkAG77KnxQ8GY6c4TNUAojWw8PYqbye,3TpDZSXE5fiNyUDbD95Ke629UjtJaacK9T
1xT68modadujPppiRB3PRDnbzMXHjPKg6,3AkXGsGCh4hrMKGi9a7EqXSvT9UyNjr96Y
1ootBiLMRMivzEMpoWF3W4SmhWxkpCxAbf,bc1xrdaysqpwecn350utspemeupad27zmn7vyucalv
bc1z95sa7qjnwkjarwtjpv6s00kneccyndgkg8yj4w,bc19w7rdtj8cjh879w56dmzdu6c9l6v3zjvpzkzyuq
1oPYvKrXkkGBLHuXUNFPHKZ86D7,1J8P484pkynJgbwGG9ZMgF6rbGRGvJht
1GHhRNRs4QFs2ATPPgxMi5DhkDH,bc1mw7ftgra90z5p2vuf5tpzt63eegsj7zyvqkvayn
bc1de3yvw2vjwlmuxwpyr5x45x0p02dym90l9w0wce,1CJvwhisbhcCtLPGXQphAqKkXhQHU5R3e8
3VPVL8RXcuYeGNugxpkewTpcSG77B3yXwW,3cjBSprSBB54FuUXV7VtKaZvF9pk6oQnsY
3eEP3kB2C8xD2C21mkY14H3YbLRLXtGJLy,3EjC2VsjN9SYynANjjXM48U8sWc49f75bZ
1AzCjgksMLsm12YNokzTbc1Xm,1Vu8auVKNvQBJDsiJoYyijrSpTYM2f
32xvde1181pLEwJc3R3icoBEoQRVdRtZ49,37wv21iy5qpYs3Ed6Lpn4SPgLZ4F63ErTP
1ab72cokDcwiVa5LWPUuEyv5nDboJE7A1p,1Rro7dDhVrZVk3P5hJdWWNMKq5vArg
1mZrAz2hFqNhJQhw7jR4Lz1oHJMdc,3vF21vgyAa9ouaMi65Ps8Tah6ouBQ1WGGv
1ZA3E39tvGneFpY1McN5hYiQcK4pp,3eEP3kB2C8xD2C21mkY14H3YbLRLXtGJLy
3ytnG4g3x8HQiZnSUGNvpTmSCGC65T89jX,3MUDETqEycztG5KLtmgTuNet29Y2cUBZd5
3x21bkLvGZTBnrrm8rnK4j3qku4wdSR29G,1kpTUXrx8aeNaWqDdbwZJCmi7jqfdL
1DXqSvcFe93mshjik8rezF15yJQxLc,bc1lyv44z7xk6umwft3m8u23rtd70za6sf3rhep8wc
bc18q02s0hv7fmry8eu8uaksdvjf8n74capvddl2tf,3YJFTJcT4akW8C1w6rsXGX2GG9re6JqgZs
1Px1Z3gsS5678anTFdrE6P8kCpR7aP,12LSv6CYtjSbvYESFG3pWcWPk4EWabgHox
3eMiVZ1Sm3RNfudsaxcYmvfbTbRApqE7Ys,1aiaAdcq9g2w72K9hQmvsj49DKfXKBuLMm
bc1hqh04wd9wwpustt6cnza2fzrk5g35erjg74xg9k,bc1cy9ckl4zqawshskqqcr8d8zy0xv58hlwuy2eped
1diHjkmXKuMs75Qsa83LaFpUnh7BWLT,31dtnbB7d3sebtXFPTqfA1V9Sw88XRHg2o
1L3azcpCAPz7bcXqH4cGeh6cg2rfh,3fn2jVVt763hPzjTFmpMJjwTUUApMGTC1c
3pDMQk7eTqtB1oW795xFQpY6p228Bn5FxR,1Nd5TYGbZmF1SHetoY6nSfaPJN
bc1xvn6e3zkhpez3369petg40dphdduq7nhq8ntmjx,bc190knrmmg0hugps80p8mycxjr4m0r2g3dlmu0jn6
3ioeg1HRJoD9qt11SmU1P5QMGGxTLPdibP,1wU5Fn19FqkFFRopU2mcjedfbYe
1odrBPMQk4he43FVELdNgj8q1sgRJU64u,39DWmCU87WdeZhthKEydUwgGiQqYY4H5yb
bc1srrxd936605r3uldrd9d8k96udsey4hujhjdvjj,1qm63VQEfRpwr6YNdbCA7R6JSRLtRMdbV
3NmwZeCb6DBZ8XeParcyjcuD1EDvc9U15y,bc1kdnk36qg6agghmygahesuc6cftnvszt9g5g8ayc
1fkx7Gg6Pkrrt1xP744Ks2fYxtPYfZV,bc1l7duru0nf3hp0u4xfsz97jtf7plquaurreygavx
3miGMHAazjrDXoKWaVfLotTrsuUBK4WL1r,1qQpNhLhXj4Nwd9iAENGeeLhKyigx4pGX
1ESmf3PpXHcQAoWBDabSUwD3CdNFKbY,35qxycB99uen5xfvhoocTiuQgCUo7wwJeH
bc1de3yvw2vjwlmuxwpyr5x45x0p02dym90l9w0wce,1N5omQkhsTVasr6ydhroQypVKHY8rnt
1fXhFNc5vDVt5o4ZwRNipG35Jwx6jXB,3r1Sq3ydRD6jdUhVPHcf9aC2vpACYFm3av
1nVjuBmBFUKhBYVQvn8j9yAqasZTZqfqWa,bc1qmawh2akarmzudpjude32h3q7l6yswfpm2aaztq
1dvdwYcYoFyPcSvPKt6LGKf7cig4gU,1mLMXoJXeSszCtFEtC9Gmyyo26ba
3UxQA4VUdAzWuVFZ2HWYm9G62DhEMjZjZ1,393WfnsyQDyhxWq7eg6dn9ev8rSEdRsFYJ
bc1fqlsnr9yp9ulk5x42uy0dlj3f47yratnrv8wz0d,1QUzNCNtSRz8EvK82SxzrojCjCYqeLG
1yYs4VY1twFsLpSrY9uS1A23JP8AGh7,bc1z7s5xz9luwgg965dna45fsxd8shzpldr5k33gl8
1zkX8WBE8eUyoVuN7LxVxyt957,1voEo6RBRGrc7e6PAWQiY4NC6Md5y
3TZpBx57pmNVf6ptud199XPaCgKauJwSyL,13F9tFs4BfZdu3DKbcaP6rv2625xCiEjAS
3scqyF7mAJT7pNLxjv6bNMsnk4bUUrfsML,1ZA3E39tvGneFpY1McN5hYiQcK4pp
1voEo6RBRGrc7e6PAWQiY4NC6Md5y,1RZzMw2sJG32GA9LNELtFLrAcNESRJ9D
133Seye9En1oPJXZwMafv6SqZb5j,bc1tppr4d3vdgcd2vnfzj3umr85feh89v002fu3z5s
11cGbeXSqVezdemb26sL1ePdV,1xuiLUiRVwnRbHpfaisCjBJwAHAABAXD
3ytnG4g3x8HQiZnSUGNvpTmSCGC65T89jX,1HCogyUBf3eHSLok3jvBnV7tibKC
3ekxNXTjsgYgq9gxeyETTWdcQTuexrXu1u,1sy2Bf4roipMQCeP2gZgoNGBo68w869
3i2X3QStmazNeMHYQtGUZwNWRNsLV6RM3f,1eErxKuRNTsRgrMQQMLrofLfW1KpZW
3sRQZEinbogK1tkZyCf4GDe69eRU9LRrsk,1FB9m5xdTZagtezKyKSUdobM5T3
bc1wsnm2ae638z4jkvr5mz8g2l0tzslk6mff9lg6gd,38GvZxQdL23bUnGFvqzEh8mEnfztGbXErv
36EjEUcQyL1cQ4RH1D2kURi6xPjP3HZDzH,1jDcR3MoDehF4JYm7LPZxqCqvU
1v2e6TqkS7BhsAuqDDupk6erNXTcNM6x,bc177rymrhjdrvz8ytqzwdqudpsn7n67qdunm9hhpg
bc13mxeh0qdyu5320gmpr9xg6rhgt3etdt4nj53lf2,34KBZiDi1bynYCQ7LKDGY6sq8JQxgahe13
3ZVLh61VWXkmG9LXHas4mWZBWBaGMGFJR8,1eNKquaygj1CPZ66EfUUUJBmGyEyTGrFhw
bc144yvccdl40zsqsuej685efx4kxa7xuw3y4unlms,3LnKDQvDhQ9YpQhcLbYj2YFUnS8vhkoeUW
3rty5mtciWKysf8voSUYizy6Gm6sf1AXsk,1HXJq6RBzDSKhmLJpznQYm7G7iJ
175f943gAceduDbh3C7NhPxt3,1YQhC6bsQGiXQv7xptJa5zS3YfGVqzFEe
1sADyEmFmZ3CaY65zUR1Tse7LND4,3hBt6KM936canBwSM5fLhn41QmJbK7CRp1
3jXmBy9ZykxZXgEdYnsx8vroxhEqSiiFye,bc17wxdw682rylhe8zwp7np8g7yhakdpkxeg9ye7cn
bc15qn8q3ee8zrf0tj3dzdxsh78pxaa502tey8y53a,3MVUybd9wvPYYVYE5iXnpD6MCrNU87uMrn
1zJDTKJFvAhAZoD4pWLnfeejzZ,11zSzaVbExSFuNJy9wpaqXohSV
1mc3j7K2nBGXoZ8sw1serN4HA,3sWbxxkpv1bXKrPmfzXukWLtrNJ8awfmdG
1mStU6wuAyp8xooLwZhKPns6fn,bc14ceqm8tuggd07knr7fnhq0yk8t9r5849cjkjfd8
1hnnm4nUDkTMwbJhDDtbNnZB29t4u3QQ,3P7ETBCceZp4zh9eCrHGS4Rr1zYzWGdcmV
1N4UbSgSeUCMtFeM84XXNdgb5cdWX9Y,1K1P67hYjv3bUrUHSpda68wkcPQjDL
13LdLcdXSqbvNMwDHacNRsDBE,bc17pcxar6e5uahfqm3a54nevt3n0s4edw3yxevl92
3ekxNXTjsgYgq9gxeyETTWdcQTuexrXu1u,1ffX7xJNGQmobvxxNE94RUpXN9p
3jXmBy9ZykxZXgEdYnsx8vroxhEqSiiFye,1kE6Cbt3oEVoqQxUc7PsWmdyZTm1k
1hCMsqWN7Sh1thfhCkgSfYrj7,1v2e6TqkS7BhsAuqDDupk6erNXTcNM6x
bc10m8mpxlj3zjj5mwtn3dvhshtups3qum0ddyhtaf,1BRzZNYf7XY1h1LCYYQXUAjr9uz15zY
3coL7QW9VtCBTARmiU6sq2A5WXPR8hFJLp,1W2JxLmCz9JnWYjXfscb9Bhdui3Niyc
3kxQE4ZeYuNeddJzQw4hPuLHWaKqADyZzK,1CK9Wy2cH5nEL8Hqp64sXBB47Z5
1KMxuVqgKkcyGSJRApaiq2Q91Q8ZK,bc1h7rl0wv9zpdssxdxvzsfvyp5jhlw2fyqj408das
bc1z7s5xz9luwgg965dna45fsxd8shzpldr5k33gl8,3ZqP97LZBoJeSjnHvw2rwp19hh5PLmbfcB
3inEtEbWnNatERhKvWsykhrva5pYrfo7dd,19Fgf9zm9yuezLYnDoqAmhhTra6wu
3fvhiuwWV7o68zTm5ChBr2u1SyHkPgUGRa,33F4396Z9vpr5zhR8SeUrqskViZF8uDQ7w
3Rw2MrnT7XK1gP6MrBGGxLBRRkNQTaygpi,1E4bSfsF3SYkn9zEvaampEszX
1koPXYfswKgTyaGnc5gu27BonrkwEpdZ,1EGJ5ZsfjC5y41DpB7DbXrmKT9WvDNys
1SSC6rJeGn7hNGyaymPdfZ1aw,bc1gwvuzukmpq7hklsksawjdmnjvus5mee4ka2fvkc
329yzZouaPPx4PULxeJAgBpb2CuPCHXTN1,1StB6AgxwSYDTZ1uWR3f9eKu9usFiKP
1Zy3KsvF3ktxYMfajxTBmEe45Z,13doGvWQBoL3cY2cskDf1mepUVqp
15NzVthds1sjgmfwz5rw2fKELoFi,17BtMfDsZic1KX9y7P5WRA9suWU5VY
3sws1vqvPenSWNzM5nczv7mAob3KBqbPsU,3fSFVzcVL9w2yh3yXEFrUUki1VaJKb11iw
3hmiDrKg49HZTGMPSdU5Hg6LWGPwKhdUuR,38UHr1GtAiBLzqPFT2oZ1tJ4NQfhR4hxZ6
bc1xwuwq5tk8n6fxf3l8yjr0pxszerdee3jka2gg2c,1Xfh7rAte5DcbUkz3auGPyZ4Q5NgpEQpb
3cS4LyQZvYfJ6PYV416pdU6DeyU7nUtGeP,3XS9Q3wjcdA5w6br3hiuqnBVet2yzk4WCm
3Tk3UGb5rrqC28arSQHEKxe37oAwNerpRn,13K4gTb1PPrnmuWCXtXYPQuRQCxfU4vTBQ
1rNSFQjLzUCsPoswG7C6P214ahE8Kb3,bc13wvjnq3c2ev6upy7c2cw602l05tehrrgwe72nhn
3AF7HFq8rrDsV1XueyVv1FLpSWVkM2MtdD,3hy5U4CkyfJq7dta56oG6CTJrMug9rzgjV
bc1sywmrvmzj7nzkz44706v8z8r6x5l5jqaclt0e8e,bc150spm99cu4rhqmqpta97pek588a26jr4p8spvum
1UDpb4Kg6GrH4XZBvUHtoeR9vm5geXxq,bc1patwkvt2estpekcwerrk45q4wg5npa6uuael6z4
17bAqv31fZzx6Beg1K2Riizmvdmm,bc12gzadlyerg3q8az2t90t24p65k3smex32mrl0nq
158XmHYEQUqbkQAiwcW5TLR6whrJXQkqdn,3pmVnZMmbDZgyAAi5AF88jNqdS4P3uCjNq
1kFrxuCncGL94xap5s2dSVXgb7JXbTZ,bc12ur3lnrdnugyd4aaeqlahlvnquumh59ger3dsy4
1PUijsgUpRCLaQuLQAXg8upxAkTzP,bc1gdzjgn5xsxjc4h6k6nznkdjn22mnex6cdxy8jur
bc15nzvhqml5q9wmchf9sm7ql83scdefu2jhzc33h6,1GHhRNRs4QFs2ATPPgxMi5DhkDH
1hnsxcEFwXz3kFUyNwfWMbnLMT6gkS,3vP7zv84wWs5sHkveR2sLmkixMi8szn9GA
1DShBVWRFdkuNgrnaFdt9mTLKtLUXx8CYp,1dbVAnr74R8KkqffHxffudkeCpRJvZ7
1pPXWDBFTJaedBBsPdkFYVMbk3D,1WgPdg5y58mAQznSPojjYNP5ukYkATbcU
3CKe7W2cZzmxb4cPUpbJJLhCMWZMyEwpSq,1mStU6wuAyp8xooLwZhKPns6fn
3nFNxuX1FSmJ8L2ZyRXxY2BEb88tv2udiK,3pmVnZMmbDZgyAAi5AF88jNqdS4P3uCjNq
1ByYynn7kPesdYpDGaokAEjNu6BBs,1aJu347ATb6SMMye2BEpk4Nxzge
1rboJU2wehagxqQufEy3xL5jn,1e42zpzB7ZyJDpmk9abZNsA7HidBo4
1ts913xnbffPbkpVHpMiBDr1zhFnS,1XTttwXNhJ6LJpyjko23m14L8fK6dX
195CFiucTZT3xU5RtEozBSPmTL,bc1p0cmy6md5gslegnke7e3pgc4cvc3u5vkmcga5ml
3nDUzPomhT7SxSyS4BP6GSYQga3Swzuz95,3eDee5zdFANVA7YPypAYfhXrFWPMSff6iZ
bc10j7zth8pkkhwmw6la3sursdunenud8fhn4e9yx2,317KCVm3b9swzfwttL5XqjFDNd5Sgjqjeg
195CFiucTZT3xU5RtEozBSPmTL,bc1vqzd4aztszvsxykdxdvrt4333m76fkvz2fc4ku7
1Zn8V8YQSPrzkGFVHFTC82rHi2ysHLWNa,1EQ9NN9warLLEeVWR6amPR7u8MNg
3UxQA4VUdAzWuVFZ2HWYm9G62DhEMjZjZ1,1JEYXvbf24Q6i5H8WLy1XtqmiWxu353qaZ
1Kg61jzTkv1pHLkNqLu3SuPG5uPNsihtwz,bc1vh3mq9c2vy3dhm3y04emm9p5kw8t2turrwvzkyj
3aNdus4r8fTmXq5Gz7bpZhs8aWihWZy8te,1triN9oh9siWNx849H9D72fqFr
3P7ETBCceZp4zh9eCrHGS4Rr1zYzWGdcmV,159FrRJLbHsWB4WbR2QGmM6636pNCk5jF
3i2X3QStmazNeMHYQtGUZwNWRNsLV6RM3f,1AE17YNEmnGq81Kg4znjDaw3UV1rgarE
176p7gHf3xkUsz9RjVSGH8XGY6GR,bc1gggrc82xqdedvkm4n7aj93m7scmctm862hwmrgx
16kGuSuB6QhAwuD41zssZcTk79g,1bN3QQ35Jp8UcJ6eYpZtPHCJyMh5
3Pw1YuoVMRfaBgZj877WJUetRdV5QF7arr,1qurcF1PZqXxR4wjfREAPKMnbvNfULWNEM
3LmX3KQwewnDBxKVaUc9HAoAdTdWKWxJpg,3NxHccoDhpUDZyotNCoDiMfEfgU2u7Yxw5
3cTpBtUFqU32j5QzxFQ4Mm5wdm4FoJZxiE,3XdeREdDdavhCbdPJ2WjaLE9AaM2MoGHeo
3yDRCrBYvQ5Hb1AZWvqGVJaZGxEn4mMG2R,1wjH2oVn6eHPfbuguFiYVDeFNFjHftyf
bc1g8ldn23tce2plp9gwhqwgaccjkwa0yl25a4lq3q,32mqPefaf8mGHviEFz3L5voJnbcQP9FED8
1PRhW741aVW5UWfMqq8MFbzidHcb8Y4R,3o6GREuwR4AjzLdajAosVkDYoUonNJo2dR
3JNGq1PxbJLABa1dZ5eqV7CYB1AhoydLtA,1FWfUEPvxZsxkor23eFiVK7nJQK
1uYwVJMhrjHf9SjfcZFqi6bTvUR1A,3jGVzQJ1YzC4Cn3vTbrVeUtmLj3R5QPbcn
38GvZxQdL23bUnGFvqzEh8mEnfztGbXErv,3pR4wCrA35xR2tBdoThAA98S95JRiZgnDe
1MPZ9wiqDF8gLqaMvsdmsLNuW4ueXA,1vXF3tMuPFtDfinAVsCTKrb9Uq
1tZBg9ZNL27m3ev2ixgB4aDJ2SUA7B5,1XPnYmHAcTowoCSJeH72zMMfj
bc1cs0agkucyl729pjqp5k7fpmw8q9uvc9k4m9zttg,bc1xvn6e3zkhpez3369petg40dphdduq7nhq8ntmjx
1YXvp4H3CkFLnyWW1nxYrhLE5V,3VvQePcnx2CGaw61MEfdvwM88d3C93eTrZ
1K2EvUx6T9SMAYXshUUFVkSGvmn,1DmWzNR1eahMfKoqrbV2GpCFPj1wzGRY
3hknk1e8cZPrLooAjV4MWkXPBTnRbve4aG,1Ho1asMigJq3oBucHUfdP8LznWGCMjiGBE
1PcaTETyaP3BCBJg4WPZytucU,1HHJHpF9S52vUtVho4oaCv6tD52avXE
bc1kkkeyy8ra4fks4qdpt9dw327nsjr9kn93lc4r9z,bc1a3l8cgz60d0xc0nnj62tk256vxyufp8pxmldyea
1zemYdCXMdQDdxb8gssU6TaunP2WbNu4G,1XM6iT43i2L7ovjWZLRTodBfPjtT
1YQhC6bsQGiXQv7xptJa5zS3YfGVqzFEe,3gTyUmqgxMwecgiUp5ZovW6YnXu9bUGWTa
13fCEMHQDwuqA3LkaNGL1TasYa3ac,bc1y8s6tj2mr4jy7wypxt38jntrr8cn0ha86w93wl7
31CdfrnoR149o9pqtiXWGPFxYCkRTa2nAy,bc1tqcnn6wnctzg4xskckgpq2c4mjek85e76sm25vm
1uYwVJMhrjHf9SjfcZFqi6bTvUR1A,bc1hwyr5fr9cvyt58klqrm4ednan40fe39k8692sgt
1XT13yQ98nJvaLcycYz1kGfPkyoJR,1azpLigeUwMJAfZJUjjZuwueD
3nDUzPomhT7SxSyS4BP6GSYQga3Swzuz95,3KecohukpMkEVbqoiJWZ4SoZweLqr9YV7k
389C1hMETsSfKB9cMbhXXZnMWBTAcxDjht,1EA9AaYmmKm7BEVLScamqCcsY9H
1zvNsUZ4q8EJaAqDyWkDMVEne9LiHeb5pF,bc1ud6rtj4gqum50rqktzyacglkvr70knu3a4x0jsh
36B7ZgJgNXrze6ykUVhtC4M3b9vkjY7Na9,1keJSNRjELrDn2TiCT8gNNW7x1vyz
11hcRUTsz6uWcx9JQ4bWztg5eN72Ls5W,32aDjWaDD3e4We5eZzRvArpWZQvjdYGCKz
3wdCdHMfyexWhK7MUafRkqHroX29fCkAHF,1Yr3VRqkTN7oXzGhKrHHJVEhNeecFmU6
bc1ckk4u428sxs2mgy2m30srltc3lppennuwt3apwy,3YpTCSAUVFMbRPQyB9FUWGyyoDyudYBDhC
bc1qs9apzkhrlck04y8v0jtyftjsv7lmhfn3gw2kwl,1v8V7YQLRW6cfzt15DorsKr6QqA
1Q4wRnAyt5f3zbV7wdF9tTzGZ,1vkRqf3NNuCu6Ci43qFqVfqFjUrxoU
1moqC318PMrpZtZZxhxVodvmXF,1Vu8auVKNvQBJDsiJoYyijrSpTYM2f
1Y2nFpa6mQh9LV3wj3oPY2sMcpbpZm,bc14hmve4s960end3w0udczrapu4jy48ucyqh9weq7
bc18x82hy73774vmmgz2lx6wl2fzquzjv78d24wc7a,1fo89cVomdvacSagippjkgYsnykWnMEU
1cLcVdGdzehZ6SKfo4xJJ8GDg,1gXDdrqdzzLunKe4RCiVrYtagx95dWuJ
17SinNP4s1zWJTe7B7UD3azMhG48b6,1Uso7ZQrZgqLNuMWmMadDTtn7nSvQR
3JMhTXw5ByiMev1456ii5s1yWMj7rx8CFv,bc16py8ga7p08zqx0qhnqu0nj37nvt3ffpg6nudnlm
1Vu8auVKNvQBJDsiJoYyijrSpTYM2f,1mS2G8CfVcGHzThuQmVSUihX2KFyEiQ
3HM8Z5WE8GsmELvFX3ecfQ694LPP7qxJad,3WbzaCbf3TWGiJBaK3AYaGXxQoStaMHa22
1NqFjhiwgWCCJQbKDANeZ7sjni5iFtH4,1WPsghvcfaU6VLWdFGGHWKuuZMJpXQGR
3vaqqyL1KZnquKvJZGKVjZhJXvDHo85HR6,1fo89cVomdvacSagippjkgYsnykWnMEU
1iUGv7tLt9BHfVLHwXLiSpqU2Frtr5B,1vkRqf3NNuCu6Ci43qFqVfqFjUrxoU
1mn9pqWesCzB9U36qKcsgCVeEjZrSfopyh,3yhDxg3QzsqhVF6CYbxxhmtUAwP5huHFhT
3ekxNXTjsgYgq9gxeyETTWdcQTuexrXu1u,1RPRmQyMoym2hDiJNKnKZCDWr7FKU
1WgwzfYqkpPuv9UNHBH6k2Aq9gfoye,bc14v75xv7jgy69yuf0s88f85pu4xy42r5aasfga68
1RqV52mHGYATkmY77mpNp3iYz6qkJzTM,3Xz81r6mMd1YBDXAYhR5Ns2XyXtWpFRE1q
3BrWoL7EZVznmmZtrsc73woxkyncr6ZWA7,bc1hqh04wd9wwpustt6cnza2fzrk5g35erjg74xg9k
1zDBfVyP1S6ChneK3JyW1wt1Q9dx,1PRDcQeGk1Zn2ULfthwc4VN9gH6
bc1nqel340yfxm7nd3uqns88qjsw7dywkyaexue790,bc1n8xapq3ymvt8e0702v85z0y6zjaad8kw4kvq5q8
3Z2f5FXxuJgRRoAhLWNcUAfPMqgQvZ1gua,1R4m52cgL1eqGd6ucMo4artU7hmUXmG
bc10uua9j82uf7vrz6w5z9whty6y3g97h8fg3y8mzf,1koPXYfswKgTyaGnc5gu27BonrkwEpdZ
3JLNQK21jfy1xAw3QVoH8CvbqyYSBwZbsF,bc1uv78tgk5j37p9ythz478tm054atgh439puyh8f0
3eyrgfZRMhn8WYfi2KFrhpgSSZ52dCJbnN,3gy62QtQeK5HnRSq8trLfaxNECFaS7cMgn
1MfEH5CVLfh9ZoxAKnieHMgLUSmV7e,3cS4LyQZvYfJ6PYV416pdU6DeyU7nUtGeP
1fAJTfzV3ADc4jmqLwJ5GyMvwKKWG3dK7,3gouCHYZAktNHGKBqPeAzpBLxZuumixSQm
1oYxg9QYaeuFmgBWJTgRxykfW5kNJc7J,1vxmfYUXVvXCo5ooZoBpUfPJREmYWU2
39Wi9vnpprNLfq9UpZfG5vFantUcS21NeU,1triN9oh9siWNx849H9D72fqFr
1sWVidzTwao1HNrczLtCuQayX,3HnVcnqyMQAYugUE167aVxn5iueTyG3psr
19Qctkoxu94WrVQYtxPqWN2ARHsvG75EF,3LdymqQbeYUyu7Hr4u7gP59v3Bymb6mVLi
34CjD61VqxpGdbWirYN8V2npZwQZ4wnN4i,37Rddsjt3h4TXPtMuX3Ak7fCwsjjV7sDrY
1BY4PK2GqGUjQdhjQRdcubrPccu8bvNm,13cxRpE9ieW44AzCbYbcx5o21JwpEkV
3Y7jqkCBrX6nd6oPaZaUBURQDCsrLC3Pn8,1H4bhGETA17jZ2LAFE6MX3bffZ7gB
15MDxDS3YvCRVqUJ3j3Bdvgp5ezyTwsY,33SaCikvySi47HKFSiXcPPNvJheVg2Dce5
3iagJMBp7abW5DKxjh6xESsQ4Jvtzu5rDY,3Py4DZT2bSgaSDRZNLPHMWtgW2HPvfuM38
1zrm9XLVZFd7nahBdz1kAPinxTcHfxcX8,3eDee5zdFANVA7YPypAYfhXrFWPMSff6iZ
3Y8od8TRhptgYkAijqPk2jLehtMTgcTyHR,1No7ueJGH95UGaHZUHm5ZiBdJE7NA
bc12x7avvmhdealxq2nt4ns9f52ypzhhue5w3m72n3,1Zn8V8YQSPrzkGFVHFTC82rHi2ysHLWNa
bc1ra9c7cctk5tpvd80atkq4yn7y8j49rzkvklzau9,1zGyPAvCNdygL8qpTTsrVPun3ttkzsM
1XcsupxtcedfKBDDKAK5rfqKwLEbN,3znK3mng15mjXEWFYxrBsbWq9tkp9jXNrn
bc1p59mmmz08lp85v8wewmwr05rd3qznnfsx47tp8w,1CEqRGDKsNhUbr2oLkeB2m2QXLk45rhg7
1eUdtYLnRkqJjKYDgotMyH2zd,1uJzJQC5tMC44DCoJTXf63zjMYfKTkiE
bc1cvayr09w5a7h38g7f3sd4qev3f05nccezrm4sru,3JPfDu6EQABBjGLJSJCFWJbNLTXC2r8uok
3HXm425DAJwzVyHSZxQzQPWVC6cN9And4A,1Npu1uW3v4EPEqN8XeeRqdb1D37
1cz3jMTQTqHU8Bmvw5tbNePSWbw6JLZuaq,1yNgFCygXyQjLu5G9qtKtNjjw
1fAJTfzV3ADc4jmqLwJ5GyMvwKKWG3dK7,1ZW2QvkbqsG98D6H6Vu2aYn5o
bc1sxwlppmwn7h5avxw9g4cly2y70sg00nem8ns02k,1r6rVzbqHjjFKatb9a1y3Um2XUopTEZ1j
1JB9R6sYhuWcDhpCbDK1v2H5Xf,1TE3EfFNH2hWg9cr4TbDNyVKd2M6V
1VvBWo1tHhvBmZbPyp3CSjL19hYQL3DjP,bc13tt5rd0s7e9g7f7plx603szws3vnxqjjqasshgm
bc1rrm86uea9dnqqpx58fntkk6k5hszaspkaurjynx,1fBzEmM34tbMFgQVJzeZmCATaXPrjMcW
3TghBo149huzr6ggtBK1E6CVyXkVtYPpQp,3NjEs4Q6CTaqnRoqtyaMbDZfQh88cPZ5be
373ZUbG5wdKHMMQ4iHqEYgpvXXmXYC4TB5,3nFvpYx5bUwY92uKfcCgx6x82BX4f6sBXN
3ioeg1HRJoD9qt11SmU1P5QMGGxTLPdibP,3NmwZeCb6DBZ8XeParcyjcuD1EDvc9U15y
1ioX9t9wKPcqbWWVZU1L7RJusdb,1249VV2n6bvVGAoR7K8vmf8vcH3XTaC3W
3BrWoL7EZVznmmZtrsc73woxkyncr6ZWA7,bc1ra9c7cctk5tpvd80atkq4yn7y8j49rzkvklzau9
1FJ8MC61d6QwcHdFvtDdBosDHyQox,3LF17NV7eCyYVjSn2r1a23Sh34YgUD1ZsK
1hzpEpu77sG2MWKXK8H9PLHQTFTxD5TaY,bc1405fumq5srqhahqh3dvs2lx5x84wfwc4s7pxlmx
1KMxuVqgKkcyGSJRApaiq2Q91Q8ZK,1oDAr5twqdTKbSsXV4s8uaMx7ozwN3jXq
15NzVthds1sjgmfwz5rw2fKELoFi,1TdvwUkTG5hgoij72B8GFK2tqCos
3YE1h7cCxkSWEaPVZa8ahF9oy6Fy8rV99Y,1155yjyMqoBbNqPR5MRrUojCH
18apeLKrYs6wJzZxP7E18DqtMsNdbvDC77,1ACUfGRYoiKmtWvqP772AWmEg
bc1fzzafvtaxkl56us7dvhkv9dall20mu0lujuqlnn,bc1grv9y5s7lh4t3h565e9yqm7lzq8e2fvfgehkhra
3VhYdQv7U4rVuXor1mN9fADMg5PsNnYS7G,1FB9m5xdTZagtezKyKSUdobM5T3
1M6LJGjQwcfEcd66wro62Z26rge3e1,1NL2zhQTttknWXZrhtcU9WzyN5W4ghCAY
31CdfrnoR149o9pqtiXWGPFxYCkRTa2nAy,365SSR436MUp2aLrW7sK3ctRCWJeisqppZ
bc1z4c9kzzk3ls8uxfydgg6cr0etrkl8x8mvuw97s4,1GjdWJF6KwHQqcRGM77556HWch
3cS4LyQZvYfJ6PYV416pdU6DeyU7nUtGeP,1kUgFzya4juc5ccesQa17pZXgk
354qpFxUnXNbAYrNrviYq932kHr69BpqPX,37Z5NmZXY6f4kgVBVidTui6ZwZrhxjabAw
bc19n7qk0c757n9dqcwa8ajj2x8xr25az9kt2m500d,bc1nfvufp77afqgalg6um0c00ysdfaszfj4wg9p8ux
17KZYxykrwMSyckrWVYU2Lrv9oCYJ,bc12pvyvgmu9fg9e8trhd35xru2h6q7ewmxvfcwssz
313DdGpazp1qwsFAyoCzvDw1GyTroBnr14,bc173p008zld8cmfer3qpsyjk9tvxcs92rs38nlcxw
3bij65VbvZXFmdtw2uuxM36iSn5t6kSkgv,3Ps4LJTB1fHJYgSq5WCeLGFHTNHhjnKJiT
39DofYEKvV15cCE96SjaFVUeVDNF1BVj6b,1Xxvhjs4zuw8dmiuUnnoDm6oQdns2bSH
1SrJz5ePUxGeK9FZ8Ahm4osfNR,1AeBrrv5LxD4JfKbDgduHb4uM7
1GAHkh9NugCKFmgNXNZYmXVGq3d5D,1DNZ9jgdxqv4gXQz3hgaafMA8k
bc10tv0uvdpxdg4xnvcvh8rz7xt4zkhpu6ufmwu9dy,1PNNVTyanT5HFi4izWhVcCUii
13VeQ6DWuGD3j5kqxMRtr8skQvunNJh,3a71egKN9eFrRNGgkQnUNZFJLhjrfkShAD
1QkjrWw4fyXZeqrjv9Eau5zANmCF,1mAqkEUjB23o5fRJjsh1qgoqhgABUrF7
3ftRB7LzEaghyYQWv5Ze3q8XDD8Yif1pWK,1KQn7xAZyHfDVX1Zi9jmXb3xTqtkx
38hkMMf43PLMW4hCQn77mh5szDSatfB4QZ,1hnnm4nUDkTMwbJhDDtbNnZB29t4u3QQ
1KPtdwkhwNevoQ11GSd2j7w6Zd1dokAG,38gBqqEArmu5uDjjXHt7YB3hH1WVc41wjg
1vPDREFoLbbr65j9Ruwoh93U2Hqgvhf6,3sWbxxkpv1bXKrPmfzXukWLtrNJ8awfmdG
1mStU6wuAyp8xooLwZhKPns6fn,3nFNxuX1FSmJ8L2ZyRXxY2BEb88tv2udiK
bc1mfgqpejajtft5rjjqae00p7sz89jx7ewpy0y8fk,3Krfqi9s2ygnmGkHv3dgZj4svhmuycQdY8
1kozWJxQ3YtpnFho74kkyVW6zj9uwaR,3rXkTTZ2fG72zpQgwVzCVdm2rLEqm7bLrX
3pR4wCrA35xR2tBdoThAA98S95JRiZgnDe,bc124nvenz3phycaa2we046q2fve2js49up6630c8x
3Yt2T1sxHKKC3S3ntv2gqavaQ9UKZ76twu,3cze1pJfw877ZGciCdGVur6RH1mdGjYR15
1MPZ9wiqDF8gLqaMvsdmsLNuW4ueXA,1qPm45hmjseZVwD2KvMBYD6Mu1vaC
1upknsW6FktDnthCLjTWPsT4ps2iP,3rtziFumqYV7LyY38i6xMu6hxwmWK7dCWf
bc10m8mpxlj3zjj5mwtn3dvhshtups3qum0ddyhtaf,3bq4DAXMrupEQrfxsD9unVa8t7ZxaFpK2T
1xT68modadujPppiRB3PRDnbzMXHjPKg6,1rt1KEMeW8CGifn2ZBeEz4vjYVbZALVM
3m8P1rS68RL3cvfQs1bCZ4FKLmBdJ86Ma6,bc18wqwca4f8272sewvgysyukpa2x8rdu6zqlytstp
1GHhRNRs4QFs2ATPPgxMi5DhkDH,1J8P484pkynJgbwGG9ZMgF6rbGRGvJht
1DzW9Tr9pybhCYb5UabWXmTMNbU844,1iQi8NGP2pV1YUxoqD2Ty7rjppBPuXmBEA
1giNMsW1efJo8sxApP3zbmYrG,1NapGb4ytsBiSKaWTVbRjQhacY
3HM8Z5WE8GsmELvFX3ecfQ694LPP7qxJad,188DYJMm1gAkoSULjA7DKgqUS
3Pw1YuoVMRfaBgZj877WJUetRdV5QF7arr,bc12ynaey3qh7zx5ztzctgzt0rfyxtcemc0yrq22cy
1avpZDUtgtHAWPUUJYn4FpjsU8nz,1CK9Wy2cH5nEL8Hqp64sXBB47Z5
1KPtdwkhwNevoQ11GSd2j7w6Zd1dokAG,1NTucjywRPRAi3RV3EcDNrVFr2jzZCU
bc1lxd2v7rep2lf3c7mx83en3624462qq6xq7c0k7g,bc1vv5rkwuu3jg03ctah3twzxw2g3rhx0vs3f3kd6e
3r7f29VYMHrrmNcn16LJgQ9L3UwoL81uou,3AP9JV4SRV5FFdbC7JxLcoLLpry8KwCKxy
1q6gov1nrJQ8tJ1Cxr3Gt4VQtZAALCVz7Z,3JmzcyuQYUHWSwMAmHKYkWpWeGZw6773hU
17WhhYhUP8AGtT5ja8nMCPSTD,3v4HeNzkZShJpBMBse1185DBvrKwQW6d1Y
bc1mh0dpvvkejgn6lfk73l6d3ugsks3zu74qq03ze5,bc1kkkeyy8ra4fks4qdpt9dw327nsjr9kn93lc4r9z
33eJndLejreW3gnPZQVsJKWkVXDMnmsfGe,1GjdWJF6KwHQqcRGM77556HWch
1TdvwUkTG5hgoij72B8GFK2tqCos,3s5KXQuXEgu1zcXKrEU3Qoa9WpjL8UsYUw
3swRP2FgtCycgBVHM5rEfu2RG1tETYVWTv,1eFHuMV1XWCyBpzt8BnX8JFrxrAQe5qP
1iNBGVZ4FiF2azVV44v2pcsqmjsvP,1Yr3VRqkTN7oXzGhKrHHJVEhNeecFmU6
3bao28pxKZJqSm73SjZYQYgYz7H3xJrCWZ,16kGuSuB6QhAwuD41zssZcTk79g
bc1jxrfvcmkv7ffmwz05rckawa9q38e5gsast02wxk,3dhNTuJYRqTfKuTSDfoW3T2pXCjnEuZHmh
3eyrgfZRMhn8WYfi2KFrhpgSSZ52dCJbnN,bc19uz34m9kawaykut74apnvm0zl582xfrhrj8c7l9
bc13sukhny6hy6xn5efnx0pxrk9qwpj69wjj4lmth5,1CBN1j3tPdgmLYFf8QaG7koog2aVkJwQFB
bc1t8gpdmcq4avnmhyneu5c9nfcdqzzuy5tvweaf32,1X1HkQFckGa11jx6wnuFTcKdobxLu
1vDJ2cK4wZuQkA85fnggWMFnaV2,1WcpfEkLiTm7x2BGJj49fjxvEuU8dPTddb
1JEYXvbf24Q6i5H8WLy1XtqmiWxu353qaZ,1tn3pCPta9riJGD1KHGHkt9SdipXBbB9B
1wNt9CzMeMhq12QFY4vVNwNMHrtb,1beDE6atjuMUj4T6MfiVygwWRXQwn
1csoC6wyVXd8zfNXa1yxPcSP8P8iQ1B,1Sjd7us2tApuCAv77FvMQEt7mYyf
3dVg7wR6HNKwoSL99rnum3g6z7X7aScY3q,1Y2nFpa6mQh9LV3wj3oPY2sMcpbpZm
1fTk5RzWmYcqEVmBoMzEwRku1ht,3UsTDWs47o2MgawXNx9TLGooQFBHgQF3qv
1HWSR49um7nojmV9CLvhgeLPrtuW,13a4FBxbZ2ifH5TzsAqbopBfGjLTbEP7C
3mJPgt9QFrvPv6iU5RRu8zpGeUHTLAQwMR,3vF21vgyAa9ouaMi65Ps8Tah6ouBQ1WGGv
1SXUNSmJyaVL6Do8QSc8Br6PctBW6GY5,1Bv5zqc7uR5WbWkbZ42DPB9GJqBMGPE8
bc104678lhm8k0r3d9h0tnxevxxtju4ndf7q5ernaw,1fAJTfzV3ADc4jmqLwJ5GyMvwKKWG3dK7
1dVsYzKkQY2VJhkT8TT2zK3RU85t,3fH7qTdKuw5vDSrNPrB5Zx3dJyfNnzAe7H
3CKxDz2JA6mxYLYgwdnyM2ft72TB4R25ZX,3XoWcDMLVwKbmCCbRRSrEykcJvQhqexyDQ
bc1dvnnphpckdq7vse6spfdc2m59592rc6396hg6lu,1Ha1SqgyxNX7a2YKMDxG3dQeZD7egDFf
1PUijsgUpRCLaQuLQAXg8upxAkTzP,bc1lw63h7q22smcd8q9nf0e7xmf4txngz4q22ss9fa
3DBa98j2EhsBjUL5cAMHNFSoWVdKZQzjhj,143SYJHDU5Q9wNc3ZLjUWYUfdrs
bc15nzvhqml5q9wmchf9sm7ql83scdefu2jhzc33h6,bc10m8mpxlj3zjj5mwtn3dvhshtups3qum0ddyhtaf
1mLyNhRZwwDjRQXT9qZFFPGcsWkDDdyENj,1R9cXSiAQ2GXXZYP9jBCJFGMM5i2txfn
bc1gqrvetr85sy4xdxr45ljxr5ra674njq20ua7sd6,1BKJuJwpSh8Z4VsC4nWV3nKX4MvwfypiU
1hnA615afDHFugxsQkUp9uLu4,1RtjmNQaCZ5WmHzg7yPoLwkCWW
3yNtzaLtzHm1LQraxVK8iuuoSUhbuo8xqL,bc108n4skk8lfvvr0lj6dygdj4n2kgqhl0hu336uud
bc1ckk4u428sxs2mgy2m30srltc3lppennuwt3apwy,3TghBo149huzr6ggtBK1E6CVyXkVtYPpQp
bc1u3cuj3sj65lhzd8t0pkvul9tjzg87yfjkq0xrnj,1mStU6wuAyp8xooLwZhKPns6fn
1NRgJ2nx5bcehL4BmRPUUCU34qhE,373ZUbG5wdKHMMQ4iHqEYgpvXXmXYC4TB5
1dErtVjv21PEd1g5UZVndXavvku7,3ChtsiQUeLQLtheNJJDoh9vF6Fbyafn5ij
1KtUdG7VYdLUsf3VTn8gpGrtA6MKVWEdQ,3RZZ77PqGiqCwbmuWCUeMWjDHU1FE11uwM
1pWnUPu3MeUVCHYu8JYXrMaYH32rAovT9,3RUg1XfEPR9CQMUeMTPjAcJ4otqiDkU2kJ
bc1h3y2r0pmt7w7f2sazr70x5use2sj0jmwnleqtme,bc1adcldynhf00jeyf3u9h8y3cmv4jy0dtl8vvykry
3kYVUVmBwWb73Q5LuWkwXTnrzx9CrNuy5K,bc1nyfls2ajvq5g9wjax6f06fj0h8eyf55r4f9a5qc
1Ptb9CpcDUBqeMpagNdAAnzdkiP9,13VdsSYsg7V2m3FuRLwmEosYQQeNjaj
bc1qtpe2wnvnzdaalmuhfxysjmsyef43m9wr48xc4z,3emxoHh3xbQ6MUsUX9VRHzbPwRLrgoLB3P
3uXWmtNdo14ZTJT2H5EVyAroGkvEK3YKkF,bc1g8ldn23tce2plp9gwhqwgaccjkwa0yl25a4lq3q
1231QHtZDJbrRdecbz4DfEfRWpF,1A18wZY7Ds5URLqQT58hsfZ82EvXySoGM
3aGgRMwZr1JZNUDNbQfc4UUR8Bv3cQ9ztL,15Nbsc84fQfVJFCtmFLj4CqN6AWT5iBD
3MA1J2XGAfTshH28qzyeSkZToEPrtfhJSn,1tZBg9ZNL27m3ev2ixgB4aDJ2SUA7B5
1oopJiU6zHyem2XBLQefEgMhyE4v,1oYxg9QYaeuFmgBWJTgRxykfW5kNJc7J
3XPhU9s1vTgxg3vdxSvrLG6ePmkjbCLhBY,3inEtEbWnNatERhKvWsykhrva5pYrfo7dd
3iGzc9wJJe2vo28NhpeMEfULiCXDxEibWj,17GvNvyta28ZqXWabMfiHb9Jqf
1WcQEMVkmREntkPwAv6SFsZpw2wxj,3tgBgNb36ZQBr1BVfzs9LdvmX1DEKPXtxX
1jSHVmF9WFmszFpChohWBzbdE83zvRc63Q,3z6ZnM5uYshvA7LD6hDdM2Htdrjs6pNEQe
bc1lw0mckq0srjxeeydfrr52sz4gy6p7l343ew3qlt,3wdCdHMfyexWhK7MUafRkqHroX29fCkAHF
3tiWUusZzue38zUhGdMGM3vrwf4S9YLQtd,bc1q936g56cl5t8u97ye60kpgxsk0pywh4y36eaqke
bc13sukhny6hy6xn5efnx0pxrk9qwpj69wjj4lmth5,1wNt9CzMeMhq12QFY4vVNwNMHrtb
1kozWJxQ3YtpnFho74kkyVW6zj9uwaR,bc14kctrqvz8jf4jef8q9mawy7cr5ks9exkmkvz7p2
3ctoU3p2ECAmzGobRx5tUP4iTk9ie95Nk7,1uLz68P5EUEQwrGKfWvF6uhtRTm2
3UUi2ZFvYsahYBmn5gaTZh6ESMMCMTsahq,1uNCLoAqTpGCEAd9WsVxJfen1HZMCCKpof
3pmVnZMmbDZgyAAi5AF88jNqdS4P3uCjNq,311DJj9HJFLyzQdPj5x2v1tSoes6xDAuGU
1mZrAz2hFqNhJQhw7jR4Lz1oHJMdc,1DXqSvcFe93mshjik8rezF15yJQxLc
3Y7jqkCBrX6nd6oPaZaUBURQDCsrLC3Pn8,3CzUEUL7qySTwkbCseb25FRWgiLGoADFgT
1tTp5W6tvF2rFMyDBzQhCfKT7RLxg8SpcU,1EC5yGYJWi791DzTygyXo5yUVWjndVWDHc
bc1zwfef6ethz6t0rud0uaq9473uy7f00y6xylmn0z,1iUGv7tLt9BHfVLHwXLiSpqU2Frtr5B
1yYs4VY1twFsLpSrY9uS1A23JP8AGh7,1Yr3VRqkTN7oXzGhKrHHJVEhNeecFmU6
bc142ze5yxf8jvhwunkz64f6v9h8efxd8zudtue6cr,bc1hz6jh3yh3xykd9cwgeuc24w42avph7f0zqwpfft
bc1g08t573tllucj45m05503y3d2myrlmja8t7exag,bc1dvnnphpckdq7vse6spfdc2m59592rc6396hg6lu
3hC8cZoixpq1eRr7Z5rH6Y7jMxyjoYaKhQ,33MdCzoCbdn5A538gzDVCjyYtwjnZnWrhZ
bc1sjga4s6sy2gw24cdxz6fc2zmwe9lwzte7wkjfvk,bc17ml4w9eq3xy3xjfqpqqcz0nqzkmcwa2p70nw9yn
3p6dsRQLWFb85LGosEW4AKmt63ea9eNPM9,bc1fzzafvtaxkl56us7dvhkv9dall20mu0lujuqlnn
1Zg1W7dXYbiaeUZWaDq7cUc6L6,bc1nl3tjk24yyv4pfglshpeg9katz509qhap6ptgvl
3Pw1YuoVMRfaBgZj877WJUetRdV5QF7arr,bc1wuxfr3w65evfnl9e04hxqxzar8wh8vje64ra7r0
1qNtFxLXo6339yNKMttysVAKF,bc1y8s6tj2mr4jy7wypxt38jntrr8cn0ha86w93wl7
18CrosF56jKWAv5hYn7xggG5cQD1Gp,bc1z9angkcup2jg8ekkghuecgyzzdqnpt5p9cez253
3dTEWw68wEzYBSUzoTEQjPhVZX1tgJUzuV,3CT22oUPUAq16YRUZiZ9ja7yyQCmnSBeqk
bc1aexgckdeknyf4r5gclyuu3gnjyzf9fdguwawfur,bc1255vz4qe5up80jr84wrq5xvwcucnvplqjhvejzx
3dTEWw68wEzYBSUzoTEQjPhVZX1tgJUzuV,1EQ9NN9warLLEeVWR6amPR7u8MNg
3mgiWeCU1aVD7zkdpdVV6ZoRJ49QF6ovE6,3Hc7kK33qfa7fgb4Z3SVjduZvCJN61itqT
bc18jzjms40w27j5m8j4l788uhxt95rpazkl0m4x0k,1EzCiHSZw47wrpymzuQ8ZyY2L2DKnsuaAG
1KyHYBeXo27sot9FKSgAEYmGdC,3LnKDQvDhQ9YpQhcLbYj2YFUnS8vhkoeUW
1ksXmdcxR1cDJUv1Vro66HPfPqH72nr,bc1dlmy3clqw94q3v4ze4h530k772r9rt9zv6sd9na
1D3oipji4Ya9Dw2k1CEmgdYpDHQm5MVYvG,1Ki5gPG3w7s2egDDJucjSccoVsKx9p
1HE9Nip3oF7Wp6h1mTdfXWARviyUnyk8G,1ci1C8Nt5oqhoU789sZJHHtPrn3wVbiqn
1NyrAZSC7Bg4YfFH1CBdPa9jk8DRFL9g,3q4c7895uwVJHtYfoEJ38jT13vZVxdRE88
3fJoWGXCPCKZnfoam7jaZKTpS6WJefnHNu,3HpY7cSn2byrdMo3Hu4dcnBSW4RHqCN46c
1KijRmtxGxCmyffvgENdqZ9pWyLx,1iNBGVZ4FiF2azVV44v2pcsqmjsvP
3rK2dVYPACiWHEBac8Zg3B6z9poKAEhioH,1NmdaCCvcDAtrjAL47vE6utvK
bc1cktaxycun59tj3zqpq5ewv6vwkvh48n78zlgtgn,bc1akn4v3pp97v5j9jwd7nwzdu3ve5llw77mtul3xg
3RjQTLDMMmC82TxCNBrurbauuNue3Mag3i,bc1jfms8qahne628ytz0te3vfk84am83z26ug0gl06
14pUsnfpv2zvZ155FQc4WntiYhkU,1DbqULF8YC3bbGYxDGHjefWSTYaTQ7
3nTa881ZbDkYBNmYq2gDZstY1EnMJARkes,bc1vwpas3luzcq8hng6927nknm9s9wjv8lnjqjsy4f
bc1h7rl0wv9zpdssxdxvzsfvyp5jhlw2fyqj408das,3x21bkLvGZTBnrrm8rnK4j3qku4wdSR29G
1UTTmC5jXPtCSPugCA4H4PNpcLUgm9Eh,bc12djuxcaxg4p4z0luve7f4vsgjsnatr0vrm79x5u
3KTmdTXVimxQS9de8JDJTaiSEvNo69Km8V,3XLRB2zdrnsQb6inHbCmaPThNuJr7n5wME
127fB9bNNb2hds1RLe6uJUB2oTaSQ,1RZHUCSh41xbEsdKkG6jEnbq2nU
3YE1h7cCxkSWEaPVZa8ahF9oy6Fy8rV99Y,3p2PgDHDpQQMi9fsg2nbmMuamWaZRFRBiy
bc1js70dmce3q760jat4v57z37zwc59pvxku5tz5hy,1Tr1F8EL1wofBB8ETZySvNZWNR3NA
1LMrRtmPDc59dVo9sYyn66KwAHN,1jpp7ECPtvWgWkM9Xn794jgAfC
1E4bSfsF3SYkn9zEvaampEszX,1725RReYvuSXqn9PMfxZzfmuDpqcdFtjBv
1vrUhBg7qyRWQmKUXVMHi5VPTjgq,1zzZBWwDhhqBdrqJEGJPTdJoZDaq
1vxmfYUXVvXCo5ooZoBpUfPJREmYWU2,15YUVwJaZ8YNk1aXyvkaC2bHjm4qx
1FWfUEPvxZsxkor23eFiVK7nJQK,1s6dmNNyAwU1kcFTup9yDHF9jZoUaS
1csoC6wyVXd8zfNXa1yxPcSP8P8iQ1B,bc1ckk4u428sxs2mgy2m30srltc3lppennuwt3apwy
bc1t6t0fc3kcd3av8hv46stltr74hw392t4ac8c0q9,3gHykfX1PAh6uHSbsiLRCwcUG2uumqVWxZ
bc1482k0hcmflzdcsf8hmm4xs8hzcmy3v27nxc5sta,1m8gNwkckR9eL38W2oJ5ViqVGr3FQD
36B7ZgJgNXrze6ykUVhtC4M3b9vkjY7Na9,1xV93PLEtocYkgiQRYgqRQAm9y
bc145hhymvxzd2cjry6fgq9kugf3hy6wj78v0cs6nj,1evTPmeQUrPhhTbqNXojXjbzS9wrDgdXZ
1vxmfYUXVvXCo5ooZoBpUfPJREmYWU2,1QXi6GYq96a25ESim3LxWXigvq3Sf
14fEJowwoTcBQVdqRDaR8ST36TGCiF9,bc1hwrc3dl55jfy57t0sng7gxd85eq5fcgjf54uvh7
1eAYfVGs2wTZMnLh1yYCYG2SXKCyiTa,bc1mhhfvfgjd6gxlgwzttcs6497jyjld54f273hgsx
bc1d866mqel09s9k3y32gvdx2l59qk407l9qdqsh82,bc1wuxfr3w65evfnl9e04hxqxzar8wh8vje64ra7r0
3XgGjRnQxcixr9psw7RGJs4xjEs7k85Xfr,3VhZ8n5dn8t9L1XsbQ7ooz5NgnfMGat5kt
3Gd6fUBrbFGn2xN4MU7mSPsVBGAPL2FrK4,bc174m0ecnewnfngmtvqzyp984rnm9k5z9t63l0hhj
1AE17YNEmnGq81Kg4znjDaw3UV1rgarE,bc12e6lrwc937r837zuchl7zgvgkl9arntw6lm6hrz
1FrEp5Qf4HSfBvJ1hGuM2TUVS8XsE9cUqD,1BLezmSXc5sUrrk51iPrRhkzz7vqUrbw
3twfxfRk9XpugrKAtLzZ2i43pWGgHg9m8J,182CRbg9WeubXARCwgetV8Uzj6TCGr
1rL39pt3sLBsPibrDHWsa7j21v,1nCsLPMiPLLgU1wy5aD4hZBhPD5
31qLX8v9Zv7iajZJuYKoKPjSkxQQP5SL6B,112w2xpMunhin3hLeACQpszCQ7s
bc1sdyr0npesr0yn6uc5stps8eevjhckry08mfudxk,bc1s9sa5hspgat78spjzzjkdgt8whl0g78fezcslht
bc1w9a3clsf04kaajvtgu0l9kp9x2zmj6hk8mwsdk5,1gv8WJh263Xy4dUSnCmHcUv1fx
3Fn2ojad4P2k1bQiNfwNS1bju8bBVU7Uph,bc1lj67d0zr3p53u4y4584max9tms0hydyrf4n3kkl
bc14nzwps4fjfu2xg2wrygqnsxt2ykf8zn2wy04rpd,14GzJq4EoqwApcHPBkjkmC8zdE88Q
1nMkKyC9cN6zfwZuZ2ogfoC4YYDzJVTd3y,1f7akybvBQJtYGtdMhiikx78tkfUC
3GV1MzftWMQJSvHSsGKJ816oBagohm6AMT,1ZGam5EGGUfqfCgX63ZoGjxsVD5F
bc1yplxc5x7y3jkr49fya72kf3d4ecctjkxxmg8508,1Q6K7ghzEfVjwzLMd4vt7C84viGcSr
17U3KuXCdnNUar8F3HSJv9cZp9j,1CNnj3c7wdnmxB1cAf4tFrNrR4gcW
1Ptb9CpcDUBqeMpagNdAAnzdkiP9,1kFrxuCncGL94xap5s2dSVXgb7JXbTZ
1HBr7AhrjYkA6MtUeKxuD6KhetCu,3xq4bNQsTtJsvJhR6gykLbM19itzxQexsa
1nkAG77KnxQ8GY6c4TNUAojWw8PYqbye,15t1MKPqRYBUz5b1DvxQHimRQeY955vyAK
1StB6AgxwSYDTZ1uWR3f9eKu9usFiKP,1pRS2X8dyd2ihtTaab5aQgQMS
1Aots45GzLmqWcSbb7fLQrn9iFKg9c,3LMJS923GWcgcVGFufcrCDFrN4Dyqr93uz
bc1dh66mvty9ex3pc4njks3xk7ldv2y73c5wuv5456,1d5L5Gpw6uV5VbW32L989QmVWqJ9R
bc13m4y8qkqjv8j0xf3kvcl3gwqhjmaffrl6vmz7vz,3vvUoxFXmV1dkMmy1CFyfXLbCg4ZhJcxNj
bc1rtxqhc4kx65e8l7p0knql5rgs9xh4n9jhyamuhg,3aNdus4r8fTmXq5Gz7bpZhs8aWihWZy8te
1PRrY9hB2JSpF9FMFPhcmSFfVm,188DYJMm1gAkoSULjA7DKgqUS
bc1gtd7vkl7ywpn4xfkygzf4sfnf600tl4w8vepaap,1EqmAm34AgbudfMYV3jq4XLKii9ThM
1cLcVdGdzehZ6SKfo4xJJ8GDg,1eshGnRrUjuw4WhbaY3Yu1Qq9GSQr7
1V4A7BcefygqwTHFAaASto3yHKjwtC92,1JYWFUZPneSinkeBww9Kbw8GM
3TpDZSXE5fiNyUDbD95Ke629UjtJaacK9T,3DrmPUfZ4mRvi4R26YBj2h6JHT2CWZkCET
34rUpWkGqb9oyEFtPKQ48xfSGN4juNtLRg,1TqhjipBqFiLjxKbS6qNkzoqD
bc10m8mpxlj3zjj5mwtn3dvhshtups3qum0ddyhtaf,bc1n3g9aqj0n73ghtfkhqsd85eszs8urjwde4u063w
1DxqYNNRpXKMZa3NUz2xQjfZKpeL,bc1dphkpt3cjkktd0m9rwh72v0s04d8kh0ulcg52gz
1vrUhBg7qyRWQmKUXVMHi5VPTjgq,1zmZehRAUjkum2KbhsZfCDL3XcP
3kYVUVmBwWb73Q5LuWkwXTnrzx9CrNuy5K,bc1szucsglc8yjkwk3fm9gyuc63qksvh5k3n3wxug4
bc1s4rff78ca625hcty8x3pmc0nspmxkaqxq756twv,1KozTnLqx4m5UCqpq8mFmSj2TmXyUgK
3NmwZeCb6DBZ8XeParcyjcuD1EDvc9U15y,3cpk59JQwyBUrbMmofX3TZgJEehXs1apuR
1ufdDHkM9tzoShj1mrTH6ABdT5wxsLp7,1nZMDysWemm5zopJZVirm7BGhj
1QtTwt8T5EZRybhZ1B8G6DA5c,bc13wvnz993hchfpzkvdjljt3y9xujy4s2husrzw0y
3oet3bBjwW5U48fKhxHnjwnVZtZxrANHqL,bc1nqr9874qarjw8733fmndq46muawenpgpt7cs9pg
3UUi2ZFvYsahYBmn5gaTZh6ESMMCMTsahq,3dVg7wR6HNKwoSL99rnum3g6z7X7aScY3q
3mxWd5fWSxRCK6iTU3N1jTZUHTGKf83N44,bc1ra9c7cctk5tpvd80atkq4yn7y8j49rzkvklzau9
3kYVUVmBwWb73Q5LuWkwXTnrzx9CrNuy5K,bc1dvnnphpckdq7vse6spfdc2m59592rc6396hg6lu
1ZoaKYguCbLaULzyj5ZCH2imR1EzXq,1g8e2bVXmvtWYacEHu4N9vVT5DareQ2y5
1Ybg67EGpQaC8SN2wKmrNNmxBfR5Ngbv4,1TkEz2JnrDQ18snwSWThPve3ah
bc14gumndd2d96a2m0w3qw7c7xsnd8egvvy5c2fr5n,bc1kkedaryqtkywlsl9fhrykkfxldcrq0dxp4j0apf
3cpk59JQwyBUrbMmofX3TZgJEehXs1apuR,1zmZehRAUjkum2KbhsZfCDL3XcP
1FnZZug55hNvicZf1GbZ5CChyQq5TnhiHB,3hm6WiiifLC3dvQLLV6vh8Xd5c1QQyi8Ys
1tFsPkWrh6r2H2tSadaWrcWqeDU,1voEo6RBRGrc7e6PAWQiY4NC6Md5y
1z9xRewnLx84H5sqtVePit4ZceBxXRNyD,bc1pj5vpqeh96eylguvefrnkuplar7x4m3s39pvcd3
3cTpBtUFqU32j5QzxFQ4Mm5wdm4FoJZxiE,3ydSiViJVaUmfrx5o6QyqR5Ybboe6ADEov
1upknsW6FktDnthCLjTWPsT4ps2iP,bc15nzvhqml5q9wmchf9sm7ql83scdefu2jhzc33h6
3CyjGdiBPbTmaNStADKZG4gtTivJ9k8Gsg,3ctoU3p2ECAmzGobRx5tUP4iTk9ie95Nk7
19Qctkoxu94WrVQYtxPqWN2ARHsvG75EF,3FK7eeg8rUcY6Q27pkq6MoD7SS4f7vwxgu
bc1xvjcvvqakkwqjjq7gspwprntqe29632hfgkkxxs,bc173vmxmpc8msxypy2gp37qnqwewx753a63xuucl5
bc10tv0uvdpxdg4xnvcvh8rz7xt4zkhpu6ufmwu9dy,3rNtpGVyXmgJXGyoEXmTSsfh1HG8B417Ts
1FnZZug55hNvicZf1GbZ5CChyQq5TnhiHB,1bwBiepZsUVCdsDB7xZkk9erXSLfvMgp
12xv59jtwLNUWgdws7U94obPNdXTw,3HoimLihrNpez7jHQqxvQz7eWUm4WeeDzc
1hUDUmpoNQp11MZ9SduMyCHDGBrF,1BDk9GAgEnRY7dtDu8qM8rFZKujbNaEx4
33uXdx8MD2MhtrzfyJgwBpZ8swHcUxqYVN,1uNCLoAqTpGCEAd9WsVxJfen1HZMCCKpof
3oXpxgUkyWqZNzVRfe8bxtQxAbPYSJ1VY4,3iEEAKPdVQbthGjoHuYyrsTwD5GZ1TbPtE
bc13mxeh0qdyu5320gmpr9xg6rhgt3etdt4nj53lf2,1iUGaYpZqrpmroTPPuJoPixBF
bc19w7rdtj8cjh879w56dmzdu6c9l6v3zjvpzkzyuq,bc13sukhny6hy6xn5efnx0pxrk9qwpj69wjj4lmth5
1iy6AKQBWsMD3tQCX1tQqUYF4WhXk4hd,3pagBD3e3xVhXiiYVKftVXgAyaDWi2p51R
3XMRRF271CfsCQpvSFSPp5aXqhU2yQRKLb,1ZMMggdJLfx6DE4ubmggpkcqL5iu7E
bc1ezhmfg4vv6rxkv92j7gcq6fhkqk3nfatndp0sam,3VyACeiTaDPyKur9L8UpkXeB6mftGxvV6Q
1YAgYxjBmyWupN3AjD33PZDdjUd8VHs,318yn57rHLYcd2YnehsnZXomDwAeExETkb
1LSc23BQnrZ8FPDRSXCheNx46QTxzc,3meeJSxEFv7c4ffB181VMWpGNksj7uLRXG
1sPGiQPB4JAihJedDGqFPCSKkeMrjoJ9,bc1qzchju37pm3k6p7237ns64c5g9z9re9q4z90hqw
1vXF3tMuPFtDfinAVsCTKrb9Uq,1SD9iNhoGudyj7cVNrZEhe8qXd9X
3aVYXADyVBVmvRnQrF1Vop9hfPGuDesTgf,38DrGBcyHV38u7hPeuJGRdMxguqXVTFu4g
3rty5mtciWKysf8voSUYizy6Gm6sf1AXsk,bc140erfx7w788az39nff3nts0zcpqw2rculx3t5g6
bc167w3v4er8jp5g687axkd49335jx28f83vynv6vg,3gfB4GAUU6q1A764W7agN21ujSmiKpjCHU
3aYN29KQFkPdPuus1Wcwo5VBw1mhuQ9YBm,1BykDQbXUMyeeHvYYM1kkyc4BS9d5ENbWH
3ttGavgQKuK4Mj1FteowQuTPCs7fTXrfXq,192iyhTC3TFTE53sMXGJoBh2ZB
bc1d9acppexqq5tvedxcmwdnvwql5xdf9etl9k3tpm,3bao28pxKZJqSm73SjZYQYgYz7H3xJrCWZ
1uL5KNhxRV3znMHbCEGZuZYEff1qwvncP,3aAAUQYxDJG7Agph3qL6FMWgGz2QTkFTo9
bc1v76je78qred33y6utfx66dlq44z5726l7xrf4mt,1tZBg9ZNL27m3ev2ixgB4aDJ2SUA7B5
1mAqkEUjB23o5fRJjsh1qgoqhgABUrF7,bc1gtd7vkl7ywpn4xfkygzf4sfnf600tl4w8vepaap
1YK1q4tLE3brjktshU1N5zj1Yd2Dh,1W2JxLmCz9JnWYjXfscb9Bhdui3Niyc
15q61JVDKoNByC37vpCmEri1JpcU,11cGbeXSqVezdemb26sL1ePdV
3RJ3xs9uDRii7NBZBbFApb6b5tNH6DWN4e,3ekxNXTjsgYgq9gxeyETTWdcQTuexrXu1u
31e4ihh1BhVurKqgdRv444sXNJJsDb6TjL,1Xx7T7jsKbSAvFrPKbQVvmgpQbTiA
192iyhTC3TFTE53sMXGJoBh2ZB,3fJoWGXCPCKZnfoam7jaZKTpS6WJefnHNu
bc18jzjms40w27j5m8j4l788uhxt95rpazkl0m4x0k,31ZsUrKAkgzH6v8ap6tzUrp3BjpfGVoW7s
3w2aNiT4E3vQ8pKpV6wKr4bydhG9egJLJ5,32ULgS3SgnrKiAg2E8bh7eyz6yW32BXS7Y
1PRhW741aVW5UWfMqq8MFbzidHcb8Y4R,14q8MGweHF3CeGJP3E22QyexxmR
1Q4wRnAyt5f3zbV7wdF9tTzGZ,3zsbVYcxFG9WmrbgcNSbhVMHWGrKNgq8Ef
3gasVBAmM3qAMb5z1hDd7FUJVFMyc8VE3b,bc1guaaeupvzr8qg5ayt5xp0cdel48tt8t3sygxjws
19ptZ5NWkpxNkEzXyqcZMEqWMxt,bc10hp78z7pq86n80r7wgtn7kc9fjajav7xj68kf4e
176p7gHf3xkUsz9RjVSGH8XGY6GR,1dBUxCzRu7sG169gktuhyz8PAE8zzE96
1Zg1W7dXYbiaeUZWaDq7cUc6L6,1RqV52mHGYATkmY77mpNp3iYz6qkJzTM
1WU33ftNd6iG9N8QoWzN3JAaj,bc10leurs8jqkac39hlj4x68p96xfpwnphhtcc6dk6
135SRcRDWM7gbXJDz4CwmmH7VR8XEZfMQk,1uNYR2Sh46sfUWFv826BCfYZUyfa73CJk
1AVzn3s9WgrXg37kDQKue353FXDq2iCem,3uhHX7j2SDdqGSimSDqk7RLfcQ3h8hdBf9
3rdub59shg8tJJen1UsDtbX3rWhquYkVHS,1mR91tRz5KgQ1zzSNLMSLTDexJFcZU
3nTm97oUXrnBS4NEWd1LG3PccFos4hYkam,1ewhAD1Uu8Z4kqCfgkkYk426pU
3R2U2KaK6VhCVpfAJyCdy5rDGJaodxiabG,1fQoe3qSN442tAdGbaaYwLC95PtgFxFequ
3fNr43ZddpcBnzHcm12HN5M8u9rQvaMVpn,38jbkALkeRkhAcyqiEim3axnjtxxogPXdv
1tn3pCPta9riJGD1KHGHkt9SdipXBbB9B,3gQDWAnaeWSjFeHtnzsv8THcoSNaqFMJZx
3wnwQg29zGW4kw9jXASfevCMxr8E8XGtZ3,bc1ch9w54w7eu57afp3p5y0q8xhvmn4lzl9djxsskx
1HSequn1dQCvZDeaBkpLErVPtGQMG8WM,bc1nvr6crtpp6m9ae83kvtu0r270jxz8d2wlla45k5
1N4UbSgSeUCMtFeM84XXNdgb5cdWX9Y,bc193ahaf42nf6vrnwhsy4pnvgpjn9gywdmkuwp0h6
1YAgYxjBmyWupN3AjD33PZDdjUd8VHs,331roEGd89vVm4KJgRAckkGhFn6X18eLQH
1iRBRsHgFJqRJQFEUwkzvV9xG8Ka3psY4B,3MwFmqtsVpUqBHVPVZRnKPNUT1LuZceBuE
1gCsCQ1wcH6S8C6MuHvCBUtXURv2,3DDwtQk4twd45sSLWspiYXCBx2D1aqoCvg
1myARGjEydJDshuqzD59qGo34gwXe2,1moqC318PMrpZtZZxhxVodvmXF
19rU1yk3BXnTjQHLBJTwPsdpfQSdv1mBT,18CrosF56jKWAv5hYn7xggG5cQD1Gp
3rzs1GB1YeReiTapQmyqfnp4ZWsj2cwDqb,3nTm97oUXrnBS4NEWd1LG3PccFos4hYkam
1uNYR2Sh46sfUWFv826BCfYZUyfa73CJk,3G2hcNXGfHbG6iAgupsBdxKaqYBLhKLtca
382wmwvAyYWeJtykzfojvL7U3g72cDMKcC,1uL5KNhxRV3znMHbCEGZuZYEff1qwvncP
1ZhhDZ623gxtsyeP7Lxebg1ZxwVPv1,3yDRCrBYvQ5Hb1AZWvqGVJaZGxEn4mMG2R
12sRMJSC6KUDn4bne3rjoNMWFHG,1fkx7Gg6Pkrrt1xP744Ks2fYxtPYfZV
3UHKiTbtKe54i9GxCjPMGbL7fQwY5hyvV2,1zrm9XLVZFd7nahBdz1kAPinxTcHfxcX8
1KpZDaXqVGmef6YsXmFNKKHAhV,17K9aM15dRJRxEkR6zZ8wCdeFT18JNguG
1NTucjywRPRAi3RV3EcDNrVFr2jzZCU,1UxkZCS4ohYGQFtGJMrfo2CTHmdUj1oefx
bc1ztqj8wrz77q6h87sny369ry84hz30uep08y9u5x,bc1l7duru0nf3hp0u4xfsz97jtf7plquaurreygavx
3UUi2ZFvYsahYBmn5gaTZh6ESMMCMTsahq,1stt5u6pVbuomcFXCtF92LS9vghTPQuF
17bAqv31fZzx6Beg1K2Riizmvdmm,18JLULk17ggeGqZhDqrTV5C7Sd
15gLggoJEcYMBtpQwuDZjAbFyL5PxC,3faSq2pJDuXysdH4KCkarLWxDZGbDJFw1L
1fXhFNc5vDVt5o4ZwRNipG35Jwx6jXB,bc1gdpma6t9kdrayfruq9vk7llnzcwlqd8fsr5mezr
1FnZZug55hNvicZf1GbZ5CChyQq5TnhiHB,3ddZXeJMYoSNGJ1prLU1vwU1RHE1NQZPAj
1YagVBzqwCMFGaksZmpqM2zztAD1u613h,bc1ss9y5jwmye4az607n9ks4gkjjj6zqh840428cae
bc1z42sreerztyecmqqemny5mwmerrkxhzz7qe8pz2,3o6gAv2P6mB19aNDvFpdggH1Z5VB8bRBqB
3us43VJyzx9QAdmCrfVkuuNYMetAVT2vaH,1vRKdZedGZaL3zP4yz32hCEcv5z
17BtMfDsZic1KX9y7P5WRA9suWU5VY,1NTucjywRPRAi3RV3EcDNrVFr2jzZCU
1aATrGHseYuLDose24YYMwLFtpji2M,19tnnDLRdrS4zMzcqrehRVtDoa
3JvGVGmnSKAWCY5cBBvZ2uuGGqu2XGBJWb,bc1ud6rtj4gqum50rqktzyacglkvr70knu3a4x0jsh
bc1fxe5c708l6daas3yhz6qjmw7sr5z42lmv48cmvn,3g9px5FZRbcmPuJbRZ4x6mdG5EZAQgU2HH
34oAYjHP1eifzXLWcnE9dfpEjvJ6czJhnR,bc10hp78z7pq86n80r7wgtn7kc9fjajav7xj68kf4e
1S4TqjKRQjqebWxWaibBoh1aTWjJ,1CDjAgosvXXHKCUyp9sasW3mytkCjq
1p5BT5sg1L6vmkUv948mmbvHq6sPYdq,3WC8LG87wok9wtEXjB6Z96o1re5JpNH3su
bc1d866mqel09s9k3y32gvdx2l59qk407l9qdqsh82,bc1y8s6tj2mr4jy7wypxt38jntrr8cn0ha86w93wl7
1tytVr9MpWLHJDAebxoMEqE2uhFBa,1dr6pBLCUN7Brr6dWLoCHkFRRDxaNzcF
bc1tpgctflc4ylxjy86llwdw55g6vyvn06pcy98zw5,1UbfStkcD1LmjrXomjZxaJbkGojxE
bc1gtd7vkl7ywpn4xfkygzf4sfnf600tl4w8vepaap,bc1dhckj293r3esxvx4963dquhp9utac8snjzzdj9z
1wNt9CzMeMhq12QFY4vVNwNMHrtb,1zgUbE6FFuFmeCtjv5GvmUL3PpJW
3oX47eJuhfPUyoy3dbs22PKtN6sUNFD1Jw,1Ybg67EGpQaC8SN2wKmrNNmxBfR5Ngbv4
3JvGVGmnSKAWCY5cBBvZ2uuGGqu2XGBJWb,3coL7QW9VtCBTARmiU6sq2A5WXPR8hFJLp
1F3uWTH1DqaGwhgHobCDissA7K9o8QrxY,bc126pe0mzdh982txrfyapy3hjtws3apzwq6x2vc86
bc1d99t8vjzz6ex46eefg5yqd9hgxe4388xt7hvugp,37fHsqnppGEZhU7N8iBuQbviVWtS35HV74
1ci1C8Nt5oqhoU789sZJHHtPrn3wVbiqn,37M7pNyREoFran17EAfV1jiDqxzjSHJnfv
1ubKmppG3eoFPsuQtKo7E3ie22K6mAcJN,1fjQFwhS75mScws1vpWAFbGaiDfwn59E
175f943gAceduDbh3C7NhPxt3,11bLNJcvdbgyVMFUokmRbtxgzPxm6F6
3KLS4s6qngpkeGn8nF4DNtfVqfVkXQsJT2,3ZcxopmKoWJfhMMit2F7KcLDyCDr4iLVLT
37rngovop9VpkSzY8QXFrMxSabkzEZrMYL,1YK1q4tLE3brjktshU1N5zj1Yd2Dh
3We1hcHuotaAEkVWisiXae94ozZogvUEj9,1eHiQhQ7pGZhYyohqFWEFS48aSK
1HHGX5UgvDq3R6bpzLSw5MnCqnW,bc1hqh04wd9wwpustt6cnza2fzrk5g35erjg74xg9k
bc1z7s5xz9luwgg965dna45fsxd8shzpldr5k33gl8,14TQUVwAhWF8GN89jf5UV7PojxUNS
3zJhWcjm4nEN4BuHTbZXnB3A3ENLzmFqJ2,3d61M2QGmC4YcRNhpdK6Ju1DYcft8ZS3iT
3uQ1pNqBnF1h3m8g57An4YAjxihHHrGmPt,1dPmL3juoL2hG7r9BjQ8EpEx6o1zVcpDY
3dDE3ioHk4ihoq7qDdgpPDbb2XifXHa3Dj,1yHRbPcVjDJ3fHeeHhyz6a38nsE
bc1ztqj8wrz77q6h87sny369ry84hz30uep08y9u5x,1wjH2oVn6eHPfbuguFiYVDeFNFjHftyf
3yvEsHRpJ5VQJmT8ttaRaXnZy1yVSafToB,1QuaYCZvxrT7xJMkXRWU26VRs7m5hGx
3Yob4795TosRGtm6gDFR1XZ8rVXUXEooEG,1YHqCs2cY2T22PmMGMpmSHixD
1VvBWo1tHhvBmZbPyp3CSjL19hYQL3DjP,3H8DKoA5tUheMUN9E8nuNaGJtGDVvofHar
1ZzDzA3jnDvAg7fpLjNUxaYukdKAgiXHb,1b8NoamdPRzQ4FEK5gs7AY3fR
3TfxxuKGe8uKoiZ26CXtDMqXAxHYwyj9jj,1xzjuTNfkPAvWdaTjUiBtDUDZeH
1SGZ298L2CfoLjzamir5Gq5WgWf,bc13m4y8qkqjv8j0xf3kvcl3gwqhjmaffrl6vmz7vz
1uxa7bs7VPAfir6DLhrjDzJzvRe,bc1wv4ptzha50d57g7a9pdgdxggpfz4dgkmy8zjjs4
3wnwQg29zGW4kw9jXASfevCMxr8E8XGtZ3,1sdY4LoX3UBL9arJExhXACqo96CfXsmD
3zcRrFWtNKMqAJskPsfhR7jVrtjAn77Zp6,1jQG2TZmmmbSEbeXgYSrGZKXfJx
18hGXXhc7jdzVgwzHcKXzM8ZXdVBciy1,3dTEWw68wEzYBSUzoTEQjPhVZX1tgJUzuV
1CJvsQwdBa1LMaEmGiCf58Njt,1v2nKRWebDjrnyrc1C2oadVbtNEeZfx9
3YvqQ8jQYuNz3VjYrXk5tts91Dq6zV7TTg,3a7fZj59mwGFTRHNXvtJZtNgYqCQLmJtvd
1odrBPMQk4he43FVELdNgj8q1sgRJU64u,3ncCYxnxQvPW95oNr8NbScREhFuwEb5To9
bc1gggrc82xqdedvkm4n7aj93m7scmctm862hwmrgx,bc1qyewx48h9h4wh69hfsgxldvejpq3dhhhxmyfawc
1HwgPJwuHz1B8Eindh9FHVrkFJHP4xd,1DNZ9jgdxqv4gXQz3hgaafMA8k
bc1mfgqpejajtft5rjjqae00p7sz89jx7ewpy0y8fk,3rK2dVYPACiWHEBac8Zg3B6z9poKAEhioH
3kShV9Nx6avedXs3ZoNs4eqfKZkHLYFrDG,3RoVbqW7mDmSti8vimRC19XMiihHZMMzdX
1yQDPRb5Z4wUMcfoio1WPyf8t3BAVL,bc1pkqy0h0nt6yaqmesunn75xym58w7xfs5r20mftp
bc1kj3xj5dq763aac3mjac30wvn3dmg6jrtp24wl2u,bc10j7zth8pkkhwmw6la3sursdunenud8fhn4e9yx2
bc1w9a3clsf04kaajvtgu0l9kp9x2zmj6hk8mwsdk5,3qgrNs3hBGb2ngXzKuYdVncpYC2TC54ynQ
1qpXuzegLFFVT6SFPNP32ZiEUMedmhhEb,1QjhaQySteV9owMQt2p2agSzXeS6qb9Q
bc1hn3d8ac83p30wzmjalhut57rkhexv9ldeu0guwq,bc1jfufgy68nj4ulfw7unahqgm62jefw5vfux394zl
1QuaYCZvxrT7xJMkXRWU26VRs7m5hGx,bc17ly6zksycnxhhwwcryfg39776s8th6z3c0qguht
bc1z7s5xz9luwgg965dna45fsxd8shzpldr5k33gl8,3hvVVhZi5DHQB8mvU5CAYphjFC8YfsxW5U
3dhNTuJYRqTfKuTSDfoW3T2pXCjnEuZHmh,3Mni3SRARtMNqnakETo22G7LtA5wyLzthS
3JNGq1PxbJLABa1dZ5eqV7CYB1AhoydLtA,bc1568xyx6mf535zj4hmee2jex9yt8gzacu3pgcj09
3Nq3SW1a8sV1aw3dDhLG4ApHszWvcttH4V,1ux6mVKuh1hhfek5TsqtpBJJE
1aJu347ATb6SMMye2BEpk4Nxzge,1zZDW5L7L8XVpHM1FH6RDG1TJjPKkDad
3CKe7W2cZzmxb4cPUpbJJLhCMWZMyEwpSq,1fqMAy4S9FkHPWjz38Am89hMVoN
1ALTxfR2ytAm1MU1sU32gHEWkm,1avPCUYjq5WNjrzJJNcA1WZGhS
1xuiLUiRVwnRbHpfaisCjBJwAHAABAXD,1jQG2TZmmmbSEbeXgYSrGZKXfJx
1suQNf6wj97jwXqxwFtE8oLaPkER9,3mQtrXmgXPgVDXqs8HoTpaMkTvAtKyhhrc
3m3dLAxgcZzQ5PTdR38781qfSidfD9a7ht,17HqfLuxbmjTWnDHqrQR4rpfxFBXEQY
1NKiYdePKq3HZZt4i8449XwEkyLQkVYX,3ZcxopmKoWJfhMMit2F7KcLDyCDr4iLVLT
1LdiSsXXSsVcEH7KYeJw79sKxc8qrDSgby,1fVhqEzPs1Wp3BkkM3Ycd4fZwnvdRDeo
1o68CphB2U9FqrY5m9R7ujSV2TFJqPL,126TvB7gbuPDrqPzpky8EA3XwMB
1YGE5mPV1gAZ38PQJLPcyzckUyp4,3emxoHh3xbQ6MUsUX9VRHzbPwRLrgoLB3P
33F4396Z9vpr5zhR8SeUrqskViZF8uDQ7w,1aJu347ATb6SMMye2BEpk4Nxzge
bc1kkedaryqtkywlsl9fhrykkfxldcrq0dxp4j0apf,3BrWoL7EZVznmmZtrsc73woxkyncr6ZWA7
3P6do4ovpD3uZWWjaukW2D9dwhXmrRq6Ey,bc1krlthqyu6p2s2mvuxzw7ska0s3d7tfqkzdm998f
3VvQePcnx2CGaw61MEfdvwM88d3C93eTrZ,1EeWz9MTMB5xbdgXQvhtJRhwmV59Ne
14q8MGweHF3CeGJP3E22QyexxmR,1bZ9MwD5XriFshP3WCPxVpRe4rU
bc10ev76ha9h5n2c2jrpwfn8fhq89dy7g6cl56cu9d,1pWnUPu3MeUVCHYu8JYXrMaYH32rAovT9
3sLBk5vdtenq3VibQTgH3X8NaHotMps2ps,1MxadtdcKTRekJHwmSXq1RSNVb8aDC4XH
1ALTxfR2ytAm1MU1sU32gHEWkm,bc1vxcptrrwsyndx6ejrlsddeman3vn0rjsm20wmgu
3ZBHREvA5cF2s5sfEZDe5teufhh3d9VWMT,182CRbg9WeubXARCwgetV8Uzj6TCGr
1ab72cokDcwiVa5LWPUuEyv5nDboJE7A1p,1tFsPkWrh6r2H2tSadaWrcWqeDU
bc18q02s0hv7fmry8eu8uaksdvjf8n74capvddl2tf,3Sgdf5Bpj4pU3m9PZwyHWX7ycqiaa9ByAJ
bc1h7rl0wv9zpdssxdxvzsfvyp5jhlw2fyqj408das,bc13mcj3jja883flnq8xrlghestwrl34r0eae35unp
bc1jfms8qahne628ytz0te3vfk84am83z26ug0gl06,1Q7tFDmk8GT3954eDFrdaSUrYctWtpU
3GhMW7tAMmUw15f2CzH5PoTHYEegtGEE8L,1p5qvbACqLEo5NP6J7qCDBcDRjx6oSK1d
1gBPM2gqy8v7Q3GKhgmaZyfLXh6fFMgPqZ,11La2XQrBrSkM4ntWQpVUuzNr
3n5UBLNWwGauH7KV59iSyWT3bndiW1CFSa,3TEpbrQycFPnthfoaUKJGPTnUE4NzVD4jo
3Z6UGo7nKUZNs4GoLYZQ7gqjVffp7paGJM,1KKPhkDChf7v9f9BruyB4VkyYB2eS
3Rh7mWJhEQKqTV687Q7Zuxrszuyu8LwVqT,bc1m0869uxa40pxvj78lcjazylgudrey3hrx46k75m
12sRMJSC6KUDn4bne3rjoNMWFHG,3C1BZzEvrpvvhuL2uV1Fe3RWdo5p9snJT9
1bq1bGQtaTrCLdYCJs9ZCKNmaVj,3Lq1iUCg9d12zGCndLNWWY83ZH9nkujBqx
1RgzYnwgAiUJKXRS5hZQN7drLdQ4HErLCf,bc1mmdkyl22q7h5gt536y0xdu2t5dferuw0eqafkej
bc174m0ecnewnfngmtvqzyp984rnm9k5z9t63l0hhj,3npZusePa92r2AMoMCS6Sazrp9dF2ZQ8ft
3yv8Rt1naTaqGbGLPiCsruEvGxrjL5vRqY,11xvePcN666nNpJ4xzoL1FZGGrukupxMRs
1FJ8MC61d6QwcHdFvtDdBosDHyQox,1aNuADYvkHZWACcLKG7H2beWQB
bc1adcldynhf00jeyf3u9h8y3cmv4jy0dtl8vvykry,3cnjpnKgeFoHr3QuARPmLeJTMZg2oGLeWv
3Nq3SW1a8sV1aw3dDhLG4ApHszWvcttH4V,1imrZ23rJTNJr4PQHn9wRzx8uA
bc1fzkmgyt5f2pvg98adnvdgzz2795yuygqd0n8vwz,bc1patwkvt2estpekcwerrk45q4wg5npa6uuael6z4
1mStU6wuAyp8xooLwZhKPns6fn,bc1cqu7r7qmmxpwxcjrlsjs9x7htldxzs0s7qvd7rt
3m7a192jfVF2JmYSPWUpePjTUWRRQ2CzC4,1Ws5huqLGpguwk67YxhHr5a5uG
1dQ6u9T3Jf7BmznyEWkijZaA13czr,bc10m8mpxlj3zjj5mwtn3dvhshtups3qum0ddyhtaf
bc1cy9ckl4zqawshskqqcr8d8zy0xv58hlwuy2eped,3UDeWFSP2VaVpvynkgHzfS9Qwtjyjg1SEB
1HRkWgwXnu2z9iyJVQmaKLTZLzNqeL1WVf,bc1zwfef6ethz6t0rud0uaq9473uy7f00y6xylmn0z
1kZZrjRJ44zf4UAZjVBmXMLd3CCHaStf4e,3XdeREdDdavhCbdPJ2WjaLE9AaM2MoGHeo
1CJvwhisbhcCtLPGXQphAqKkXhQHU5R3e8,15gLggoJEcYMBtpQwuDZjAbFyL5PxC
3pkaw9Uha7nJ3TqZ2yNkRL3hSvbF2VSDpU,bc10uua9j82uf7vrz6w5z9whty6y3g97h8fg3y8mzf
1hUDUmpoNQp11MZ9SduMyCHDGBrF,1vJznXX2WBFmKVAb9mX1eFW2FMKxy
3heFgT3cZ6Cq4uX4EaaTYnKdC75CYDVaar,15srcWTZntToeKU947uLiWBFSSXAN
1jB4UyepLtqahbGjkg5dTFmDaNj3,3UEABEdUVWjLGhLcQFsSB9W6vB9ZS61G4S
3RvJj3KomG7dMB3rLpKBYDPSWNYzcpFm2T,1dYhSsUAGzxMS1XR33wFuscMDqk
1tTp5W6tvF2rFMyDBzQhCfKT7RLxg8SpcU,3mqQrudrGHAgEE92oKVzRuCG2nHYe3in4t
35y24YrzxBVZR4QYofSiHvxLhfqUyQ95Dm,bc14szlcw0hp3qhl03wk63se3zelgjsu5ff0y4mnh3
34h2Rha8aLV9wyCuPpwSr2Ru8sLS4Yjw8b,1TXcMnEPntCkzWupqY8XNy7ZaRFtq2hjpX
3LnKDQvDhQ9YpQhcLbYj2YFUnS8vhkoeUW,bc12ur3lnrdnugyd4aaeqlahlvnquumh59ger3dsy4
1JgvohZsqnTNdEjLjGNxj6vtGY7,3L2ATSdnN89m99UMowpxhC6ud3LxLEHMxt
bc15emtyfwe67hadagauad0awpp6ja7tktctau7y2k,bc196mnc0v7crt2ptu4c4ggkv03sv4v9nw8hvymxgh
3D9mHMx3sro34zDs5vVXM9TYP7htyunjie,1Yr3VRqkTN7oXzGhKrHHJVEhNeecFmU6
3VhYdQv7U4rVuXor1mN9fADMg5PsNnYS7G,1nVjuBmBFUKhBYVQvn8j9yAqasZTZqfqWa
3wtqvm4R4DY4esVFBQpDdRhuHk8f4mYjQg,1wZ6tZUtSTq4KyTugxtqiyKazN5v
15gLggoJEcYMBtpQwuDZjAbFyL5PxC,1NEgpUsN7yQ9njqsspv9cHxehyZKF1ToaW
1QjhaQySteV9owMQt2p2agSzXeS6qb9Q,3tfDWuG74u8o41jiX9VNuCZZDVidEoRrJy
1Ki5gPG3w7s2egDDJucjSccoVsKx9p,bc1f4l8ychs9dhadgq5ggyjyp8zusu4na5q62ysagn
1E4bSfsF3SYkn9zEvaampEszX,3dtcRPCiXGcdea2r6Xm8QsGmDEsKbBUk6b
1KtUdG7VYdLUsf3VTn8gpGrtA6MKVWEdQ,1K1P67hYjv3bUrUHSpda68wkcPQjDL
3scqyF7mAJT7pNLxjv6bNMsnk4bUUrfsML,3P7ETBCceZp4zh9eCrHGS4Rr1zYzWGdcmV
1Srji3jkgjuG563UitziYzJQAWbbW,1pRrMw2jaiBZBNTbNRS59KPEB
3Rw2MrnT7XK1gP6MrBGGxLBRRkNQTaygpi,1tm3X1F87zx8aMz77aiKG5yHXA
3YVgSjjqfn18geMHmJ5pJr1YtYQ8hkAcdq,1B6apcuAj6ZUjAP5Kov8FBMuJforhHx
3XPhU9s1vTgxg3vdxSvrLG6ePmkjbCLhBY,13Mgc5zMrJpHkncpTUduMZQSeW66xHkgKL
3Ejowio9WmPw7ofxoAGfKANvanYo9LcJym,3c9yKSBXGagz7MgLdTGH9cot2vtWCDsWCw
bc1rdnswqgkd608kmuvl0m9vt2zekyhmmetqe3r5rm,1Lfem42aZpeU4fodAFgPdgSPp
1uaLMyJAhbJnGdaafHj2V85nFcGFkcujf,3PvXak54hGFtYBuvcd3jhQKvcLc6rT5Xsc
1PRhW741aVW5UWfMqq8MFbzidHcb8Y4R,3VKqXLhEsUWrd3eHYu2cNThy47rgKFRqD9
1BDk9GAgEnRY7dtDu8qM8rFZKujbNaEx4,39Wi9vnpprNLfq9UpZfG5vFantUcS21NeU
1Lt8fAbiD2iqUozdoQBdPb4kGrV,1Q6K7ghzEfVjwzLMd4vt7C84viGcSr
38VY3HRtfLuYt6rJQPGiCJvNFKFhz5onNJ,bc1cwckgym9xqgudy9w65wchcrpq9s8hqej255zmug
38DrGBcyHV38u7hPeuJGRdMxguqXVTFu4g,bc10uua9j82uf7vrz6w5z9whty6y3g97h8fg3y8mzf
1b8NoamdPRzQ4FEK5gs7AY3fR,bc1rdnswqgkd608kmuvl0m9vt2zekyhmmetqe3r5rm
1v8V7YQLRW6cfzt15DorsKr6QqA,bc1gt24flucusdc7vqsau77xlcy27lfcew9qyufz8x
3DBa98j2EhsBjUL5cAMHNFSoWVdKZQzjhj,1wuMEtYaVRab8VKMu83BEGDfJcaDN
1XT13yQ98nJvaLcycYz1kGfPkyoJR,3xfLqMjTUnmif8PwJSoT5y5DJj2wsqdtFJ
1W25hXGFPjafpyY7wr5jfrMZMPG7LCv,bc1nlcqkjqt7udskcz35a7l2nu7tc8tjytzp7jj5vd
bc18q3fycec62f4evwxuyqsf4m5enrswp6szqqgaxr,1EqmAm34AgbudfMYV3jq4XLKii9ThM
bc1dh66mvty9ex3pc4njks3xk7ldv2y73c5wuv5456,3gvtzAkabxnwYm8YmWHqC2pzh3kicQMeKL
3aFsg8xdCvwAwjBswGKHPRemcSfPdvPWi1,1MPZ9wiqDF8gLqaMvsdmsLNuW4ueXA
3AkXGsGCh4hrMKGi9a7EqXSvT9UyNjr96Y,3xvDdxAnQsuNM9toDCj6us3ugpAe71p3HJ
1iRBRsHgFJqRJQFEUwkzvV9xG8Ka3psY4B,3m3dLAxgcZzQ5PTdR38781qfSidfD9a7ht
1idTezbXNCj8zDo3bccugXDDh2Ab,3VvQePcnx2CGaw61MEfdvwM88d3C93eTrZ
1zzZBWwDhhqBdrqJEGJPTdJoZDaq,3ChtsiQUeLQLtheNJJDoh9vF6Fbyafn5ij
1Vzv9niumSTZLF6xoPCGMWcJ9YY,1kEbf1PotcLwnTLC6b4nCadFRjSFo4KSxk
1A62abzLbVM9nQ7zbPcSyLHZz8Mf,3ytnG4g3x8HQiZnSUGNvpTmSCGC65T89jX
3Gd6fUBrbFGn2xN4MU7mSPsVBGAPL2FrK4,bc16tcfnhmnsua439yzqly78rjvxkgage2qjfrc33g
3dgja934muKJWn6cCPNFyCEKiNJTs1pu7m,1wU5Fn19FqkFFRopU2mcjedfbYe
3nXByn1G3Gmza4pnQTWMZFxBqiKQj2K83m,157LJZEw2gJVopo6QhcFZLFSi
1k6mJ8zh54RPSwS9hUX4MGtLyjPd,3Q9sxQ1BRjkYWNH1svEmNEWJgd5QTtK5Kv
1ffX7xJNGQmobvxxNE94RUpXN9p,3QAaNKK5Vht9Gj7NWFJkVYBfGbJF4JCVRn
1ohCjELvt9xR7Wd9SYQQwGVAAs,3AkXGsGCh4hrMKGi9a7EqXSvT9UyNjr96Y
bc1cd2c3f0fnelk2gpuqq5m8dcujta33lxlf7hxvs9,bc1z7s5xz9luwgg965dna45fsxd8shzpldr5k33gl8
1ffX7xJNGQmobvxxNE94RUpXN9p,bc1d9tuhdgpr6c0559mv8cvy5vwfw5m27r3cheydcr
3P6do4ovpD3uZWWjaukW2D9dwhXmrRq6Ey,1XT13yQ98nJvaLcycYz1kGfPkyoJR
3p2PgDHDpQQMi9fsg2nbmMuamWaZRFRBiy,1fpo8aDsRVn7huAHa7Wkm12BEXW
1hnnm4nUDkTMwbJhDDtbNnZB29t4u3QQ,37fHsqnppGEZhU7N8iBuQbviVWtS35HV74
1QPtVxCJZ54mp22F2noTN2xz8fNmYJ,1qjkrqnCEhPqcpfNJg756kJhfF
bc1jhwz9cfcwrdchklxj22ne9urcx63u65gfrm5856,1dKgh9RRreBTvxaroEqSqK96GoSx5s
1YagVBzqwCMFGaksZmpqM2zztAD1u613h,3gEUeAGU1nTVtbRcND56QEF2A2ok91fo3P
3UZ4LpvRVs1sC9WCuTUPbpDKepiA8XwRy1,3uKHETFknAZTYtc8GCbhH87po52E1MmrEK
3FLCuYravXkJ7gyKdHDUiA7gfWfogRvbPW,3UzBoQNqQYn5iPRSZwpHgP5tpNULYWZnHn
bc15v9c50f3my4dazdklfmepat687vwl8nrud5mju0,1pqExdmwKv22s3aovyUQfUX4Cs8
34j25iuoT6E4yuwVAAxhXEPxDtuYtNpeDb,3P2vxhYWhdU73LLGDVdUE7JF5MbZ97qhoW
1EMRDd9BkW5v1AfmDhhuARSmFcc,3SL2hf3BVeCsLSef8BKiFZ3CaDVZSMPxrm
19ptZ5NWkpxNkEzXyqcZMEqWMxt,1kLLik1eQtuD2meZFpPYEBdX4zVf5Vf7H
3zcRrFWtNKMqAJskPsfhR7jVrtjAn77Zp6,bc140erfx7w788az39nff3nts0zcpqw2rculx3t5g6
3XRQ7FwkHq79FbwjPzQLaQbjTBtgKTqK4b,19ptZ5NWkpxNkEzXyqcZMEqWMxt
3FahsS9449tiohY6WveWbmy9t9XW5GK8Eu,1iRBRsHgFJqRJQFEUwkzvV9xG8Ka3psY4B
bc176dufkpyx9c2c3kewlk92nrr0tpfvpc36kqeyrk,1gRBoLFVf4rsKkRm7D7A6LYCA6jwHELB
1iy6AKQBWsMD3tQCX1tQqUYF4WhXk4hd,1pWnUPu3MeUVCHYu8JYXrMaYH32rAovT9
31CdfrnoR149o9pqtiXWGPFxYCkRTa2nAy,1rzsm132uh5aHSLSLboCS1YRw4zRC5
3HVwx25GD1Zz2hPQvpqgXo7Cp6Mtns92y3,1SwLy4GfVubttmW8h7dvHQKtG8vQ
1daNE3ckCFesCgzKeKk22N29o1SiKzk,bc1h3y2r0pmt7w7f2sazr70x5use2sj0jmwnleqtme
1p5BT5sg1L6vmkUv948mmbvHq6sPYdq,3fBy2doXpVMBocQBLgFstewPcmWrnEaWo3
bc12ur3lnrdnugyd4aaeqlahlvnquumh59ger3dsy4,1p5BT5sg1L6vmkUv948mmbvHq6sPYdq
bc1e3w44rqw3wslq7me86r60jfvnp0jfrcy6n3jaud,1NTucjywRPRAi3RV3EcDNrVFr2jzZCU
1LM3y8UQXSyUNPvzwcxQJSH1P3Yh9Wcum,1TE3EfFNH2hWg9cr4TbDNyVKd2M6V
bc15emtyfwe67hadagauad0awpp6ja7tktctau7y2k,3KQyNJZSg1ydDQAgMjXLBnRanNZrDu9SpV
1on5mywGSgwMbXz19iHovHCVhnBS3cX,1mxz8srVUsPB6QXeAVWxAaWjNzFafsG2R
1DzW9Tr9pybhCYb5UabWXmTMNbU844,3Uy3fguVHcN6eHNv78kKmQ99JC6FamGXH2
bc1w36wq553mvyhnywr327uympt5ek9vd0p6uve9jt,1eGG6Um4RA5DM8Ub5vmWzunoQoJqZR8H4
3ChtsiQUeLQLtheNJJDoh9vF6Fbyafn5ij,1T8t882hbcwNGJDbhS6JyeM1sbEfUq
3LVrGx7FhaA2hnqQHYivRu55rPuqXX3vxx,1V4A7BcefygqwTHFAaASto3yHKjwtC92
3MTW7TC7iHjf9jX89guAbDsvU6QpimH3jP,1Zc6niP6eUJu5nG1p1PHH9nbwMTGC5o
31xBc2qNqAKqJfxiKJQcio6hj1vEjgEwXB,3UpXKbVTJLyGnBEvHwzUiMipNWZR5mqjLL
1HDw5VekPd4KxG2nMAM4D4bK5UKTZi,1b3wUe4pXMLWpAWwv47vFEh6jwP
bc1kxvm2rvl83kq3p20xr5q2jw5szqvq2m2wjvj3g0,bc1vsh3recatac6p6ukd7csm4mtstullj7hc6ymwsy
bc107p7fpfq056rqc2thngecffhugjenu0ge3jqm3s,1q3CMgeoSRSL1nCkVudtP4DrDz4BFHzm6
3hJQEQsqhsr47Hunt5NCiopotgJtRNfe4q,bc13cfa2w0f6txepelqhp0r87zxlewlzk8lypyw8v5
1PJW2kqpqCMYUN4CRJiNtzqGHT,1Zn8V8YQSPrzkGFVHFTC82rHi2ysHLWNa
3CJBoPyuyJvYL4pvhPTL5xAZj12wuK3dJ2,3YDB5gwLfmb7TYx3sEqzSR9EHnWn3GcsGC
bc1482k0hcmflzdcsf8hmm4xs8hzcmy3v27nxc5sta,1oopJiU6zHyem2XBLQefEgMhyE4v
1q1YuSMPZf2Fom6PPdz6oQLXC,1dVsYzKkQY2VJhkT8TT2zK3RU85t
bc1wtauel79znectrpscjkskzrr7n9r6k8y5dx4j5l,1wEdrhKYepqKyPv6FAsQTnqbDaW81
1pKN57jmKaWzfX6M1ueJuhMQBzWKe,1mS6JGzbANuHDSAbvD2eaQN747yhWqckf
3L9HgP9rVRKmEwkGn12Kp6hDyv7Dgekndk,3QrcRt1SB6CprT7AoTXax7drmzJzTwJp3X
16aEukaSdiRZ2e8zSz3288AKYG7wnJ,1YagVBzqwCMFGaksZmpqM2zztAD1u613h
38GvZxQdL23bUnGFvqzEh8mEnfztGbXErv,3ffmAFWqjv78uAVpwSb59rZWpBmzHdB3Pa
1CEJd8S5MEkhR6DYzHKGyt6CFM,1XcsupxtcedfKBDDKAK5rfqKwLEbN
1dvdwYcYoFyPcSvPKt6LGKf7cig4gU,3T8wwMGnL2LfYLczBhfi1teMfB3AVYa7s1
bc16py8ga7p08zqx0qhnqu0nj37nvt3ffpg6nudnlm,bc1jqrhszcy8t3pu3lp47txw6xvq5w9cz2vn4tkjut
1mVEZmDDRgeNKUXrxk6eekFkmazSwq5H,3JMhTXw5ByiMev1456ii5s1yWMj7rx8CFv
bc19w7rdtj8cjh879w56dmzdu6c9l6v3zjvpzkzyuq,1hnnm4nUDkTMwbJhDDtbNnZB29t4u3QQ
3ukGsrSrbcBsDSb3oFrmgnetymmCpM22fr,1eFHuMV1XWCyBpzt8BnX8JFrxrAQe5qP
1eiiZ6f4N2inHX1j8fmeFMy2TzAF,bc1jv8e7892q99e7tgxn5quz9ztwmxll9478etw39n
1Vni8CH3E4E473RZq6rPFbmo6Jiqy9Q89A,bc1dgeayk4394ses24tkzpr6rk975y9zt0sl7t3c9a
38GvZxQdL23bUnGFvqzEh8mEnfztGbXErv,1Ptb9CpcDUBqeMpagNdAAnzdkiP9
3cTpBtUFqU32j5QzxFQ4Mm5wdm4FoJZxiE,bc177nmykl7ngt607t4kqg729e597430hl58u3kg0x
1u6Zi4o8X4Q6EZD6ctwA6rsfN76qD,1TdH3W8SVm3njZ4ywNfSiG9v6PP3JxCaRp
1GnbPvFZBUUVEe5DGTNu5rdvkqUNb,bc1srlrtcvh8xugzqrxfffz85smqm2ayy007ypfwn5
3ehcCFZEyJHDhKMwoG8gPypxoHHiMSFUCY,1q3CMgeoSRSL1nCkVudtP4DrDz4BFHzm6
1fBzEmM34tbMFgQVJzeZmCATaXPrjMcW,11xPmkJsksueQggFKccijFQYirTT
bc12gzadlyerg3q8az2t90t24p65k3smex32mrl0nq,1JRjN976nSFjMMaAyfHHpm6iV
3kNZz4WdhTn23rbp64hHzVRn29zqzXq2RA,3HkJzwDVYTo4dcQLfE5nZjN6S9AZPxL56Q
3ytQFcz394jf79u1yf5e3YuDMUfEknPjgK,19Fire4qwA7eJ19qjDMhiYUiEken
1G4peh13r9sFrfrSwi2szQ3NPUZkRC,1WeBtqwwyeRx9Cy4e3VSUuRYFScS
3rzs1GB1YeReiTapQmyqfnp4ZWsj2cwDqb,3RjQTLDMMmC82TxCNBrurbauuNue3Mag3i
1YagVBzqwCMFGaksZmpqM2zztAD1u613h,bc1mhhfvfgjd6gxlgwzttcs6497jyjld54f273hgsx
1fo89cVomdvacSagippjkgYsnykWnMEU,1apCkH17dW8XKMhqAZ3TpceRLz
11URfg9CXaykFCGYEoKWd32xUD1r,1j7m3TffACPAZtxi2mCFSypPZi
1bUXrhrFBwYzohenzsPqTkrmVmGH7dv9A1,3AxJ5VQnSpvgsCYZNQHg21wfVLraQNqM27
1LMrRtmPDc59dVo9sYyn66KwAHN,1aNuADYvkHZWACcLKG7H2beWQB
1NmdaCCvcDAtrjAL47vE6utvK,bc12pvyvgmu9fg9e8trhd35xru2h6q7ewmxvfcwssz
1hcZJ3gsdGMmUWJKnWijVkaXgTuJTj,3vF21vgyAa9ouaMi65Ps8Tah6ouBQ1WGGv
1yHRbPcVjDJ3fHeeHhyz6a38nsE,3pTAeMCVddNT1rSpRVNQsAYfvZqA3B5NpJ
1iFE5pP3xLKfj45UZw8DD6DLVs8rVjdSYE,3x8VX3wqVWvBaj8PbtWPyvmGxyT8QhkJhr
1GHhRNRs4QFs2ATPPgxMi5DhkDH,3jSpnDBUvD6TT4DTJXpxHUdL63YgHkMEdL
bc1w9a3clsf04kaajvtgu0l9kp9x2zmj6hk8mwsdk5,1YShka9aGcnCVdVzqkQWicsuLQRSWm2
158XmHYEQUqbkQAiwcW5TLR6whrJXQkqdn,1mxz8srVUsPB6QXeAVWxAaWjNzFafsG2R
16kGuSuB6QhAwuD41zssZcTk79g,3MVj1ijhNhpXmcMq9SJWZxLDGSdmjtacSd
bc17j6san7xtye4h2c4pkwfzwslphfwzgt84kg6kyq,bc19l4u9zghkhqg5rmap86tfwlyy96vcess5d7rajd
bc1vqzd4aztszvsxykdxdvrt4333m76fkvz2fc4ku7,3UUi2ZFvYsahYBmn5gaTZh6ESMMCMTsahq
3sDkVxHJWbT9hfa5QnjQfPPdBRfjW8xWem,3sw2Th25C3cT487PFT2wVwwEapm7yjA5UU
3rK2dVYPACiWHEBac8Zg3B6z9poKAEhioH,1y2hKvkUc2NVDVuA5rdqjxgPkd7HekHP
3ukGsrSrbcBsDSb3oFrmgnetymmCpM22fr,1gDzhLgoLXzC1wuW5VzonrhcW9
1RqKc3nc3dpGStNcyyJVdYvfrma,bc1adl87s3t3lw46dpd0pgdga5aslhggk7j40ujeag
3R2U2KaK6VhCVpfAJyCdy5rDGJaodxiabG,bc1ezw9ym7ug3rpqycce4gpsg9478a2xas2474uu3w
3coL7QW9VtCBTARmiU6sq2A5WXPR8hFJLp,1PcaTETyaP3BCBJg4WPZytucU
1FcKqHMoKGXLWpxdh3aJaYWYcad,3pi3eSTs3QokSuDBdLHQ2TtMgMyHnKhdmA
1fTk5RzWmYcqEVmBoMzEwRku1ht,3QGRsSrNFHdqaeDSaTRNV5phJZrSt5Mqtp
1TXQT4ToEDdyooScVQ33ydupU3bT4DNgnP,bc1de3yvw2vjwlmuxwpyr5x45x0p02dym90l9w0wce
3Hc7kK33qfa7fgb4Z3SVjduZvCJN61itqT,1pyWgF76qx56tKfZNGWmxJyBGr1NKEQ2Kw
1NTucjywRPRAi3RV3EcDNrVFr2jzZCU,1EutJsUTXCiHzcn6WESe6C9RXYj3ML
1Hf4AgCeWwemjFdYUPffcH3pup1,1rrSCo3Ya95Q1RMKTWxLfXQLm
37fHsqnppGEZhU7N8iBuQbviVWtS35HV74,3vg4wqF8JiyKxvy67uGWe69kdNu2RQLaaj
1do5Sf3TPYqLfKQ9cu46yYnBp9D,bc1seru8crv82ezs7dhmktc28dj4sw9ftll7s0k6zy
1zvNsUZ4q8EJaAqDyWkDMVEne9LiHeb5pF,1t37URjEbkZPRFye6aLbN12faoJyF3v
1NL2zhQTttknWXZrhtcU9WzyN5W4ghCAY,1cA5MTiQ3mNuTd2tpcn8sN3wZ62a
19Fire4qwA7eJ19qjDMhiYUiEken,3jK3JoSw6RrkfWfK7U7QbdwLNhTNP7SUeB
38xouyWWU8Dp6MDkqnNjwUBYBp9izcEEqe,bc13gqwarqshvmr905hp6p8d3twvk5fzplzajq4pr3
3fFRSDrjH1qh3Gf7hnLHuGrgfbigBn7iXm,37XChDhYmTi2wR883FLY8jpo9gbdZacrdo
1aJu347ATb6SMMye2BEpk4Nxzge,3v6oYQkHcYQURsyg8TzuWGT2kSfyy72Hr8
15MDxDS3YvCRVqUJ3j3Bdvgp5ezyTwsY,1HE9Nip3oF7Wp6h1mTdfXWARviyUnyk8G
1Fm7GrSZiTuwPohY4yqb7rkdrWuAag4,bc135hpthzre9gmd8g4w3zlsgfxm0rd3dzhfvuqxw0
bc1mh0dpvvkejgn6lfk73l6d3ugsks3zu74qq03ze5,3EnZqV8KqxUkCn7ZfAvA3SfQm1LDHh4swQ
1D5dWochGeXGB487TThVK9y2yH8S161,1eHiQhQ7pGZhYyohqFWEFS48aSK
15q61JVDKoNByC37vpCmEri1JpcU,3XU3f1ibbFUUdgBWxQwzbUGPtycVfUoukT
3XPhU9s1vTgxg3vdxSvrLG6ePmkjbCLhBY,32sSXWDKKYtMC6tR8s5ethQz6xv5Grr74e
1D3oipji4Ya9Dw2k1CEmgdYpDHQm5MVYvG,1hmm5KVy5jLSWe8mZDX39EnmeMF3fsr93
bc19jrmnnc9am66sym5xzxeleaeppuytkdxkgx79rt,1CEqRGDKsNhUbr2oLkeB2m2QXLk45rhg7
1T8t882hbcwNGJDbhS6JyeM1sbEfUq,3nDUzPomhT7SxSyS4BP6GSYQga3Swzuz95
3ioeg1HRJoD9qt11SmU1P5QMGGxTLPdibP,bc1wsnm2ae638z4jkvr5mz8g2l0tzslk6mff9lg6gd
1xbAsYnM2tTUBnGrQG6quHjnQDE4,bc15u0jsgzy8c2csg7qj7xydqx7ejlaespgx5t2zns
3pgD7KjnNxhNb5GcaTofE3eYAFbtbV8G1H,bc13x06tf7dwywakaru0zyg47eh8z92wh4zkuprksx
3YMvfKxdTMmcYq1v556L2ALZbi3A1agWUt,1xQFJnpb6G7WJoTkgGa5ggtwRezQ6Bz
bc17qh7uq24gm557hu9aru5wewex8xkr0mywjh2t0y,bc194c09kcxd53wcjuyrl7gj0p26vczamy5pqevhwh
bc1acf7y50qqnqfwrfrtwa8uudm8pluzxpw8t9lr98,3E4CmVrFVV8gEg1oq7qYXTf2MC3jpCShZi
1ygry6hxAYMGPy3pZM1MkjoKq,1HBr7AhrjYkA6MtUeKxuD6KhetCu
bc194d9kuzjadr7ah7d822m02chcs0dx9exxh48d0k,3VPVL8RXcuYeGNugxpkewTpcSG77B3yXwW
3aVYXADyVBVmvRnQrF1Vop9hfPGuDesTgf,1HAyqfP8UbxFC7yAEoMsUS2J1u
3Krfqi9s2ygnmGkHv3dgZj4svhmuycQdY8,1bQM9YBTSn852f6YXZGhpTZAWq27eEPAa
bc1dc4fhencylh09zz35a9a3u5t056t3gnsc0k4e04,158XmHYEQUqbkQAiwcW5TLR6whrJXQkqdn
3HpY7cSn2byrdMo3Hu4dcnBSW4RHqCN46c,3ZM9RXg3P1ymMM527XQnEgwH54Voj36mMs
1vXF3tMuPFtDfinAVsCTKrb9Uq,12sRMJSC6KUDn4bne3rjoNMWFHG
3sc4yhm1wdDjyZTBQMDU5U3nCaDVk8nGnL,18X6V3Y2pHqPMsAHXFXcKcYtaw
1czS93pCNkr74xvsp1h7T2DYCXGVj9,1zDBfVyP1S6ChneK3JyW1wt1Q9dx
bc173vmxmpc8msxypy2gp37qnqwewx753a63xuucl5,3yTrr6bbRA3xEftot9NX5TT2b1S6LAiYBS
3yUCgS4KHY6aGEhYKJdpTHeSmnqZdakf6t,1hAcXR89grrj9DeiRYhfVAZZbPc
3cTpBtUFqU32j5QzxFQ4Mm5wdm4FoJZxiE,1m9JLN1bg4WqrRCCunLfhybLaxcRATn3D
3CT22oUPUAq16YRUZiZ9ja7yyQCmnSBeqk,1Md8mtQfY9jpMA252W3mQQmFhCfGf389sH
3mxWd5fWSxRCK6iTU3N1jTZUHTGKf83N44,3ji6hrQJpWwwaH3fp2bjYZ8nU4J467fFYc
1BFMkjE1KWkG1byNATUdZ89BiHnU,3BvPE3sFQW4ZwPEKMpEJ2TNdg8Htb2dRFY
1b1vMZ68N4UYSKgdj36997nRCueMu1TdSr,1tLybBw59YwW16BgMGGSBAGo7iJdaC3S
34j25iuoT6E4yuwVAAxhXEPxDtuYtNpeDb,1KQ6XA8XRzWEJWP9QcRf6Vu3cJJ9V
3AF7HFq8rrDsV1XueyVv1FLpSWVkM2MtdD,bc1qze3fvsvk39nslzd8a4dn97c267c6v750kpyvke
3AkXGsGCh4hrMKGi9a7EqXSvT9UyNjr96Y,1TkEz2JnrDQ18snwSWThPve3ah
195CFiucTZT3xU5RtEozBSPmTL,1HXxJfwCyWjC6sNjBZUKovKECu7kw5R
bc10m8mpxlj3zjj5mwtn3dvhshtups3qum0ddyhtaf,bc17ca8nw37t5jp20ftvvfmycdrhdwxjftddz7xmm6
34YWa9LX7Ca6WoTWT4ToiPpka3L4zw5w2Q,bc1nlcqkjqt7udskcz35a7l2nu7tc8tjytzp7jj5vd
1j7osdteN11kt8ZPRr2CYVKRvf9hfip,3VhZ8n5dn8t9L1XsbQ7ooz5NgnfMGat5kt
3dtcRPCiXGcdea2r6Xm8QsGmDEsKbBUk6b,1Xeb6AhKsGWq9j825fdVkqdwiA8ke3yk1
1PUijsgUpRCLaQuLQAXg8upxAkTzP,bc17j6san7xtye4h2c4pkwfzwslphfwzgt84kg6kyq
3sws1vqvPenSWNzM5nczv7mAob3KBqbPsU,1zzZBWwDhhqBdrqJEGJPTdJoZDaq
bc1dqjxlfshe0xmr6jmdv5q70t2ppe0tnk4q0qypuw,1NEgpUsN7yQ9njqsspv9cHxehyZKF1ToaW
1eNKquaygj1CPZ66EfUUUJBmGyEyTGrFhw,3sCn94igsFWbaCNCYa8eHnxXZGXV1jR6aP
1gzRGPYvQV8nbwgdKEkGW7fvhipJE,bc1adcldynhf00jeyf3u9h8y3cmv4jy0dtl8vvykry
bc15emtyfwe67hadagauad0awpp6ja7tktctau7y2k,3yzkMnLuGNQHgdurh4s3TsYiycAstUjh3u
15gLggoJEcYMBtpQwuDZjAbFyL5PxC,1Zn8V8YQSPrzkGFVHFTC82rHi2ysHLWNa
1t37URjEbkZPRFye6aLbN12faoJyF3v,bc1s4rff78ca625hcty8x3pmc0nspmxkaqxq756twv
bc1akdvd4fxxz2nxuz9yfhrapfl8vnng4sfj6m9tsz,1BcmnfT9FQoKmtg3Qa42mgPYSJEuzaENf
bc1568xyx6mf535zj4hmee2jex9yt8gzacu3pgcj09,3st99VoxdWZ117eqJYCgbgaeFXLiTtoNe2
1voEo6RBRGrc7e6PAWQiY4NC6Md5y,bc1m3d6rcr6esc9mecum2qd8q48p3sqh5wvykzmrqq
1Ys2D5jQHU4dyD2BG7dcRBuc4rS1FEa4a,1ZEHFQBykzYZn7buKe8PLRpGmL
3iGzc9wJJe2vo28NhpeMEfULiCXDxEibWj,3weYo4teyxG6LvPmA8TG3eSpkuBTmw4SLz
bc18x82hy73774vmmgz2lx6wl2fzquzjv78d24wc7a,bc1de3yvw2vjwlmuxwpyr5x45x0p02dym90l9w0wce
3UsPc3A3dBVfeGsxLX45sy6m5jGVQPuyAN,3auoHxK46WAkA4YcYdqEfAFHVHD8kX7RxM
3w6kMCAf2NrDQWNkmBHj26pFpFZn3m3dK9,3pTAeMCVddNT1rSpRVNQsAYfvZqA3B5NpJ
1SGZ298L2CfoLjzamir5Gq5WgWf,1VKTFQ3jPKckbXsnXTp3zXPjZWd3HQJqTR
bc1mdp7kenar849nj5572err8h3k8tw4kyl0faz6ht,1gWX6ZixVDsPpDppd5XLsWMt7q
1rzsm132uh5aHSLSLboCS1YRw4zRC5,3nTm97oUXrnBS4NEWd1LG3PccFos4hYkam
1NwAyKYZRiMbNHrL3HK6o2QPQNWa,18CrosF56jKWAv5hYn7xggG5cQD1Gp
bc1h7rl0wv9zpdssxdxvzsfvyp5jhlw2fyqj408das,1YK1q4tLE3brjktshU1N5zj1Yd2Dh
bc1s4rff78ca625hcty8x3pmc0nspmxkaqxq756twv,1Zb2KnaARMZsmwyUAURbdwhN4E
37NzTqZK1PSQccn4rbDszWgXBAThnvuCm3,18j9Nb5CAif6HTiap5Yzu7zXWw64
3cBmu1t9K7fMpHNrRKHJ6pEosYLQ2eggHu,3JJrV9S47jhrUygAiTLc8nkdwXa2zBh74e
19Fire4qwA7eJ19qjDMhiYUiEken,1tGLDCFWyHDU4re979GXJXSC9mcn9jHw
1xZmmaYRTEtvHYsrDe2gw73x1LgX6pg,1aUpA5UtcvpjJ9wc6pVVGm5L6UL2wgR59
3SL2hf3BVeCsLSef8BKiFZ3CaDVZSMPxrm,3cxegXQEcW8UVYxHnyPoRpQYMfkaJDpzen
3qukGQ4hZFF9GtoESronXTkNm7c1MsnrJE,3LdymqQbeYUyu7Hr4u7gP59v3Bymb6mVLi
bc1w36wq553mvyhnywr327uympt5ek9vd0p6uve9jt,1WXtajkvs7aopGDkh1AV6mRRHRBB8
1RtjmNQaCZ5WmHzg7yPoLwkCWW,bc1rdnswqgkd608kmuvl0m9vt2zekyhmmetqe3r5rm
3YE1h7cCxkSWEaPVZa8ahF9oy6Fy8rV99Y,1iJZNaEnjRTyVuafYeT74jr28
37wv21iy5qpYs3Ed6Lpn4SPgLZ4F63ErTP,1hzpEpu77sG2MWKXK8H9PLHQTFTxD5TaY
3VhYdQv7U4rVuXor1mN9fADMg5PsNnYS7G,1EMRDd9BkW5v1AfmDhhuARSmFcc
3dgja934muKJWn6cCPNFyCEKiNJTs1pu7m,bc1uwyt3v4pdd3ex0l8ezcftrn9t8zuedhuxwr5sfs
1vqT7PvSsx4Qz3GLYgkXenoG8L,1X9N3uWRjgqVQV2xHoDyjaqU9E
bc1jf49vrmk5w3h4gkg6ec0tee0apdg6337mml36vs,36gmZ8CRJLXT4NbNXnT9Tq5NVmaTWAF8X9
3FrnrETzoCsgdKzrMQR1zr6xe8V9DXoUG8,1fTk5RzWmYcqEVmBoMzEwRku1ht
3zUqvbqxvzQGVACVqftmMPsGLSkPGaGS5M,bc1awva8qd4ugedzt3c6vfyqp9se3p200a8c9rhv33
bc1z6plehtwqzs79uw3a3umcu4mn0w0rjl490cxkay,1LhcomLffEB3cumEBTn6vGF2Wn9MALqcBX
bc1uazcp8vqu9y02fnfw63vwdejdyxcepdmd3v7xwp,3M1T74xGtW2joE1EXFnxz1VPLKH25Cbp89
bc1cwckgym9xqgudy9w65wchcrpq9s8hqej255zmug,1bAToaQH99tcvFFZLryPVNVAFuNXpy
bc1d99t8vjzz6ex46eefg5yqd9hgxe4388xt7hvugp,15gQZnsadzgwjRAWVTyWXhT2AZv7r7NH
1yGW8Dqd4gBDX9tqrVpiQV4AVqoTE8U,bc1cktaxycun59tj3zqpq5ewv6vwkvh48n78zlgtgn
1NmPdJARBaXW3ENzPXqB8drgNuBWoScWNf,16MQ7zhE2Ptu7HiX3CzwinNdvtfxSDk7D6
37NzTqZK1PSQccn4rbDszWgXBAThnvuCm3,1zYmpNtf4gM8Airajbmdb3kQnw2X
bc13wvjnq3c2ev6upy7c2cw602l05tehrrgwe72nhn,13F9tFs4BfZdu3DKbcaP6rv2625xCiEjAS
1j1sCdw9fhtJNz5jr866DQj8w9VuCJ6r,1B8tcwTdT8ck1iLr5nZcrG1naMUq
3mM85Nt9wuNcX9YwYn3QusDUdbrRWDqsWq,1rTr7oQR1NhyzGHSdqaX4S9tJGEVyV
1KG2EMa8oFkJdT3f1ZsWxqpawpix8hYL31,3iJhPkKgELQ7Wk1Fy1qrgiLfQ94Lvysi6v
bc1js70dmce3q760jat4v57z37zwc59pvxku5tz5hy,1GmDXi7F1s74e2xK6gWEjedA6Ftq1MAG
3vF21vgyAa9ouaMi65Ps8Tah6ouBQ1WGGv,1mS2G8CfVcGHzThuQmVSUihX2KFyEiQ
3H6G3PshZKo88EU9GjyvP6B6DsNqnVKQW1,17KZYxykrwMSyckrWVYU2Lrv9oCYJ
bc1apx946hqzldjpfdds2hgdmdkqd6gy5al9wwwg0u,bc16ps78k78s5mt2kr90pkp7ht7lkp7rl2fnmx4v4h
3yFSnJfveptotWVvFjX2Woc1ruWYGCHqL2,1dPmL3juoL2hG7r9BjQ8EpEx6o1zVcpDY
bc1wvtguhes7gcmtyglr03yjpx0cwnwp0y27cj3xyx,1PcaTETyaP3BCBJg4WPZytucU
3ArTcBaKAZUHHbxRKTvVUyzGEUVmbtcvSN,165ZxxztCfKQGN2A1EuXSsRSP
3rNWPH1An6jnyguZmBRiN9Mo8PzioxDJ6Q,39huGc6ax8jnZaEzTgwH9wwYGGfy5qhDVu
bc1llc29rt5r4chn55z095l4n60eqqs7dhpcedwh4k,1RPyfK4KSeAoG7kQHqkYhYHU3f
3CtZqaasFvBz3XLvKy2B7g2QFtoiDCp94t,1W2JxLmCz9JnWYjXfscb9Bhdui3Niyc
3udFi8RpbszyerjuLTwFpd7CAWadBuTDwn,1JnFPQvGsV2wrNipj9NVAJrgVigSAv
3LnKDQvDhQ9YpQhcLbYj2YFUnS8vhkoeUW,1E9ULgPHv4Pcak29SKBAoKURwaFm
3swRP2FgtCycgBVHM5rEfu2RG1tETYVWTv,3cgzSiSxjoR2GNqnFSznj5sVJxCZ5jpuEu
3XS9Q3wjcdA5w6br3hiuqnBVet2yzk4WCm,1g2TVXoMtQZVPKt3DbkhtiSe8AUqSS2Ger
32sSXWDKKYtMC6tR8s5ethQz6xv5Grr74e,1tpftBUNtgaNK1gTK8FRy9cSVC1S
35jTk62XigK8QJnLgcA7oqsLkVV55coua7,1kVhFPWWA5iLXNNSf1zipxnHGE73QAMFmr
37NzTqZK1PSQccn4rbDszWgXBAThnvuCm3,1kLLik1eQtuD2meZFpPYEBdX4zVf5Vf7H
1Pkx3wtjRHtKMAHVDAwGc7EH6ZWAb3,1tZw9tA6hmewVMjUQjvBsB28gUJm
3x8wAqc3PwdXCgU8fqeQ4HVPLDwnFhX9v3,3c9yKSBXGagz7MgLdTGH9cot2vtWCDsWCw
11hcRUTsz6uWcx9JQ4bWztg5eN72Ls5W,1Ys714G7x2nJ8RydFXyW3cYxS5B8uaF
bc1gh3097vd7gjcq7rx6kuf8epnvn7l3c6gjur4cc9,1KpZDaXqVGmef6YsXmFNKKHAhV
1srANsBwvKHtDTFbzoyW7cLvATx12gszs,1LRWmzdBfQHVFk552GBsv45mdFXMF249C1
3VvQePcnx2CGaw61MEfdvwM88d3C93eTrZ,bc1gguqndcyv4fkf8esdcljmlpcjczzd9xlcl6qah2
1Yu7pwX6trobyFDRgfH8nhh8HCk7u,bc1nyfls2ajvq5g9wjax6f06fj0h8eyf55r4f9a5qc
1ZNQnDJp7uQ8sAmJZeQ3D3F7LL4QtNEWu,3oQdEKrKYdzuqiWvuQzBVbin8C6QvkWyjV
3KTmdTXVimxQS9de8JDJTaiSEvNo69Km8V,32ULgS3SgnrKiAg2E8bh7eyz6yW32BXS7Y
bc17rmck86m89ar3ld6lnge96wjl2jrnhs0a0uhdjl,1678TPftFbD8u4uS4zt96Q7zA
3ErWJ2UQ1Y7h9Q1qZhLhbjNWSTPtyaLDkZ,bc1pkqy0h0nt6yaqmesunn75xym58w7xfs5r20mftp
1bZ9MwD5XriFshP3WCPxVpRe4rU,bc19nkhp606t679szp4l5n84waxfs2stwg7mxjuyun
bc19tsxvyvu76xlfkcc9jqt7pxr60xfw2n22ylypdq,1Em54MNp5NmBi5bzNe2bpi3MidvsqyLCqU
1S4TqjKRQjqebWxWaibBoh1aTWjJ,143SYJHDU5Q9wNc3ZLjUWYUfdrs
1uLwbjTeYEcVibpZoB7H3fpszro,1PS7uWdfZoUP15JNoHvEZvee5W3URkreC
3zww4mQ9J3DYLTy6Ke6imNwowyYMyN3f2Z,1tTp5W6tvF2rFMyDBzQhCfKT7RLxg8SpcU
3L7p4R8SRVbEK2SnFss5aJsfuBnHVYrwhj,1sWVidzTwao1HNrczLtCuQayX
3YVgSjjqfn18geMHmJ5pJr1YtYQ8hkAcdq,1g8KxB9dLnqChnzGJ9xZbw7W3Lo
38UHr1GtAiBLzqPFT2oZ1tJ4NQfhR4hxZ6,1DocL6KoQeCHwdna1ZZNmbPfo4ufYqanFm
1StB6AgxwSYDTZ1uWR3f9eKu9usFiKP,178euEbzUh6bPzhJ8KisYQhPpn
1LTDPKYop8UPgTCtH1aED8C1Vot,1nZMDysWemm5zopJZVirm7BGhj
bc1dvnnphpckdq7vse6spfdc2m59592rc6396hg6lu,1CK9Wy2cH5nEL8Hqp64sXBB47Z5
bc1uwyt3v4pdd3ex0l8ezcftrn9t8zuedhuxwr5sfs,bc193ahaf42nf6vrnwhsy4pnvgpjn9gywdmkuwp0h6
1VCRzfqBtMnxk2s3TQveWbFnebHjjw,3n31SMVRPTXhJmhTrqPAQhPgSuRBxqxzVm
1oYxg9QYaeuFmgBWJTgRxykfW5kNJc7J,1wNt9CzMeMhq12QFY4vVNwNMHrtb
1CEqRGDKsNhUbr2oLkeB2m2QXLk45rhg7,bc1qd3tl4al74pw9acu9tytp09l246mmf0gq5vaa7s
37rngovop9VpkSzY8QXFrMxSabkzEZrMYL,bc12lpg35ad4x53t8p4czkvjce6tg0m056796jz7ft
1PUijsgUpRCLaQuLQAXg8upxAkTzP,3wCk4GM7ToGdCYgbzxkUkoirjpMcP9DL5E
3LnhtNpq3xAWrnCu8MGdoUggECRitMQDnT,3qg7vzCnkfYmLtjKXMxgpmohhGiLcsU6UB
3ydSiViJVaUmfrx5o6QyqR5Ybboe6ADEov,12ho8CLVfPC1rJykqM9249HHs24JgBHrqq
3KLS4s6qngpkeGn8nF4DNtfVqfVkXQsJT2,1mqXwHcsu1d9kY5aH5QhZQdbHYfUfbiaK
1dQ6u9T3Jf7BmznyEWkijZaA13czr,1YQhC6bsQGiXQv7xptJa5zS3YfGVqzFEe
3HxGvoQgbyxoG4jmy7teEE7VyjVf5FQARj,116Hef9okUUVEzjib5MMdHrenDup6cMrN
3MwFmqtsVpUqBHVPVZRnKPNUT1LuZceBuE,3HTz7BgksnDX8kM8UdnNt8QgaPrqsjysgg
37wv21iy5qpYs3Ed6Lpn4SPgLZ4F63ErTP,bc1gggrc82xqdedvkm4n7aj93m7scmctm862hwmrgx
1mR91tRz5KgQ1zzSNLMSLTDexJFcZU,1nkAG77KnxQ8GY6c4TNUAojWw8PYqbye
19Zm1A6YPDUNTFvPKwQKHgsbXMfy,bc1pjgzshsd7gpu26dys0sshvdlln8x4p5uyjulem3
3Yt2T1sxHKKC3S3ntv2gqavaQ9UKZ76twu,bc1xgfnpgdz22swl60nxf9uf8fcz08tcesvgjl9mct
1GhVorL59w9VzmESdDjMek7AQJk,3mBVcXSkkxaVJA3qLiY7oNXF6xyrcaP8fx
3BvPE3sFQW4ZwPEKMpEJ2TNdg8Htb2dRFY,3kL8godht67ftsMQey9fStWnwpxjZJ3CpA
3DJuXo1cTgTfsAEemwePQ9jywYasaYtEoR,bc19sxqagv9y564yj8k4xkq4lesjy94784rze9lufz
1rzsm132uh5aHSLSLboCS1YRw4zRC5,1RPRmQyMoym2hDiJNKnKZCDWr7FKU
1upknsW6FktDnthCLjTWPsT4ps2iP,3s9x3L12cmc5MXvvDafssFMSBB6kYcH5dm
3ps9sW2fVWiTZWWFDMQXPgzSFWwEswaSuF,1m9afpZreg7VrfK98YpJoNwqTzMgo
1JRq2UV4FHbEjWwFBVfmjeskYqEhc,bc1glx9y5gug48r0a5hqzpxvanlzvegydlcv4gzqk8
14zvzfVmJA8sM5eDcUwhD8NL3J7sntVqa,1HAyqfP8UbxFC7yAEoMsUS2J1u
bc18jzjms40w27j5m8j4l788uhxt95rpazkl0m4x0k,3twfxfRk9XpugrKAtLzZ2i43pWGgHg9m8J
1W25hXGFPjafpyY7wr5jfrMZMPG7LCv,bc15qqrh5xetyz4g5da57htxgycr6r44nkfhdk3m2x
1iy6AKQBWsMD3tQCX1tQqUYF4WhXk4hd,1txhm8hG1q7kceYexwkKkvTnq1L5DRh
1RqV52mHGYATkmY77mpNp3iYz6qkJzTM,1PcaTETyaP3BCBJg4WPZytucU
1SSC6rJeGn7hNGyaymPdfZ1aw,1U346T4W8PGeXeEf46KyXntJ5JrhfPAB
1U3K2yYNFe4MKhYFxzabmAAQ9U,1LMrRtmPDc59dVo9sYyn66KwAHN
bc1srrxd936605r3uldrd9d8k96udsey4hujhjdvjj,3tiWUusZzue38zUhGdMGM3vrwf4S9YLQtd
3VJT5V8U9ZqPVvbr8z5EvvJqbwHkKL41HD,bc1fwuqsssj2gq9mnvstnmx40nuv5x7n289a0e9tyd
35Er5cbCmR7zMy5ntpoqyReT8MgtLGC7fx,3g3eoo8MNxCgqxN4XUqw23oLFUZtecccS8
1eRFxus8Qzdvf1xG2zj5jpakMR5gbZ,bc13el3zc6nemyer0c49ruwt7wwhu44603amnxx9ly
1Ybg67EGpQaC8SN2wKmrNNmxBfR5Ngbv4,1Yjsb4zSajgwAQmDCpnSaEZ7Xig1
1Hnqc1MZYDnQecs742hsGKyhgT6PRpdTK,17jgihHWqazt9cKBhBZCh59BuQsENrif98
3weYo4teyxG6LvPmA8TG3eSpkuBTmw4SLz,3a71egKN9eFrRNGgkQnUNZFJLhjrfkShAD
bc17tc679mget2vfjn7n4sw93u9rpay2tyf4zmy3hs,bc16vs9klp6udkxtp6qhd7w4sfy9et8sdh53ar0prv
1ztAzCRHSWQDTeZhUDooTQhyBs,1xhCjHbmbyqJMJi834Hwdk61HULxFr74V
1mydcMKS14CLdJ4gQSangY34KoF6,1xc38spKstMcwbtvqnVAZDSdHuKnRH
3aVYXADyVBVmvRnQrF1Vop9hfPGuDesTgf,1vrUhBg7qyRWQmKUXVMHi5VPTjgq
3w6kMCAf2NrDQWNkmBHj26pFpFZn3m3dK9,1eLcuZbBvHLJjw927dc7mqSKHDj
1YGE5mPV1gAZ38PQJLPcyzckUyp4,1Ed6HvUtgzcwFsXNDRMryjcFk
bc1482k0hcmflzdcsf8hmm4xs8hzcmy3v27nxc5sta,bc1n8xapq3ymvt8e0702v85z0y6zjaad8kw4kvq5q8
bc1jqrhszcy8t3pu3lp47txw6xvq5w9cz2vn4tkjut,3EjC2VsjN9SYynANjjXM48U8sWc49f75bZ
3XRQ7FwkHq79FbwjPzQLaQbjTBtgKTqK4b,3UpHeM4qcLyK9yP8nozU6bHuAdbVzzLWP6
1yKb2XAdtQzfMtrm4PL2gVXs1X,3EqzBgcBVUtEmmbqs3QJAgDjX1anSv33DF
3DE3dFZZ3eXWjnNEqBg4bHYVU8BAbfCk8E,1NjNVeg4RxV3YrP3JWpDEpAreoFRJb53
bc173vmxmpc8msxypy2gp37qnqwewx753a63xuucl5,1678TPftFbD8u4uS4zt96Q7zA
bc1aw260st5cfzl5e6kws878kpzc9gp2pns5vphzgv,1e8YzjWgCQvWtrCVwbNyJgvLQ2Tup
3swRP2FgtCycgBVHM5rEfu2RG1tETYVWTv,1D3dspFFojHmpgj871w5PLEJ7eSAnR
3bq4DAXMrupEQrfxsD9unVa8t7ZxaFpK2T,1jS5zYZAhC5h6Cjd5rxKU7DLvfSVE1t
1ghukjEDkU6zv7tcCuNDESkaT,1xzjuTNfkPAvWdaTjUiBtDUDZeH
3YVgSjjqfn18geMHmJ5pJr1YtYQ8hkAcdq,119V91NQHSQB1dBswsoREe6FkTEb
3W7HAJB8PZW79y1MeZoQ3QN8jJm7pc78w1,3yvEsHRpJ5VQJmT8ttaRaXnZy1yVSafToB
bc1wtauel79znectrpscjkskzrr7n9r6k8y5dx4j5l,3iff3uSSe2VEJFZXDzkiDD7LhkHMkJE5vx
1KyHYBeXo27sot9FKSgAEYmGdC,1xdiAdmDmzJF2WiALt8xfYL8vDxK
1Hf4AgCeWwemjFdYUPffcH3pup1,bc14y87rw6vag72jeu5syn8lnlge9j56752ddkeezt
32VWnTxL5fQ2zVtaZWLDb6Co53Y9WQch79,11tHdpDB4M92abL67zAHfhaZykM3mKupkq
3quUGXgo4pJJTNrwsSbATSoZ15f47Zz8s7,3bQSxTdxMhZ7bA3su7CQrjZjTHXfB3V7UG
1Ptb9CpcDUBqeMpagNdAAnzdkiP9,1pTynsTpkifxksBsAF6sL39WVHC
bc1gncjsdlcpkjgnref4hmwzuf2uzpt7l027sv58tu,1BFMkjE1KWkG1byNATUdZ89BiHnU
18BhC11RtZbJpPTUdMk6YjxPNZmaf9qs,bc1cw4mwa4d25p4uyzae7z3wl0jg6tdaneh4e7hpgg
3pTAeMCVddNT1rSpRVNQsAYfvZqA3B5NpJ,3vUbofw571231G1Sjx6NeykNHeJ379Twzv
3CX5ccGvZ2zCiwNPxgAfiN5PhDuRsGb7F4,1MPZ9wiqDF8gLqaMvsdmsLNuW4ueXA
1nVjuBmBFUKhBYVQvn8j9yAqasZTZqfqWa,bc1n9jz5yyyttnlpacfjq50jzc6h84tv75l8xgpmks
3pW4xFSwdrrdk1AzLEXr3PbAQJSunDQmFH,1QgwNeqCPQx2h5FA5CEQAWSz36
1NEgpUsN7yQ9njqsspv9cHxehyZKF1ToaW,1oYxg9QYaeuFmgBWJTgRxykfW5kNJc7J
bc1yzeu973dzv0yxccw3eh2hpunk6hucnp5azl3cpn,3BupN7wT2zkQjxWKVjvwFgujSVQRUVBPD1
3r7f29VYMHrrmNcn16LJgQ9L3UwoL81uou,1tKtP9KXTuwj4PCmiNnUD1McZnxVKtCp
1v4VYxE7yXTLGNuPuehy7XXmqcFZe8j,32ogMShFrvNks9KjqtpP1vDNyxemtArhhc
1RqKc3nc3dpGStNcyyJVdYvfrma,1jDcR3MoDehF4JYm7LPZxqCqvU
bc1jf9q5tlv4cvdl4a9724eg8f3xeveews0zq7fc8e,3pw1vv8i1TqZiAVUTkk8mHKhUWP1b1u939
17BtMfDsZic1KX9y7P5WRA9suWU5VY,3QBJq5ABj4yZTvysy5yJur1N5HyLzfakYf
1V4A7BcefygqwTHFAaASto3yHKjwtC92,bc1jfms8qahne628ytz0te3vfk84am83z26ug0gl06
3uweHcTkgcMzTv9YM9dByztN2o9TiYEQqM,1Bgrk82F3XjPxAKykappAYDkzMY8
bc1z4c9kzzk3ls8uxfydgg6cr0etrkl8x8mvuw97s4,1RVBYnmBTageNpx9Qfhn9b7ZRvHpM5muYk
1BUAU7tVSzZT7i9MCHqkpZfDz1mB,13doGvWQBoL3cY2cskDf1mepUVqp
1eHiQhQ7pGZhYyohqFWEFS48aSK,1ENoQoaAtWsqTsDRCwhHAx4NwU1nY3hf
3ytnG4g3x8HQiZnSUGNvpTmSCGC65T89jX,3YvqQ8jQYuNz3VjYrXk5tts91Dq6zV7TTg
3KTmdTXVimxQS9de8JDJTaiSEvNo69Km8V,1BDk9GAgEnRY7dtDu8qM8rFZKujbNaEx4
1Gg8apT2DH3qGkXDMrHXuQd5i,bc1aq0q4w50jq34qremyv80s9qrqn7fjxuhcsrg30g
1FcKqHMoKGXLWpxdh3aJaYWYcad,1174AjtgPTDSygw5TmAt13iuNYPp
3vn9VtXtGAsXYJmVUhjZW8CFAcKG1Gb9M5,1Y2tFAXpTNeiT9Wqd2RuefRtEyv39gV
3sws1vqvPenSWNzM5nczv7mAob3KBqbPsU,188DYJMm1gAkoSULjA7DKgqUS
1QiSbujTqUtvpHa2k5neCvmw8HV2iWic,1B5nYpguioToPoGRGFK8hwmFoTab1f
bc1vxcptrrwsyndx6ejrlsddeman3vn0rjsm20wmgu,3gEUeAGU1nTVtbRcND56QEF2A2ok91fo3P
1tBKAvWz89c3U7bVWFVPsrLghkJW3Q,bc1hqm5pjg5295gmqyeg8vtetunwgcd4anl8wukqmt
3LF17NV7eCyYVjSn2r1a23Sh34YgUD1ZsK,1wNwYL4BhPESshypkJWjuDatJk9MPGMfii
3rXKwjhQtV63kipAdwXrpF58cx7vhMbaXF,3xJjvT4x5nJweJdNCzFrgeuYk5q9qXhooJ
bc1gggrc82xqdedvkm4n7aj93m7scmctm862hwmrgx,1xzjuTNfkPAvWdaTjUiBtDUDZeH
1tgFLJpYBM2KdbM3jF56jdSGy,3kYVUVmBwWb73Q5LuWkwXTnrzx9CrNuy5K
1QsUZHkaxFJgA2WMHSRVfmhMpEMeJwc,3ps9sW2fVWiTZWWFDMQXPgzSFWwEswaSuF
bc1llc29rt5r4chn55z095l4n60eqqs7dhpcedwh4k,1csoC6wyVXd8zfNXa1yxPcSP8P8iQ1B
3dTEWw68wEzYBSUzoTEQjPhVZX1tgJUzuV,3Krfqi9s2ygnmGkHv3dgZj4svhmuycQdY8
bc1uahpxzzv8erhwcwtgzg09c2ulwej7nkyvegj4pv,16VDrJqFH7Pn4TeVTXc5874AcWFc
3Pg2UPN8hY77cuMLvE61QkoY3osF44SHKb,1835b9t9QbHoCTHSy9H58HoBRMrBC6
bc1pqe6sh29jd3vnvpad7vhv298kyrjvca692zqqcy,1qm63VQEfRpwr6YNdbCA7R6JSRLtRMdbV
3pgs2oznCHTFsPAbC6bLdfuvM5nsAmgZSM,13M7jC6d9GoAvAGvbUvKZGoMh1u
3rmZnVrXqsvH3zSpa2wGrwXWN9MV3M5r6E,1vp5qoe5byuUqTh7nJBZUEQPM5vE5J
3dgja934muKJWn6cCPNFyCEKiNJTs1pu7m,3ChtsiQUeLQLtheNJJDoh9vF6Fbyafn5ij
1wzW9ypiQEjHaqBrWtjeDu7hW5rK,1MYKY28fHyzruXqzRaEsWP8Dzw5q1z8
3yv8Rt1naTaqGbGLPiCsruEvGxrjL5vRqY,1XknwGUzG7KZTuynHaZWw1yCh
1qjkrqnCEhPqcpfNJg756kJhfF,1DXqSvcFe93mshjik8rezF15yJQxLc
37jtAFppa7taQGAh6nKiZRrw2bsQWcUgV4,3sGyfhDkVmWb2KUUperDS1Kd3bcjYKmpE4
1ufdDHkM9tzoShj1mrTH6ABdT5wxsLp7,3sDkVxHJWbT9hfa5QnjQfPPdBRfjW8xWem
3Aep2XospDSTaQKBU7ue3mhppw4vNef329,bc1xvjcvvqakkwqjjq7gspwprntqe29632hfgkkxxs
3Yt2T1sxHKKC3S3ntv2gqavaQ9UKZ76twu,1U3CzYZ8MYg2o5UJQ3Fe63296BGDTJa
1SVKkGUcWe1n21pE4qeiHY2v5juq,1AddWrzaJ3ubqRcBzz9zXUed4bDuy
1gv8WJh263Xy4dUSnCmHcUv1fx,1uA68x6ftuFG1tGJqtkrrjxKNnvornM
1dGa2RMqwSyrqWNwXT3ksQm6LaMg,3ypwKuTFaMnhrnZfY2DVYyjPb2LTSJEGJ7
3LTqeQkuUy65u819j7iYyLN4QDafWznyTj,1QtTwt8T5EZRybhZ1B8G6DA5c
1ksC7uunDxUTJ2mKW8yCYyHYfRcPr,15gLggoJEcYMBtpQwuDZjAbFyL5PxC
1DxqYNNRpXKMZa3NUz2xQjfZKpeL,bc14gumndd2d96a2m0w3qw7c7xsnd8egvvy5c2fr5n
13x2xr6bVLb7n36V55keYVZ9rWLqVf,3oK9YabcW3Hsxbe4z12xN7aT1TkDdyydWr
bc14tzkwt7pr74y7kcyz3rc2slgenl3400yelhd6r0,1w6of5GfTChG8yutkGXw2sgQZh
bc1fqlsnr9yp9ulk5x42uy0dlj3f47yratnrv8wz0d,1mAbx4bMLpH6qhH9Aiuw2yexTLQhabDJB
1U9gtQs49H52e8G53zxKxB2ak,bc1mw7ftgra90z5p2vuf5tpzt63eegsj7zyvqkvayn
3C218HRnhvFB5zHSn1bfVhf6DKjjY7S8RC,bc1vh3mq9c2vy3dhm3y04emm9p5kw8t2turrwvzkyj
3sx5PWNCswU7UPPAPZK2rBy6RLfTgU8V8K,3P5BNw6Sd3j3TuvG1pnoed62jjmrSFqjRB
3buPhJiLNK4GFLWdfwNk4MovTqNk1JvrDq,1DbqULF8YC3bbGYxDGHjefWSTYaTQ7
126TvB7gbuPDrqPzpky8EA3XwMB,1Ed6HvUtgzcwFsXNDRMryjcFk
