address,class
32GDjgt6R2DW2CeYDbo1ohLAxL66rcojYy,3
1JdtMC5fmzrsPTqAMfhg5dXFTGvgDKm4p,2
bc1vzajkx0u5yyh3hdjtly0cmy94nvnwg374rucc2f,3
1xsGWBusJec9mYnX1K2vsqJ4s,3
bc1z0zccy03gmdx3hxfl5wsr82j88z58umz84xyaj0,2
3oC6SRUjgz6QLrFCTRHFvSrY3zqyvrAVDQ,2
11PvnHhjnfVCD4j4K3UvX4Wr44rQwaa,3
1RaXwCiEPfJKk5Tzz5DGwtsNAq,3
3cze1pJfw877ZGciCdGVur6RH1mdGjYR15,1
bc1u36jyyfuemux8rcudnyamleuqh2aemegermm86w,3
1DfQH5mMWgqL2sGaz3bMnSz7uC3S,2
3ogwjCSxvdf8uWfKhZCfNkBaQqJDncKSgW,3
3xjfHfc6xEKo93zcmTtaiPQ9gtrtnDohTZ,2
bc1ryws32cw6udaw9mwc6gc08wk82uzyvyxd2wp6vc,3
bc1quj07fvu63heu0g0v4eh6al3aj4zdm9g2w2ug7d,2
bc10hp78z7pq86n80r7wgtn7kc9fjajav7xj68kf4e,1
3Z3Xf4e1RVSNtT9BXecvmTpbKFwHTkafLV,2
1DoLthH1w5iVkheVn6DhJaUXRkLhGF7C,3
1xhCjHbmbyqJMJi834Hwdk61HULxFr74V,1
3g9px5FZRbcmPuJbRZ4x6mdG5EZAQgU2HH,1
bc1z8gejexr8ygypen6awwfvg3wnuhnq84mjqc6jc9,2
3SHzSpyUQK7AQVfQm36F7msp1sT4XdVS3G,3
1Sh8ycEAYZ6zuT7qViWGqyFYPvWts,3
1LnG1jqafsSVLmNwsyEPrQKUuPzne9x,3
1L6r6u19sy5nGdQ5LgXxdtVYcEgHE6ymh6,2
1u3oJN9XZnA5scEu9TFF1ougASMbe,3
1TJzr7PMJh2qP1snyukqumEoDCFkm,3
386d3n2N8uKRCnsNWGAvwyJsoU5kEggQrZ,2
11YTgfapw7E2tZvD4puJQ9wJV6t8Tfk,2
bc1dhydr0d7ptw7mr43ltvxrmw45nqe8yjzcxxm2yu,2
1zYo7s8Mnb1G8R74SMbTDcjufJe,1
1rR7iSuK98daiPbJWRn7esYsRtRpQjKK,2
1gU65SkN84xZfQswRv3HK7W9UrM,3
37HERZmdgZcfh2GmvMB9f5jy6XNTAKKwbt,2
135SRcRDWM7gbXJDz4CwmmH7VR8XEZfMQk,1
1vsaaiR72Kocqv6qFbXPJLLAW7WuMjpp,2
1FB9m5xdTZagtezKyKSUdobM5T3,1
15srcWTZntToeKU947uLiWBFSSXAN,2
1mg4dLLZPFrxb95fvJff8i5ZeL8hwzu,2
1W2JxLmCz9JnWYjXfscb9Bhdui3Niyc,1
3nEEynuCgaSmnWRACcs4UNwiW85ATWq6up,3
bc1advtvz82rk2ypa06c0nuqxy7ndc8r85nz6035jk,2
1cERf5y4XWzZPUdyF1nLjdmjL,3
1LeqgyUB8iw3CntKJQpU3eHs3fGoSQSxL,2
1NoG5RRzBJ6LJSiASSjucSen4fQWkA2r,2
3S8EeNx29TNS58NKHx2BXu7mhDchzC85Bi,3
bc1e7l4k3ff9kk9t8le80tjwlyuzvk0ddjy2zwsy63,3
3m8WsqXJAwEwXH5CxGdc6ebaAduLv3s5xm,3
1mReVdHxVogJ54SVCcKijry8NZKU,2
193wsRxupwiCAzUsV6PTEa3HbqgH,2
1RtjmNQaCZ5WmHzg7yPoLwkCWW,2
1ioX9t9wKPcqbWWVZU1L7RJusdb,1
1aiaAdcq9g2w72K9hQmvsj49DKfXKBuLMm,2
3ehcCFZEyJHDhKMwoG8gPypxoHHiMSFUCY,1
bc1kynj84s5pdkrcq3adau0x725azj3haa9u9alv0a,2
bc1auqjrlfl307mwxr9wg9hejc9mu6sz49y28g8c7f,3
31eh47JQWthK7vJcD89kcRYUYfDFks5Sh5,2
34YWa9LX7Ca6WoTWT4ToiPpka3L4zw5w2Q,1
3myeRzPsuNgfYeMBYXjD12JgYXpFMGwj7o,3
1E4bSfsF3SYkn9zEvaampEszX,1
14xtudRVywfnKR9NkUrJiovZyZ8FC,3
3vr6jCGgbsBmjZUsLx1wx7zUFcCvZmPXMG,2
3V6yUqvNRZD9GwaR9LPqVegFpyeVAoAiVv,1
3e42rwfmQqEi1WNcfcVV1Y1XGy1pgou769,3
1FMo5xTFhJq5ze2QNUdh5reLyytvEuhZG,2
bc14g349mqxy66afjjm43vhekzhtr8znnnl25ew83v,3
1f5coi59idjK71JMG8BTZQ2M6bKPHP5uuy,2
3AP9JV4SRV5FFdbC7JxLcoLLpry8KwCKxy,2
1ynKHnNwCzBm2jwDoq5rog9JF9RNTbaX,2
bc1mdp7kenar849nj5572err8h3k8tw4kyl0faz6ht,3
1XM6iT43i2L7ovjWZLRTodBfPjtT,1
1hCko46sBKTGsXebcbMrcphJc,3
1KE7N9PbaRVYvvBAHBqcsxVCPZe,2
1RqV52mHGYATkmY77mpNp3iYz6qkJzTM,1
bc1wlc8ejtk59yxxptg32kfgml4r7ealmym8k6c40j,3
1N5omQkhsTVasr6ydhroQypVKHY8rnt,2
33dq1vATzRzutJss6M5fe4djkR66D5bXS1,2
1zR85Pj6Kt8mk8z9X1eSid9Qgr,3
198jMRnFeFbiHw2rsCcBPenoEP,3
15t1MKPqRYBUz5b1DvxQHimRQeY955vyAK,3
3meeJSxEFv7c4ffB181VMWpGNksj7uLRXG,2
bc150spm99cu4rhqmqpta97pek588a26jr4p8spvum,3
3K6TNHnjFNyznjYo9w2Ydh1LmNjJCzRxy9,2
1vuXhNy568p5ZSxEGKohjKG5C,1
3aAAUQYxDJG7Agph3qL6FMWgGz2QTkFTo9,3
18pNdeaGp24uS8uqL3TAapP2gBDB,3
13cFJQY4H8CtXdooznMYVuWPBKD,2
bc1cplscllr4g6apl8met6m9jekaqk7jjxlu0f0z88,2
31vC8ivqK2bvmrrxNwP6J8AxnxeByhvnDb,3
1jJB1harmZBKoce7VL5MKdxpfjL1D,2
3Mni3SRARtMNqnakETo22G7LtA5wyLzthS,3
3cS4LyQZvYfJ6PYV416pdU6DeyU7nUtGeP,1
1NSGTEG4kf5LYybZqpRYsUtU5uiWuog,3
37kBzyo8RzSzdqFuv4PQKHTsndXRR9bkwv,3
36HYLQPVc3G9ch3tLEkvu2pJHVh6s8ySpG,2
1BDpjmspWAKW8rt2CqqFTvhGpW,2
382NbBsbMAtkgHPAaxregGQ2nm1ueb1FoJ,2
bc15dvtgw46vrs46t5nfrzl5mgkufycueen44h5lgd,2
1azpLigeUwMJAfZJUjjZuwueD,2
1RtNaT74dacUC7gXQs9zLztz9sB5L,2
bc12pwxcj9ecyddd0q3h7ucsqqh8ufrsfzp7wssd4y,3
bc10c9aeq8lxqsrkev5cnnpr6prwrgkx4qdrsnkdus,3
3HnVcnqyMQAYugUE167aVxn5iueTyG3psr,2
1R7rt19eLtxGjNL7QTqhURtA8jyq7u,3
1gBPM2gqy8v7Q3GKhgmaZyfLXh6fFMgPqZ,2
bc1p59mmmz08lp85v8wewmwr05rd3qznnfsx47tp8w,1
3cUfi7mDLqxHXh3A9ii7cBvPTni7RvqbmT,2
3x8VX3wqVWvBaj8PbtWPyvmGxyT8QhkJhr,2
3wdCdHMfyexWhK7MUafRkqHroX29fCkAHF,3
bc1kfcp6rmhmh38eef4av7l23qgncm6ak5c3nc7f94,2
1j73HGAr1Uw3vbmdqJnY5iXxXnA,3
3QMtfLJxcUZke7MEevF3tPo7Fi2WmWWVJe,1
1wAxY14fmsR7Yhymewk9TL64oZ,3
3EGPdS1gYeckah5v7nJ6mSPfUX8PoYx9gv,3
3jNxZZ81bYwJkuLQeWADqCBorrwzTYH46j,2
1MfEH5CVLfh9ZoxAKnieHMgLUSmV7e,1
1r9YGt552W2aQbuYYzUmNDmjHTWQW,2
3rocAWSBxfyjVMDV4N3CuMUT3yKhXqqGYB,3
3NeqWNuWMsVUcW9A5eDBNi7EpiUUDAq23a,2
13a4FBxbZ2ifH5TzsAqbopBfGjLTbEP7C,2
bc1sdyr0npesr0yn6uc5stps8eevjhckry08mfudxk,1
3a71egKN9eFrRNGgkQnUNZFJLhjrfkShAD,1
1ocg4PdopUb6GNcjvQfHx4mBV1rvXC,2
3WhcgMey6HQfQC1hvYjZaMpExTQ1BWZWL7,2
3FYoFSNVFLmgtrUFPnDhoQMYhGHQkLZBKD,2
3BkvCjEFGEqqMn75xV1rxrNKutaGBmWQk8,2
3Rw2MrnT7XK1gP6MrBGGxLBRRkNQTaygpi,1
bc13mxeh0qdyu5320gmpr9xg6rhgt3etdt4nj53lf2,1
3mS5cTxsevRcQu5LKeicPtnwkXTAr8EFkk,3
164sY2Qm5GAetJFHd8q2frKUyYGSyhB,2
3ddZXeJMYoSNGJ1prLU1vwU1RHE1NQZPAj,2
1D5dWochGeXGB487TThVK9y2yH8S161,1
1KozTnLqx4m5UCqpq8mFmSj2TmXyUgK,2
1kY8UJM4fyES1oaPFyahg9mFV,3
3Lym4M9Y7VKZeMtj2NjF3hZYVZYKUsbrAX,1
1YTnWjtcNcK4ypCgm9HQK6f3wB27C,3
1fXhFNc5vDVt5o4ZwRNipG35Jwx6jXB,1
3FdBkR7eMTftABQLAzSMKzKNmRjcZDmvFx,3
113H18t1zDKmwpvWaa6TAGtFFJaaD5K,2
1pgaubJja54mMpRssEeb1nPJ3Y9WD3jP,2
1a6Sn9LUkYGQShmUCPaZzXFGRga7QNCLfm,1
1czS93pCNkr74xvsp1h7T2DYCXGVj9,1
32af3AHnc4e1PGrfs2seEPy6KsXBWTv2FX,2
1k2gMJzyH4FPzzwxELP8jXgsgRaRKcT,2
1agC9guuRumfZA4XiBq92KyxJkp,3
3j9B82zcccbE25n8rUeBPUAEQyvxDfCCBx,2
1VKTFQ3jPKckbXsnXTp3zXPjZWd3HQJqTR,2
34W9qTi7nwh8QTBbiCTFhuoi87TNXPnWxN,2
1uZf9sBiRJmSd78CdFTrY1tEbUQ,3
11tHdpDB4M92abL67zAHfhaZykM3mKupkq,2
18hGXXhc7jdzVgwzHcKXzM8ZXdVBciy1,1
1jDcR3MoDehF4JYm7LPZxqCqvU,2
1eUdtYLnRkqJjKYDgotMyH2zd,3
bc1jvnmck2pd08w7xfrecawq0sxahscym674yhwksq,2
bc14nzwps4fjfu2xg2wrygqnsxt2ykf8zn2wy04rpd,1
1tdhSMLCko5vmZ6oh6KemUw9tFNBvLrKV4,2
1TAmc86poKenXQQdYyPLpbnSnYEf5vaV,2
3TZpBx57pmNVf6ptud199XPaCgKauJwSyL,2
1cWrr4uy1Zy7H2SbdiQSDB9Zq,2
19zf851iVSz5eRTncRBWZTMBcarEWQY,2
1Zh7Uh9jzznT5t6Ukx5doK4Ln,3
1uaLMyJAhbJnGdaafHj2V85nFcGFkcujf,2
1GhVorL59w9VzmESdDjMek7AQJk,2
3XPhU9s1vTgxg3vdxSvrLG6ePmkjbCLhBY,1
3q167SDHC26wfqxei7r8fuZythFUwevHRu,3
3KA5nPL4xGSVvcBV9mDeui65aFSt9ewfGh,3
bc1js70dmce3q760jat4v57z37zwc59pvxku5tz5hy,3
1EPneVxpy1LLiQDeXwsYjE5jV2ucFe1dup,2
1Abp7VoDoRpygKya8qnmbL89RhZSv36rcn,3
151vhbHhnU89GTEBhbic6pJRZCzycszW,3
1HCogyUBf3eHSLok3jvBnV7tibKC,2
3KnK6jsNDUVt9vTP8idyC8h48rTALtcnec,2
1r6rVzbqHjjFKatb9a1y3Um2XUopTEZ1j,2
bc1yf5z0fkmhqwcmvetw5mzu2pdg73eezuhp74urtn,1
1ehZm9LYejkshkmKuWR4NTWqUXp,2
bc1wt4kluxuzv97z9ryyx7qd4a0dhqxqe6s2j5e04s,2
3TZuJnENHr9HxcAYBBiuoA7zaSNCify9Ty,1
382wmwvAyYWeJtykzfojvL7U3g72cDMKcC,1
3nmC5rgxyPVbW4fQiRP1MJSZDtkRSAjujR,3
bc1nyfls2ajvq5g9wjax6f06fj0h8eyf55r4f9a5qc,2
1bMUSFgypNj2Ga9ThM4Mdx3He5,2
1mbAKKroGhNXM98HnQvADWqoZgx,1
bc1kkedaryqtkywlsl9fhrykkfxldcrq0dxp4j0apf,1
1nvCuBM6rwxMAWjFa6a1DCHuYy,3
1vrUhBg7qyRWQmKUXVMHi5VPTjgq,1
1HrB5qUgBzV7Sf59Qb6vy4yLbz8qjHi,2
3GneQUbQVHm7FVd8644gyPg9d65kmnCfVG,2
1Yx2RvPKNT2ZrJhV8iV7gfgaUrWPVycMy,2
1b8NoamdPRzQ4FEK5gs7AY3fR,1
3R2U2KaK6VhCVpfAJyCdy5rDGJaodxiabG,1
3XRM5pWJfKRFWfYtdWBVfpwGdoruwj4CTE,3
3mqQrudrGHAgEE92oKVzRuCG2nHYe3in4t,3
1suQNf6wj97jwXqxwFtE8oLaPkER9,3
1SFbVNxKRgxtwNip2ycqfwhnEZJxN,3
bc1rmmvavlgz68xua5ucdpm670d6ku66kstn6hwqp5,3
3n8QdK5AWyqmrgnKUjGgpoCRBswtEwvedu,2
bc1xk9vdgzt7rkdaw4rkxmef0ymnlf4ddyfgnat4wq,2
1yQDPRb5Z4wUMcfoio1WPyf8t3BAVL,1
1KX9738sqkvHscmGKtKzm9rfo4,2
1BUAU7tVSzZT7i9MCHqkpZfDz1mB,3
bc180r2flrtar2qwk05g42pnw7laeymefeh3nzg8cv,3
1AnHke7VSoJg8fqWVtUZRkpcSR3L,3
1eivXe5U5oJzgJFRZYvWWQTipMam,3
1BBP5sJbTfdGysBBkcs7X17AUhsybVcy,3
1o68CphB2U9FqrY5m9R7ujSV2TFJqPL,3
1yrjbZHVVbcgpViXRK4tRUVwMh2HCLE,2
1vriUtiPRweMUyADh5VBAVowVEZzMG,3
3BrWoL7EZVznmmZtrsc73woxkyncr6ZWA7,1
1AHSWj6eL8rSRmFoLW5NkMf9kREoQQ,3
1oM291ow5KyA4mfeu4difXJQgZJku1HXv,2
3SCYnehtnQCJ3Ljj8zH6ZXkA2obEmjz74N,2
3M3e8JjTzozZtdXbMHnigiXFLapM6iq54t,2
15gQZnsadzgwjRAWVTyWXhT2AZv7r7NH,1
37JNJ29nRwJHBj1Y43UJTLNqq89dmf9j6d,2
3PuL3fSH6A2dmJee5xYkxXkW2fXxGCqqa5,2
3KbVwLB2XP6yYHBm9xg4xBiJ69tFwu4EbE,2
3WxGKZ42du2Za6me8ZSrWn9YAFxxZ3pxde,3
1wUbqPMdaW3jZJP89ZHScxKgL,1
1GfKDxLv8vc11BZhVP5seYtpS8yNbPqp,1
bc1rtxqhc4kx65e8l7p0knql5rgs9xh4n9jhyamuhg,1
bc1ql4n4uqd45m2mdrs0sphpa32v2uel8k7ax2z5qd,3
1qFUxqpXE5bS6S8yvNthn4o4cS644r,2
1kEbf1PotcLwnTLC6b4nCadFRjSFo4KSxk,2
1m9JLN1bg4WqrRCCunLfhybLaxcRATn3D,1
1hUDUmpoNQp11MZ9SduMyCHDGBrF,1
1qu2gNn7wJEofwyzts49voCNNby,3
1mbrJ9FdH8WaVjnncAPtkNXBi,3
3VxUaeneDtTEDRNAqF5kJXE3WLTSNVG2SG,3
1JWY5HE7MYLgFkmrCc8riYGmHM,2
bc176cq5l7m8hx8j3w62zmd7dwmqymfh04t8dcckfj,3
329yzZouaPPx4PULxeJAgBpb2CuPCHXTN1,1
1Pz8RkPuCsJpfAaJCiTCzSpcFLaVT36,3
3vMqnPprRBcSPfh6h3tAtYf4juuQm8NkWn,3
1FWT5hkPkrQ17vKkV4YFx9pqA26,2
1kAf1GSBitXS3dXff6hSb3NCFuC121pg4,3
bc1r64hps625navd8r2q5qx84gnpudc0lkeajgr25v,3
bc1cy9ckl4zqawshskqqcr8d8zy0xv58hlwuy2eped,1
bc1c8h2xpalek8ms95z07pl7y93exsdw9xdnfj7xm0,2
bc1tv0dndy70cdzaf339vff302kxaqmhtvdvhvflzu,3
bc1ra9c7cctk5tpvd80atkq4yn7y8j49rzkvklzau9,1
1WXtajkvs7aopGDkh1AV6mRRHRBB8,2
1xTpB4BmGuQddsAJNHLaUg64k1az6X1bz,2
3wULRNtzpwfN4ML6Thjt9bsHhpNcfUQBzx,3
bc1qtpe2wnvnzdaalmuhfxysjmsyef43m9wr48xc4z,1
1AvumDFUu88Yj6hswmbeNijPe,2
3roD766jwk7Nrxa14YryKNgoXbDPYT9wqV,3
1Hkrq2KWgGradDHy4o9irwEjvnrjJpuA2P,3
1zkPXHhCrP8kaoriTA8hH9Dkj1jagz9x,2
1v6yB4yebydQ2EVgxeNhofnseGe,3
178euEbzUh6bPzhJ8KisYQhPpn,2
34qYpekDf7rh1SK3ae6Fk58JyAyfF3wuJX,3
1hXzMYD6pEBJqxbDM8d5FPuQ5FRhY5jz,3
3CNfpcR9zS2c587Y4eNLGsE1NyN7vBjJpV,2
3hsYcuAwPMjyXbrU81WA8Nj4jyiFchBzoW,2
1XivEd6Jmrd5E6a5Hvo1xgw8VggX81C,2
bc1qd3tl4al74pw9acu9tytp09l246mmf0gq5vaa7s,2
bc1aumpqwfrthvqdxsudaqcg0ttu3gl4wyhqukrfyd,2
1ACUfGRYoiKmtWvqP772AWmEg,1
1jSHVmF9WFmszFpChohWBzbdE83zvRc63Q,2
1DR4R37NwiFtB1fKHHcRFVL7fgm8,3
1kbcEHa67db3ytpCS6wcJUmX98Ritm,2
bc13tt5rd0s7e9g7f7plx603szws3vnxqjjqasshgm,1
1ZA3E39tvGneFpY1McN5hYiQcK4pp,1
1ByYynn7kPesdYpDGaokAEjNu6BBs,1
1wBHJtpgB9RTeQj8k16P71qw8mGwbn1n,3
3pr59mtpJUFYGY23Y6tR1EEPMHvggiuVzE,2
bc1fz2tazpyd29du4nfug0tgaeemlcyywel6rdhy2y,3
3MVUybd9wvPYYVYE5iXnpD6MCrNU87uMrn,1
19ryuFq48xhN2xNhf5qs2N55ap9BkkhJ,2
1Se174ecBAPRwTiFaJEwG6NxkQ4Ppy,3
35hUeQP4NRG7NnLEA7D1uBCvE5a3zV36Jy,2
3xWKPM8gLtWWm2oUs3Ag5dxEDg9izWzcXm,2
1LMrRtmPDc59dVo9sYyn66KwAHN,1
1iTzymSvwyVNHQcgSWdK5QTsz3y,3
1hZ97NarDsfMUYp7B7xQSQ4LcDj7,2
1AUeK2bPwMRU4sxgGd55QJisXfGq6uLkA,2
1UYnySuapZtCia9fpjpj1twVKngGizw,2
bc155jphxkcnxxx47ttff6r0ldt6dl2awt39df445k,2
bc1urz6zqarhn35se4mxc3rm7tewa5ev7esg4fua4q,2
bc1pqe6sh29jd3vnvpad7vhv298kyrjvca692zqqcy,1
3Yya2jzdnBeDCqjoNG4592zs7v89GB5quD,3
1QVdDRtdTAJufdr7LMzb1XF8c,2
3XmDNu295h8GC6ieUoSwvFCrix6obACiSS,3
3GK7PCMupTtxFQcsxXQ7oRBFDN9K1giDZK,3
1PbX6Hctr5tRkKKCoVzR8AKPaH,3
3rzuHqQtv3e56oiGkQZKcPhTry8Nc2317K,1
3SACuNuzwsGn7w5LcpGA8T8rktyQS8Xafy,2
1EGJ5ZsfjC5y41DpB7DbXrmKT9WvDNys,2
3nBHAJse9skEtB2fTGv5S9WW4G6ejRJQbX,2
173F77taEXGthQPDphVACdhH1Budjrg,2
1ALTxfR2ytAm1MU1sU32gHEWkm,1
1TjzFVN1Mitmrub7gj2yrf9VFjyMkC,2
bc157u4uw7sg4uvdlfps2ndw7efl04wy7n4ffeqpfj,2
11Mq38snWxZxi9jSvH2wFgPQutvbB,3
1o9mFRCJJvTBnq6XhWgMMUxTu2m69u,3
3aNdus4r8fTmXq5Gz7bpZhs8aWihWZy8te,1
1iwodC49tXF72WPvJVBErGcSf8929,2
3EWhCUH6bNGPoTp9H7Pa2efSuM9tT1AWrD,3
bc1ss9y5jwmye4az607n9ks4gkjjj6zqh840428cae,2
1jPyv4F3kSNd2B7T8dZCVgEkSXn,3
1dfCotMQY5BjueVqaUMcZ84RN,3
18X6V3Y2pHqPMsAHXFXcKcYtaw,3
bc15pdxupx62cap0ejn6etzdhau0yhr08t0eu8aqex,2
3Pg2UPN8hY77cuMLvE61QkoY3osF44SHKb,1
bc1lyv44z7xk6umwft3m8u23rtd70za6sf3rhep8wc,1
bc1q6gjf7pmvqvw8v434pcaac26gcxqhnmeace37af,2
bc13dhcg7wl8ag4glcfjpggg5cqf46mwqqpt53djzu,3
3xSFnGVEBsfEeBWSKZExzy1rrY3E7W75Ca,3
bc14zdfqntlut7fqtfyjrx2khek7vj4yc577ljl5h3,2
1ocfXKCauLoyEKyhSxQ5Z5NVEnEqzvFug,2
3coL7QW9VtCBTARmiU6sq2A5WXPR8hFJLp,1
1cz3jMTQTqHU8Bmvw5tbNePSWbw6JLZuaq,2
1Pkx3wtjRHtKMAHVDAwGc7EH6ZWAb3,1
bc13x06tf7dwywakaru0zyg47eh8z92wh4zkuprksx,3
3qdxdFbsDCUVBV8d6WiDSVci3gcdEMXxsq,3
bc1405n3f87ucdw8d974tvyu6mn4qgxmd324dedgp0,2
1JQaACdwcLc2io6humZeXNCAY,1
bc18ea2xh7pq7rv09f8c8gre5yhgzzhcdq6nyhexnf,3
1kJT6yaNRDQHHhWPzjxmiTa2mSU7K9d5Z,2
1b5QqXqm4VQjq3gbsGDZVVxETVZjjvR5,2
1AkASy3RAoVkYQJSJvgXcNe9X,3
1xNcUDLkzvAiUKBUz1hC6T6db4dtM1CHuR,2
3NmwZeCb6DBZ8XeParcyjcuD1EDvc9U15y,1
1RUJmEPmhMqK5cDAdH9SShF7ueBsrmMR,3
3svCNwzCMCaLuvW1GeeQzhG4a2iUcTBkeY,2
12t9js8Rr4d46YzCc1qrKiubwWwQqf,2
19GB3cgQdqwKZ7Uq5v6vB6Kd2A1eTswJg,3
bc1mhhfvfgjd6gxlgwzttcs6497jyjld54f273hgsx,1
127fB9bNNb2hds1RLe6uJUB2oTaSQ,1
bc1gt24flucusdc7vqsau77xlcy27lfcew9qyufz8x,2
19Zm1A6YPDUNTFvPKwQKHgsbXMfy,1
1BENW1bQ5EV3J6PB9KgUGxBQX7oMjfQoA8,2
3g1efR4Rk7ouWniqy7BRms51wiFWcsST3s,2
1tgFLJpYBM2KdbM3jF56jdSGy,1
3FpqjXT5N9ydtPy5vkR2xFetqS7CGJWrFo,2
1DwGgBW3QBH1DnfGTnd6EiDcjcTRbYUZ,3
1MSTkDhgF2rydZMDzNHKg2dAMSz2yZ,2
1NYNx8PD7HsmzyYMDuHmdfgddWXE,1
1HvAsQ1qmfg6aRRB2EcW5aQ2cAdgx2bn,2
1srANsBwvKHtDTFbzoyW7cLvATx12gszs,3
1xtYicziSq4pqj3QvdSn7rkaniNf9FU,3
1e5uVFGJSnhZbm9HDNNHwAdUSJkh9H,2
12DJaGikzQcALArKNsVAXBu1wLJE,1
1eMTuuqrnXECfQ6L4ZYjsy4ZFF,3
3heFgT3cZ6Cq4uX4EaaTYnKdC75CYDVaar,3
1nCocT1kbVBWWxJsFGZJSywVKyUA4SJv,3
1pC7EJJmUgvDfKCPAAfKWUbRjEGwqNJjq,2
1RPRmQyMoym2hDiJNKnKZCDWr7FKU,1
3Uy3fguVHcN6eHNv78kKmQ99JC6FamGXH2,2
34niKruStBUTLghFk27QPV3XuW1S2WonVa,3
3jZynXor6vczkmRHTtje5eLXhpS2a1q2ER,3
1amXeCpvtiaB9J6Xw38M5svfCAzE,1
bc1cqu7r7qmmxpwxcjrlsjs9x7htldxzs0s7qvd7rt,2
1SrJz5ePUxGeK9FZ8Ahm4osfNR,3
1BX9ofNvn2CQNqd222Uj9QYmiA6,3
16z7UzrY8bdKUu8fNciUkrCD8wE5,1
1HcFFjJiTbWzGuLN9jrkodoy1dqEQ1U,2
bc1xmlvlwgwh5s2l92mcwrmcgedq3rl6rkytw377l9,2
bc1usy4cxhscjsp33kl9945m8ak37dxplvvsd02hfz,1
3fDjb4k9UAyyyPARbFMEx9QjafC9GKdXXm,3
3ESpYc9tkisx3qFdRAisVHX6jxsErVhS47,3
3qjueLfFM1iVaDSGzpVcZcsf37qe66yEai,3
3pi3eSTs3QokSuDBdLHQ2TtMgMyHnKhdmA,2
3sejknAV6MYoyKJv6QdekCrVLSMAA1CKWe,2
1YQhC6bsQGiXQv7xptJa5zS3YfGVqzFEe,1
1JxrVSZzCBXQauPGoNoSNvEY5,2
3Kphoa6vziY7pEMhypDGqTSb4z2TetUh4M,3
bc1gguqndcyv4fkf8esdcljmlpcjczzd9xlcl6qah2,2
1axPQh9L6MisVBQEzdLkX2cy4NAxX1P,2
1ZrxBdBDMsubathtB9p23YxwoKHMBXuVcz,2
bc17a3vwr32t86xvtaaeak6rs42sj3v3x2wx7ddzqr,2
3cJzmmhX3wJbuYejX3JBx4psjXBNhu6xti,2
1Vac3Pu7HufvLBPEvQAbdFvgiuJw,2
3uQ1pNqBnF1h3m8g57An4YAjxihHHrGmPt,3
1ZV8zU7EqBmoFcS9b3wmBDKZxL,2
bc1atx5vyfz9x4wmz8s3y7p4d3n9atyr8vj6cr85jz,3
3uweHcTkgcMzTv9YM9dByztN2o9TiYEQqM,3
bc1ddhwvt2vhxxxxm4nu3cd5xyr5f6cnpx39vs9wkv,3
3GkZAQnCQUs8wKwcjsgn51s4rKuC9DqNua,2
bc10kfr3uyd3n930lkul4ywcyvv9qk6aj9ul7juluz,2
1gv7wxCdHnnMzVdbzNFWyu2KAehGz,3
1kmT5Y8ydj2PuP3fhLornQLwiZVGu,3
bc1z42sreerztyecmqqemny5mwmerrkxhzz7qe8pz2,1
3UCzcBHgs4B1BC9Yyhh5BKzAdbbWHRpjXe,1
bc1gczzthn6zckqhzjat44zg6wh00c2lxjptwwamlw,2
bc1wycdqy2l5vqe49j9rvy2qvf7380hd79lp7z20f8,2
bc1edqf954dryfhemtlzwdx28m2ale3j2xy25l8j86,2
1tKtP9KXTuwj4PCmiNnUD1McZnxVKtCp,1
1cJ4tXWFNhrJCJ2eRNmzSPASKwTCcHbK14,3
1NKiYdePKq3HZZt4i8449XwEkyLQkVYX,3
3P9ppT7uGEeZ4qE3DE9sWKkf2mVfhY3bDa,2
1aNuADYvkHZWACcLKG7H2beWQB,1
1ksCakqgtpM4dZtFWJDBLViiTP,2
3vUbofw571231G1Sjx6NeykNHeJ379Twzv,2
1twB7jTthG2Z4hDQN3SUB1ufx,3
bc1khxg47xkelpjm3kekhfzt63tuh325djtlcy4u4d,2
bc1zgya5w34u2aly25hmjle6v6ul3sjg37h4e026ta,3
3pDMQk7eTqtB1oW795xFQpY6p228Bn5FxR,2
11bLNJcvdbgyVMFUokmRbtxgzPxm6F6,2
1TkEz2JnrDQ18snwSWThPve3ah,1
1JAHL79qCV1moum3BLgrEShu69jwZSNh,3
1uNYR2Sh46sfUWFv826BCfYZUyfa73CJk,1
14n7fa1t8vroBUU6PdYo98Wr4WzZFk,1
bc1t8gpdmcq4avnmhyneu5c9nfcdqzzuy5tvweaf32,3
1WPsghvcfaU6VLWdFGGHWKuuZMJpXQGR,3
3mt9mJgMYKoaBjseCnqBeVFVGZY9cFypz1,3
1vTzaHZC3RybUP7BMo4rHYGnvgCtZ,2
1yiHEDckvME2amAyPY2Aacyo8FQFct,1
bc1gq4dmmw8mdwyumcqcx4du2qsvwxyz649vxtgkuv,3
bc174j5zkqjtqdwddtgag98jssxpvp8k9n3gsgyydm,3
1KXE64enxwBYwtEoCi46pB8Tmi9wF1r,3
3W2W483A8rqaHFB7Fek4N1TogPYQXxwMci,2
3kXQWVoCbNJcQNNKC1Se9snkeJF1ESVUTt,3
1xF9e6NMuts5JpY3yr4LJW16kZ4WdNT,3
1TdH3W8SVm3njZ4ywNfSiG9v6PP3JxCaRp,1
1ZzDzA3jnDvAg7fpLjNUxaYukdKAgiXHb,1
bc18q02s0hv7fmry8eu8uaksdvjf8n74capvddl2tf,1
1vPDREFoLbbr65j9Ruwoh93U2Hqgvhf6,2
1L3azcpCAPz7bcXqH4cGeh6cg2rfh,3
bc1tsfkve8lf28yyzjrrwyzckjkdr573jax0p9xzpm,3
1pTynsTpkifxksBsAF6sL39WVHC,1
1mdioN1VpWDLfjWXtzccSxoTi,1
3Yk3LQdnUsvvcEKbTJe3EuFGX3xTQRxoGp,3
3RWxoeJb3zDfH7EzZLYCg5ew28kFffRuCA,2
1JYY4zsr1Enowx7T8mnT8fH5nMPBw,2
3ucymzALXgCzkMLPk7WpDCdmk4zEfuVmPe,2
13Ba1fNLk1KT86XmbUZYm7pne,3
1pJr4Jx8FP9LQ5X5JJ2yLiswbrN6GLtBD,3
bc18g633me3jkf3fucpad4gpz7jr00t3gj3ez95jm5,2
1j8jpgEQgsajqVERcPpH8yQaGcti,3
1VyQCF8Be7f83zkjg8Dxaeiq17C9jnsKQf,2
3SCdCMsrfVxSFSAnqkXC7HHBmUm4TJECsq,2
bc1g0wyc5vl35ygtgrmsfvz7rug87amjaa5lq72k3j,3
1BjiRhGCQqbZ6UCF3LUELEx15Z8Q,2
1Qz5gyS8jD6FvQzett6vc6FbkwEUHAkj,3
bc10leurs8jqkac39hlj4x68p96xfpwnphhtcc6dk6,1
11NXgt7mD97EpGXZgxwuvztAzXZxRco,1
1cvoqCJmT6ao84jXrZPeip4BsoE3r,2
35Y5X6GYq3Vq9nh69SRd5mTgzL212f2o2K,3
3oa5Cx6nYNnkcizKfoWHHAY9fYHXm9pHd3,3
1WU33ftNd6iG9N8QoWzN3JAaj,1
33UQEbcTMzmnxrX84ovsFXtvjGjxeYUtFC,2
3BeQFg9QgjXefJJ2tk8irR7xFT3PwdAwNH,2
bc19eht39xmh40fems7saq8r8ks6ghynk42f5lfxxl,2
bc1xsjurheezkwwurpl8z40y5lpdpzzcc07lr7mchs,1
1D2paLRYqX1gLdVjpbxuvtgPcMt,3
158XmHYEQUqbkQAiwcW5TLR6whrJXQkqdn,1
1wRykX6kRrwws4tMQcpmPg5wDxmFL4RY,2
1VrRZudzqHx7JZoznLEsujXQDe,1
386Nh2pWza4HawiTFoQbawRdosfqemkgmr,3
1JYNPxFL62WJcyCBCBnpJ9yQZwQhzUQ7m,2
bc1qwhf7hs84nt87yuc6l6u7urykn23myjt4dgevvd,2
11URfg9CXaykFCGYEoKWd32xUD1r,1
1uPz7yPC5Ccpp2wN4e5d5j4QBdCaSQ9,3
3DH1VSHAiT9QsfbLZ6sjpvvyZw4n2wgGyC,3
1wxKiALx7Y51ruA6b17kEWf8Va,2
1CStYJbjAa3sJ3pSH4TgqQXvuj,3
1AB1A6VpYBdGvRaLqngSksEpF7WYzQLaT,2
3VhYdQv7U4rVuXor1mN9fADMg5PsNnYS7G,1
3jXmBy9ZykxZXgEdYnsx8vroxhEqSiiFye,1
1LjWdeHTYTouhSMBtQPCmf2cGnx4dyVXP9,2
3vWi9qKaVknXg1egnNhtfskPjLT3gAuBkr,2
1wPbCMpJed8XaGPssCxvwLA5gLX,2
1BwPyAwDhLcg6rw7iN2eXxxZ1KVgpECd,3
1p5qvbACqLEo5NP6J7qCDBcDRjx6oSK1d,3
bc1ymefczc9vslks3n6cqt8s3cvua3acd7mjdc3gmy,2
3WztHdjRNsnqHWJc75hz2w13AJebs5Eepz,2
1s51L2CdZB6JrXPbzVVrzDTdSxe91N,2
3jANDxXoBYpjC4C9q1J6N16FGAiT2AUX6T,3
3uUKkNdVNswKcWmfTuZjPYBS8U4gCnjvfy,3
bc1a29jjnhu7he4j583895k8jux3fd05hu8ef7jgge,3
3cjBSprSBB54FuUXV7VtKaZvF9pk6oQnsY,2
1GZcwtXWZMDjhNWBdP4qkzmCH,3
1epra74qADjus29anjbM2JUejCcC1RU,3
1Vc7Qdj7AsvxQk97mg7P7u3c28LkXSFvkD,2
1SLYfTspn7mH6Hngd9L1fy9H8qbh,2
1iq4keoDfb8hV16y7GRMKNJvD2wtn2,3
bc1adt980pnph7dmq8yf5u2gm6458kf8rnav0a5tuf,3
1bnMHqwFq8oT1347n8DojQETHwVR316j,2
192iyhTC3TFTE53sMXGJoBh2ZB,1
3XMRRF271CfsCQpvSFSPp5aXqhU2yQRKLb,2
3o3bf8F2eaYw4ikrdG1Fz4n3cWoJqpvPcz,3
3eCbgpPZHQP6DH3UGEBKBjyfbauzS1iuAR,3
bc14qws639zp94qe5raa7e84cjnucwyrl7h357as6m,2
bc1aufycwutsajwswq9egp00z66vznz5z9u4jenduy,3
3Pwfrf33MiGnnRM3ueBHthZLN7varfeBet,2
bc1kfnv8gnqwfzq3ryltc6d3ysje833snuyg0lcwjd,2
34JDqbkjMkbpzsi7DitLy3FZ6Lq2AuHJ98,2
1eshGnRrUjuw4WhbaY3Yu1Qq9GSQr7,2
1dvdwYcYoFyPcSvPKt6LGKf7cig4gU,1
1t37URjEbkZPRFye6aLbN12faoJyF3v,1
bc14gumndd2d96a2m0w3qw7c7xsnd8egvvy5c2fr5n,1
11wRr79BmTxUfK8K425Hz6urp,3
1ez1uY7byUVZC5atMvuvG8inreR97ACFj,2
bc12dkhm3wt69l79y4k82gelgp7g5fwhmmzyxalf3c,3
3VwjzTuQCfegAACqYgpuM1Yo4nxpFiCPzy,3
1W9dErt1rsnjWiPUHuqMAFvxGRpDYM4bD,1
3Z1gkofEb9TWfsjoZRbW9th4zKa8UGT8N3,3
1YxiB8CZETXEn97eY2vAtDAsviZD937BB1,3
1PS7uWdfZoUP15JNoHvEZvee5W3URkreC,2
1Kg61jzTkv1pHLkNqLu3SuPG5uPNsihtwz,1
1Y6cvbmUX1mmRYJ9XZdAcnXYZXd7Xgen,2
1NbBT5TNhE26ShzTxXZsPJ5rm,2
bc1ja7etslr0fzh0v9z3e5yzkvyg9n0szpkluhtar3,2
3Nq3SW1a8sV1aw3dDhLG4ApHszWvcttH4V,1
3uWAGT6z5wYwm14nwek47N1BToyfKRk3Nw,1
bc1w6ypwej4q0u65ujfkk85esd3xmtng0r6znhalxf,2
3Dmm3L9mfQg4tDtnMFmpLvR4rySkSbDiFJ,2
3CJBoPyuyJvYL4pvhPTL5xAZj12wuK3dJ2,2
bc1r87lwsvn4yekwv495vna2ag74lu49ueut7qmckp,2
1DiBsyegGdc2HxVmhqTYvibN2Ek41P,3
bc1nlcqkjqt7udskcz35a7l2nu7tc8tjytzp7jj5vd,1
bc16p3k0pk80g4k74jfj7t8q0vm92x56zxvgu9r39p,2
1h9nJr5j23tRgM1mYuWF9u6PD8vHgxvTkz,2
3yTrr6bbRA3xEftot9NX5TT2b1S6LAiYBS,2
bc1reh9taesah4jdcsxt3zj2hk0kr3ppl283enx3v7,2
3auoHxK46WAkA4YcYdqEfAFHVHD8kX7RxM,2
3C18d13D3whD8iVr8sFi3n86L3FCgpLnEq,3
1QacEmgez6gpy5Js3waxDw2FxYHcP9,3
1wR14QtyRyPxs3EP9aoM4annJ3xP,2
1cBER1eNT8A8t7J9DQ8qLehG9grdx,3
3Vzxcjv9EKp5bgGCLE8yzwyBN4XEGCpoE5,1
bc1msvthtwhajg2wjuegcu57t8t0mvans7zxgz2t3a,2
3vwvJ6LmbKwaQqBrETy8NizGPwHzxeaFuw,3
bc1f2fkpj8c874q34r76ayrt3zag9tlguduegm54p0,2
3Aep2XospDSTaQKBU7ue3mhppw4vNef329,1
bc19yf247rqf7kracs5zlaxxntyc9hn9hmeth7tu4x,2
19hpEctbBHrhqnDM8R6M3QuYTWP,3
1moqC318PMrpZtZZxhxVodvmXF,1
1Kk8DyDh9xvWdkHzMzrZifgrBxQN,3
bc1nlx5u8ue0ez53g40r802m7c52q48vvpe4860tzh,2
33KZowfNRi5ZvLR1w6ibDKYMBU18FSA1de,3
195CFiucTZT3xU5RtEozBSPmTL,1
3XdeREdDdavhCbdPJ2WjaLE9AaM2MoGHeo,2
1i1RZPJfSQabvt6pPMh2r2QMh,3
1bPGRBT5tZMaPK3NU1N7XTgRE,3
1cvdZaLPvRSJLGuvkJF5ucPvbkFhrG,3
1aGQ1mqhAEbW8iiDapetaw6AyzmS,2
17U3KuXCdnNUar8F3HSJv9cZp9j,3
1nCsLPMiPLLgU1wy5aD4hZBhPD5,1
bc13pxuxdahp8ffgxrf4kdh44e3q3u72kymvjpu55l,1
14GzJq4EoqwApcHPBkjkmC8zdE88Q,2
bc1xu88gwzk4dwaqmy0nc2upgtp798jc69qgaep3w7,2
3oov1TAAoHt4pivGtTn6vehKG7nbsv3MYY,3
bc1y452mzynejkvcfgsh705wcz9yzps7pkl3ehpalz,3
bc1m0keantjngtnhurr9u7h839qmyr944guv7ahq3x,3
bc1fwuqsssj2gq9mnvstnmx40nuv5x7n289a0e9tyd,3
bc1tzey5jayfza7cxy2ckvdwhyd6h47pv2gs53rxr5,3
33GXrhAp5r6qnNJftiYsYYzJ1m7KZ4JJ8q,2
1BvvVeUqXnxdHskm7S8JBciS95BJ4Hc,2
3o7jwvZrs6sSpQcyHh6Ah7Y4sR2gA11wkY,2
1B6K3oGtuY1MgvqcfZc4QhATSFEqzCs,2
3PnxDVu5L7dYppQQ7SJn159WAui9grjDuT,3
3rXKwjhQtV63kipAdwXrpF58cx7vhMbaXF,3
3MVj1ijhNhpXmcMq9SJWZxLDGSdmjtacSd,1
1Qbz4ScVZZbJgFMcaQ5Woor7THTwLQao7P,3
3XGKnAeosKAqzA9TQHb4qBYFXm1saCf3Uf,3
3EbUqk7MzE9xnv3DgimQbsbe2yMHZmCSYq,2
bc1djs0hqr0d5prcdur8aflynp0473a6tfpycrand0,1
1mBr81EweJoFJuJHnNDSArpXKV58LM6,2
3rb1F8B6svnEn9yVRGejcZiKKBfAq9r67W,2
154L4r3J6SJUmeM9SXkj7nTMJoaCHuCLVX,3
1XRs4CpXbBwWWtpZMBYCHZBgK8,2
3QqDKEpn3WsMgBHP6UkwbQwzEp8cFNoGu4,3
3a233bLE1uqgL65bfHHePjWWcwqcTNAuNm,3
1MXwkq39SajcurqpJYeuT51LaJxvpnoCVs,2
3PX5jeDWkr75FzVYGvat2ofsqarqSaN9rv,2
3Dn6qKWkkTkmfCg2k8Ea1xXrzJeK8i34Xp,3
3ri3LtJiC5LhnVNQv5hWbZDFchdYyyqRNx,2
15LPNaZMn7PFxcfquUB2AbzeQLFB,3
1Fpg5tdhxKtLsdJq3N8BZ1VDGVD8r,2
bc1gggrc82xqdedvkm4n7aj93m7scmctm862hwmrgx,1
3RZZ77PqGiqCwbmuWCUeMWjDHU1FE11uwM,2
3dR2YPMnyv4rsE53eT8GH2iVbh6DGzEY5d,2
3Jxv9Hx2jZ9PFwQBNzqoB1qhgA6Xd3JX6P,3
19QhAw93bnEtR8aCxa1Tc26FL,2
3y2Tc6k3TA7YP3WteVB2pKvmknz7AoxU1F,3
1z9EJrv8M6Q9BuG5xvf1GkSqt,3
1DBeM6vU5Upi2y8wpMY737a7x,1
3v6oYQkHcYQURsyg8TzuWGT2kSfyy72Hr8,2
13ajXptyPxdqnyHGSTxW7aXKS,3
1AzCjgksMLsm12YNokzTbc1Xm,1
36FQ1ar6Zk9EgCTqgwaTi31oLYq5ruRzP3,3
1pyWgF76qx56tKfZNGWmxJyBGr1NKEQ2Kw,2
3FahsS9449tiohY6WveWbmy9t9XW5GK8Eu,1
3CKxDz2JA6mxYLYgwdnyM2ft72TB4R25ZX,1
16suCuZzd462uwi1jSKxmjyFP,2
1etyRDdPy76ENiozxJrGMx5zYAK6g,2
bc149wqvdeaae7mgzauud3smefwz9pxqdaefjlly2g,3
1JRjN976nSFjMMaAyfHHpm6iV,1
159FrRJLbHsWB4WbR2QGmM6636pNCk5jF,2
13cxRpE9ieW44AzCbYbcx5o21JwpEkV,2
1mZ3ktktAzMiyziFaHyUXsvd5xLLA7UA,1
3sSkUnb4E7RRZWnUq8CbkdPUmYVq3sZ7uB,1
1giNMsW1efJo8sxApP3zbmYrG,3
32ogMShFrvNks9KjqtpP1vDNyxemtArhhc,1
bc1jfms8qahne628ytz0te3vfk84am83z26ug0gl06,1
3RxKFLkv7Y5TVo8bmV6N9rempTEP9nSjzm,2
1U346T4W8PGeXeEf46KyXntJ5JrhfPAB,1
1gQ9TZqzTR8Stg9wrhwDYvUhM8tSWU4,3
bc1kesalj8p2t8qe47nyxdzunw7c24hdp0nwkt9mjm,3
1GrUrk8jBhBeU75TNtR8VR4JcY7GZaENw,2
bc17qje9uhlleqlu9v0zdqzwuqxlvxup2qpjxdwggj,3
bc1mwjed8337pvag9th63rnh8w9c9m9j685fc6p6kw,1
3pTAeMCVddNT1rSpRVNQsAYfvZqA3B5NpJ,1
bc1ng3aj9978978zyt52mpnhlfe4pmj6efenc8uf8a,2
38p2ZjzE8yGGAaSLbKsb849yQ5TbH41BmG,1
1uLz68P5EUEQwrGKfWvF6uhtRTm2,3
3AkXGsGCh4hrMKGi9a7EqXSvT9UyNjr96Y,1
3FoKwnbjyJYVSdqCDEAbZMMc4LifxGtLWn,2
3XqYyKSo8n2WQ8aAJDnsj5aAABMkXMowQk,2
bc1w3xcu5z7e8gfjnen5v6wyvg6267txz65q8zhz8t,2
1BAq6xDrhR2XTfKH7gRqUS8HiiM1KTCRSR,2
1gCsCQ1wcH6S8C6MuHvCBUtXURv2,3
bc1xgfnpgdz22swl60nxf9uf8fcz08tcesvgjl9mct,2
1RZHUCSh41xbEsdKkG6jEnbq2nU,1
13VeQ6DWuGD3j5kqxMRtr8skQvunNJh,2
3pkaw9Uha7nJ3TqZ2yNkRL3hSvbF2VSDpU,1
3uY8jRtUaH51WWWLWLbpPkaCgAWcrkz2qo,3
3rqda97TGrRh5sgSQCqmQAvgtUwaBqq5zp,2
bc103d2uxewwaqd6n9j9xk378u48245krtjlwlnz23,2
1FcAzEukHnphnhp5j7Ur1dxGD7tXsm,3
bc1r5gca4u5zq7crpny5puxs3su7z9y9735c66274q,2
1fyxBed6R1wgitP7oQ8ZXqE74kBvCuGGK,1
3dBFzgsu51kpv9AsDbawADN1YGTpv4ceT8,2
3FKqtJMDmFkhpnnH1FQhquY7sazFNwQ9C8,3
1QTmyQa8aZVutu83FcPAQc1R5TwaBtN,2
bc1a74yan73xchmvskw9adf8sp7eu6rxsxczlvqufp,3
bc1kaynhzeh4mmhjxrxe0y53yj356v9e7ya2l5p928,3
3VRcodGuQvZynvy2zNXt5fFwTQ6Xay9mve,3
3r1FwV7AE5CfKQ1VVe5zME5afy9Ldqb5CV,3
1CjprKrHcnV2kYsmK4y1qQ5k5,3
1ygry6hxAYMGPy3pZM1MkjoKq,1
1PNb7Qep1HbtoiKKYzzFvi95YgbPAwjENp,2
3gHykfX1PAh6uHSbsiLRCwcUG2uumqVWxZ,3
bc1p9lknn3hkuf8z4aevr3332e84r5ple49q8u407t,3
1jx4Xtmvt5kHkpajaRnoz8QFhavNy8Pj,3
1Npu1uW3v4EPEqN8XeeRqdb1D37,2
1e98cLgmTNUbE7eBP3iR8yMpVJKp,2
bc1jy2h7ff2srq3knttxumcvvmn4y002dqlde6fdwf,3
bc1ydaqxezsqtxqw45z0rdtwpygz82wgk7htreklwp,2
38w5eXaQxwrQDLtZCKcGfTY1g3BFkUUjYF,2
1ZAcSFBphcUn8ZrH3svKmpwtTc,2
3BAUEwAise3EBaFz4cEoWJDJfcXt1gLK5q,3
38PvSShdCx81qnzD9mSdnuVUDwRjh2Qvj2,3
bc1q3pvpn9sf5z65efpug4m0csddta6d968ve4tmev,2
bc1gdzjgn5xsxjc4h6k6nznkdjn22mnex6cdxy8jur,1
1awXefuLHwE1hBTjzs8CbXvwJpvAQTWVr,3
3Xu8Tee4fyHP3hzCiaNJkaYsG2gWgdZoCg,1
1rrSCo3Ya95Q1RMKTWxLfXQLm,1
bc1tl90gqvwseemfpzvgr9gfzsnaqe6xd3ds820pzq,2
13doGvWQBoL3cY2cskDf1mepUVqp,2
3VqL9GDPG1K3CkNhJWzaVeDF2Lqm3fSAcG,1
3o3E6ubmLHq2CK36kfUXTcx7JWRGuXA1Xi,1
bc125mkegj958ldht3kc9d0axmwkv9j454tlsucwsf,3
1ppZRYqwvET9e7dw29AUp4ioyKGoYd4,2
bc1gww2g5w02jz6m346hwzj2n3fsnkvv3s3wxqyq0z,1
1gBwnbdL6sY9ZnXPfmW8oeVvPmy37T8,2
1b9ZtDuWvSJuvFKRLWQXjEyLh1V,3
1mqft6LdgmSuMeXcgjWiH3NWDy,2
1txehkwyorCYSKkpnbkaSscYs9eJn,3
1WGyaJvzpRrxp4D8KDVfsMwNhAuffEW,1
bc1cxpjz3a45l89zmhzth3jeqwxfv0g9rhj35a0han,2
111AAW6Z5qHzEmqfPthFZhpHj8prYHdE,3
1pRrMw2jaiBZBNTbNRS59KPEB,2
bc1pe6yk8n3zlhl3u0nq0wzyf6rfnxctwmadfmvp38,3
3P4akjetdMkeVSrG6c2vyvY1BoLjyqnGHg,2
bc1vy33jfc7zaghkt0jxtrkjsw6xykfjfw5dspstpr,1
3UFKaKwFSYA7oVYY6cQXR8mqQYq9RaCviN,3
112B4xSLewu2KqAj6n2Q3KFjZ2zQ,2
bc1xhyyypl8ly4pv5r4npzcgf8r899vle9hg6dfyfs,3
1cR1GWRGkjaMSTfdsFfYdBUEQmLBP,2
bc1t2mgcv9emsndfget8mk9uc7avh423kkdcujuhyx,2
bc1cvayr09w5a7h38g7f3sd4qev3f05nccezrm4sru,1
3CT22oUPUAq16YRUZiZ9ja7yyQCmnSBeqk,1
bc15vktvaxryamjuqvjs4lr5kvfwnw4du82np7rtcq,2
1ZGam5EGGUfqfCgX63ZoGjxsVD5F,2
371Hebfm3KuAu9ZtrvQY2xsbF9xmFtwJGA,3
1CRhZfVwbCY4KUrtn7sn6gvpzJTsAw,3
3fH7qTdKuw5vDSrNPrB5Zx3dJyfNnzAe7H,2
15LLQfyB4YpLzBfjt1dHi4iabcXv,2
1cWyby27zhLTwvDNWtrBe6AQmMNGsUf,2
17DzNexrGnWn61yyQY4GymVY1QCi8,1
bc14yyy9yqg2yxljfqzh3we8urr846722cwycsy6ed,3
1xZ3mX2v15t6HswF5LmnWuvGUQTjdY,2
1gvDPkVueygEZmf6pcuSwupQaKLKLVNah,3
1Bt1RxZ3JtXoRNjPRETGS3Q9RvRZJ,2
bc1pt5sxhn9nvgw6m9ee348ygxscgwyr28mn22wmjq,2
1ZNAATEmD9ogHBD5ev9P32qcPuhbS6JA,3
126TvB7gbuPDrqPzpky8EA3XwMB,1
1f3aeDcVVc1eBaL69qNiHVWNyJ,3
3aduEHnjy8ExeUvX5LHjqSn7JkCcuvfyRR,3
1Lfem42aZpeU4fodAFgPdgSPp,3
3CF9g8MAsNdieNDV5rcC3wFqmFkZhsh59S,3
3drPDykYFVZoVL5ztv96nf2PMhPBSnDt49,1
1KMxuVqgKkcyGSJRApaiq2Q91Q8ZK,1
3L7p4R8SRVbEK2SnFss5aJsfuBnHVYrwhj,1
1yiTsNsHfTCeX6Tgwz9FSjA4ZhKiPQ,3
31CdfrnoR149o9pqtiXWGPFxYCkRTa2nAy,1
3QiehPreFvtsb2zvHi4s9dm6ZD3et17LPU,2
3Xhi4sDXWej3F4HG4QtLgqCd6WDJKWCd1v,3
3KH7qTG6v3tnfQcheChS7WPyXR5apPMjXf,2
1U3K2yYNFe4MKhYFxzabmAAQ9U,1
3UZ4LpvRVs1sC9WCuTUPbpDKepiA8XwRy1,1
3pw1vv8i1TqZiAVUTkk8mHKhUWP1b1u939,2
bc1yffx4ph064lrnakdrj5rtntvcdpn4s8fgqkya67,2
bc1vkxwxkyzzglkwtf4dc2ejz7pkpv6yqsytjxgw2w,2
3rDHWDV6BHQapPyivzPHqp2DwxhpQNn9PL,3
bc1j9h4fppu4y34z4vqzqcg60r7xp5hl2d5xncuezp,2
3bXbEZXjoJpyBexLx4Ywkd3j3GDSRFRAv2,3
35zgR4rsantymrsuDzs6ygwgk1cVCSWy6a,3
19REzjM2jQVUsWUs8XpDvSXfM6esn,1
1AARSWh1hCe5PpAYegiy1HaoZ7KdU9K,3
3VJYBZxXKvvwHm7wPVaax9xssM6X57yX3s,2
11cGbeXSqVezdemb26sL1ePdV,1
1QeLzArQD7ZPt1xe28GBPi9ha,3
1wjH2oVn6eHPfbuguFiYVDeFNFjHftyf,1
1CkGCJkEwMYRARVSPJK9rpUX1WcFmemcD,2
bc1g8ldn23tce2plp9gwhqwgaccjkwa0yl25a4lq3q,1
1ZMMggdJLfx6DE4ubmggpkcqL5iu7E,3
1GsQBTGYqPBf73NDCiMHxGkyo,3
bc15j2z4attc8wpcy9mdxwvlyz207hchcgrcqgrl5v,2
1wREcS2qvbxSV4LiipYv8giSg6BmHEmvX3,3
3r6H99cFJ3gZnEF8MNNBc7LbkdC5rCJScE,3
3tgrfaVg719axwcPnL4TrWq9ckjVpA6YQu,2
3SgSVmMZgVSHrjq5s4G3oB8ekXZZ2DwetA,2
1TQEnGciCQhgJ4i9nY65FY8B3k6FN6K,1
1EfAoBmjg5kP8nQR1YggehzjbU,2
3heRB3M5h63U17FZs2eXc7D1Nmta5GeMwR,2
1PLpbTVESg7kWR9RaQ8QqvSD2ND6YrUHzA,1
1fxJntBRj1x7oR6Jd6BW7QXRtRUqP,2
1PWV2NZx1HDgvEjh5Lyk9xzbfAwPbH3GNw,3
15T8AUX2YSazQ4pLScnjfqUHcd,3
1v8V7YQLRW6cfzt15DorsKr6QqA,1
1qTBsRRJQVZ5atXhbaaPyA3me15zMo,1
37DzCvoFUrLak3gqFgbkNnWLRysgvYq9rz,2
19KxLSGqhBZsdquqqsuu7hBBp8Y,1
1GFpiZK6Pnb1mUQfLx3bhJtaTdv2zcshTd,3
bc127adszx70aw0y08fqaf55h7rnu68eda982ur35f,3
1mZrAz2hFqNhJQhw7jR4Lz1oHJMdc,1
1UKq8qzgdWpP5un2CPcBaz3xFPPa,2
bc1d99t8vjzz6ex46eefg5yqd9hgxe4388xt7hvugp,1
1pBFZPc8L2GLqaMyrdwozcsvqsFRus,2
1DbqULF8YC3bbGYxDGHjefWSTYaTQ7,2
3r2sra5GS52moGxiw6PqRj1LYWwgPfGtgC,3
3yNtzaLtzHm1LQraxVK8iuuoSUhbuo8xqL,1
bc1482k0hcmflzdcsf8hmm4xs8hzcmy3v27nxc5sta,1
bc10tv0uvdpxdg4xnvcvh8rz7xt4zkhpu6ufmwu9dy,1
1SK3cuvcpGVmNGHEHWLbrSTFp2kEPRU,3
12sRMJSC6KUDn4bne3rjoNMWFHG,1
1eRFxus8Qzdvf1xG2zj5jpakMR5gbZ,1
3qz66tWkSvQ5jUR6eeWfHTaQenPti1N8Qy,2
31e4ihh1BhVurKqgdRv444sXNJJsDb6TjL,1
1sq1KG6vkfvEWeqzYkhrQvsU66CNW,2
1MNGwRKpMxwmNA7YLso4aJto5Az,2
bc12e6lrwc937r837zuchl7zgvgkl9arntw6lm6hrz,2
1uJzJQC5tMC44DCoJTXf63zjMYfKTkiE,3
bc12ur3lnrdnugyd4aaeqlahlvnquumh59ger3dsy4,1
3VvQePcnx2CGaw61MEfdvwM88d3C93eTrZ,1
3jFCT8c6LupLzto2vuwQo3ZBwB1nrtGxQy,2
bc1pjgzshsd7gpu26dys0sshvdlln8x4p5uyjulem3,1
1UbfStkcD1LmjrXomjZxaJbkGojxE,1
1EM6jUepLDfP1ZsmQdkRoPfbAmwYBtXAY,2
1X9N3uWRjgqVQV2xHoDyjaqU9E,1
35UugibAWdGix6ghHXgzASmqencRLGQn5M,3
3K7QXRw1oZCjp47nq5jaeAv9XmnDmbUQ3d,3
3ShxosyGoCJ1qLDkNtQzVvKGtMat3tVGkz,1
388dkPhod4b9XyQjv9WjA5tMKtnqDF2VLK,3
1PRDcQeGk1Zn2ULfthwc4VN9gH6,2
1LfRGYXgFnLaGSMna32KjGoDqDm,2
3f6roB91amr4QxEsMMT8338LFTEHxE5tGY,2
1wUWQ7LejV6XsNDf9rYyM2mknqVbqN,1
3eQAuXud7CADjneSJTFozSiFyfVopFHZia,2
bc1sx7tcpwx6rzt44prh7wegp3k9s2ruyhte83ejw4,2
1nVEsohb348XDnyEM7C1G3UrAdyE,3
1KijRmtxGxCmyffvgENdqZ9pWyLx,1
3Ejowio9WmPw7ofxoAGfKANvanYo9LcJym,1
1dGvhBgKH5Xogfmh5PTW2L4ZeYhDq,3
3WnYurwGfAwGXCKyu7SYu11UnvUVj1RfSy,1
1NjNVeg4RxV3YrP3JWpDEpAreoFRJb53,2
3gEgPuoaxikeE8pzhbg85sZ6QYaT1H7LFb,3
3Q9sxQ1BRjkYWNH1svEmNEWJgd5QTtK5Kv,2
1mh8sjJum9YBaNxaUawLkb6v5V22,3
1utJ8uh16PYEdZKEPGkTqTsS4PEKxqwo,2
1qeUEEBaRqjLkVyzLnJHX3JsSoqY,3
bc1vmm9pnmutjuedrr0l0fwfhdwseyvjf274cjng4s,2
11SijBses4XwnUdsttSN3eatQNVbtov,2
14SEM8bAf2YuvHACwFnDbEH2Qi,2
1Zyig1ceCStK9J8LUq2PwFtZHUwF7ak,3
3nFNxuX1FSmJ8L2ZyRXxY2BEb88tv2udiK,1
1vxmfYUXVvXCo5ooZoBpUfPJREmYWU2,1
1BVL5w9Ahk5tMNGQXcfh4tQ8U,2
326AgaFA3sQUuLjwoCaNx9EZQi136GSbEQ,2
1LhdT637ScrV8cMa3r9iMEhyT1GeCULAu,2
1vp5qoe5byuUqTh7nJBZUEQPM5vE5J,1
3ynUTmeiTAkJdCtrdTVcsM7ukrDXg3Av3o,3
1ee8UsxdiZ14hVU8sQhyq8G92Qb4miGqy,2
bc14y87rw6vag72jeu5syn8lnlge9j56752ddkeezt,2
bc1q9dahwcvqhyjjk5d6dm5fw06k24pa98v0ykpd7e,2
1ECxgQ2KDnbBzMWZDTFoWtFwELdqDBEJr9,1
3w2aNiT4E3vQ8pKpV6wKr4bydhG9egJLJ5,3
3NN6KWpwm56FyyM2iDgcFm4iULVkMxtPoB,3
3eyQ2n7Qr5fYNxSK1nTwKH4cfWMebT5CDx,2
13m33vmR63D9qXZYDHyP7wZ7yUYMXgwv3,2
1fPzmYAUX1xiA1eZgwH9CDR2W,3
3i2X3QStmazNeMHYQtGUZwNWRNsLV6RM3f,1
3pDJv63dSb9i8XxRkDmhUFg6VZ7nq7HU9r,3
19NpL24Lb2zifaYDrQTXUJ6DC,3
3HXm425DAJwzVyHSZxQzQPWVC6cN9And4A,1
1Ex3PUry6MfXjp6WdmWuLQSiorD,3
1ZmVcaPC59PKYprJA9oGZFYPjFTTJ3wqs,3
bc1py45eaen8jqzgaemjh66enhmv4nuhd3cfl8zzcs,2
1dKxL5hAdSb1K3M1knouTJpTD27oMuGUw,3
1fUG4j2DzTFdcyTcEciPyc6pQJ1PER,2
bc1t7k3tavz6zln5fe98paqgfswf3c56jsswu8eqpu,2
315VxreKubopwS6w57hR43cA6H5yMrRHEf,3
3fjzvNAZ7n2DEF1w4coaPQMiixceT7Txsm,3
39Wi9vnpprNLfq9UpZfG5vFantUcS21NeU,1
1T8t882hbcwNGJDbhS6JyeM1sbEfUq,1
1zQkxN8qeLdBz1fno7m4pRRrTZnykd5wr,1
1WeCrfNa3gxuprUCw5GG8gwUddQuNKRc8,3
1Ys2D5jQHU4dyD2BG7dcRBuc4rS1FEa4a,3
1y9u9toouBtEacdKrwKuRFJXmFv,3
3mjS7y7JyDR2i2ZUqKMgn4ePtnXv4vag1j,2
bc17wr9hvhxxsze924j7w8wajnt0jcz76gw4z0xvaq,3
3RxPes7AwHrC213QFkW9xdzZWDuso3UiX5,1
3ERMvY9184T2JYFgSiVhmDP4djM6i2N5Wc,2
3mi8sD3D1T8K9eEhCG9pGzLC7SarZs7RP8,3
bc1en604qxqtazqrvjq4fe2q250fjdksjfrq657djk,2
18qiNhh8oZ3WYzedEvjxrJzBLsCN,3
36vnpKgqThZB35SX2EFxoXo1mUqSorJuBz,3
1xmfNs3jMQKVcr7BTbY2JLQ9sKs7z1,2
3tMXTxo7MvA7CNXn4vCTg5fdtbi1zVP77F,2
bc1n5jmnw5akaam8s03st6sh73nv53cclwkpaj500f,3
3cnjpnKgeFoHr3QuARPmLeJTMZg2oGLeWv,1
3xdsjTcnyNrTkvVRzZNXzDJ3qh4SfoqUPt,2
3rK2dVYPACiWHEBac8Zg3B6z9poKAEhioH,1
1b498GVHnL2FMNhz3y3QU5RJwnZoo,2
17Zvbx9gk1R2j69suYEi2PHZMfw,2
1pLL8QhRVVYoKoE8QzabGp3XhpQNfp,3
1tZBg9ZNL27m3ev2ixgB4aDJ2SUA7B5,1
3gkpbdqjAvnc7rEUAv34ZtWeSHT4HZVYtn,3
bc1apx946hqzldjpfdds2hgdmdkqd6gy5al9wwwg0u,3
11hcRUTsz6uWcx9JQ4bWztg5eN72Ls5W,1
1PiY1ChxQJUsqd9aC8BmGZMzfGqn5c,2
bc13gqwarqshvmr905hp6p8d3twvk5fzplzajq4pr3,1
113MHUgvEgB5zAuUunUegerLEbK,3
bc1lhgctv4nh49fvrcxf7emzuxwcn8wdchc4w3hucq,3
3LmoTb3NJiW5GcWDpLQH3MFLZaSBNF9Sb6,2
1uXorxFgucfjbp5Ma7f4fiCGw,1
3s3AfR9cwf8LLYAasvvY6cyroUgcYSPJaw,2
bc103g0e9gz92pgenudm6ns5wls72gsuc78qaayall,3
1hxShLzzaFtW29HyHJcRnM7ty,2
188vs4wTfLF2KEN88dJFDSgouiu4ReH,3
1Rro7dDhVrZVk3P5hJdWWNMKq5vArg,2
15AfhPauKxGbiXJYtzqzT39FfqA,3
3Zu6jsDA1swXy8SsUPRYfLUXjyi9WuTEGy,3
bc1q936g56cl5t8u97ye60kpgxsk0pywh4y36eaqke,1
1LLuXjhDaTvT37RyYxMadsQeEPn,2
bc1vq7g4uhdhxknzkfntwkq4d94g264g9g0q32pyk8,3
bc1jqrhszcy8t3pu3lp47txw6xvq5w9cz2vn4tkjut,1
1Lay2LtEd8i57WsxH5EMAKjfNo4TfXyAmP,1
1ci6qNJJ9o3o8dmtT2jYJ4pNrA,2
bc1ehflqkjldf6ejzez3pk4tjjpqa0aze5u2dzuz7r,3
3jjEoiUCbgSBTY6VH8m9mctiWz3HrZAXbZ,3
3iagJMBp7abW5DKxjh6xESsQ4Jvtzu5rDY,1
3ctoU3p2ECAmzGobRx5tUP4iTk9ie95Nk7,1
1fxW5erkmKtkyyxmaNm4QT1bHvsy,3
1FizFh4VkKpnas4fZCBJqoQtnJtYXCsAUb,2
1V9rKYhgYLGKsDmtxnxvXAkRYuYVPZd9E1,3
1QSXQuGRUi6Em8Q7LtaU3GW16kGo,3
1Yhiht5Y7Jvrs5WAk2LLdNMFkWF,2
3FrnrETzoCsgdKzrMQR1zr6xe8V9DXoUG8,3
1koPXYfswKgTyaGnc5gu27BonrkwEpdZ,1
1p2hBVaias8pbMHkRL95khqhMSUA11Rv,3
bc1ukzlxfjek292rdx89ghnk44pzq37ykf5w7h8mmc,2
bc1ffkm9k5u8kceuuxx930tv0lrxad2gwkrzsyhl6m,3
bc174snzhqhrlrfvgkzrjspjtfhfaxhcs352k8l4l3,3
bc1hwp3u529a9ch3qlcvjjn4dq3thxl65tzfc4yrk6,2
11kbzSpVnXWjvhSoaAVqk3xtEWbfhVJS,3
1cMrogGLK8UMHmWWSaVa1v3Jmk4,3
1QzEDrPxFAvxD1umzTmFmjE6W99,3
1N8iCmaz4oqtQvQvCVEz8XMQmmE9nrDg,3
1D3oipji4Ya9Dw2k1CEmgdYpDHQm5MVYvG,1
1boeNwgURfYtePNhJjh6VhnTfS,2
1idTezbXNCj8zDo3bccugXDDh2Ab,3
1pRMN5g2LPSueQf3eDJR6JZgR9aj6jELKr,2
16MmFgJazEccvHCZKkRSfN54V29,2
bc1qyewx48h9h4wh69hfsgxldvejpq3dhhhxmyfawc,1
bc15x0tt7zleenqxrdac4t7rfc6kd76g0x78w3pcuk,2
12LSv6CYtjSbvYESFG3pWcWPk4EWabgHox,2
1JsMXbB7pgPpW4X3LJdP1JoDQSTj,3
3ftRB7LzEaghyYQWv5Ze3q8XDD8Yif1pWK,3
1ALrCX7s2BJMUx6N4ke6JZaCQ,3
3NsLafjbqaX5Sf511KwbCAqxZinwNVu6R9,3
3D9mHMx3sro34zDs5vVXM9TYP7htyunjie,1
bc1lj67d0zr3p53u4y4584max9tms0hydyrf4n3kkl,1
bc1muk5jv37ttzypxdsvgrk3qgedp3znage38d2guq,3
1grLuWR8wGQbDcYqa3FcGJffHMvzSSKCmX,3
1csoC6wyVXd8zfNXa1yxPcSP8P8iQ1B,1
38oQYvzgV3PNqkpJAupV86wKGxLLkq1Kqq,1
1sT7x4m1MjEC6iWNQLxdH99ji159sGF,3
3jnHhoH2uvVDhoCqUqbYgJk67v96VwsuWW,2
3xoZ9KyLTmkSDLWTHwM8DhWx9kzp9Kk8KK,3
1ygkZLzFNZXWU1GQSviXYyJhqSi8dK5q,2
1Zc6niP6eUJu5nG1p1PHH9nbwMTGC5o,2
bc1rrm86uea9dnqqpx58fntkk6k5hszaspkaurjynx,2
1WVHsxD7AEbG3t1TgyjssXoZJUrF,2
1QQzmQ1yNiAzr7yne8avrWsYUnm8,3
1bC1JnezRAmuQy2GMEBFvCLpHsZ7,2
3JrS6yB2PEZ6k2ZjENdX5QLMMzZdNwAdVk,2
bc1xmxk200ws0txedxczgnj86375e9emxnqemrmpz8,2
1X1HkQFckGa11jx6wnuFTcKdobxLu,2
1PcaTETyaP3BCBJg4WPZytucU,1
3kNvSCmV17Lg6xgCojr1yRLWgsgR4vXgUw,2
3zUqvbqxvzQGVACVqftmMPsGLSkPGaGS5M,3
3jGSFK3eFmEVb1jgkcKEdL2SpHs2yXNXCX,3
bc1j9n8nfhpaeq8x7uzquxek62phyt835dxfvgdkl7,3
1kFrxuCncGL94xap5s2dSVXgb7JXbTZ,1
1CEqRGDKsNhUbr2oLkeB2m2QXLk45rhg7,1
1Eivsa8VFbbxx6jDuVwSLhn1akd,1
3rNtpGVyXmgJXGyoEXmTSsfh1HG8B417Ts,2
3nnoFj5VXkWGGG3ZaKkDCBdTtSqp9cn8MC,1
bc1py74vxqnuat7tllqnjegep9waqylnx3aqfx43kc,2
3PWo4X8hZu4xJHTvMkVSCpw9qLgEqN5A9g,3
3sSG8MxWBNegmnf5ubFw8RjqLJkT6o1iJZ,1
37iK2aeHi3v2wQvMMhmDrW54k89SLSqdwG,3
3BHi8W9HbpUU3VistbHqajTGitS8gLRr7L,2
3L2ATSdnN89m99UMowpxhC6ud3LxLEHMxt,3
1oxRZyDNyfhrRWZnM1zk6Wm3CUNLUKA,2
3aaDZtncysfRXxtzYe26NnZb6NC3Q3cCgE,2
1SV3uftYdXwz4XDJxT6kmSFttojYJhBBmS,2
1jQG2TZmmmbSEbeXgYSrGZKXfJx,1
1DocL6KoQeCHwdna1ZZNmbPfo4ufYqanFm,1
3t8PVB4UEim4PiCQvhzxVFvnLPotgTQpvy,3
bc1wv4ptzha50d57g7a9pdgdxggpfz4dgkmy8zjjs4,1
3oQdEKrKYdzuqiWvuQzBVbin8C6QvkWyjV,2
185GTqnvamMbL82BcRxoDuWCKsd,2
1835b9t9QbHoCTHSy9H58HoBRMrBC6,2
1L2mFKLRwtgQtk9i71xurvvY3aKxmy,3
16PsboyNoaEhEdNXjhysRU4SJ97X2GPGk,3
3dgja934muKJWn6cCPNFyCEKiNJTs1pu7m,1
1v2e6TqkS7BhsAuqDDupk6erNXTcNM6x,1
1Em54MNp5NmBi5bzNe2bpi3MidvsqyLCqU,2
3rzs1GB1YeReiTapQmyqfnp4ZWsj2cwDqb,1
1q1Ze3szVQA2vofXTVV3Hb8P8x7Le,2
3bQSxTdxMhZ7bA3su7CQrjZjTHXfB3V7UG,2
bc1s5x33h00s7fw8mnn423x8vj0rtc6npvg5rv0jj7,2
3DE3dFZZ3eXWjnNEqBg4bHYVU8BAbfCk8E,3
bc1ey8wwduq854ew65p204hcjwxa4x5x8azk0pjuwp,2
1jBbrTMRtFC6YtnyoYKQmEveG,2
bc1pkqy0h0nt6yaqmesunn75xym58w7xfs5r20mftp,1
1HwgPJwuHz1B8Eindh9FHVrkFJHP4xd,3
1U3fRoFar5SzMPL5djj1AH7L4WuLF,2
bc1s72rxxvhqslna2dc2r5rt09p2hf9zjr459jnsff,3
3DWMhuaaHAK18Ai7J33uehSyWXQdYh9Bo8,3
3TfxxuKGe8uKoiZ26CXtDMqXAxHYwyj9jj,1
1wU5Fn19FqkFFRopU2mcjedfbYe,1
bc1dv0p3um0yp59fkq6kutzk6ck0afwlt9tudeljx9,1
bc1dhckj293r3esxvx4963dquhp9utac8snjzzdj9z,2
1KU41UrfVNiYmJHacuCMNRx85Y1K,3
35nFHMkANL6ppikcM6QfMvhv2QJ7ErwEkj,2
1jFVVv9E8sVWosxzCxgDp7WStspeaE,3
bc1fw4hu7ruw2j8muxzn78luls986h2lu4q8are8d3,3
1gv8WJh263Xy4dUSnCmHcUv1fx,1
1fFjJ83MsoJP4d78LLka8imzg8ExR,2
bc1kyzvckenc73ku600wtzswzenzl8w59g0ptj2hds,2
bc15e68r340l4chp5et022xjc324hpu6ncjw42qdsm,3
bc1qlh7ztw494t4t282fcpcak4wksslju5uylrahwy,2
3v2kKm48BQgNVhtHw2hKRVXFGx8Hpx4GYU,3
1yWU1FKnhfDkT8qfmZcVtbp4D,2
3GxW6TdsWb9QaH2r8vg4WmH85GMNNW8Tbu,2
1FFmGj9toU2pygD96e98pFd7q,3
bc15qqrh5xetyz4g5da57htxgycr6r44nkfhdk3m2x,2
3zKyQ8eNXGcpfyBCCZbpWhxjdsAXLvV3Vf,3
1oMnpuMHhVUHuZGb2Ro31ZsvPY8kTooV,3
3npZusePa92r2AMoMCS6Sazrp9dF2ZQ8ft,1
1J8P484pkynJgbwGG9ZMgF6rbGRGvJht,1
3MTW7TC7iHjf9jX89guAbDsvU6QpimH3jP,1
36ANWxxMwioXb3mHdbAwXi8nuVoBdKGuEe,3
bc1xeksxdh96tpyqw9gu57kvu4ve6x0tt8ltqjx384,3
3MUDETqEycztG5KLtmgTuNet29Y2cUBZd5,2
1XryMFzham8DpputWTMTSdCCpY,1
3ostH4LAoHww3WYVMhVLYx1LkJ3cuBFQHP,2
1RLY8m8JyEZmK3xGQ7sGCJsru7nvitTyS,2
bc13uds6au73wn7zved5lfzw8j3ux0z9jurht4syul,3
bc1wqwf0jvzswvjluuyplc747977crtully8qcwsje,2
19JLP2anrsLVYQchCCu5uFdLBbKj,2
3cgzSiSxjoR2GNqnFSznj5sVJxCZ5jpuEu,2
1sutioqjFNWRXHYV4AWtdFjcWBD,3
1Ad8iaaoupAKn1h8r9hHGWvMTo5qf7xeP1,3
1bE56gjNeVnfTpwpiPrUPZ8WjLeaKtv5N,2
1YV8ZV9Mj915hM3tApUgeSg3PUJrSaFo6F,3
1hzpEpu77sG2MWKXK8H9PLHQTFTxD5TaY,1
3TvfLyxvSsfCqiaikSFTX9wP38ca7pj8rw,3
1RxbPtwHSrqVbCUjcz6s8zpV5mgzKig8,3
1xT68modadujPppiRB3PRDnbzMXHjPKg6,1
14VKrkq4GA9HJkMVNmkDswWretcU,1
11vC2cU6ZELgw8sUeVMFQSSUEKZ7U,2
1Q7tFDmk8GT3954eDFrdaSUrYctWtpU,2
158ssDvg7zMFhNTvxo5jRgz2vPegb3iqBF,3
1HDAnoR69hyidT9vxQWKT3duvvKU4,2
bc1xcxqju4xl2hd7auftd03fwqfe58k6tecdmf6zfd,2
1UVKz4zNnqVZPhZuQn1nemvhSK,3
1jWd6ZBtKjLUbNiT8VQGHwJ4cUYDVBZ,2
1nMkKyC9cN6zfwZuZ2ogfoC4YYDzJVTd3y,1
3KQyNJZSg1ydDQAgMjXLBnRanNZrDu9SpV,1
3JqQYiiU4gUCfEesyR7MwJjPYysPWYkkhx,2
bc1n9lnluc4e5atsdkdz4gml85m33rjx0je5ex7ne5,2
3o6gAv2P6mB19aNDvFpdggH1Z5VB8bRBqB,2
1ux6mVKuh1hhfek5TsqtpBJJE,2
bc1escra2hfnrlpk3q039pgp8lhqmax5jr69v4qmmx,1
1Y9jMiPMf3AD6UMHXuDtV2k5S7,2
bc1lw63h7q22smcd8q9nf0e7xmf4txngz4q22ss9fa,2
1nWSc31eE2TGJ3wELt5uSTbSv8B2,2
bc138qrczxqum3znpqfvz456m0zzpv37mja375zueg,3
12dY5FyXav6kqpLQoQSuaLGQ2VZnTJ5usU,2
389C1hMETsSfKB9cMbhXXZnMWBTAcxDjht,1
3Au2pFWfCcXmHH8TaEiPg8E5jRTAyULyEE,3
1wd47RFn7h8NhFgLyRQoXRtCT,3
1No7ueJGH95UGaHZUHm5ZiBdJE7NA,3
1GVcufHbszBSCDuctNepMr4K7Nw5XrU,2
3vu3xpZGjz2W9QJxkYgywJkzdvd1RkPjNs,1
3FSJ6pooXVxdP15mSM17A1jCR1F4uUZpYn,3
bc1s8yapvzhnftmncn6cwu9a5fgggq069k3dkttsa2,2
3sGyfhDkVmWb2KUUperDS1Kd3bcjYKmpE4,1
1ksXmdcxR1cDJUv1Vro66HPfPqH72nr,3
14MndKNLoeUTjb3StvvmKtVrZkjjk,2
1ALpYHTbe5VKAAUkudZmzLAnQFs,2
bc1jpp8sgwpgzjzyyj2u8k2kx7mv89fzyd9gsyv8gd,2
1VVTXeuztBDWHicUoo3Fzjg4pH6eFes4B1,2
3CDuYjg4avVywVTTERmTKMLtDuWcohCmi7,3
1daNE3ckCFesCgzKeKk22N29o1SiKzk,2
1UAwuRHzjF8hqaFBHSKUAA2EoxWCT7NBG,3
bc13ujuk7fn7vhnzkj264ffg28jqztfyums0tgues0,2
1m8gNwkckR9eL38W2oJ5ViqVGr3FQD,2
1b8g6tMKBMeiifC8ZQgWvxgRtXWMk7Kq,2
35RZaJ3EwEFeLtKh7uDbRB8uwWNc48xeRZ,3
bc1u3cuj3sj65lhzd8t0pkvul9tjzg87yfjkq0xrnj,1
3RUg1XfEPR9CQMUeMTPjAcJ4otqiDkU2kJ,2
3iJhPkKgELQ7Wk1Fy1qrgiLfQ94Lvysi6v,2
35VboDPPEewJB5FRraH1Cgcifbz2EMMgf7,2
1j8gxLT6d3onFNWZT4hmLHrHY5Mob,2
3Wuuu58bSQaFjQMRMWzxhoPqffiZptxZZG,2
3CrpjKUoQPiEYqLLnxvia6NMQSBwZejmxk,2
3P17n6d2PZKE2XYzS19uuviYYwAkaRrRDA,3
1DmWzNR1eahMfKoqrbV2GpCFPj1wzGRY,2
3kEfkXWX4AD6yoRt8GVW32L416J8Knm12v,3
3yvTXwFSkEJVFQapd2c77XwN4D7xM8fdei,3
17ya3kbr1JfHpKTdp3gm9ZigzP,2
1qqXwtqtnq1DcyYXHfe26CEhZCdgS1P,2
1A18wZY7Ds5URLqQT58hsfZ82EvXySoGM,2
3uEqD1SX7sAmUvNLt4vHqUGNhJEMBSJogx,1
39r9RqcyipN7vpKStnYLKRjV3NfkrXyYWD,1
1DShBVWRFdkuNgrnaFdt9mTLKtLUXx8CYp,2
1xzjuTNfkPAvWdaTjUiBtDUDZeH,1
3SsBXasvo9ix6oxwh9k1wzPMgFjuMLHqcK,2
bc1uazcp8vqu9y02fnfw63vwdejdyxcepdmd3v7xwp,2
3pwB2AMSXnePwfP5C1ZP6APtW1whQcWonf,3
1dSzFeDz3w4x6QmSzyXNK5kXLc,3
bc17yutcrqfdphchhe9vqdqrg4x6nahuyfzqv0320a,3
bc1yztmagucjthmqzza4cnt94qtaqdwg2a4c0zwcth,1
1vshHkB1nWfYMe3bzM7SP1yAcAxrmUEiHv,1
1J4pgA3kVbpnEExJmwygEeMDaGqZMXCzXe,3
bc1fd8y5se2p6as0rj6ryx0rn0f0kjk00gkqktsuka,2
3LwkUnbQwSDN4HtU7171SbW9q8Xwd1DFNQ,2
1mLyNhRZwwDjRQXT9qZFFPGcsWkDDdyENj,2
bc1vs3t9e6ufmzge0hw2hxmwwgjnjd3ntel20wnra4,2
3FLCuYravXkJ7gyKdHDUiA7gfWfogRvbPW,1
1Fm7GrSZiTuwPohY4yqb7rkdrWuAag4,2
bc1qsrk432tw8kgwdr2jlq6dng3arhqphpwdyclpdl,3
1VaXAjWukJTCGziaj9s7rvUCQdszSwWqqh,3
bc1784aa62lhy5jek0r2kq50akg79veprudv0t0lwl,2
bc1jkkrdh2deflwjnqfs50hwymmwyt8z5lj2fduyd6,3
1zWy3CcPuKoMfBuE2dzEs9m4pSSQKfKj,2
1dehQZDDAykuUfNtEy2LE7Norku,2
3JLNQK21jfy1xAw3QVoH8CvbqyYSBwZbsF,1
1PBf46oxsSx5aUXbDqBoGsoLe,2
3dVg7wR6HNKwoSL99rnum3g6z7X7aScY3q,1
3yFSnJfveptotWVvFjX2Woc1ruWYGCHqL2,1
bc1rhpv787s6dej57clrkjdu7zauu76cyrkhtsxcp6,2
1pnGujbrPr9F5qkNyMismPVrW62ydrJva,3
3H6G3PshZKo88EU9GjyvP6B6DsNqnVKQW1,1
1CFt3DGpH9eWMYWb1cNcBfboxSAEY5BLu,2
1cckLLzqpn2unpqt2rVg28Js2kfa,3
1nfHzqHF5kBEhpSfRUa3RexFUdki,2
1JYWFUZPneSinkeBww9Kbw8GM,2
3UmTFSLA7oXL6wHJzENXaPmVqsBnkoHLgh,2
3ZNWbSUtaxqgBL8e9yKQrihUxQzeXoXmWS,3
3k5EacHdyah4iLSEdx3cTVa8gWnNqHxwsg,2
3iZdoo2Ye22kBpfbPKKKLFak3hSdnz1W1G,3
bc1s0999muflk7dkyfsm7twjy29xax727w440xueye,3
3XU3f1ibbFUUdgBWxQwzbUGPtycVfUoukT,2
3AmNRfFz39kPzvN9NXjtVK1ymkfBgeJTPw,3
1BNGhnCQw7aBxSPJDs3KdqPzD1,3
3C9vn4gP4Wsxor4Ju7CemtCwjkzdcNAvtm,2
3aYSU4MWamUzhvPmvKhBpU38FnpD8WCpRA,2
1qHMUhkzXBdNiMQ5SzNZADNthKV2zS1fm,3
3sBvoM9rXVNtMueJwQfrVQgKT9X61xzxj3,2
3wUQKwM2gYeK11uZgRboGV5DXmYRCPdPLw,3
1SkQExarAshvA7vMBVCtVHKKAb1u1Uk2,1
1RbGxVEyNakwac6kViPNceXXoWbgusTFoc,3
1GnbPvFZBUUVEe5DGTNu5rdvkqUNb,1
3rDjp3nvK1HjSPYHKZaHvH8fs68cFt4yQE,3
1sNwKuaYazABhbvXZmKUeZnnzTwF,3
3UDeWFSP2VaVpvynkgHzfS9Qwtjyjg1SEB,2
bc1vystvqn4hdrw2j677wg53kjm34l4f0kcketh25y,3
3sw2Th25C3cT487PFT2wVwwEapm7yjA5UU,2
1gZqXX2ZgWyRwW8SCPLQwUNwZTFvnHp,3
1UfM13LpkejY2YKKSDVHMU9X9w1HNnjw,3
17NX7mp5ddy6e1GfM3sKZ2eb8UQt,3
33eJndLejreW3gnPZQVsJKWkVXDMnmsfGe,3
bc1n6dk4ppptj73glu3ced56rqjrwjswz67srvd338,3
1JbgYN6FGQzNE9MR8QWPmAktMVkaJH34Z,3
3n7ue6LVw3HPw5qmSuLrG7BGygWdbnjHzF,3
3qo7DjT3bVR2BYCFPKAupf1oHgKGmGoS8M,2
1MPZ9wiqDF8gLqaMvsdmsLNuW4ueXA,1
1U9BJhBcVwjFQAF9QTvRHtLWW8d,3
1YShka9aGcnCVdVzqkQWicsuLQRSWm2,2
1uiC7T1F3DgDCeoft61QHpARYs,3
bc18ska5txrguuj3r0gz2eqvdsm8vpv7dl9ym05ya7,2
1z9xRewnLx84H5sqtVePit4ZceBxXRNyD,1
3mZow73xUCXy5HC2cbx24rjPQ31BeHHptT,3
3XXAETXtw9nD8TgxL3JfgYxtVtHeWQKbT4,2
1BykDQbXUMyeeHvYYM1kkyc4BS9d5ENbWH,3
1oNRR23K2tgzvK1wABy4Z5PHmQ,3
bc18vfu7xq0krefwhpcn5t3nkq66dwe59d8nze89r5,3
1oynNz4Rk2JACtSHfaN5L9isdcq,3
3gMP8XwXhqXo7pZFU7s74AGAhWztyS5gC5,1
3ttGavgQKuK4Mj1FteowQuTPCs7fTXrfXq,1
12FKbMqG2afrvuH8Q4tSp9H8sCm,3
1qFzKHPSGk9Eqett855vG4XxbM,2
3L9HgP9rVRKmEwkGn12Kp6hDyv7Dgekndk,1
1Yr3VRqkTN7oXzGhKrHHJVEhNeecFmU6,1
1Axq5ohoKF1ZU5kXdZhG2cA2jfMbVa,3
3XS9Q3wjcdA5w6br3hiuqnBVet2yzk4WCm,1
1Tabs9pAF5LV81hqXLkRRghxGB,3
3ViBCeEVFu6ti1F3btGNW4iHLyfz8xoEse,3
bc1mjtm40n7nv49xjw8hr7ezjz2ruz5pq2tcpmvj76,2
bc1ku9yh9ma3es2kepccjx6r0ll3ws098ld73y5sne,3
1Nd5TYGbZmF1SHetoY6nSfaPJN,3
1rt1KEMeW8CGifn2ZBeEz4vjYVbZALVM,2
1RJKrwD2mPRt4thDu6azihzzbLDbVj,3
bc1gp0nlq705xdejuufaspyr9glff3a8te2c76jn2u,2
1d72TAujdUpy2Ehh1y6coyRrwkHSxSzh,2
35jGz2K4xM5tNhKVz1n3jeobbFv2DFdJ2j,3
3PUaqnGSJFy1t3HQrFTXDjYSAQHta9HRKR,2
1Xhbj6WAtnPBf4gNL2EL2sv5V5SG,3
bc10chvxc65kuc98jvpt7rsagjfc5ncgf739uzze8w,3
1mwbinTiy6rvJXvz21fPrsFQto9kZ,3
bc1s3508v5edgjawp8mtjmwdmjfdwd7ckzrxtvg24n,3
1sVv1oRrK7drSnojepR3JHSyvzGMTrw,3
1zkhMxFHenhsKp8PdVxGkGLLfUwwgD,1
bc1klqu2lu7c49a0skc0j4u073l6mh5dv8ae3e9w4f,1
3emxoHh3xbQ6MUsUX9VRHzbPwRLrgoLB3P,1
1cXUWDU3XCkkpa9wUEqSrBnd61hgeuc,2
1aJu347ATb6SMMye2BEpk4Nxzge,1
1avpZDUtgtHAWPUUJYn4FpjsU8nz,1
3pQMxLCRc9reJmWh9ximVtjtXqr5AXSAVF,3
3Pc42PsnbsxPBk6KDf3225tT65boFgTzBN,2
36cDM2aNuf27KJPqx6D43h4fTZ6xMxoz1w,3
3hzyDDqUd3qs6tHAApycAsxgGzRDPGhRQA,2
3ryGLiqq5qi2nxL5KF57wcuxpQq9QnohGv,3
3zcRrFWtNKMqAJskPsfhR7jVrtjAn77Zp6,1
125VnLu3AVYrK3GHuuH8yG9Qn2Yhr4pEf,2
3ytQFcz394jf79u1yf5e3YuDMUfEknPjgK,2
1nK2V1gsMxiY1uuZBHNT6dvU3R86joBm,2
1G1do7AxkdYCxTyn4XaAmMaGHT,2
bc1vh3mq9c2vy3dhm3y04emm9p5kw8t2turrwvzkyj,2
bc173vmxmpc8msxypy2gp37qnqwewx753a63xuucl5,1
1YWzyEioZxkH4hKeRicrdtPZrFNoHU,2
33qKZFG1VX2rRNz1w3vou7dvLVJDYmYBJP,3
3WnSLD1hxMKN4BAU6SWgyMi8zdhsd62kp6,3
1Vd3Gy4RcqDmUh9mZtaSWqCZ9,3
1bN3QQ35Jp8UcJ6eYpZtPHCJyMh5,1
1hbnNRmNkazvPEeyXcasnEg3CHpDph,2
3m7a192jfVF2JmYSPWUpePjTUWRRQ2CzC4,2
3XxCt3T6oaAT3gMXv91WdoqRBTwgWetYa1,3
1rWu4uV3jAAfNW2Y5T8d6cnzSD34DZ1,3
3rtFuzY3pwuXCRoYvTj8465zgRRjJKetUg,2
1Xj1hSBynhqS8jsX2z5nKYdEj,2
1HAyqfP8UbxFC7yAEoMsUS2J1u,1
3iQumLTQP7cVfqL8ufJGZRTca4T8iUGS2K,2
37WSvEQYDE8CYkX8MtRWRZtz4MNGZZKVvh,2
bc1jd05qvpz6dfv6jdfejmqndt4mf7a8p0sgv5mhm5,3
1uKp8fYWtgp4mC7zNmQt3SdgQ,2
bc1m6z4g5t7d9llagfjf42a4ap2x00mzlqskux6u3h,2
1eZvZj4igtAnXnvm3sQwj2fdzbVhJmEmyb,2
1Xxvhjs4zuw8dmiuUnnoDm6oQdns2bSH,2
bc1n9jz5yyyttnlpacfjq50jzc6h84tv75l8xgpmks,2
15jbcHKTkfGK2Uzj8X565Pd6f5Fm,3
bc1sxwlppmwn7h5avxw9g4cly2y70sg00nem8ns02k,2
3cdqCZ7XMGsoYEWNyt9Aok2Rv7baAvSoqz,3
bc1t287z5jcz4562vz6hmv5yeee9sfnju64cupqry2,3
3esnCc1utqPbAZdugivVgomBugUC5tAGoY,2
1SSC6rJeGn7hNGyaymPdfZ1aw,1
bc1cw4mwa4d25p4uyzae7z3wl0jg6tdaneh4e7hpgg,2
11BeLNJNqrqPktjbUy541Xcno9,3
1ntRh7hdsqqxLruDq1CsJY1VXdq9CwoNM4,3
1S8cDrTL47TqegSRCbyQ2vP3T,2
3ps9sW2fVWiTZWWFDMQXPgzSFWwEswaSuF,2
bc1jtrlmexwy4z2wh7g3a9f6fn6e65wd2j49exrad8,3
bc1z8u6zrhkvjqgwpdfnptezrcna0jzm5zl9e3pnmd,1
3epXtqJ5tRi6UU9cA1tUZ2jkL9z1dUibhh,3
12454ns6MZSmgcdUGxcbqswBN,2
331roEGd89vVm4KJgRAckkGhFn6X18eLQH,2
1s6dmNNyAwU1kcFTup9yDHF9jZoUaS,2
bc19qx8qdgkchpue9upm3s9hshjmhqdc5tswxqpty4,3
1wfyzN25C8wkzDJ6uHwULPhWgDVE,3
1bUXrhrFBwYzohenzsPqTkrmVmGH7dv9A1,1
bc14ec64eyjhrsw3uvadj5ngz74ssyyvlshqk0t0ec,2
1dMbeeRBdgPJ9KYYao1yYWmwmX6t,3
1bBxh2nR2eyfHnGoVnqBriVVRsnDw,2
35v4JWJEmzaVxNiG78m2prUTbihE8xMhJ1,3
175XSkJhsVKY65Kp2Dr7LsAPZZ1L,3
12u5bqk4QdAY2DT22Ztt6b1sk,2
15hp3T9V3kNhaYSqCgtExN7QB8y3qaN,2
13tfow6D8bS4sbwnJ1JdCZgREZDP,2
3XxUCcbs21oJPgV3iRE8P1q2amuNqWgiHr,1
14Wmv2D1NMbYcQ1brm2y7zaApTd,3
bc1grv9y5s7lh4t3h565e9yqm7lzq8e2fvfgehkhra,1
bc172zfjt77p5ulht0ldaywygdz7nj7gpsgdfp6dwr,3
11BAKvf5F6RzYuMvVG2PyT3mGA7BCkc,3
12vmxAaeyS7pnwHHQwUGZMAuZv,3
1ezwFzxaAU1atW79LLqFXrKL1B,2
bc1m3d6rcr6esc9mecum2qd8q48p3sqh5wvykzmrqq,2
1a3MVymMh2SwztFTSDeFmvKoQR,2
1dZBQAUAGEkCrcazKQKo7w4ECtQeExnS,3
bc135hpthzre9gmd8g4w3zlsgfxm0rd3dzhfvuqxw0,2
3EL8pKMwsTwCenWKBQUj1sXcDC8YNWz7NS,2
3ytnG4g3x8HQiZnSUGNvpTmSCGC65T89jX,1
bc1fq8c5e8j5v0g903l3rua0yk5ecrztxjts8azvzp,3
1KvUXQ9Vb1AugX5L2bRYBWFcDeLdDk4ZA,1
bc19w7rdtj8cjh879w56dmzdu6c9l6v3zjvpzkzyuq,1
1ztAzCRHSWQDTeZhUDooTQhyBs,1
3ehQaaRmHhbFDtQigUqNnuWMLTitN9cxWR,2
3gouCHYZAktNHGKBqPeAzpBLxZuumixSQm,1
31qWpxJV6AcpwWNK7Xn6pTysrkDngEd2go,2
3Bu4wNNKJNdZygffknPsLKDimq7a12SP7s,2
bc1m4xzvqkfkvwjsf8kuvnwwmtvq3gldt8s95njdvh,2
3nwp7UKZHH2RDJSL9k8ZET4AetD2eHDwg5,2
1LSc23BQnrZ8FPDRSXCheNx46QTxzc,1
bc145hhymvxzd2cjry6fgq9kugf3hy6wj78v0cs6nj,1
31mXEuzJYEakuH4HHUB48JL9Z4bFpAUuTy,3
bc18rge83l7q2snk4q5t0wu0qx5n6n927wnllkf4v8,3
3UUXBQSmX5uomPn71CkQJpWJcQNpZTnEJx,3
bc1675fy5vp3pz9s8gs3aej6tm2ftsnnpz9xzuyf7u,2
1dKgh9RRreBTvxaroEqSqK96GoSx5s,3
3wtqvm4R4DY4esVFBQpDdRhuHk8f4mYjQg,1
1g5bpWBzu7JDLDsepLip8zfRk1hWq,3
1HiorFmmTG6sKNst9GkfKGi54cfe7dnMb,3
1AE17YNEmnGq81Kg4znjDaw3UV1rgarE,1
1wkAP2LNihwjP9WcNojShqobbmD2,2
35YWmYXBtw1rLBsWcX1rZZpdbmXQoh2THs,3
1gNUtuSwoWMTLoZ28Vtf8Foa3THadp,2
bc1glx9y5gug48r0a5hqzpxvanlzvegydlcv4gzqk8,1
1R8h2FxumCe5PdXBLzw4xJoPNhD3No,2
16VDrJqFH7Pn4TeVTXc5874AcWFc,1
bc13prrptvwmd25wtjue85m2jhg0nzl6ckj5h7s3m2,2
1YHqCs2cY2T22PmMGMpmSHixD,1
17r9zCCoW6oBPEF2m4wvZypz1t,2
3Rh7mWJhEQKqTV687Q7Zuxrszuyu8LwVqT,2
1mwXXSRjJHtMcKYLdHBATvYqeVUkga6d,2
1jyefj2GjtMe4Se5emdwjdDDeVVL,3
356eeyLgrEnm68kgayu2BjWKhQ4qu2vYM5,3
3GCpCFS4zXSdkvH9uGhT9oVH2QV8e9XjX2,2
3eaLRAi3KGnNSuDrBX8mquPQGF7SsFvULB,1
3JqQow7b4NTFg9ZLe2dKdMtGLX3RKTJEf7,2
1VmCcYds8F8poY7sftoJVhMQo,3
1f26gTDeg5AapEoXHzig8U8SV7KezCq1bg,3
1aw1Xf2osYjAdsG6cPZJ9ZTF8RKT81AY,3
1BRzZNYf7XY1h1LCYYQXUAjr9uz15zY,2
bc1dh7xkw7vrgtlzj3w64yhn96nma4d2c8jkv3c535,2
1M6cmkwMrWTyteGeep6Sf2KuVDh9QG,3
3f4ngpc4ULfeBbvcj6LGYoZc8dWLWYVb33,2
bc1d3clt3qu4l634tezufxc422yayt6kt5sk3dnqrk,2
38DrGBcyHV38u7hPeuJGRdMxguqXVTFu4g,1
18Y2crg3hRGTdgWpt8gA1nZsTDnSZeBW,3
1xMM9WZwsMjRPzWXfJyUE3BMQGrESW,2
1dyHTH7hNLkDC3bL747P7YSseMZAa,2
bc148ayz4w7wzsmkvkw7xpgnqj2yrg4jggnlf0ksjk,3
1d6vfoPyKgYBnRKjuSZ3nrC4z2KrJ9d,3
3kJLNmwRKZqeR63XTDnhFaJAEkGaBBNWxB,3
156PBhGD6nbWQ8h96Fu2X5x1dVEJDHRB,3
bc1uv78tgk5j37p9ythz478tm054atgh439puyh8f0,2
bc1guaaeupvzr8qg5ayt5xp0cdel48tt8t3sygxjws,1
13siVxpqu1dj8d1g1FtN6o1QqMKbcy3QY,3
1Vni8CH3E4E473RZq6rPFbmo6Jiqy9Q89A,3
1Gi8HL8GbAE9hm42CSwAfAfLeq,3
3iEEAKPdVQbthGjoHuYyrsTwD5GZ1TbPtE,3
1xuiLUiRVwnRbHpfaisCjBJwAHAABAXD,1
3nCwKiDb29gmrHzrsgzJALAb9pPgXpZaEs,2
33RAxhCxHMCLpjvEiSean5uv2F2eGZMMWz,2
18BhC11RtZbJpPTUdMk6YjxPNZmaf9qs,1
3kL8godht67ftsMQey9fStWnwpxjZJ3CpA,2
1myARGjEydJDshuqzD59qGo34gwXe2,1
bc1h87zl9thcgwwwd54f9da8w4qshhhrf6fctnfyrs,2
1e2F54yiShgjovB2ZDiR4G843rgD2MnDNX,2
13RmSoeGGEwL2MG8T4ALEP7L7uSsU6,1
1cG37rx1FhVwM8hVV59SK2eJpkJ2Xi,2
1RbKwpQ61vjcE5szwhG4pcWAidw7n8hnBX,2
bc1fzkmgyt5f2pvg98adnvdgzz2795yuygqd0n8vwz,1
1h8xWnd5htCmzTBZfnPqPA5pvbyjgPqQt,2
3sxR76xZ1E2ZffzPVk2XEoDaeMPheV1iMX,2
1Lvg4DRdMhbW3zxtvK5aH48D4,2
1hbkayS67d7uKsDVG18wTHqhy,2
3SL2hf3BVeCsLSef8BKiFZ3CaDVZSMPxrm,1
1tFfyVCwVXAT3p2V611do19Eup,3
1g2TVXoMtQZVPKt3DbkhtiSe8AUqSS2Ger,2
12rXJoML96XKYousdurfTGCc43EJS5e,1
1jrfmuNe3y4LLnUJPDXDFi1AwAVw,2
1JjfKnuAkRQ1Xc32wRKtSgh8NRZk,3
1Fe3fid2EaQXukNxPkXzJXz8iozBZt,1
bc1taqquerpfs0dqtscea8leznylhtcsx0sf0ufuqe,3
1q3CMgeoSRSL1nCkVudtP4DrDz4BFHzm6,2
19KR4GtohxGFJLSATMVCm4sP5fmb,3
14j9QWCrLbvqSFoZUPG8JzmH7,3
1f18eApoeSLauNMBNFgFEJdWzacMM,3
1dAgrG2FGsMshcyiy4ZePhcq4rWLi,2
bc1szucsglc8yjkwk3fm9gyuc63qksvh5k3n3wxug4,1
1ST7STUw5t8tAjDwqEXV42eD5h7Rs,3
3RKgQjXajUvAjWBTyd8VetZSzTPSdXaT9T,3
1CK9Wy2cH5nEL8Hqp64sXBB47Z5,1
1yT2Teycp76ruJFCQJMzrxFhjjBj2AwhTm,3
3HbcrmkUEhUMXjNC3uoDJPvCPUWgzEWEdq,1
bc1ffjuqv7cemcj5vkqylfnmcz6ggxc5pn0upjx0mr,3
bc1xyjsj6n6ptq4cln70ddlp5vp8f7qm2lgdqecrmg,2
bc1da0xrurlg255njc0hrvluepm8f0d7jq6tj3xvul,2
bc1ldsrzu6xhqvxf5l5u0yqjprxx5lq8etd9fl3h37,3
bc13mfnpd3k2lrvh9f6u5we7fz5xxrqsczvc04n4tz,2
3qgrNs3hBGb2ngXzKuYdVncpYC2TC54ynQ,2
3JMhTXw5ByiMev1456ii5s1yWMj7rx8CFv,1
1HKKthPKM5GwfihjZS4qcf89FVS7tJyAk3,3
1v8gp8PnzZWvr45ADy2RaPydPTFDjo,3
bc1vfffv9eq0452x4mj52nqcal95d8y70zk0w7rp7j,1
bc1ahujhhz2zftltng5yrx3yc05934qyzalvc58gp5,3
bc1srlrtcvh8xugzqrxfffz85smqm2ayy007ypfwn5,2
3jXTBQbeJ4MrhncPASQDQ2377sV3xMB34t,3
3Vp1H8hwjEi9m5JDQy5zjdfJJsa37cXiL4,3
1Vu8auVKNvQBJDsiJoYyijrSpTYM2f,1
1d4yrXdH4jpmbAJEcCPxHYQzT7XQXjie,2
1TbSXHhTEzeeequ7RKHpnHmdLSToibiU,2
1qdNy22V7v7Uxb7BdMS84NnvA,3
bc1r05t2avachxfsyy9pzduvwv9p64hsdnw89pjllh,3
1CBN1j3tPdgmLYFf8QaG7koog2aVkJwQFB,1
bc1r7wrvj9jqstzgeg9p6uxepw9ywn7majh0f3vzcl,3
3UsTDWs47o2MgawXNx9TLGooQFBHgQF3qv,2
3RPkKKUFfa48tf5PqkKf59cRkeNJb3oCT2,3
3Rv21KnqETBkQGKzQJmts5buKPErgV57pW,3
1bAToaQH99tcvFFZLryPVNVAFuNXpy,3
bc1dqjxlfshe0xmr6jmdv5q70t2ppe0tnk4q0qypuw,1
1gDUTBqEB9QiWHaGVRscjmwjsW9,3
1Bv5zqc7uR5WbWkbZ42DPB9GJqBMGPE8,3
3hBt6KM936canBwSM5fLhn41QmJbK7CRp1,3
3LTqeQkuUy65u819j7iYyLN4QDafWznyTj,1
1Mck5xNpaQj8NzaaogrEfjCgyJ7RR7,2
1iGB6BJy7ibUy6joavFCT6fbNEZ1j,2
16JDx6Dejziz4S5gd4zEomGdhssDwdwA,2
1oYxg9QYaeuFmgBWJTgRxykfW5kNJc7J,1
1LCvy7DUHPSR1GEgVfhEU8hVRkrxoBT,2
3mJ1gdTzRzrGZACcyetZtTkwPFx1n7peLs,2
1K1P67hYjv3bUrUHSpda68wkcPQjDL,1
1kB7DczVDpJwYgNasTmQWWPoa9ihGVQRB,3
1T7oNDdbLycvoRZcWfcYEocjhX,2
18ahmJDKZ7A5Fiy2Qq9uYxV22nAfV,2
3znCFTPpp3TxtacKf12hMpudHVpyHo6jGi,3
1WZ9bp6hc1aM4jJFgrBaizKEW,1
32cvMhHNYHpEDwnrZttsLa3iZnZJD7oQmF,2
bc1gjx5jmfa74h5xf48c57kaw366rm9e4u4j7zaw5s,2
3fpYw4vEYEQaU1gofMcKnRG45fBHnhXFyh,2
1fEhy9EUM5Kcb2Cgm9tccExns,3
1rUDvBPzpwJfrhaPchEZYjj21vyhuvg,2
3JJrV9S47jhrUygAiTLc8nkdwXa2zBh74e,2
149kbALqKMyAD44mRvfDhoA7PS,2
3c7AHArDNtMBdNQMAaAwKbajJJkVvmRCTZ,3
3pMRHWYuzSauKViKZrw4Tjavs4NeK8zLW1,1
bc1dvnnphpckdq7vse6spfdc2m59592rc6396hg6lu,1
1NKitJTbU6f8bLNobjYDdsLsJcqgq4bD,2
1i9YUg5za3YVJaF45tRDrZc6sK1gkcPrcT,3
3G2hcNXGfHbG6iAgupsBdxKaqYBLhKLtca,1
1myyrqaNuzg6fb7mpAYnZPbynbNyVjha,3
bc1ud6rtj4gqum50rqktzyacglkvr70knu3a4x0jsh,2
35jjtXs7Wdfrg7EocswD6EGdSfsm9WmRFW,3
3c3W4gAjqwB4HJpEKcWsZRFM7moyfLd1hs,3
1AG638oewDd6VgD3zuqjUAieVDvXE,3
3m3dLAxgcZzQ5PTdR38781qfSidfD9a7ht,1
17GvNvyta28ZqXWabMfiHb9Jqf,2
3HFqzgSMEF1GP6HFRoVWojA8tkXoJK1ZE2,2
1UZAEbDScxLXcVVzkzjzF9FAKm,3
3irgG6H8EsT9SvbMp3grEEvcfZVTEN61LX,3
bc1wtauel79znectrpscjkskzrr7n9r6k8y5dx4j5l,1
1CHgimSdGqsgDHHCdmrsc5jmENDJE,1
3ffmAFWqjv78uAVpwSb59rZWpBmzHdB3Pa,2
bc1t63zaj0jrvmpr3pglcwvrm8v20zlqvd30fja053,2
bc1w5eh3etzvmarjz9dl0y6znspm7hpv8qpe43a49l,1
3KroLphHNpS6Nux4PEzvtAwSzFRsk8QhPV,2
3bHMkwkJkhMnGzNcXNE5qxv3eHkWVw5R8P,1
1bB6mexKpF62jDecnhRYXWLiNMWwEGGZNc,3
3miGMHAazjrDXoKWaVfLotTrsuUBK4WL1r,3
bc1scugrmuu4medzkjjw9wruhhnem5xzcmtpx9j8z4,1
1KQn7xAZyHfDVX1Zi9jmXb3xTqtkx,2
1TXQT4ToEDdyooScVQ33ydupU3bT4DNgnP,1
bc13vqaeep06racyrk3xln2mpa6cuahjehreads0z6,3
1J5onRqZkNZF8ybLd8S7uVsAKrnbK3AGju,2
1fnvqGXLUMqLzA9FmRFNEfdHSwqx99Qhc,3
317XTqnTJtBkZVC4vucEhvRskSZ2AncSeq,2
3udFi8RpbszyerjuLTwFpd7CAWadBuTDwn,3
bc1cd2c3f0fnelk2gpuqq5m8dcujta33lxlf7hxvs9,1
1bjRNVNcdfyyqc1CoUQn5NTy6K6vMm7P9,2
1cA5MTiQ3mNuTd2tpcn8sN3wZ62a,1
119V91NQHSQB1dBswsoREe6FkTEb,2
bc1u0zrm7duy8e4ehufxh6hmz0ky3n2fp34g3j02e7,3
1eLcuZbBvHLJjw927dc7mqSKHDj,2
3iScPwySBnELEvq2ftejwbrBeQCqVk7pAN,2
3V2D6p4MVfNC9JZBLLaKZtUT4KgcMhWauv,2
3HunBSiVcnCnrRm1b9YffhZ9hU6Dfn3brk,3
1NbgezYyjXZG5HaCm5KkiKxAk8XPhni,2
3QAgjYs9fRM6h4SpoWSeHHKGvC1enpmyjU,1
1upknsW6FktDnthCLjTWPsT4ps2iP,1
1ag2wiRxRcNrj8mFG7i4g1kGZXWDam3,2
1Zg1W7dXYbiaeUZWaDq7cUc6L6,1
35jTk62XigK8QJnLgcA7oqsLkVV55coua7,3
1gRBoLFVf4rsKkRm7D7A6LYCA6jwHELB,3
1iKbrxSSeJhJF9WtzDyf78LKY,1
1H3n4mLDmN4hRhcvhDVGUVE6LEoqvnFs,2
1NTucjywRPRAi3RV3EcDNrVFr2jzZCU,1
1Xz41fv3jLkBj7tCj8x451QHSM,2
bc1sgssk5w3ltsk0htk0rmzanfzmpvk7e5jtqm7hhx,1
1fxPrYfcX92BPo4E3K96GAjzN6oDBZbU,3
1RgzYnwgAiUJKXRS5hZQN7drLdQ4HErLCf,1
3CtZqaasFvBz3XLvKy2B7g2QFtoiDCp94t,3
1aUpA5UtcvpjJ9wc6pVVGm5L6UL2wgR59,2
3fjGP5uhyKcPUHVzKhuSWAmrSNkTgy84by,2
bc15nzvhqml5q9wmchf9sm7ql83scdefu2jhzc33h6,1
3WhbCBDaAZwW2gUNznXnHVhPK19kRCu78B,2
bc1tgydf8ehqguth58fj4d9egwqly4s0zpgsmscg55,2
1qcbfknDomFCCSRWYoXn9WxDsSYuNB9LVq,3
3icUyEd8aXNWvb2CDHbqcMYTz9fSYuTSjS,3
3rxfEb5zz3eSuWntE2DV3Ry97iFHZUBMXG,1
3cpk59JQwyBUrbMmofX3TZgJEehXs1apuR,1
bc1ajel5u2q2mnfchtnt8fe8vfjrp0anwy9kfahzla,3
11V8mkrURszUtSZrhu7MsNb1v,2
3s9x3L12cmc5MXvvDafssFMSBB6kYcH5dm,2
3fuQbD4YKab31jgSN4qpDue49rHhW7TC2N,2
3EX5KYtoaktPWxEnBHM5MKsZC76e4hYkXR,3
14yG1sYwRzTdBVq3xFTX3Q92njqP1eJds,1
19tnnDLRdrS4zMzcqrehRVtDoa,3
bc1jafgwu6pxmzechaeqryde0acfg59r6jy5cy0x53,3
3xn1uY6GyFXm1JDCtWG9NKxuPm2fLZ2iua,2
1YLqs46KDYgoLYZ3Uduoci7HXXoM,2
3dn7JR6bbFT3sQNquPYMrKLndQVoRMdMbA,3
1voEo6RBRGrc7e6PAWQiY4NC6Md5y,1
1pwuAWUJTqnSkEco7m5hsZtMYf,2
3wpf7dkhgJXJGsCUaRkMLVarPWFH98WbGK,1
3x87vWSKF4Rmf3qfFuJKzVxq2pP6SgPwzM,3
1UtX1cC5V4cVaU6xu6a6ahMXBVDY,2
bc1wndzmpgusz6fyw9xu6nwqfag284vqth4ns60xq0,1
bc18lew9e8dmp6y5u2pwt2yd6agx76tx7wxftx4ejf,1
1picdTUth6eFvP64c6CNK3emhvtB3QY,3
3fAXCrccYbvJsZAKeHVBGSMN6WnWtfzCBV,3
1451AdFewyVnegG5HWpLgkkTZXdctyZ8,3
1DdCLFkB44CznRrwSXaZiyyF6MnR7,2
3f5opAtiDLNBrRW89MGG8ApdQz8JKu7eG8,3
3VrVW2q58McDRJCBgCMGc3CPjh6srSZFCY,2
1LTzZUeAPtsLHza1ccSc5j1hSwzacD,2
37aetdHyuTPBx5h196LVuXPDvTLCt2WpcQ,2
1owNYkD6A4ihMr5hFTnwjgHC2MVfwgz,3
3Ta3vYaLPTBLXCuBGHLkAixY39y1dWYg3a,2
bc1h6j2efrqe3qz8g5klkaegu9dw2g8jmfxavmyq7w,3
3HNEahjrXLdTpzWBZYYAJyP8GAm3o11mUh,3
3gMvqgd5LD74fMCVUX3uEmvYBNUV37EE1v,1
1aoGmv4vEvMbWczkhAQS6JDbq2Cxwh7,2
1eCpNVDJthLkJAWeDtgqWKBiScDFrMS,3
1zDBfVyP1S6ChneK3JyW1wt1Q9dx,1
3aFsg8xdCvwAwjBswGKHPRemcSfPdvPWi1,1
3hC8cZoixpq1eRr7Z5rH6Y7jMxyjoYaKhQ,1
bc1s99sjkzccjvzannxh7wnasepjx6u8h7h67hzp0q,3
bc1y8s6tj2mr4jy7wypxt38jntrr8cn0ha86w93wl7,2
bc18q3fycec62f4evwxuyqsf4m5enrswp6szqqgaxr,1
1aYk5xSQt2L1TxaLsHrA6qAZe1,3
3HxGvoQgbyxoG4jmy7teEE7VyjVf5FQARj,1
38KMsXX5SKWz7HniQWo7Cgcn64Bc6LmvgL,3
1YXvp4H3CkFLnyWW1nxYrhLE5V,1
196ZBXdZsWgT65cqXJfS3y1pk,1
1zzZBWwDhhqBdrqJEGJPTdJoZDaq,1
1vbRicFM47NfC32nr51h7gQjr,3
1g8e2bVXmvtWYacEHu4N9vVT5DareQ2y5,2
1avxUhs4d44oRpvFS6YNZDMwjvfoJ,2
1h6tARPMrh6RPR6Tn7573V7g2LXZma,2
1ootBiLMRMivzEMpoWF3W4SmhWxkpCxAbf,1
1Dp8h4EuYp111FwsLJjtZq7JsSj9MY,3
13K4gTb1PPrnmuWCXtXYPQuRQCxfU4vTBQ,2
bc1jf49vrmk5w3h4gkg6ec0tee0apdg6337mml36vs,1
3N2EavCTSHiJA6HdfYJZtBfvwKHBUSjoqv,2
1fUE3f1JnJfHuxB4kzsbJbZ6TiBnUwa,3
1cvdnprptQRTbN63iMjAUQ4yjb92TvbhN2,1
1J5Rqmg3ujtVSouBATYBvDhKT7EUP,3
3yfBfDtHyCnETvvRUvwPYCB7mWAeZWY3VM,1
bc1adt2h3vfzk9yjg3y547zt9slxr30vg5g300f7cj,3
35y24YrzxBVZR4QYofSiHvxLhfqUyQ95Dm,3
1irmM54tgEXdWqdXqRWK7eSQ4nVojZcT7,3
bc1ktm9fhgvu2kank377x2v8q69ukz5spzgspc3w46,3
1gFgDZEcBzh4ndRajGXMW1GbpV9yTKGL,2
1uB49vPcHZyjbPv2JXyp9qHiLt,3
bc1j0lgfalzh4e4p7wj46jzzy9c2ry4txspfrv2l0q,2
3uVNckCAj2FmTkERxtJGd54oDDEwopFixU,3
1YY5RkmbcY9Cugs9xNWcCcg2YG8mL2,2
1TqhjipBqFiLjxKbS6qNkzoqD,1
38AoKjREwyXND61aCMgWUNghU2BdcPBkBY,1
1vWq2FywtiJx3epacjg7pfpDfiM,3
1L2558wW131Y984Ek3baMz3a2R5Sq16UYG,2
1uc68VZnR4QXjNinBwCREz4guLPyCk,2
3xwhMqG6yRpndKuPRUmwjFcwHiJ2wqq7mx,3
1WV6kEpCBKifYDUnue9ziG3L7VNYRp5h,1
1tbr8uAjVkddCJf54Pbgxt5Kh,2
3g32UVLLwDWmjYwVfYGPwK7CYFNzgrYJcA,2
1zT4rxxFqV33MQMnpVBa53APeUKrv,3
3hkS27Sp1yPs6prBashzKRDZEaKzhCxay8,3
3QaWQfKPSFKGbPHgBRpZmfLLm4CqYfinNd,2
bc1gfrmps6f33au6uwlamewef065x7s7z4zlwrqf97,3
1SVKkGUcWe1n21pE4qeiHY2v5juq,2
3a7fZj59mwGFTRHNXvtJZtNgYqCQLmJtvd,2
3HTz7BgksnDX8kM8UdnNt8QgaPrqsjysgg,2
3dhNTuJYRqTfKuTSDfoW3T2pXCjnEuZHmh,1
bc1hd3v2p86ut6qhtzwuxzx5sw395sq9k494tcm0nx,3
3YVgSjjqfn18geMHmJ5pJr1YtYQ8hkAcdq,1
1CNnj3c7wdnmxB1cAf4tFrNrR4gcW,2
11niabi3ousYf2BFzaQKCK7v6E,2
1uF6QwNLoBFCzN5okk6fQ2CCWiWL4wGK,3
bc125zjd8gqvddec0srmgf2gm3dcz6xaj4xtc6g7vx,2
1dQ6u9T3Jf7BmznyEWkijZaA13czr,1
1fpo8aDsRVn7huAHa7Wkm12BEXW,1
bc1lngr0zwrkd0ery7m87kj8xxu8dk3wyft6qgaaqg,2
1f6qYXcBY8HYp6C8VDSeehzfes9iD99A,2
1zZDW5L7L8XVpHM1FH6RDG1TJjPKkDad,1
1fkHNabK1YhTKoVinkf2RBn1hwBJf,3
1GsYUHFyRMvsgg1kYjrZ3Bjerb,3
3Bza8B7eoG9dgV53Asabx1K2ouAbv8MTya,3
3XLcofvAnEqJYrUe1UXVn3PLJ1WzoNax3K,1
bc1z95sa7qjnwkjarwtjpv6s00kneccyndgkg8yj4w,1
bc1d02llmehjc2nuc20ef45pwzehka8xv8ty50xq25,3
1xveSFvzefY47L9u7qhmcLFi79iKa7CPP,2
1H6nu2m16Ytp1QZBqEPmxZj5Wd,2
3eVeLKzbMsQZntuGbFxCyHGXc5xRKc6YDw,3
bc1xvjcvvqakkwqjjq7gspwprntqe29632hfgkkxxs,1
bc1hvkgj8a7rylssr0a53vl58pnp6q5swd8k2a3zh6,2
3ASRtrYTWG8PShy4swoMSQVBFsYoSfo6PF,2
bc1nlz6kqu72afmd5ayrt36wcexjuapuvvtygfq6rl,2
1b1vMZ68N4UYSKgdj36997nRCueMu1TdSr,2
14u8y6Lowpvt5zyYDereu3KvDGziUJn6v,2
bc1e8rzvk8m96hu24cgam8fyt6mjg7wzv5xpl9dlks,3
1Ws5huqLGpguwk67YxhHr5a5uG,3
3LNUSPai9CT6Vk3JNyh8ySPyoiBz38HBEx,3
1KzfCoxM5bcdA448zAk1ocgD4pRF3xh,3
1Vmhz55c7xmP3Le3aquYQM2YbD,1
3BThXpuj1LDJXYvVzbjSToKDMbAZFE5smL,2
1GhysxQjGoYxZ9DigdoHnfJJMfnnjJLh,3
1TcbFP44CaGu8QHQw8jMGjxvtjnqSq,3
1oSrDwxT2rcDQP3UywZp6fexYAwZ5qD,3
bc12wnf52qpst4gyl2c5907ca4u98srugtmlzmgn25,3
1PDYKHo6f9uyoeWZC84Mc4acEzheB,3
3AxJ5VQnSpvgsCYZNQHg21wfVLraQNqM27,1
1LB7LFzSFRD4ULSHD6WB5juLxhBtMK,3
1QyjentqsM1PvHNMXDPT9ZHaCx,2
1dZiQPa12dLmtBLxj2BDz6Fw6qwESTAuh,2
bc1plu5t9neq7jlnwhszasj7cqtgufcs5fc0rqscew,2
bc1cmzkvj9jax5j5vs4f0v8qnlj05rr2ljcufw7v6w,2
1FSvjmSLRg6JQeh6QXbNsKu7XJYKeG,3
3B685AvwXhnamG468oepUh6KUSzsG8n4jB,3
19rU1yk3BXnTjQHLBJTwPsdpfQSdv1mBT,1
1hiXS2twEqJjMaws3At2CWzPrWxZ,3
1TChfZuucJggJybGT5EVcQeqStm,3
bc18sq4q5n3d0eyg22qy99y3vqe23xl9u808gguums,3
3wfFYeGwAfDx8WjRrPbZ5W6WCwuEEwhigB,1
3LMJS923GWcgcVGFufcrCDFrN4Dyqr93uz,2
1qnFeTFSfVNWaSV6jjUEEzWVy,3
bc193ahaf42nf6vrnwhsy4pnvgpjn9gywdmkuwp0h6,1
1SeLPTJF7tTJJhnnZ3ixhVVtjW,3
1yza8gjy1DJuUynhn2ocCnEwwCN,1
1SD9iNhoGudyj7cVNrZEhe8qXd9X,1
bc1kj3xj5dq763aac3mjac30wvn3dmg6jrtp24wl2u,3
1zkX8WBE8eUyoVuN7LxVxyt957,1
14PxEATkoSTUeWG2BvxvLuHm4PYGe,2
bc1en0dflenjc0xc2cnalazqpm08ulslhx5z34pa9p,2
3dEgAyFHNfMymuwSuiqHopjTpT2vZTmk81,3
37UcXAT5ZKirqC2VrV25W5wwuDoxn7S5Bu,3
1kjcCRomsHVBYtW2tsMh4GBZ5Am7Hv,1
1SoUCC6Ak3csU5VtgwF7j6bPZryZp49,3
3yzkMnLuGNQHgdurh4s3TsYiycAstUjh3u,2
1tpftBUNtgaNK1gTK8FRy9cSVC1S,2
bc1d3v9cnfnjmpxh97rv3xz5cfqknanvq6hgflg9y8,3
128qEM4fmszdBdvjMFxUfoGLhVc5Av4,2
bc1362x5cg4lr92sknt26x0n03szkspvzj7u3ff0ez,1
3zmJTtvTQXdLLifKnrHwEAUN5xjKNU35ep,3
bc19vcjzptweyp2v6dcgkdv45jx9026xsh85g8ymsa,2
3WwdkwoRKGcvm329Y53CARQ6ZWWQFhva5y,2
1hnM9jmwA458s7xNTzyAUxTPP7A8kCX7,3
3mUg7TvJPYJZNaVKTmv68C7KgGVBqHeqyD,3
17HjQPgZvBigsx8X2pHdqzDMvfz44,2
3ooGgiMKtLNw5aNaVLxryMfZG9v13mWf1T,2
12H89vo1HYcM5uXYKBgLShP9A4kKGoT,3
1Vb9DsekqU1Pge9EmxzkBZuffLTN9JV,3
1C1xPTFALYTjDEhPosLRnJDEkjtE1GxFU,3
bc178pn2fu3kpjrpukqcxpcjpju8g46kps07s4v24y,1
1SXUNSmJyaVL6Do8QSc8Br6PctBW6GY5,2
1jhfTVd7FHFPxNkzvLMDUduze,3
1KYWTozJporub4gtaD2FVWKX6Gmhed8,2
3rCXQdT2P6iwMo3vod8XocP7NX2VjS8T15,2
1WeMQeG43eynQmUcLFmrsnjmcti5jhf,2
12pUFLTd9wE3yrWZp4QFozsSm5,3
1qPm45hmjseZVwD2KvMBYD6Mu1vaC,2
bc185eagqudc056vyjx3rzuu7cf5c6c6w3gu4s2f99,2
3yg8Z4ks8BbkjHuMwibQVe4qryCRiJqV2f,3
1SjMGpTEDFr8KXXyqekuAursD2xBwG,3
11EFsDU1XVgVLAnrtfyu2JdDy8v3EpUDJv,1
bc1tppr4d3vdgcd2vnfzj3umr85feh89v002fu3z5s,1
1xQFJnpb6G7WJoTkgGa5ggtwRezQ6Bz,3
1ytToMCFwQpDJbRLLX9xD4pJQLRQj,2
15GvgEvFKVaPjmW9fr6HbvxkefcXEm5,2
1RhtGpXSXT8TXyQFqfzPbwfWmgiLiZTx2,2
354omaihXKnrvHPK9S2MzqXLqoZnDTZ3ET,2
1Zy3KsvF3ktxYMfajxTBmEe45Z,1
1Gg8apT2DH3qGkXDMrHXuQd5i,1
1hHz5Ea3bek3PTE9GxD6FxXtUiUtSqWVN,2
1xj4RQGaHFoWtMi8oWZmTnXLjJTLDDEP,3
1aDN2nvgQ7NSezzsqjsYTXgTUYKt2HQ79F,3
1KKPhkDChf7v9f9BruyB4VkyYB2eS,2
bc1h0pc9xc6jax00hnznj4yyq8wh20gq32aaknz7ln,3
3CzakdY9SEE12gwZqvkkqCh5i4VRcttRui,3
3We1hcHuotaAEkVWisiXae94ozZogvUEj9,1
bc1ma0lw8pncgq7xcgy8fgcz02ghpxy4xpzwzmq5hw,2
3ovEJ6fszJMKgC4NAqJtwUnnqvc6URXhZR,2
32AbNid46yJ32j9vdDP6UZrK7ttqWzJuwp,2
12qWebLzUvv83HD2XSYSvPAsXF7ECZ4Bv4,2
119pK9Lr2BJ5pnU4WrpCWP366EqDia7k,3
3aqpfTHRJEz4pDtfqhY57fzE1s89xY2koH,3
1emmSCDBzcCXjrLmLfrt1XNYJVpgs9b4rx,2
3P5BNw6Sd3j3TuvG1pnoed62jjmrSFqjRB,2
1eEcTvCVKpwY6BfF2uf2KCqLYXLe,2
1Uk1fbNeyWG8E5ZgiASBdasiJPEtHHUbB,3
3Rnprcr9MqqojTnpsBj1DdZMZvqhWHDguC,2
bc15qn8q3ee8zrf0tj3dzdxsh78pxaa502tey8y53a,3
1eaKWr2Eq9VJDL9JppDuimYBDsCD984c,2
1Uh2PLKBNvAiF26MHY2Kg6EWiUV,3
3GabGHzXweusip9mQtiy6DGBiUAmKkkPHY,2
bc1rutl4lpwgyc5lx6dy5k5rqcacw2wttu5nlqdx86,3
3RrCkE76P44scLC2AkYtDE3QgwVUgbPVK9,2
1F3uWTH1DqaGwhgHobCDissA7K9o8QrxY,1
bc1uahpxzzv8erhwcwtgzg09c2ulwej7nkyvegj4pv,1
1bwBiepZsUVCdsDB7xZkk9erXSLfvMgp,1
3DJuXo1cTgTfsAEemwePQ9jywYasaYtEoR,1
3TRdPs8E1nTNFeGixEW34K9Y8ptU1Vrvfj,2
3QvBR4R3Ae8v2AxgJP5hKUqZQzrMV4uYXC,3
3CyjGdiBPbTmaNStADKZG4gtTivJ9k8Gsg,1
bc1jdk6urnakdp8khpaaj0v4p9qakdcx982ynrll5v,1
37jtAFppa7taQGAh6nKiZRrw2bsQWcUgV4,1
3ji6hrQJpWwwaH3fp2bjYZ8nU4J467fFYc,3
bc1v3ss3qnyee0e2730zkknxc7lj5pjuhex7qqug7x,3
3uhjecKJnpmwpw2ysYPYBuCDZXcJA6uSHU,3
bc1092kg2dwxzgyhw7g0kvrg85xpcasgmyxpjueg8c,3
1urwoqvuYea8W395Es2fn3eWy,2
1J39TmL9N7Sg9jLPdFPse9WCjJvpnMPv6X,2
1ctvnA83pmDQ7PPigckD5zqcdgX1ADd,3
1FcKqHMoKGXLWpxdh3aJaYWYcad,1
bc1mfgqpejajtft5rjjqae00p7sz89jx7ewpy0y8fk,1
1b7ENv9MkWGez2kRVB6f7kmvJGeWM9JQ,2
1PXtVFUgrV1cdwhdn1CV43dwn1,2
165ZxxztCfKQGN2A1EuXSsRSP,2
1ypmCFm9ZX6WM5aabgUz2kPvUxnhUpt8oT,2
36ynHL2ojEmddqSdJiSpD9VFtiAA6EJ1PW,3
3eQMbuuFNviQMXPutj6HDmg5mZ3KP5SU3j,3
1GHhRNRs4QFs2ATPPgxMi5DhkDH,1
1nVjuBmBFUKhBYVQvn8j9yAqasZTZqfqWa,1
33h8rMxiJ3RqBKXPxX2rH5wMPCrhnjt5BL,3
1WjWtJm1Razvt9EPV2NFZDUbwgw,3
1NwAyKYZRiMbNHrL3HK6o2QPQNWa,1
3eDee5zdFANVA7YPypAYfhXrFWPMSff6iZ,2
bc1aal43xvzc238vcmfjfk885d73ceed7zcav5uanv,3
3NWrRmj5wAxP6rkU1HY2TVi8xV1puRnaPN,2
39UseKahYCZZpqg2PX7JUazwpioCsLRTwz,2
3XLRB2zdrnsQb6inHbCmaPThNuJr7n5wME,2
17ducmq7oKxpHHQ936PnBccRUmTzhqE,3
1NDV4QWJRW583RZcATzxaejUy5c,3
bc1x4jc4fuvv0rpdkva3upgtksvm29yyhpcat4u5fr,1
15f1vw1NjYrBv2qRXUnxotZoc,2
1xV93PLEtocYkgiQRYgqRQAm9y,2
bc13m4y8qkqjv8j0xf3kvcl3gwqhjmaffrl6vmz7vz,1
1aBN7grVP3CoPrW1Z9fgsL57EXDg,2
3Gd6fUBrbFGn2xN4MU7mSPsVBGAPL2FrK4,1
bc1jejnk9g9ugmqhduzt5kyu0v46v3h3tukr8eek9t,3
3n5BX3RoTWXvCDXJs9GuthM4DNmaK2jnUe,2
3bhikxcko5tqj95zUBS5VPhBV9j5nR6Y1C,3
16idqEouqnoF64tbEUEETZXpXv5vy39EUQ,1
bc1hqh04wd9wwpustt6cnza2fzrk5g35erjg74xg9k,1
3xnv1X9pSztfGK5bdnkSgQ1kgpLVVVEWz7,2
1YN8U5q7rf7R7canFzRmCRhosqMgPci,2
1duLbNqsE2hRrw1UGXyzAKGQv,2
1DPueJzug2XMLeZAGDfvizvy7C5iQbuCFG,3
3M8cYnfVpUA4EZV8Wg9rjjRRvMDbzX2CGS,2
3JNGq1PxbJLABa1dZ5eqV7CYB1AhoydLtA,1
1fQ3YRatFqjrxrgyhbw2xk5p3euE3oW,2
3bq4DAXMrupEQrfxsD9unVa8t7ZxaFpK2T,1
3Me6TsafiNFu3FauyQWLGGeoqKAKQCsUFw,3
1G6fp9HeNkqyudoob116b8Vi6,3
16PRRE33GheUmTNFNEKkRA9YiTvP4,3
11xvePcN666nNpJ4xzoL1FZGGrukupxMRs,2
1H35h8ct262RbpA6kTn3JFBX8xzg,3
3MTWD7ix93hEVdP4SFVubDsguAXsoKja7G,3
bc18af3yfq3fchdgr7fyhupmvxc204r77sqdjs2t5u,2
3BvPE3sFQW4ZwPEKMpEJ2TNdg8Htb2dRFY,1
1s8GJa3dwdPPBJa2RsuCbRsNKTC,3
33MdCzoCbdn5A538gzDVCjyYtwjnZnWrhZ,1
bc1akdvd4fxxz2nxuz9yfhrapfl8vnng4sfj6m9tsz,1
bc1c4tfdmp989rhy47mpr8tktpr36aw4vmfvdf80cq,2
16W4tePG6vfUqzbwGNVk6Va5NE,1
1QPtVxCJZ54mp22F2noTN2xz8fNmYJ,1
1jKH6yBnFud5iFftyUirfCUSdXJ,1
3rdub59shg8tJJen1UsDtbX3rWhquYkVHS,1
3HuwPDfPUarZF55n8A5sXMkMY5CojXPWZB,3
16FaiBiaoM25Qf4q6kDAUrBWHHxSSG,2
1zks8wmEe1QhGWPT6qj5PytMdvn9Z,2
1mStU6wuAyp8xooLwZhKPns6fn,1
12KEjofcm2zUchhbrcboRjhE7,2
bc1qmawh2akarmzudpjude32h3q7l6yswfpm2aaztq,1
3aL7Z6PnrzYCW4m7FtsTT6xaH96nCjxgZc,3
3PcTypdcM27YH49jtwBXSwcx3YujPpGass,2
3Rux9nZzMSArjYMBSS8ySTyteNaD1TfUFy,3
bc1u7csqv6jsmap7k0jyhcaad77wncqgay9ha39xwa,2
31ZsUrKAkgzH6v8ap6tzUrp3BjpfGVoW7s,1
bc17pcxar6e5uahfqm3a54nevt3n0s4edw3yxevl92,3
1x6hqhV9MpYovyQouG25fpAdhzq7h,2
1B6apcuAj6ZUjAP5Kov8FBMuJforhHx,2
bc1hk0cecay0xs30dpgyxfftzn44xkmzyzgw3z8dvf,3
114XDZB7kj9VRufZ88homRt32ruhMA7DHq,1
3hRQPc5Wq9vPEwVdcUGUtTRNRNwoxiDh6v,3
3nxuDJ97zFMhsHzh8J61aCw34q6cZR5HaK,3
3YEQCTk3TYm6YV3uLfxzGx7uy3jcJy9pfZ,2
31Cn9kqMuMcuNmu5h7PKoN3Y7U183FhCC5,2
18apeLKrYs6wJzZxP7E18DqtMsNdbvDC77,2
bc1ezhmfg4vv6rxkv92j7gcq6fhkqk3nfatndp0sam,2
1DhxuGsMWgTMN9xGjWZyuo6CzLXc,2
bc1qephpmj742l8dwrachhkvxj20rzzxknexnj9w96,3
3uXWmtNdo14ZTJT2H5EVyAroGkvEK3YKkF,2
3fpoPP9RY9cbaUhWfHnoRgorfeqYWpMBbb,3
17dcQKuXz8VZjcx8kGqEJgUa7WHKj7Fn1,2
16bNU9WYgWgvAS7orGKwyvscNAdg,2
1keJSNRjELrDn2TiCT8gNNW7x1vyz,1
3nyvdSzf5ozgSBG92NZBpN4vzdoymMrbcU,3
1doHZKKHA3JyjTBno7bftZSFNsE2dk,2
1155yjyMqoBbNqPR5MRrUojCH,3
1eDPxWf4PWqgLWu2EmXYLKBWUjST,1
bc1p8fqt3e9sq8zzj4kw2mlnpg4gek4z92e7r2m59u,2
3nwZgB7Z7vtytbC5Scdq8o9ksGn4pZ2oU5,3
3DrmPUfZ4mRvi4R26YBj2h6JHT2CWZkCET,3
3sSMfAHi4w5sp7RY8pNhLdUYrjxQWK2vyz,2
1WrSxrscVfRZBdbFFoeyFDThJTqGbij,2
14pUsnfpv2zvZ155FQc4WntiYhkU,1
13TWeHnFrEzgMU6phZn5t1Gjg8,3
1e8QMJSgsr1zYXyURk7EuABNwRajCqHEH,1
3iiV9Rvi5gc3SUF6npKpnzKuDLY7zfda32,3
1sUETdqvY5XW6wkSrm2fmvtYdgz39DS,2
1iQi8NGP2pV1YUxoqD2Ty7rjppBPuXmBEA,1
34oAYjHP1eifzXLWcnE9dfpEjvJ6czJhnR,1
bc1hfdgmfc7fuvxd4hvc60p8wqlugyyadmvt4sk32j,3
1jf6VWW1oGxUExZhs9NbmvvEctX,3
bc1dphkpt3cjkktd0m9rwh72v0s04d8kh0ulcg52gz,2
1ZhhDZ623gxtsyeP7Lxebg1ZxwVPv1,3
bc1vqzd4aztszvsxykdxdvrt4333m76fkvz2fc4ku7,1
bc174yz69yeenexwq4p89aswek78hwdhk5fr3mtpyc,2
3G1VGJ5ywwWtFKAvpKxdF8WzvGtkj9tXS7,2
1vDM6tu78fF9CzqUg4BxwjNdj9p5,3
32aDjWaDD3e4We5eZzRvArpWZQvjdYGCKz,1
bc1adl87s3t3lw46dpd0pgdga5aslhggk7j40ujeag,3
1veZZ6TYYrDQec7tPmNgi74FGrt,2
bc12djuxcaxg4p4z0luve7f4vsgjsnatr0vrm79x5u,2
bc1dvt2t9celq4fdegsl3k4hzrfw2v7dxdkqps4775,3
1Mcr3URoFCwZg4Ln7ypCpwHtE6mjyVH,2
bc1krlthqyu6p2s2mvuxzw7ska0s3d7tfqkzdm998f,1
1YHSii7upg85Muk6C7GAYmUhGoGES7ooQ,2
3CzUEUL7qySTwkbCseb25FRWgiLGoADFgT,1
3wG6qLxXQDG9Nkv2FtTKLGzHqH41xgabXL,2
15aivygapZBvgCe2nrVX3rVgX,3
3B1fjWEyF51uBtHWCcn9yNmUsvQtjq9ej2,3
1UXXfWZq1qNLUB2Xa9Jzfs6JBiCWWnF,3
3sBGAZJ2jacRVXtETq7w18pKaYvL1v9V3A,3
bc1k8mmwuqvfndly63m2p5xcmqkhyyugej856qt40g,1
3Q1kPyN7tWBHEiAjN58BsAypDagvYvqtHB,1
1A6GwcP6h5paD96LUeznprf6J,3
3FK7eeg8rUcY6Q27pkq6MoD7SS4f7vwxgu,1
382GMxe22YdhCm9gZCTNeh3zKMgTitRw5y,2
1KG2EMa8oFkJdT3f1ZsWxqpawpix8hYL31,1
1RPyfK4KSeAoG7kQHqkYhYHU3f,2
1mgq98QWKFGzEYp2dRTWC7yBm3L9eQLXyF,2
1oSjp5pkhnmwFskzdJsyZt9gbHNw6kDqo,3
bc1jfufgy68nj4ulfw7unahqgm62jefw5vfux394zl,2
bc1hj9rrmshf9l7dutut85mqaf4x2mpt6q456ckjmg,2
1zLx9WiqP9ksG6PotvNgkuQ1DPLPS5Rp,3
1bcyHaQ9KCbAu5RiCVmSd5jDFj44UYR,3
1NHz3LYhyRjfNJiYu4g7rPZrN,2
bc14twvd6xvu4uycvyrn5z8v7ld8nv46au009extwz,2
1QhkxdR2APwfxpFvhpLTGGzTGiB6od2,3
3vvUoxFXmV1dkMmy1CFyfXLbCg4ZhJcxNj,2
1q1YuSMPZf2Fom6PPdz6oQLXC,1
bc1zeeafsq3qm0gmjk0slem9c8w63nyj84c642auun,2
1uC48kKPmhoSXqNeRS37W5CSaE6TCvzZ,2
1dPmL3juoL2hG7r9BjQ8EpEx6o1zVcpDY,3
1BcmnfT9FQoKmtg3Qa42mgPYSJEuzaENf,1
1QgwNeqCPQx2h5FA5CEQAWSz36,2
33LDky39iLX18tZpudfXZDApsndVMTCogG,2
1RjXc42VUEWTVrrGWLXrNTHuknFZNWxd,2
1aEYMHnqbjkbEsXqpu2iNiDaf,3
3ZMNmxnxrhB3WbQyHpXdtJCknWzvNvQFnd,2
bc1k0pcc75e3t4kgejt9gr33gjrsxcps0cvngv3gz2,3
17VYTKwf7KQtQBHDvBmujeVjLEUPP,2
bc1dc8yr5kg3zu0jsuukr4znsk0dy6m35sa0qjq98n,3
1iFvnBGhkvxki68avckzwW5GuSU7CgcC,2
19jTkt7XaZZgHmiGqSi3WuLZjkTdDe4,3
bc1cec39qntgnsvw2w8sdsf25c646llxu0x9vfpr5f,3
3xm9X9UMaa8KzWpFHXkZSo1x9tS3aNzRk9,1
bc15emtyfwe67hadagauad0awpp6ja7tktctau7y2k,1
3gTyUmqgxMwecgiUp5ZovW6YnXu9bUGWTa,1
1rzsm132uh5aHSLSLboCS1YRw4zRC5,1
1dBUxCzRu7sG169gktuhyz8PAE8zzE96,2
3pS2hWzz7YCbgYCbCMWgFujSvrX9Lc8XXi,2
1n9mZAmchqK6CX3vHHoLJKCJ7C,1
bc1nepmhfnr4q0r6wj0txvqgc2l2nym8xxumkmxyfj,2
1AAuK5edFbv3anziWEKw8V1vMW,3
3c2SG5zVZPVpRDVcG5Lvde7uJJVH23jgnL,3
1Q4wRnAyt5f3zbV7wdF9tTzGZ,1
3KaNDniNrKz4Jkhb8YPnT1bF7pYY8ZtzVM,3
bc1jl3654pwkt036r23re6pmx9qf9dd9l8cjfzm9s4,2
bc1nxc49fn5yu38t59h2ezewj59wx8dr8286ypzz5u,2
bc18qxs63p659y5hced77rzw52aptpjjz5w2qe5zk6,3
bc1uqkr6h26r9scapsvexp03wjf70urzgrrv3er0cz,1
3ZoJiLbpUsxkJscc4BECjiU1mprtYMRvNq,3
bc1la4s23rtwzlww0ldyazmkrp9c80ah8vys26wqha,3
3ZtvR1pKGUKkJXFvEbHkAQRDt6xXiEtEHh,1
3J5vuaqcTUg6Ncxe7o257FyugVSoYfnfXr,2
144nx9KJp4erwd2zGhf1tsRZwupj,3
3rXkTTZ2fG72zpQgwVzCVdm2rLEqm7bLrX,2
12XjKA5nykjiq7LN4p6yi2VZDWS9499y,2
bc1aevmp44d0te2whsuewtedn82ewkkgkm4rtrul3e,2
35Er5cbCmR7zMy5ntpoqyReT8MgtLGC7fx,3
1G4YCwGD4tXgrbx4T7KSjFV1Cj4RXA1,3
bc1xhvu8qr7ejswygad7c8605vrrk3dgxaacr7c29w,2
3QGRsSrNFHdqaeDSaTRNV5phJZrSt5Mqtp,1
1xyhdFyXFbh3nWaSjB1o5v5w2eEQ,3
3rHccVCUHVAHTxaLrGmSFATQGvBYU76ybq,3
1BwBNwBVuJafNKyizU73Sy6ZYPZGF,3
3UShyCwZYaYhLaNXwaeiWGpgt7sXqjQ327,3
1YGE5mPV1gAZ38PQJLPcyzckUyp4,1
bc1ztqj8wrz77q6h87sny369ry84hz30uep08y9u5x,1
bc14v75xv7jgy69yuf0s88f85pu4xy42r5aasfga68,3
3oohjW5kiwHufHpASEpVAWW9mDVGYppccQ,3
1qGMGjKGJnbevVRBnCoXCgNhdrsVLE,2
3y5syL7rRMPkNuq3UpUMeeDEuEPmeN1CmJ,1
34jj5tSp9wd82yTxYB8RyxQPyzheR1Udyo,3
3YovkWTxZ6AaLn5y8wJeXC1Z9SCcPHWPsf,3
1qjkrqnCEhPqcpfNJg756kJhfF,1
1c9dnvbZS2X1TCA31XmXrfu5hGT7t2,2
1Xeb6AhKsGWq9j825fdVkqdwiA8ke3yk1,3
1rboJU2wehagxqQufEy3xL5jn,3
3H8DKoA5tUheMUN9E8nuNaGJtGDVvofHar,1
bc1qlvds7ek8q0wyu2tg8xr6rxs3ry2ws94a8lma2d,3
1fEHm9J1FGoC1PPLSRjQd9zVEB2,3
1YWZCx2hSQPw1xpPsZHZ7dStfzh7HxoNeY,3
3aNJRASbtyBxUwhQyHiBioUFJTZA3CfWMu,2
15VgBkxRNxK4V4LrUNVaC3r9kCGCvVZ22,2
1qtBWJrcN1oqVZ3CbNGYSTjGy9,2
3g2smR4M8QsFUC3Aen79ZSoXom1XGMQbod,2
1WeBtqwwyeRx9Cy4e3VSUuRYFScS,2
11te2LbE4aaBGccePN3nShtRBwLLtt7uiz,2
bc1p5ndqdgjzcuzdx8uxvfe9q4xhvg6erfldr29s32,2
bc1rdfc5kjjwknkd4llrtmvynh7g3uwfpdtv2lec49,2
1kcvkRoSegQ2QQ9S8Qa4r4nsWdBunpGvpv,2
3VPVL8RXcuYeGNugxpkewTpcSG77B3yXwW,2
1xdiAdmDmzJF2WiALt8xfYL8vDxK,2
15NzVthds1sjgmfwz5rw2fKELoFi,1
bc1g6zyncxwssxqfuglw69xujpc3upc5n5xcygzv6a,3
1Y2tFAXpTNeiT9Wqd2RuefRtEyv39gV,3
18TKgrvGD6de65QWtnue7NBv32JwcAaQ,2
bc1nvr6crtpp6m9ae83kvtu0r270jxz8d2wlla45k5,2
39VLbiQCcDA7Mf3cy7dbBjGvSD51tu2Tg4,2
3AwFLfEUMuNXJFjrY7RBCpg1sECngqUk35,1
1qiwnVsEmXQHqJGmMNMD438QRZhJwUS5X,3
bc19tyrvxn0gwq4h256dmfj9et2cmxemyqmxlhuhyu,2
3Hc7kK33qfa7fgb4Z3SVjduZvCJN61itqT,1
3BJ4kacoiemT9xGvSD1t9wjVZ5ag8c2oQW,2
1HXxJfwCyWjC6sNjBZUKovKECu7kw5R,2
1yjd2HRryPvSJUHnvpk7UdVnVc2o,2
3KhAT7MuVhUjCk5zE34sQFAAPeyeiwoTds,3
3nDUzPomhT7SxSyS4BP6GSYQga3Swzuz95,1
39p8dSe2qkT7RCFZ9q9VR6Sq1JMy727jWU,3
17GgyWVuhXrcqmuxZ6jgbEiZZ,2
3tfDWuG74u8o41jiX9VNuCZZDVidEoRrJy,2
1mS2G8CfVcGHzThuQmVSUihX2KFyEiQ,2
1jcr9J7yMQb4fo1Z4RLbkgxeq,2
39AEKLjdDxi1AZuwvH4uWxpbziXr49kUn3,3
132TJNPcgH2YhqKryez1LyGadsa6Z,3
1Kri4HCNk5ziq3ei9gyuRscR8EHiktn,3
bc1zf4pn7thavfn47akm843c0l99sdqgf0zvfzuppp,2
bc1yhck2k5r9pxzz9kyej27xylrmdk7p32dcc6cqy3,3
34qid2M9N6rNoiTvSte44v8XUHSw2xciFd,3
12h7jWNJjH6C9m78DJZQER2cNvLzZtz,3
3bLoBQsm34QXHsCn9eiu663qyBgZKnkSC6,3
31mCFda9ozcvvn3hVqLvMnL9haHRtrh4HL,2
3Nqsf1LbYqbbm4NrpPsQpjL6ENFWpE1xHV,2
1kZZrjRJ44zf4UAZjVBmXMLd3CCHaStf4e,1
bc167pu88ae6l800pxu7xnu7shvj4ag4leyde5tp7f,3
3q2JkQR6WPsB9QyqvF4o9gHm6UNhRV7VHA,3
18mnadpktRaVUscNE2ErYmXmCb6EfU,1
1JFxVcFANDm42C9nzJ8CvKq49i6FFAN9,2
1uBdUGfJXApiWB8WHC7Aa8dS4G,2
1jZujYT49xhXGouUkG34Fyeyf,3
1JyDSJJgfssDaDUexaBu9KjUJBem4HF,2
38MHg83LWNMYLa6udZuDGTwGcMsZDcm7ko,2
1op9q5Brm6vmxtRM6nTq62ofX,1
bc1xrdaysqpwecn350utspemeupad27zmn7vyucalv,1
3aGgRMwZr1JZNUDNbQfc4UUR8Bv3cQ9ztL,1
15m1Y3NuW8UgWbD4WLUpvC4MY,2
bc1lvwqx05xjv0y6xwr7aj4h6zx2s7xnlnwp3fdvn4,3
15YUVwJaZ8YNk1aXyvkaC2bHjm4qx,2
1pqExdmwKv22s3aovyUQfUX4Cs8,3
3qLvmdDCs8pXsTGxPHgXEPjg7zjKSrgJyy,3
1WgPdg5y58mAQznSPojjYNP5ukYkATbcU,2
1xtZ8t4iUJ6x7woR8ECqg7Va3Tvges,2
3aFjzyCVK9bdCcA2NUs2Za8fRo1y4Wkd4e,3
39cnQ9veVsf8hBn7R2CYcBkNEgzH2A6D3W,3
14TQUVwAhWF8GN89jf5UV7PojxUNS,2
1U9gtQs49H52e8G53zxKxB2ak,1
3nF86bpLn19kfcXExdAjFPSqbZNszMmV8o,3
1rg8NmM8ZcrsW8166ZxJwq7zt488bh1h3,2
3jnPGRhUWCaCSEbDqYNSaYSzVV7LHaNE9G,3
1Eow6vbRbCydPF49ApWF7u9TD74XcSk,2
3Bn6fLxzazchmtE46PSBXwmWeX3FrEaunY,2
3hHcxwWiiLYb4zijvt8fVcurNTep3r3KEn,2
bc1hn3d8ac83p30wzmjalhut57rkhexv9ldeu0guwq,3
3xxUNTSE9t8ggNhSLStW7qq3MqgMFkFUiC,2
bc1xwuwq5tk8n6fxf3l8yjr0pxszerdee3jka2gg2c,1
35qHokG4NsT1sjsZpYT8jKZLcxBFGgykZk,1
3FsjYFCSXCfKXKuAdowbLk4xYKc4LVQ8zB,3
1RPTHX4qXdyvYy79HdSDdTmaE,1
1nn7qCTrvbb6VZ2LarS6WjV5ERpBK,3
15ZF85DhWcu4Qst1o5kKzAFvZkxdM,2
3jZWfdyMjJNJqaueoDg43janEMMsb2UfPq,2
bc16mhnyhjzm65u02mw0m9ydu77rlr3xl62r0rcy52,3
1wYNBkwstedUn6xJ4TacJ5LAid7gJMwQ,2
3EBw1RkneB382H9Hu1AwzWKzCUJ2c942Kk,3
3pS9tEPJfJ687t8ZSLXdVevttm8XbTacFD,3
3XV9W1S4UMTMD5Rdhk8TRK1zjZ72D2se8b,3
3fSLdJxtZZL1oAva2sZ1eZaQiHApYEYDAN,3
1tytVr9MpWLHJDAebxoMEqE2uhFBa,1
1eGF8V8mBk8BmEkt1Ede9WXjogzj2d9R,2
32qHsoPafVgTB9YCeUvj9SLzrUrWf2ihDb,2
1xBDukeSta54t7UKhimeV12vvBCrm,3
3H5PcVeFZEifxfyfaoSK5Xb9e5235MM1kk,2
1stt5u6pVbuomcFXCtF92LS9vghTPQuF,2
bc1kec9krsy8tvj73fyxfp6meycj98ag3qrqtf57sv,3
1dVsYzKkQY2VJhkT8TT2zK3RU85t,1
3n31SMVRPTXhJmhTrqPAQhPgSuRBxqxzVm,2
14cv2nvbM5www6fRyoBrTZdQFYmGU,3
bc18x82hy73774vmmgz2lx6wl2fzquzjv78d24wc7a,1
17LjafUCs1X54r6GfUiUNncPzH,2
1CE8oppS2C3SCNEQ5u6UmUqY1T9crCAN9,3
bc1sltfh0kq04w6ryhq3pgauv3zzspt2a5mw3phdp3,3
1xo5x9YpoGSP2MaFf4YaUhtLXEK8Gc5uZ,2
1evTPmeQUrPhhTbqNXojXjbzS9wrDgdXZ,2
bc1hlasr2rzfa4earqyut8jl5csk8ymhw743wlqkwv,2
1v5fjcsy6xYwcKS4NaEB9CVvQ,3
1ix5ZjD5m2jsA7F4Jg6bDY8TDHpcL,2
1HaF9ns99jzkyypbsT8PCWd59s2BDU,3
3pgs2oznCHTFsPAbC6bLdfuvM5nsAmgZSM,1
bc1cvk8y486k7jurfvf8qz48j28lxy4t6q9ss538v2,3
bc1pm4cva7jzuxdhvevvy40fyd9fpd3k00ua53vn0p,3
1e8YzjWgCQvWtrCVwbNyJgvLQ2Tup,2
1KPtdwkhwNevoQ11GSd2j7w6Zd1dokAG,2
16uM81avzqLGNVAaGFTHeY6rictkRKaJ,2
3NDkn2CefWufxVqc7sVREh8YsWgXr6Cfif,3
13emahW2ARh3UBKGV1aSfkek547,3
1TXfpigdSBRQWGtAEvEyvyJK4T,3
3xJjvT4x5nJweJdNCzFrgeuYk5q9qXhooJ,2
3vP7zv84wWs5sHkveR2sLmkixMi8szn9GA,2
3Y7RvoHsUfXF9oKJYdkyCVamDNZnDXW7bP,3
1StckkdBeTXULfSq56kRRfx7gpScpb,2
bc1w7eyt4vj3a2rfj8x8cmn6dqz70t4j406jagnlnz,1
1tTp5W6tvF2rFMyDBzQhCfKT7RLxg8SpcU,1
bc1j8kg59kjretempkdlcs7eqyj5qtd8ampjdcmwa9,2
3YvqQ8jQYuNz3VjYrXk5tts91Dq6zV7TTg,1
bc1m43lcx339ytegk2p2qhjtruwtugemwxg05795t6,3
3a9qXdUqxY9qYZ4CZUMectDSYMYHG2YVs6,3
3o9EhsjcoVifTfjztMNXfsAWB1QgduVV2p,3
bc1jsaww5x34hgd84yqutfzzhmmh535dwrjh65m675,3
bc144r27s6q5z55rk5qazfnprhuh2h08csd00xpd2f,3
1BFMkjE1KWkG1byNATUdZ89BiHnU,2
3G5S9J2SjdhSedw6XwJosRPbkCa2x9uu4z,2
3PhsmMBgm84yzWpoqdE6uiKXPbks2T4haL,2
bc1y6wqdwfsslq5vkled7gmaulad3jl2uuht9y034s,2
bc14hmve4s960end3w0udczrapu4jy48ucyqh9weq7,3
1Vk3ZVFjRV4SDpzzFdiBJx5EYcSK1,2
bc1qax6cmprd60rz7333kup96fszvfxgt5dlhjf3jy,3
1nGXASbuTBAfo5bFNMKqdCUyw5C7TzT7K,3
3yUCgS4KHY6aGEhYKJdpTHeSmnqZdakf6t,2
3zcCVzoNasbXyKP2r5MXwM5y2KN6rgggkR,2
3MrzVfB7x2YGiD22jyibEXnrRh7bctfTq4,2
1C1fc7LR3GU6CUf2DWsV4B4jwwNe7Yw,3
3u4KBcGEMftCCcgDe5BJo9WdChDdE9VRat,2
bc1405fumq5srqhahqh3dvs2lx5x84wfwc4s7pxlmx,2
1224FiNun7EzfUkqyMvdEpAtEFf8Ss,2
1B8tcwTdT8ck1iLr5nZcrG1naMUq,1
3MPuMywfmSDtDt9ZJi7YjD6FqmteHvdNCk,1
3gasVBAmM3qAMb5z1hDd7FUJVFMyc8VE3b,1
bc1v8c9y4nu0c3z7ryqltv7zfzfrj3kf7tkxarag79,2
bc1q35cmsd8q4cyyp65vaukkmtjv30pmyrw8tp4e3s,3
1fNG8oQY3R5LPgyr9gSBRN8ff8pE,1
3ry8HgJvgUtaGsH6DE4hHHj1iV1jgP9Wv4,2
3uk7RJ4mn9MkQddW1mYq6XYcPwL54Hixbz,2
15nBjUAmK95QSrDtaVRTiagZEZpfMbS7p5,2
3uhHX7j2SDdqGSimSDqk7RLfcQ3h8hdBf9,2
bc1qfll2n9mz8cgnhh86f4gztymgch4r8xatpav4uj,2
bc1tpgctflc4ylxjy86llwdw55g6vyvn06pcy98zw5,1
3immkx74NHrPd6krUqZYuAmeaC6A6opcVU,3
3RBtyh6QRYQzPfeHKa1kvAMPpdipcZoXxU,2
1pCiEmC7F7hgV4iHJtXvuafqHa,3
36EjEUcQyL1cQ4RH1D2kURi6xPjP3HZDzH,1
bc1s4rff78ca625hcty8x3pmc0nspmxkaqxq756twv,1
1WW7fbUnzE97b4d7bX8gZtauyqHdc,2
bc18vlun5drnpusycym3k9tw20yk2y5qz3a6wpntce,3
1wmTuW8rWFxDV13hDcRZzMJwanFTp2kZ,2
bc10tqseu5gu3zmz7qckx4f353e2vgazh7fumwqchx,3
3UayxPMfEp9gQpCg4mBaaFog1cFaKoa5kj,3
1HztMipKBbdAAQa9mDjudAySYZM,2
13TL2CjerTeJo5G9HDyBLKXNv,3
1DrcGeQYM8fAqnb7mxqqKnpwoQqTA14S,2
1pWnUPu3MeUVCHYu8JYXrMaYH32rAovT9,1
bc1xrx9mq8c85fmt84geergelwh46dpu80nvs2qkk7,3
1QGtZmCyAvnPxMgr5pSbWSKrJe2rQ,2
15TVcTHYbyvCZpQ1JH2yk2SjV,3
18CrosF56jKWAv5hYn7xggG5cQD1Gp,1
3cXEK3syddFFcsr6jMKHYQ4fojVLwp4A4r,2
3Czin23RYo1DoWLA7FUKpvsqu9NyDA7Q1K,1
3fNr43ZddpcBnzHcm12HN5M8u9rQvaMVpn,3
1jFGaSJsXqcJfWPR5s7XrsqScmc1RY92BN,2
1ToBzQNoAFHyMxTzJXtaonddaVNxt7JK,2
32k971CzUDQ1JBFFm7Hd2kVDaDH1VgJScF,3
1beDE6atjuMUj4T6MfiVygwWRXQwn,2
3sWByfXpmGQgHjJVNLkQXzAcahY4Wdc4vz,3
15qXqTx7bQXxZpS9iVjHjKMNT,1
1tLybBw59YwW16BgMGGSBAGo7iJdaC3S,3
39KyGSKo4B4XBK9bTa8mC2evb8Dgsv5oqA,3
3z6ZnM5uYshvA7LD6hDdM2Htdrjs6pNEQe,2
1Xx7T7jsKbSAvFrPKbQVvmgpQbTiA,2
3q4c7895uwVJHtYfoEJ38jT13vZVxdRE88,3
1vqT7PvSsx4Qz3GLYgkXenoG8L,1
bc1hhsfts3lfrdu0d7wl7296zw3x9zv3rdtmvf7s2h,2
3v4HeNzkZShJpBMBse1185DBvrKwQW6d1Y,3
bc1hwyr5fr9cvyt58klqrm4ednan40fe39k8692sgt,2
1DfWPTa5kcrKK6nRhoKeu7dHG8xGNwaCn,3
1SSnMWsGcGXsjT9cTWd9yk512r,3
1v4VYxE7yXTLGNuPuehy7XXmqcFZe8j,1
bc15retue88ra0j3ylaarwunpeaaw4n88cnekhau5u,3
1RZiaMiBbnAUBKnt1oR4yFjSLH3ka,2
34rUpWkGqb9oyEFtPKQ48xfSGN4juNtLRg,1
3GpEw8qYEpEs2TBsoWUEbPcBGYcEVQpNDW,2
3nTm97oUXrnBS4NEWd1LG3PccFos4hYkam,1
1QtTwt8T5EZRybhZ1B8G6DA5c,1
bc1acf7y50qqnqfwrfrtwa8uudm8pluzxpw8t9lr98,3
17zbayjh4ULZ6J8iDpufK3DdAtvqnJPv,2
bc10j7zth8pkkhwmw6la3sursdunenud8fhn4e9yx2,3
1Yu7pwX6trobyFDRgfH8nhh8HCk7u,1
1BvvqtysF1npQqj2zhkf87u2cHqW5JW,2
1oANpFHXk5unjy5p2cwkuPp5EDLqbqGE8j,3
3nDhrFtUxmRjq7bkaRtAguSkCYhgsEHk3t,3
1pf1iukdffTN49kvKDazCPjSFGC2jN,3
1BxEa9gDJPxNR2os3RK4kmGvxqJQNL6f9,3
118WwHz8YoLksUqppg9YCVaG2,3
11zSzaVbExSFuNJy9wpaqXohSV,3
bc17j6san7xtye4h2c4pkwfzwslphfwzgt84kg6kyq,1
3AyVe3wmriUimofpN4hniMEB9F8t6uHPxi,2
3xAucp5GDZeeqi5WmQh9WU2iifbHHh5PEe,3
339FS7DAGuoySHsUGGY7mMdeqmxN5u9Wwv,2
39a75QyW6e2MvdD49MNLcMbBmykKR1RkJ9,1
3rrZocRoStu3h26khd18DfFiDgiGDRrQnP,2
3tr5PxAKuvAxud9hYGaih3uP4TCs1xM2Td,3
1qQpNhLhXj4Nwd9iAENGeeLhKyigx4pGX,2
1STbDrBQdQGsxvSmcZQ1BRacq2KQyn,2
3cJkBYut9NpNnjbVYqATBEc2P2zaEQr7Bq,3
1kDy6U1gVCVUdXJGpGv3YroiV,3
3BhgFh59PJKfFCWp1xM3YA9ksiusBB1npX,3
bc15u0jsgzy8c2csg7qj7xydqx7ejlaespgx5t2zns,2
1rW2WFrcP2fwCKVEkYYtEUMDbhda,3
bc12au8ax9g58lm2qjsffxsq2gh49lqevc3l7eekvn,1
1MK9m46XC4zxosj1hvKJQLLdqBDyRyKc8,3
3ZAMWG2dyfaLfjjf6JKgyeX2jhuManQHGK,3
1AVZhqwrMV9N852zRJaUsS8B8pQSLqfSr,2
37gBPPt6AML8cEmQsa5UatkgUcFddUxDnn,2
3NsUyraFfyZJdSGMcG6xtJQBpKNQgi1xrT,3
1N1U1uj1NkHUrfv8UkZiMQsMFdMkca,2
3cH5gos6XVgXc7vL6e1ZFxNYsim1Rq2vSS,2
1mN2ehdHMUk9598C4xEw4ksYVhmTJ,2
bc19dq9a5hg4szs5lyqy63wy4q93txct2y2efs89tt,1
3Ps4LJTB1fHJYgSq5WCeLGFHTNHhjnKJiT,3
1ypivnswD1g7bP8pCnJvUoBNHZvL8Ba,3
bc1nqr9874qarjw8733fmndq46muawenpgpt7cs9pg,2
bc14j56nccfy0jh8f5r2sax9xuzj3vls9v78dzmxr0,2
1bZ9MwD5XriFshP3WCPxVpRe4rU,1
1jzPGPv4CQJ5mU7F9i2JLn5SWitqdhanc,2
1sSYNfxzcxbgBbg7rSqbR4zysGyX9Gni7,2
34X21K2pjdxVm4rhr2TTExT28zVJQH9fMe,2
1AZqjwYDga1PnZ44bMK65JhsHYTrQCh,2
3m8P1rS68RL3cvfQs1bCZ4FKLmBdJ86Ma6,2
1nkkwPgfXbFrS9YPEuf8XVkrBVD6KWA3,3
1HBr7AhrjYkA6MtUeKxuD6KhetCu,1
1jB4UyepLtqahbGjkg5dTFmDaNj3,2
14oDdMUnHMt1cRSNQoZ3Xyi6p1PJbo,2
1wAognmPY7SUQH8UiKTZ2dJNAk1FDhd2BA,2
1nkhocHdMWu95A5z53YphYL3Q,3
1Lqis2iJMttpPQboVJV1UbjBJwGc,2
3StaN3PHhKZ2tMvMkRkL7ywiSXdDHKTtte,3
3vg4wqF8JiyKxvy67uGWe69kdNu2RQLaaj,2
1amQyCd9Q3mSPodyQYDZsn2eYi,2
1bERe2jwy42KZrAXsBWeMoTHXPBktUW6q,3
3PbgSrFfNqVTsGwk1MkBRyXSQq1LSAhumU,3
3pJpxhzTjQvGXVgAoXthh8cH8N5SQPqoz8,2
1LL4RMbEGzbbMAYsEszzFKWvmNYpfZ,1
1cVBwWfdkfNvUqnfs8rgchW7oe,2
3vEvGfNtzJsYM4jRCxwfbJkEHQKRYxbpH2,3
3ZcjYGCz1X2sC3pH79P4hnXvjUSRqeVmLV,3
1124313X9wgBx8bnqZtkcaoA9Qd,3
1MJ3dmhbJ9Mb8Axdqn2puxsLDNvvW,3
bc1x6pewefzduyf2jf565u0z55kdh02396vmzc472q,2
1LT1grVBELw6AdhEmXDLS62RfciNa,1
bc1t8cm8qfqkt6j247qlhj3y4yr2fec5hxq8k0042l,2
bc18352fjzpe83djtgn0wmfx398hqrpsk2alfxsds3,2
1zvNsUZ4q8EJaAqDyWkDMVEne9LiHeb5pF,1
1XTttwXNhJ6LJpyjko23m14L8fK6dX,1
1doYshztRk3gtcJeNMYo5kdUxAr2Z,2
1Zn8V8YQSPrzkGFVHFTC82rHi2ysHLWNa,1
bc1cs0agkucyl729pjqp5k7fpmw8q9uvc9k4m9zttg,1
3Y8iwW29sReDanDwbWSiygH6rAUefxqpR1,2
1He81TV6wNaAEFBcW7WRgsM8zseN9nG,3
3buPhJiLNK4GFLWdfwNk4MovTqNk1JvrDq,1
1zmZehRAUjkum2KbhsZfCDL3XcP,2
1gbqyzAXwRzpseFzf5qaYpuc7,2
1GQYdZnMf6nsFFREWY1Y16jm8V,2
13k6SvRw7j4jvGNTctrgsEq69,3
1VPyHG6L77Kvvf6fjGg6m5WSKuCdj,3
3tzEhfcVtUA7PHt5PBZCFGcUXk2qkC9ayR,3
1bpCVK7Z8guA2gQHQzU4d3ypBgVMvuJUx,2
1Ap1JPiDWXaikS7wguxa5JMrEi8GWe,2
3zmpV8gW6nPJtYowTBFSoChA7swHb4PP1X,3
1yGW8Dqd4gBDX9tqrVpiQV4AVqoTE8U,1
1ESmf3PpXHcQAoWBDabSUwD3CdNFKbY,1
bc10fy6wu3x4xclu54qhazk85yl3xdrhky0f8zzqsy,3
bc1srrxd936605r3uldrd9d8k96udsey4hujhjdvjj,1
14Aoiv5SfNDy3X8sqGfgD68a2SxyB,3
1yeDR9Us4e2GVjk9Bs3aNgcfMuTHYoW82,3
1UQGdb4NFbmBevsza3ziQtNTVykAfDg,3
1Hdffduo1E2Pn3z6hSxMdPFTqsWQfzq,2
3dREzpBd8GiLVNeFsbm5FD37DpifUzPcqs,3
3weYo4teyxG6LvPmA8TG3eSpkuBTmw4SLz,1
bc13dwcg8g3u6zwunqs50lqmta39rupca8fmlrq9zj,2
1da9vscB1wjsvwF9Cyf4q9CYK,3
11P9GVJX3QobWjFhcdxbsBQiappu3,3
bc196acchly36n9h2jxuf8gz93cpaatfyqe2n7rlsc,3
3wycPwyqJTGZL7q8Sw5BNDwmg4fDkydcLm,2
1Hf4AgCeWwemjFdYUPffcH3pup1,1
1mZZRMAjsqViVdmzXBu4fD1643ZBZAm,3
bc1x76ss2urs6dfpzevhmnaut80j7z497ahp3xys0k,1
bc1a2gnxgyfavf9gg9qnqh8l77dpwqd5g89r7axtse,2
1CmV58YotkwFBYWNfSsZs1Daeda,1
3fLVZVYe6kRiB7hr9EH75zfCmKEbsGv2jG,2
3E9ZS1mkmykuRq63vmJUyeybqyZgAQwDCi,2
3ZcxopmKoWJfhMMit2F7KcLDyCDr4iLVLT,2
1cBvQ5bSgFJTRNBvfj17gzjyu6,3
172JLAJqwQerjnLvM73dnvsCQ7J6yTTyF,2
1k6mJ8zh54RPSwS9hUX4MGtLyjPd,2
1eiZ7BtBhfc6o7CdtPHD4A12F2gnAy,2
3AKscWxWujr4HQgQQFpGfv7b4mPsdVyJuQ,2
11ktf2d7JMK9FaZ77LV1yBGH9tQ,3
3KVzBA86FBtbiKLJdHuieYR7YDPQrPa22d,3
1gKLozP5GZEyrGphUJVj15pbMoHskze69,2
1voexPBF8QX96CUUzbMM1WfC1rJbDv,3
1wWeBcxmeWzUWiq1ke9tZ6s3pAkJ2B2CRL,3
1nZMDysWemm5zopJZVirm7BGhj,1
1Zb2KnaARMZsmwyUAURbdwhN4E,2
1m6tUrPwoqMyU13SHUFZVK72auaf,3
bc1sk64s2zgv8v7k8z3pjsq05cs75r5z0xusp4zc0f,3
32dwwPfYJVwyan4pdZhNSYwar6d4y4KqPb,2
1xUpfCW9bXEFN8fjpdd2kL287iipg,2
1MZbavd2QtxG9Y6WupeDP82fYWG87L6,2
37XChDhYmTi2wR883FLY8jpo9gbdZacrdo,1
3icXrPBvzoakheT4eNz3osBLhw2JtCkD7P,2
1VUctjm8bBaXNvwVU7rkRCpJJic6ZzaJq,3
1mtF4LbAMKAtckd2N34zTWttXiX,3
1vmC8WWcjggz9wyyZYMrCbcW6h2Dnnrq,3
1DMmNQXxWFWySn7NKhY55Yc6Sg,1
1ayezyiA7x6Egy7yLd2gzvCLxq4tTLCcs,2
3S5RWYC7VB4gj9iUJFbkQpYPv4Q9p27cNY,3
3DEL2DP3BXK4Zzgn5yWqdVnwFSwvF5v72H,2
1TfF71V2YNyW5m2mmxoLStxB5cXJFPhyCM,2
1fHJs9v1nLPwfDAaQ7Fko9XfwowtnBzWS,2
3dX3hCrwnoWdY3M6UrrzB6SQH7QLoY4nX5,2
3oRsdsk4978YtJomETKsHahEeaWhAyZDfj,3
3Z6UGo7nKUZNs4GoLYZQ7gqjVffp7paGJM,2
1w6brmfTKFhAKkb8oNMN941VsK1qZBw,3
3HQbAiJDGNcKBDXNuL19g2jTAvgmsYNa8W,3
3GR4ezDH19Ewx7f3759wFYQJQRQCzj8MEa,2
bc1z9angkcup2jg8ekkghuecgyzzdqnpt5p9cez253,2
12qHRmyoEaa9JzxjjczahvLVeK4xx,2
17bAqv31fZzx6Beg1K2Riizmvdmm,1
bc1nckp48p8j0c4hrxqrywnkf2w3xr9nduj63a7xlp,2
1ysNyBidrU7UxAYKxeXs4L8b4phoo5Wz,2
1RNVSf1uJtuRkPt6MHxyKm9xymQwna,1
bc1dde6pw9er6qr8jkd4fju0x8r8uztcmp3q40fasc,2
bc1v4kf8yrxpeeyj55g8w8x37g9wzenak25e06a27l,3
1SSzQV9DjQpZGKbLgqbq2qERadQSvyu,3
1X9ikcdVytjEXdhpEG7RhhyP6eD9mA9mNL,1
3piccrLziJYt9pUbjoW6WascqsU5X8cdXu,3
1RvFhjzxRvS25DK91RMP7QeBgLYMYB6,2
1ubKmppG3eoFPsuQtKo7E3ie22K6mAcJN,1
3UbUxMKeWHQa69Jp97x9AJcYVqpE4NxdoT,2
1M89h98qc6Vx26A3LjrhTeGYbFh7,3
3aYN29KQFkPdPuus1Wcwo5VBw1mhuQ9YBm,3
1FPs6CZXGza6GHSky3rBLjdaBC6Ffc,2
17WWsxwmAbsYTDvmeqcE85Rs8p,1
bc1dmwhwzwyw43k0d25n0ydt0apqyzn2ht64cvs9cw,2
1HepMjNq9tuSgrxzCkzYSA5CBVB,2
3JY12GDHPvpVjoqWVVHFGSgGvnGEpzu9Z9,3
3aJZZkxMPNYStdwgaxxw1ogp6RDmePD7Br,2
3oHmPHKrtPfLh1fVeHj5uja7kTEhqpomJd,3
1HJSgaKS3UpGJLTG8fBAb4YNybwW5hMqh,3
3J4XRZpTZw4jfRmaX1iNVWAajbzJnVuTWT,3
1nN5QqJcj9bojwqh3C649RErNbmUjywJd,2
bc1s7w7t4m2tcjtxn9jl3c74npglghajz6jxstupv3,2
31KsQ9H87VEtHPjGihZpJNS4wJoEjkHzkN,3
374qz8We97636xWvugHe1eKdx27YKA59n8,3
1w8ZmatvFB7sunn1Wxyq9v31jNtx7fZ,2
3sDkVxHJWbT9hfa5QnjQfPPdBRfjW8xWem,2
1HXJq6RBzDSKhmLJpznQYm7G7iJ,3
1o2CTvLHAwu6wBDzxjXd2kc1G9wr,2
1PUzJtMtKxcKWDgv2EukjQLmpKAj,3
1sY1A74yxD2FNo8VoA5ZodcoWB12T8g8,2
bc1jajpdqsx56ztxj6lz5r6cygln8zt6xlmrjvnttf,1
35vYxZuVE8hBDuGehTax4GihyHgcoRjhUt,3
3rGKD5dxVuz6prmTWepjYTxmL3d5ADsWkE,2
1EN7yxnbC9LaBDybdE7bygxM6jLexZ,2
3Aw3Z7hStbL33Xqc6z82QZ2EHxrzQpTnWv,3
3hqnRN1a3DaEaqkgv4GQ1zttubDciABsxn,2
1raZX2K3JuD6udR2M7g4KwCmxgAFN,3
1MXc8YPpBZGWrQWJQeXFSDcYZe5Ryxw9,3
1ur4KrTRZ8Cm7V5NTKy6KVLS36F,3
32mqPefaf8mGHviEFz3L5voJnbcQP9FED8,1
1p5BT5sg1L6vmkUv948mmbvHq6sPYdq,1
1qaLi94L2nnPXCtfTuD4VC7yHWyxTEnz,2
1B9ZRDJVseUZzryRzTjj2xvLjNzNc7G9w,2
1hAcXR89grrj9DeiRYhfVAZZbPc,3
3zsbVYcxFG9WmrbgcNSbhVMHWGrKNgq8Ef,2
1ZsEHhPqraFN9zLV9YLiKHHbWzagDjv,3
bc1gdpma6t9kdrayfruq9vk7llnzcwlqd8fsr5mezr,2
3s5KXQuXEgu1zcXKrEU3Qoa9WpjL8UsYUw,2
1Fvgvnbj8J6Tmcx7XisLZAkDwJaeK,3
3vKDTnegeZ4cL74Ft5ZjvpAa2tnTCC8NhR,2
3mgiWeCU1aVD7zkdpdVV6ZoRJ49QF6ovE6,1
bc1spga3y2vd93acf6yew7y5f7v063wgfzdqk7e0a5,2
1ts913xnbffPbkpVHpMiBDr1zhFnS,2
3RgDvs8hMs5odwXpYiZ9Gojovb5BtVJC2C,3
1qbjG3aJeSQiVgLg6xa7ksgpSMhUD,2
329eUKV8GxqZCNiVTsZ85FySEiCtekz337,3
1vXhUd2CQ2TTPGy4BPMoB1GWHe5j4,2
39DWmCU87WdeZhthKEydUwgGiQqYY4H5yb,2
bc127mj58zug5gl5m73cuzd30cgmzrrkj2nc3mryfv,3
3xZTYYdVoV2ZEAzB9dy9rM9GpJ8iyZ8sLz,3
16MQ7zhE2Ptu7HiX3CzwinNdvtfxSDk7D6,3
3AcDBEJVf3n32mSMNQPhRX44arcvVCXB3H,3
1V8QP4RgkS8wUa6GAeWypt6gRHPtz3,2
11tTsjbWMvMohz9uXpJYoiv9KQaZ,3
3Cy962bS5AhYguwxNKbrMHApXN7Q8v5yNb,2
1kHAxFHFJRuWjbDKcQiMkyEQ8VadoGUrPd,2
3U1TyG61CNWPC25miUZz9uSh7wD8Cc6s2v,3
15MDxDS3YvCRVqUJ3j3Bdvgp5ezyTwsY,1
1EC5yGYJWi791DzTygyXo5yUVWjndVWDHc,2
3PJ9NzjKirNPrzkBXa97uashp2Yx6pB9X3,2
1CL3krTMKrohmjBsuw1Um4jcu6,3
1ntBeTYJNx9EmbxXMdaXjjvB4M,2
3Gwou1B6nqViEMkYTdM8tjiMCRbWXtYfrq,2
3r1Sq3ydRD6jdUhVPHcf9aC2vpACYFm3av,1
3RJ3xs9uDRii7NBZBbFApb6b5tNH6DWN4e,1
13kZbb7rFFDkexFf4LPCMJPC1C,3
3LKRqs56Acei1k5UxJ7xsqM9ZgCZSMczMB,3
1UTTmC5jXPtCSPugCA4H4PNpcLUgm9Eh,1
bc1apr90znamykwyyylgenpw9yhqcxqqll8ym5guga,1
1sdY4LoX3UBL9arJExhXACqo96CfXsmD,2
15R7woAeMPa3X864fmyVqJBoV,2
bc1x4l6ks9m7luu85z7ewuwp8k2w5dcx6mqxj5newm,2
1tm3X1F87zx8aMz77aiKG5yHXA,1
1mxtzBrzo5CXwXWXqVU52a3axek1vdz,1
1DPNw9Kf5QcMenc11oRUKYdBUDTcnnwu,2
3ChtsiQUeLQLtheNJJDoh9vF6Fbyafn5ij,1
bc1l7duru0nf3hp0u4xfsz97jtf7plquaurreygavx,1
1SqoLahok3CoA59Dcgr3hoXpyk6PaNpyEb,2
bc1yplxc5x7y3jkr49fya72kf3d4ecctjkxxmg8508,1
1NJFUCpcx4rBe767niGDam2wHBT8zeTb,1
3wYVc6UyfH4ioFEUgfoUWJzN3ZSeYZ5asp,3
1rTqtPfnc3krciMLHFvY9SHLnwoZxAwJ,3
1pKN57jmKaWzfX6M1ueJuhMQBzWKe,1
1mJHEJmrahWUuuiYnWxwzq6a8NhQh9Z,3
3ZQFDjt6vX9QGopw4visoP7T4dAhsccA26,2
3H2pSHJw1ocE88TJpEMtRgpKYZov2TbgHC,2
bc1a2g9v74rmelwqr4zjs6alnaj5tlsssytmkucp55,3
bc19esrzrs2cvulm83ztjgyv0rnpxxuvyewhpkejq5,2
1uLwbjTeYEcVibpZoB7H3fpszro,1
3eFRbK27WER85qsFg8qFJg51fqKZPSnREY,2
13Umga9P9vfiWULQP4eHsfrLbMD1U,3
18XJCf5J1QKDhrbuQzw1ExsLqZSsGX,2
bc1sekht4ayaf05uyd95s9n22rck6vhug6q4vnwarn,3
bc1y6lzrdau69khtvrnjqk8l64wh70mc7n9qmed4r4,3
3UMAsV4XDdvoHTf68xr2zdMs1aU7J1dYSQ,3
bc1g2m7eeyl6xaq70m9qa0pa4gyv7kc33je2jrpvel,1
1U3CzYZ8MYg2o5UJQ3Fe63296BGDTJa,1
bc1dsja9m7gpyldlnjjjsdm24q0s8q829ujnn7suyl,3
3UUi2ZFvYsahYBmn5gaTZh6ESMMCMTsahq,1
3dVkHtJzfyc6rReVG1FFTdqEwmNHDeRJjP,2
1LbixhxDt41rPad2L3m9KejAEG,3
3Lo5kmFFzbudjhsTNRQZ5HYLG5QUDV7HxV,3
1Px1Z3gsS5678anTFdrE6P8kCpR7aP,1
133Seye9En1oPJXZwMafv6SqZb5j,1
3hZdw8A2k1hgDypCzLUNbMF2vKq9Tt1eHx,3
3tT7R9cvqtWomtJx5zMrwbtHPqNMMSeGZW,2
313DdGpazp1qwsFAyoCzvDw1GyTroBnr14,3
3THd3jNVhNTAoJPSRJu87KbzVBe25WTADc,2
bc1a4sjsldtysllpf3dkxguaqnxt500n9smvl7cl3g,3
1EE2AZS2ZVKppXVwbGoQFGWNEUnRwy,3
bc1202nvtssclukje7vd0m24xqhutyeaw5vmppeue9,3
1E8RL58KZUasvFx3p5bv4HtRnS,1
3HqfUpAnp3MDZBsNkfu7jgiUjTnXPasSFY,3
38C9Tq6UaMBkSw1CdK6bvog6tRx65Uy6gr,2
1hCMsqWN7Sh1thfhCkgSfYrj7,3
bc1vj44qdfd2hjwc8fv5ksr0zm5p0drrnfgzjxss37,1
1ZGbSdXm4w5VgDLqoq6c1qzej9q7,2
1gDzhLgoLXzC1wuW5VzonrhcW9,1
1kHx4iQs4w7EXcxibxVPXWcnnCVJehDkv,2
1oRz6fgWZwCpjxndfX9VaqMDyxmT8r,2
37fHsqnppGEZhU7N8iBuQbviVWtS35HV74,1
bc1z7s5xz9luwgg965dna45fsxd8shzpldr5k33gl8,1
3mRiqqMKq9FbFqeR6Zuq6WmyvAcWecKxbb,3
1triN9oh9siWNx849H9D72fqFr,2
1T6Cf9zzRyZbEnWEzaHdft1xnTUqDojyi,3
1hVzS7bXH1Zn1fatBgy2ZeFNcz16yb,1
3BXABMZMk2mnw5DyZFX8jKhzzZRcijAEoa,2
bc14vpqgvstyfe5pd9aemh2prr2jnup6t7twary0qr,2
bc1adcldynhf00jeyf3u9h8y3cmv4jy0dtl8vvykry,1
bc17ly6zksycnxhhwwcryfg39776s8th6z3c0qguht,3
3ZBHREvA5cF2s5sfEZDe5teufhh3d9VWMT,2
15VJnE2ykzqQASubxydWvXNhQ,3
1R2bWDqA9DUVEkkesEKoP6eLeLvKVYP,3
3NkbPwjt2NwRYjEXGmyf5UwY1hcwRRDRBC,3
39nNx6btCfMvfTT49CNusvc3FHdp8zJsRi,2
1TXcMnEPntCkzWupqY8XNy7ZaRFtq2hjpX,2
1fo89cVomdvacSagippjkgYsnykWnMEU,1
3UMf3sDTu5gzPJhRgi1srGbUwFK4dMZLML,2
bc1y9zjgllq65gkhzzqylc0y67jt2fj0dggsaght0x,2
3PgzQbGPvMTD8Hgz9Y9QZSpirUQW9Utx9y,2
bc1g08t573tllucj45m05503y3d2myrlmja8t7exag,1
1xkNURYw94j6qGnzraky2FYpcCn6oQJ,2
bc179c6l9zgfgns60myryjzwhaqzy9ry7nqeght7tl,3
3Gpiw8VH5VocmRJ3VSxzm76nPjND52Zdbu,2
3hcTjZ9DQJCim1GFGppCESpaoiv8fRKoad,2
bc1pds2tndjgwr05kc6ut2rw2gkwq0394yrwys4jjk,2
1C6oziyHR7MvRuaDdmSvYmuZt,3
387ZPTnt7wK2uW5RvkYY1dbSEbBdYc6XAi,2
3hm6WiiifLC3dvQLLV6vh8Xd5c1QQyi8Ys,2
1wDUVdGywouqbA9FvnYfxveA1gL,3
3AVnMn71bEVEzZnAoiJnfSWYHQjFvL2Psv,1
1HpV7mqx2U7nxpsegsKRQdTDjmjXHo,1
1AmCANmjy7haHB2VBqUzd4Re39yf9p,2
3cSuMpLkNceqVVCdABC1HYL6y52WXe8rSc,3
32sSXWDKKYtMC6tR8s5ethQz6xv5Grr74e,2
1rNY2hCKEZqogesiQb6rfwtBwLKm,3
1N3XkTe9CCaZq7iB1qc8TVY7LTxhDWuRL,3
12kNCCFQ4kVKkjLnwGJFcU4fnU4Tauq3,3
bc14stw3tdhl73hl428apuxuauknv6qfkyft6l0z7j,2
bc12s8a2usdr4t394xek2s0dmkmfx797ek8kfv0ar5,2
3E8pN555VpkgzUJPabsJNB5t6u5FFkZZim,3
14fEJowwoTcBQVdqRDaR8ST36TGCiF9,3
1r1W95wFDxa5551wdMzKF5g1JRapbqdc,3
3hPGMtA4Xm1iKaJGSJVWBLoP2X7w3cWpsB,2
bc1kdnk36qg6agghmygahesuc6cftnvszt9g5g8ayc,2
12ENdPfrYPdALUcSNLmR8vVAHc68,3
1EqmAm34AgbudfMYV3jq4XLKii9ThM,1
1M6LJGjQwcfEcd66wro62Z26rge3e1,1
19vFGFhY2tTnBTrUrj9SFa7BZmpKaXh8,3
3uzwWTmFLMCZYUvnNcnuvk5QuhsGnv7WkV,3
1faFScQ7om1hSywFmb3mrnVjJ9ubCfjK,2
bc10d0v2eyu3vet6w0rszg7z9qhl5vfmxkn2ssyqs3,2
3ehyjgLmoFBGz34Un4LsYnERtvambr1bBy,2
bc1mqnjshmt0frtle9xfq374rjyhr0w89tnzue8vtl,2
1oC7GNkwa9gmdV4obqHSKNdvkdFNF,3
34CSjKN975zGVQFv2a1YvJCy8Qjrv4wMpv,2
bc1kv3a4p7uh56h7z0a68avj77wdf8k20tqqw809ff,3
3cijm91nnBDzdKxtmSigqfnvXFbmN5ZFQy,2
3oXpxgUkyWqZNzVRfe8bxtQxAbPYSJ1VY4,3
33i2BZhWECeopefh6RmUrxm8Qb5F9HVLAM,2
3JEYCqr9A5U4MvSLj1VZtGAN8sSTNw9mmP,3
17WhhYhUP8AGtT5ja8nMCPSTD,3
bc12f027sy2a940au322d4lpz33tf5sptwdzdu20f9,3
1zPuyXxm8u3pzj3Q5Db8XgofmDYV,2
1knnJFFs3na6n3txe5yxyge9H,1
bc1ezw9ym7ug3rpqycce4gpsg9478a2xas2474uu3w,2
3aSAEqRJaTsdwH6tSMvksboRUMQxrk9uEL,3
34ob9VNUrnvUf3nGuGMK25GZnCGScEXyfS,3
1SwVZzVwtgaXykaionPiXKqxen,3
1G4peh13r9sFrfrSwi2szQ3NPUZkRC,1
1CCmUXT3TSfYyCg6bWx9RGfebWgd,2
1s7CMGHKtgQzBwzi4ps5kqWbUg,1
3XwmSNm1CyMwwcc8W4vsS53kaiQC5QoMET,3
3K6uX16bWgC8BJH8pcEX9zTMzhKLdysHmy,3
3S6dxQwo27DRPudeyjhEJdn9Vg9gz1A1qV,2
1XRKEeCc22Bbj5jcG1tuuPDHpV2i7HPrim,2
1D3dspFFojHmpgj871w5PLEJ7eSAnR,2
1zGyPAvCNdygL8qpTTsrVPun3ttkzsM,1
3vaddGaj5zJwkEUZXwoR14vdqqxwvmb3Ze,3
bc1zny7tayespc4vvqcyu4xs0dhtcq8xnua4zldj06,3
1zdD3Vwwf3mYATEXacmzkmwLUJiPDHz,2
3p3NtDYKxW3wsJMXSX3gMVWGazNm2jxtwX,1
1tDyqAm9XUu3KcDkvSSx7XYFNLs616wcP,3
1aCuQ5ydDcxwd9hJ1HCYzAJjcceG,2
3Cw7YuBXCpCnoxMAyLovdvYc3SnPz4cg7G,3
1gF4wYEe58LXBuxgsR665DLpmrLWG6M,3
3rzHFLuXeVU5poEtGTZE5katysN4eJKU4V,2
bc17u0rzlmadydjya94a5ulp4pwwpjw46grf2r6444,3
1mr5YVm5jK6GnSKtajwckNrki2ZhzV,3
1zxJy3jqypsgEohej7cHSWhEXkdBBc,3
1w6of5GfTChG8yutkGXw2sgQZh,1
1UZP6awevmzNgpg1wmL6TsrSTv4omeBg11,3
bc1ej3z9nx9d62k8emsaaaqhyy5ggdeefhc4v5gjsc,2
16aqhgGm9WUDFQ9R5uf7jc3Zsb4R9,3
3vikrp5vNuCWfRiK4xATuRRzCnDm4JRVNV,1
1paYz21tJeWHNNcbntD8fAaGvAZB,3
17HqfLuxbmjTWnDHqrQR4rpfxFBXEQY,2
3PhMe6SQHyAhvsLh4GscYNM3wzdsQNXwV8,3
19Qctkoxu94WrVQYtxPqWN2ARHsvG75EF,1
3SBp1vEnxZxmTjY4G1QtZ1PZqULNvPSPhL,3
bc1tqcnn6wnctzg4xskckgpq2c4mjek85e76sm25vm,2
1qNRBrfQGhaPB7cVGCyrt9hSdnHi6FHX,2
1bQM9YBTSn852f6YXZGhpTZAWq27eEPAa,2
1RfRwp1nqfwxqMmt47uNNWpBJzTW6fK64,3
1BPKjMMuR3YAaGipgdiXD1qsyTipTjrsQ,2
1N1YBsWe8sZLmxsA5PjqjSwnnG,2
bc16py8ga7p08zqx0qhnqu0nj37nvt3ffpg6nudnlm,1
349DhJ7K11mhZhbDM5WDvtZaFmbKERQGCr,3
1zxTkbEhCX9PkUXAwgkoGZTiyz,2
1bvqLUNHHc28gn83aoZZzAev9zvpSk6,1
1yVVoBWQyNj1M8HtJJeJGGMAEH3MynFenN,2
bc1e395525f2u436529ftkc2m0q9ufplrcxc2lsq80,2
bc1reswfztht3c3a77l03ejvc2yk8jfh754kz9m4ct,3
3bKLPmwJu57uxFKv7USupVsBdABLnJFcEe,3
bc1w36wq553mvyhnywr327uympt5ek9vd0p6uve9jt,3
3Yob4795TosRGtm6gDFR1XZ8rVXUXEooEG,1
37r3hkgn7r5K2wUGssdXNwE26hgmgsWs5p,3
1Apb7kJFyEQn2hxpcCyY1o4eQv,2
1qNtFxLXo6339yNKMttysVAKF,2
1H1zCzjHcbtAGofjA7oUKMkq1W,3
3cTDc9P2W6HaeYo3GnzoboqR6XXedubXze,2
17SinNP4s1zWJTe7B7UD3azMhG48b6,1
1j7m3TffACPAZtxi2mCFSypPZi,2
3YwmYNmgLRJXk4hfDnPcX1eFfqQrYh4Rye,2
1vyfdc6TwEsiWWFVS3pMteZLaERcNch,2
3Je7K7VP7NyMHELB9i7HZ4HDWEWBdgKfF7,3
1qTJXrYerZUGDnRTbx4BR2jHCEYjsjcU,2
1j6kxaYsWUG8XLFDsWkh3f7iwkwH,3
1W5iLixgwoxZSbivWy5QWUMF5zTxDLY,1
3T9tQarDwvZxeDALMxfmrpVPS3BoAHLX4i,3
3V2uxG9Ge7WaVKv9szjgZSm7w5SPwr6eaZ,3
1dXkz9dR2qVLZ56Ua97u93VLdc,2
bc176dufkpyx9c2c3kewlk92nrr0tpfvpc36kqeyrk,3
bc1z0v6wz0ne86qrw3ngguzm5cppvk0l8nr3gmp8zg,1
3tB8VmupKJ7EXG7JgXTGW7BTEydPtkyk2c,3
3xsJGg5MxwtragdaFy14eQriRjbixySa6P,2
bc1vg6x25q6vq2xtcuj76lel09qnh6twjw3l5zmws8,2
1174AjtgPTDSygw5TmAt13iuNYPp,2
bc1ywxyfr69twl8jwt8wt8te6gn9sw2r85uf4tjr29,2
1dKgM5evU4kL66jDXFDviQ5pChsk,3
3YMvfKxdTMmcYq1v556L2ALZbi3A1agWUt,1
3Z3zJQGdrSjY4akRENdR99nfh6ZyBUwqmh,3
bc1z4c9kzzk3ls8uxfydgg6cr0etrkl8x8mvuw97s4,3
3bao28pxKZJqSm73SjZYQYgYz7H3xJrCWZ,1
bc125u0luxwkwwc65r7m4nmxe8vpj607lu79lygve6,2
3sCxvhNZbPZCCBH6mdGGShFfnTtrVkaHWe,2
1Fy2nWkYK4PJpDiMPAxmg3MuLz6kbTzgZ,3
1jKq39StbTjwbPjgDJ6GVzbtR,3
1hqPLKuoBe7qd2D9CnFKR3eNM,3
3NX7qt7eUnUugwyREkhb2U9Th2n5cfAYY7,3
1yWMzes2NU4X9Zf33GC4tso2PKt,3
3anHkUwdGC5yqRuYZkDdyFqqtwzDZnwUYz,2
3beibFbSSZV4WNjPnMHEJGHStqdyo694nW,2
1roq6gB8VurMLBwKJDKnB9Ds7VPm6JqjYG,2
39pkRZ44LQ7DTfJWbiipQKL6su8rbaAT3q,2
1zUCDeRTqbP89zqYoLxbhrdEcVB,3
13zinT1VCwBdicg4ZhXrMMckdqJheu9Z,2
bc1akn4v3pp97v5j9jwd7nwzdu3ve5llw77mtul3xg,1
31P8bKHtUqXb1AxQZX8f6YZXDCdhxAbSYk,2
bc1tq6t52vxmqapklqugrdhqnpzsw5ne4f5fwvclve,2
1VFYD6QELNmn1udWN17AvcmV1,1
19uxWEHgfEFNDNgKm9ZgBVpjcE5bwjm,3
18G46i9DzGiVvdaNmYkbs3uAtq,3
3oK9YabcW3Hsxbe4z12xN7aT1TkDdyydWr,2
1gDn7N1Qiegd1HRv9kLp9LwgBmyhnv19,1
3XiHBb6iys3VAFvHQDBTZhjHoDKSfZNi9M,2
bc1gncjsdlcpkjgnref4hmwzuf2uzpt7l027sv58tu,1
3xTPP3a5cSmEmABXDs4dDfignPZxS3FfkE,2
1vXFn5xVKnDvV6Hs33cWAJmdmwUEutDuoN,3
1PXnjRah7SiPEwz9q7BDYdFHBv7yEJ3pKb,3
12QyhjDtDh1QEU4frw5mBAMBKCidPB4,3
1uYwVJMhrjHf9SjfcZFqi6bTvUR1A,1
3nVHTHsqMcuuXQnWa15NsxnRYCPqjcK6cy,3
1HjiisNhetf71CmWcNTwEkkVZXZ2,2
1uA68x6ftuFG1tGJqtkrrjxKNnvornM,1
1ciE5DQwDLVkUWknVs6StR7mhAjp,2
1oQ3q5yoEQ9Qq6rk5hG7nWXpa,1
1D4523EkXaD37qLMauDnkA8Sq3t2Uqip,2
3RvJj3KomG7dMB3rLpKBYDPSWNYzcpFm2T,2
36TtLSdLAN3WnMiRwYtL4mviAHRwUr5ZjC,1
3ErqSYsSs1JNGGL5uWRXCBgzeGx9CUJK6h,1
1NyrAZSC7Bg4YfFH1CBdPa9jk8DRFL9g,3
3RoVbqW7mDmSti8vimRC19XMiihHZMMzdX,2
1fiDcfWQNB6EyWRQp2qLmtzor,1
175f943gAceduDbh3C7NhPxt3,1
1m9afpZreg7VrfK98YpJoNwqTzMgo,3
bc17tc679mget2vfjn7n4sw93u9rpay2tyf4zmy3hs,3
3gy62QtQeK5HnRSq8trLfaxNECFaS7cMgn,2
1djxZWmaTpEJzPLpVRw8h6Um8LuhkN,3
3tiWUusZzue38zUhGdMGM3vrwf4S9YLQtd,1
3rcMpE1fGLwu9irw2zh3WgekBxvJXXmwmm,3
1LRWmzdBfQHVFk552GBsv45mdFXMF249C1,2
3MiWHEiJcjjNos1uTxMCKFz8uD4njrhCNv,3
bc1d4q3h3ltne5v3p4dgqws2y635xvcrfzwm26f3uj,3
17EGkHB5bH6s1a3x7k93AnHB3yQYE2r,3
bc19jrmnnc9am66sym5xzxeleaeppuytkdxkgx79rt,1
3tb7cE3wz4g9TCF5eJ4JW1utMGj3mnxMdZ,3
bc1gyft0cxe8gn5y3f3t7c8zfclqr7ey78y6lj8qyw,3
1Srji3jkgjuG563UitziYzJQAWbbW,2
1eGG6Um4RA5DM8Ub5vmWzunoQoJqZR8H4,1
18j9Nb5CAif6HTiap5Yzu7zXWw64,2
bc1gqrvetr85sy4xdxr45ljxr5ra674njq20ua7sd6,1
3VPYm4B66iDf8QD6bDUQVaHeavpNuJGL89,2
3VjcoogHmnrecvT2Smjx4mGy5F3dUtAP7P,2
1Un6TzoMeyPnE16qogktZrReJEfs2J,2
163tkcsotrWqPz2QqSDFjwmcwdvTp6sS3V,2
32j6yY2J5rpw1WAehzDDLscH1ZeBELZLTd,3
bc1zkmecs7tgjf93c9cp3u8x7hwpjymut3jwasnw2j,2
bc1x40d48mkgp20ssj4afqkap45w2pz5pvlnpa7sqx,2
3us43VJyzx9QAdmCrfVkuuNYMetAVT2vaH,2
1Ed6HvUtgzcwFsXNDRMryjcFk,2
1StB6AgxwSYDTZ1uWR3f9eKu9usFiKP,1
1725RReYvuSXqn9PMfxZzfmuDpqcdFtjBv,2
bc142ze5yxf8jvhwunkz64f6v9h8efxd8zudtue6cr,1
32xGc1gKH42JTXv7JTNDbgMTm1pTWrCBSq,1
1VnjBktL9KxvEGYydNraWyBZ8,3
bc13wvjnq3c2ev6upy7c2cw602l05tehrrgwe72nhn,1
17w9rD2WkX2UsGbR5pNsXdbsfg2PZ9,3
3c9yKSBXGagz7MgLdTGH9cot2vtWCDsWCw,2
16ZRd6S7JMcn4zFoXMNRsvrGzot,2
3dDE3ioHk4ihoq7qDdgpPDbb2XifXHa3Dj,1
3xP6ofLe6fURXfsfvE2ZMfXFH79WU6H68W,1
1KT4fvGN4a8WZtJ3N1ucX6SNKmaLF2t,3
14q8MGweHF3CeGJP3E22QyexxmR,1
1mqXwHcsu1d9kY5aH5QhZQdbHYfUfbiaK,2
142fWVNtLtHHagf4JaXp21272,3
3Bj3gDF8Xc6Z7JZTqCsrRxh5scewQBj1cY,3
1CVKgqN9gyPknMDYSbjLHkSCT,2
bc1ee3tkjk7qyegvfy67qmsgjhrtje7ek0geatw4sv,3
1PD8MrnmtxFgWSpG5bpsygcpij,1
3UpHeM4qcLyK9yP8nozU6bHuAdbVzzLWP6,1
bc1s2z7u7quy4cqqhk4y7tmtqta5rjl6azdegw86pl,3
1Sc8h9sBsnXxdzGNHtaeUF74Q,3
bc17qh7uq24gm557hu9aru5wewex8xkr0mywjh2t0y,2
3kYVUVmBwWb73Q5LuWkwXTnrzx9CrNuy5K,1
3ZVLh61VWXkmG9LXHas4mWZBWBaGMGFJR8,1
1imrZ23rJTNJr4PQHn9wRzx8uA,1
11Mn4zmGkYC2uEpXJ2XoR7YPhownfS,2
3CAFNis8AAV1xaeELEfjDEBm3qcAf6atUs,2
317KCVm3b9swzfwttL5XqjFDNd5Sgjqjeg,2
1UVj2LUALNgCwcoZcQQkZ1SE2U,2
bc17rmck86m89ar3ld6lnge96wjl2jrnhs0a0uhdjl,1
3oZtccCGAutb5vd3S8wffdrRa7x37r8rCK,1
bc1qnrqttq2c6xsvfcqrcy538635qvtfgcuzwmjry9,1
3eB6SFm3CmaFAyc1KHm4ATMNrbEhjLyc8d,3
3hwpnyUzPN6EQLfErQ91dqa6ps8NLmn234,3
1JZEyrTWugzDofQh6jc4qwPMbz9G1j,2
1Fy854aioh9Gr6ibnnHA9GY4F1r,3
bc13dx94kdxwpw7jx4q7uazl6ctpamf6v4rndz0vcc,1
bc1uwf5de4gvgck3h7gcppr7zf6qa7uca09ezd3n4r,2
1QimEnYHtRzD2XZKryg1AnZD9rNEEr3E,2
1wKAqa1szByAKqntBuEy66BtD9xSvTZUsx,2
bc1n3g9aqj0n73ghtfkhqsd85eszs8urjwde4u063w,2
bc12zywemsyemdt7tcxzn2t203r37nld7lkntt5j2w,2
35e7U9m7hGLMt6UBuwxyaf4qyLAcsTsH47,2
bc1u4c4p0zfecpkdwz3eyk3x2wc6mxvrdnsqe56fl8,3
3vNcLjBN1gXG9o9bP8JbGoTNBcR8QKv4k9,3
141YGU3r6oE64qGj3CTDLRntzt5,1
176p7gHf3xkUsz9RjVSGH8XGY6GR,1
1G2sYfcwWg1QcEFUrhPKrc3DE,3
1djEATthoewJnEnmX5JWwrK9rg1GXTsM,3
3skhWgRxb4dBUrmMax2gnFXKkrRk7EVLRX,3
1ibrGUpvqefBBaRokprUbztpQLi3AQwNrP,2
325zdJ9fbHWoj7AfWEHh1h1BopRD254rHL,2
bc1h8gj0jtyvk9ut2dna8s8rkhg9tpthxexnsgusqd,2
3eGMWKD3wjApWh74bHNBZzYrUmgD3UiJ5J,2
3mTbnsQGADrv55QG1ASgGz4bXn57AognjY,3
bc1r4thazn5gpqhpjjtkemrwvla84uxpwz0tlaeyd0,2
1Q2rPCwgsPZs6rFbQue3nxqPY,3
324uCCm1ML6ie5pDtzvwfJ2woAZKNaLbYZ,3
bc1ad5qg2v8j6p2cjd4gc8juycg9lsy02l7hp6pq0c,3
1PNNVTyanT5HFi4izWhVcCUii,3
1GjdWJF6KwHQqcRGM77556HWch,3
bc1j2rv8qmce70ar3lnxmvtydtqlfhpkkv4ehdqgdd,3
3HM8Z5WE8GsmELvFX3ecfQ694LPP7qxJad,1
1fe9vfzxgcKsGBuYHV8dmAm17Vkoor8ZKh,2
1ycZimTEkDYcKWgzFKvJVhjvU6K,3
bc1j68vvv230cmlvtv6svhgt3cnp5alpm5exyxcjfz,2
3ksdJ23agiekGazfxTC2mkGCWMu2BZWzbL,3
1HigpW5nCVAXTceWF5JfbEco8,3
1vvtaXXxA8ferX4r2F42qEusxp,3
1QqjSPoGEuzTnXMFm8PmVTS28v36MWTN,2
bc106nypa6z05z3awngkxa7zpa086rkjawclh8veq7,2
3SuysDJuPForr8uCkLcYwVMRR4pCSgyoF6,3
14t1ZzTiCGXwtTUmwEHBKDbYKQWCq13AQ,3
3QVNGQ1xZ2Utkj2jseD9btYGE6eXUoUAxG,1
3p6dsRQLWFb85LGosEW4AKmt63ea9eNPM9,3
bc194d9kuzjadr7ah7d822m02chcs0dx9exxh48d0k,1
1ZpgrryQJJ2SdWxeq45HvRj5Yv,1
bc13amszj2revnqq274e9jan2z00xk9k5mcl78s38t,2
3vvmrWEzRtMUSFZi6EJBwV6s6iASJ3KcKW,3
bc1fqva9ngfemykh34ue0g4xjjk95szyxdjk3uysw3,3
bc10r8u8lg8j2ul5lmw6787uwrssuv8msvf48epfjv,3
338rfN1R2ZCDpBkSt2FjMG5TBdS7A6c2fS,3
1rozW3gAehdA977AQSNDYUDtUk,3
3WfzEsQisnucZrt8znFTncCRDCgmtoNpT9,3
3NfF98GLyM7Vu2ztoZ6WepmA3XsXrz3exZ,2
3Xw443rftugzVVFCkuq6sbPbHmnBrCuwHY,2
1piiSFqg4mFoNnj2UmpEFEHPfXHPvJPu,2
1SwLy4GfVubttmW8h7dvHQKtG8vQ,3
3FdQ7WjVftKgkLBvj58p9gdAFUeRpx1oLT,1
1cLcVdGdzehZ6SKfo4xJJ8GDg,2
3sRQZEinbogK1tkZyCf4GDe69eRU9LRrsk,3
1Y1QbAMTF47Tkmp9xB43gpGV5vDHoSx,3
3JXKVt6ZX5VxcPBw9S8xMsnjkinvJFHXQ8,2
1YAgYxjBmyWupN3AjD33PZDdjUd8VHs,3
3Y7kZYeWiARjiH8yosQU62tXWGacNcKMfk,2
1KKB5akPvhweu83N3duAKsuEeUf8,2
bc19n7qk0c757n9dqcwa8ajj2x8xr25az9kt2m500d,1
14Gme71d1R8hYDNRPjYZCehobJZLBNPHU,3
3rxtntfbttW13G9DHNihuhMveJUpAP9Wuc,3
3TEpbrQycFPnthfoaUKJGPTnUE4NzVD4jo,1
1w9d6dKQnqVjAVR4kt7F2Fwy1WfS3B7v,2
11X71YZ4kLfEhNuXNCe8GhYnVzSqCjPKcv,3
36xZTxKehkp1VmSbzhMatBCbHv82MUP511,2
17KSCoY99Vb4ZgxcitNfWAjhB,1
131s6AvpDtJKzuhMgdWop58GVxaYUdUHm,2
bc15turk3tawamcv9f5uq5phl47s0fe4ah3v8qssv7,3
3EdmJoKyzbChCv5LN96jSALdKv2avo9StN,3
38weuuWtGymCZnLbW4BCjmmeyp9jNcneG4,2
bc1drfecce67vj2zgug49j83y4zd58nree5xuw0q5f,2
32VWnTxL5fQ2zVtaZWLDb6Co53Y9WQch79,1
1aa1tAGY5YEmUd6ip2dSBxBHf6oJY2Tn,1
3p9RhSbbHZSFx9qF79jj3FZq696EibLQRS,2
1gwCXa4PdbaePPZs1ZtvSsvrP5,2
3Tk3UGb5rrqC28arSQHEKxe37oAwNerpRn,1
17gMHecah3MJJ6Xyx4xP9zkDNRFZe1Sx9K,1
1jZFjnHKPYxkfTZS2DXo1ettvo51n,2
1apCkH17dW8XKMhqAZ3TpceRLz,2
3Meqx9KXhwkvQ5XZ3egAvrqNK68r7LQCff,3
3GgWtuVtKSP7BAz97PbUoKpdF64qAGYFBP,3
36xYScdUtR1j3bqQziECjpPyBCLxGxgfwN,3
1ghukjEDkU6zv7tcCuNDESkaT,2
19CLC8SDGuKFou1fRcSQ2ZEVx36CY5Vf9,2
bc1z5axls8z7mnw07eentkfdj50u8pweadqs8j5e54,3
1yZ7CQ5wjtX7d548B3Rv69qghHBKS,2
1kWEChnAwpCCSxUNJGHP1C1pMJ57J9,3
bc1255vz4qe5up80jr84wrq5xvwcucnvplqjhvejzx,2
bc1v7lkthcu66wfe7r5vpwl9zdxa9nt5lppde3ezyh,1
1faqgG6UFc3pPQ3Kc6xpi2okwwYe,3
1jx2vYEN8dJiaM4GD4KxT7348ftVj9,2
3mJPgt9QFrvPv6iU5RRu8zpGeUHTLAQwMR,1
3NjEs4Q6CTaqnRoqtyaMbDZfQh88cPZ5be,1
1WE2BdWAD2ocTt7gXETJzJnpsRJ1WFPSD,2
bc1weuf3wxfv9kgywc98a6xqgaq2zhgs7xeftdf8tw,3
11RdxjEqQaEwGvBY91cG6N98AaW,3
13x2xr6bVLb7n36V55keYVZ9rWLqVf,2
1Us2dPCF1GHBGURJ7u8Aznzkh93ijVy,3
1j8jWsm9F7WJNj6vjjuwmE3cBtVg7TpMJ,3
1H4bhGETA17jZ2LAFE6MX3bffZ7gB,2
bc1s9sa5hspgat78spjzzjkdgt8whl0g78fezcslht,1
3wnwQg29zGW4kw9jXASfevCMxr8E8XGtZ3,1
1z3ZPNXw5VCyJA8zWy7KKKTegyvQjedv,2
1oDXN2MmThqYHkg8iVZH4zofL1eCC,2
1JF9gufvbYdv8m1D8AeN8GwiVKPix,2
1xV9pRgjtH4ja4sS1ud4XomtCggP,2
3P2vxhYWhdU73LLGDVdUE7JF5MbZ97qhoW,1
bc1lqgymuqg6mshnpjuu7620exg5tsgh0cwkfhd832,2
1pzBLoHPzJgY7HPoJ1zWW6E8g,2
1rXQqsACaPKsdA6oBtK8DU2So24B,3
3sTi6Pjnt5Ww6mGVrkrjuw4MEW9WiqoC8F,2
bc1sezvxfy3nhzyx0cjf48tk5dcjyhged86zz72agk,3
3aHTVZS28maXQL8VYN2o71os3D5wftnw3R,3
3TwU5Uh9BCwyAh3wTdhiPk86C8CFinRpp8,3
bc1s9pvygc09g9jah9n0eyw2smwfk24xw0xsfpcdt2,3
3YFskU8sYizQhhuULo4Z9R74dnEM2weSgA,1
3SA2xEqnzbWz5nePq4EMySnWaE8JpUpZ6V,3
1HDHUnzfakkrNDa9U6E14NETynEs,2
18aUNMM2Jq7Kmen2Hou3QpxzBHGyEcCZ1,3
bc1nfvufp77afqgalg6um0c00ysdfaszfj4wg9p8ux,2
1jeFCQ9RU4CjUhDsieNa3xikJWzQC5cVJF,2
bc1r7guz5zd2lhxyac6zxk8vfvtftqqw67m6yp8jhl,2
bc1c2n9fp5rl36yqx24gt30se5hwsuj6y3axwlm5n9,3
3YE1h7cCxkSWEaPVZa8ahF9oy6Fy8rV99Y,1
1zrm9XLVZFd7nahBdz1kAPinxTcHfxcX8,3
38gBqqEArmu5uDjjXHt7YB3hH1WVc41wjg,2
34QE12JNqvQHwQcQYuFhX1ScEakqM4Cyof,3
bc1f7s788q0dlvrp2qahxtk0vuuznku5tl0wpg2qz9,3
3eLzQ4TbGhxw4pJuY6LVaK3R2FSx57YBFA,2
1o8NE8Q7ag7vEk7vegsH23AhjeiFGW,2
1KSgnekGzTsviu4fwni65jouhPpiCs,3
11keX3uCPLQX5kRi2C3sdwzZHX6Qk,3
3MmuLQPChZALDDrTcTzjimjGPhPuiz2Ywm,2
1kMSQBJYdUw1BmpcnNsPQULMhmQaeunU,2
1Xfh7rAte5DcbUkz3auGPyZ4Q5NgpEQpb,2
3RyYn1PK7W1i6wyuEsNe98eAG43aAq2Rx6,2
3QrcRt1SB6CprT7AoTXax7drmzJzTwJp3X,2
1ufdDHkM9tzoShj1mrTH6ABdT5wxsLp7,1
1fveHJbUnWQcW1v9QqZ6YTyxbiPK,3
bc1cftsk4mnvz0ks8hrzd8gxlrjdmpt404ljnft8r7,2
bc1eqvsge0ra43s6ml8u033zrx666454za9zmvfsn9,2
19ngfAwreozVvJKWRmD9eDgJE,3
bc1sqxjcxfjrtk2lkqgf2xve7pdw6axvtta9yrwvqy,3
bc1gwhxwpmezudjzug36d77kgwxf66ergt6xe5l4z6,3
37PWXsTT9BWVmWto68jiHHXW4xbHyJjrHi,3
3beNFvBNj1GTTS74ut57wPYZpDs37SNRLA,3
1dnA3wEgHpKZ16CxYNgP6m4Ypp,3
1Q5ZhmV6NohFUoc5QKoUuHtZzPPCBnWtaQ,3
1goBcut1fJhjZgS6uvnX9nfy6wj1eY,2
1mR91tRz5KgQ1zzSNLMSLTDexJFcZU,1
1hhiAK7uiWfAGYJL7mKsBS75EM,3
3SWYEM5MBM9Mfb3WciUZtW4JNfoZBDPNe2,2
3pEwraDZeLP9EJa3wT8yWrji8WctBgpaPs,2
1VWh5jw84RiDQ2u3uLwujvG9EFzjaZ,3
3nFvpYx5bUwY92uKfcCgx6x82BX4f6sBXN,1
bc100ycle5fm6galgulsvzkslc4n88re68w3rgtvn6,2
bc1pexrdqpe6uvszj7tzqrgnumxjs0q6gpwwkpfyty,2
3cauKjHh4mJ4pB27Gs5HzQuBCNz2xhrsZm,3
bc1afs02e9af6rd8efcayxzfsmk78z3j9q2g6qhq2k,2
3yhDxg3QzsqhVF6CYbxxhmtUAwP5huHFhT,3
1QnSMjz5Hh63qsuDu4eaNSgeh,2
1K89wCbXyL3sjxRNYrAQs6f99Dkdae,2
3Sgdf5Bpj4pU3m9PZwyHWX7ycqiaa9ByAJ,2
1gR4r5GqWXeYwQ6WMFHgoJEqW5u4CTvU,3
1gYLBjMMHzQNPVeXCdHNSx4yB5JHJ,3
bc18h9n504n693tvl0z2mmr5nf6v2zyyfxn0qyt47u,2
3t6rLZmNimMQrsy3brsVDT9iTMFBn9REdr,1
bc106s5r759cc782xxvtcjpxaexlknfex4e9hhly4l,1
bc10pts07n8nepvz4qfhasksjglukmq8crjupxx6rn,2
3UZ6nhwPKPNVagpvCRWrdeLRpWQV5HbcHP,2
3AFTqww2VrFxEDYiGaSobpDjvWPD691Fjn,3
1FJnBhRh24aanyys2Pdf9T2sUBavQuH,3
1rHMbeQVtPiYQrCzbgCoBvxP2c,2
3VFxrZArftKM3VeAqiX3f7JjKHbXsbgLAA,3
1f5H9HzLRHjUT3Z2NxWGYM9LDKbXg9sYb,3
1R4m52cgL1eqGd6ucMo4artU7hmUXmG,2
bc1ckk4u428sxs2mgy2m30srltc3lppennuwt3apwy,1
1SJW3uqXZLrCZ6E5rXV32VBtqndwLYzau,2
3GTLWam7b8W9YuLrwBUGgp3h2TnEp3cnPZ,1
3wyT69Tav3dUy2eoU8RRUr3AXTtAjfQyJi,2
1eaAmq4EdrNYCJHTp7K7bszcqznP699Xt,1
bc1kwz0z7qnlf0r8r8j0ycafnxevuahz35dfjzvf5f,3
1N96LYRT3B2nYxUGQeHhw4HeQLxnK3CX,3
1TNzbqiy4JrRM9QVbjrRruFEXCFiNLpn,2
bc1k4p785xym2d3hmxzv0xduwesadkkvrak7h9nyce,2
bc1k00l94my9mmmuw4dr6cj20fgvnrnrnmq587puf7,2
1JQVtjXEgPt8As4jQSaDJBLif,3
1pso7SUYZYeKp3btvRJs6R1Uw,3
1sYnT4SyMA5Gf7iundsa23ujGs7vRZLZ,1
1v2nKRWebDjrnyrc1C2oadVbtNEeZfx9,2
1oE8sttYWkeSKUWTdtGXpoQr6nKvJKnMb9,3
3uwoyErZVKtN92E6WLDCQLNdSWvy6KMrkR,2
1HGaNzuXMWejGxcLBcoAa6dqCm13nv,2
3D1AXgMkdfjWz8cjrMrZSqyQWMPyE6jhEM,2
1ejA8yuTBxQ5voGK1AKkrzcryXutpF2,2
bc1uvu5xhnav3xmek7ml2ky9s57rvhhu668qnxl4qa,1
1iy6AKQBWsMD3tQCX1tQqUYF4WhXk4hd,1
1dcBnLbk4Xhxr8eME3DUYAfwPk8p,3
37dXeaiiYsDLyeHJdaNEF4CjTYTvRxR81o,3
173wsRc2DrPjGwhX4KEvE1Dugg4iT,2
1jJZ6XjtkZkJYHztLP9kXLg2RK199LMTnp,1
1vkRqf3NNuCu6Ci43qFqVfqFjUrxoU,1
1ci1C8Nt5oqhoU789sZJHHtPrn3wVbiqn,1
1mLMXoJXeSszCtFEtC9Gmyyo26ba,2
1oQf5fJCDzh4QfdvcfH1nnkiMMhv4GL4,3
3feDk28o1fSUfSN3HJrwmBpmCbwLiFWvBa,2
bc1rek5ym984gqhvdscw58p7zet2p3crk4ssht4rud,2
3A2sckTuTuvujpWN9sZQ3XaRSNrrm7Gxc9,2
1azNBqo6j8tkJBoTfMCuoqKaDGjPb,2
1h5D5EmZQFdCRtWkic5am1C5h2yzmnM,2
bc1p0cmy6md5gslegnke7e3pgc4cvc3u5vkmcga5ml,2
3VMmgEpU4vSdqUq1gTbJoKNz5Pu6Z7P8Bh,2
1CtnYpmxaq9L6RqqZwpfb2e6zNssJc9,1
3u5CGScbYTTuZwSLQCP2BrChJJAm7j7s3b,3
1sCu3xkWPw7UiBzYD8ayXkJ5A,3
1CvVUhQWSsVvPDTErTnsrxu9j2X4dc1Z,2
1mP7qNoK5zKjAsTRbhdbQFoVkZHdndCGP,3
bc1lw0mckq0srjxeeydfrr52sz4gy6p7l343ew3qlt,3
bc14ceqm8tuggd07knr7fnhq0yk8t9r5849cjkjfd8,1
132poP6aeGYKSzgbecNaoCdWQ7,3
1da7cRzhBB6Dx8QCqM1KaxhAnAXTC1Qab,1
bc1xed2pl9lu5lh0d42ymh03rteetaqsygh54rzj4x,2
1uxa7bs7VPAfir6DLhrjDzJzvRe,1
3iyQhyLY5qFEZe7vzrgodJvorsMxZ3PAV5,3
1A3VF8x4Shs7SQGG7iyx5Dvki,3
3HeNfy9yD7PLFNijCAAazAHjTgm76uYkip,3
1UBbwJLFRsZ2xmi7R9TXATFkP6C,3
bc1ankr8wg29utrt0n3dkdfnxeztp9gls8uzj5lm5p,2
1DnBG9ZDRu2zavgfLU1XfuGQK9QDYGA,3
164EDDNQZgHgRZm8H1fKKcm16uchC4e,2
37neYkfbxiKNKfcic5KNK4osFabjtAGDQe,3
1oWnsB4Q9ayt2ThMZpjZFC3H4MWEci,2
1uErw7Bpt5rUYc1hm5Zndo4Sx,2
3C218HRnhvFB5zHSn1bfVhf6DKjjY7S8RC,1
bc1r2sqcglu6x040p5r6ql2qnsh9v9d26pfytx3ted,2
bc1aw260st5cfzl5e6kws878kpzc9gp2pns5vphzgv,3
3JmzcyuQYUHWSwMAmHKYkWpWeGZw6773hU,3
1rk6vnpqcUKE4zXAh6MmbSW25Z5uT3PsZj,3
1nfNy3gyaaqyC5bYaffkkvthzfi4,3
1f5Q27kbtkQcHTAh3KzS71nRp,1
1pmgiHKU56suikESgHif3Anyq6DxD8zYZ,2
1suerXkrjw3bD2uyxGBU85pHEQT,3
1mAJzPrrEVUD4kLZwP6HPttPFAgoe,2
34KBZiDi1bynYCQ7LKDGY6sq8JQxgahe13,1
1fTk5RzWmYcqEVmBoMzEwRku1ht,1
1gm3HRs55oyZGcmZvNCaoyoVw4uraQ,3
1ZXy5DGHEkU5kJZLnDqVEcwJUBRAo,3
1vmZqky117LXk7b6nQoS849Fqtzy,3
3z3Pu9K7vGe1By4uwn424mNCo9b3FtAmj1,3
3w6kMCAf2NrDQWNkmBHj26pFpFZn3m3dK9,1
1GzziJgDjr3mNZHAoqgpGXfsDnxNj6s,2
3BZV7d73TZ5amu74rabadoSaF7U9yCvfzh,2
1WcQEMVkmREntkPwAv6SFsZpw2wxj,3
1N2ERtQ6s8yDvA3WdgPb3gZTbBna,2
33sPjoqVDrnDwze7AngE6ShE65rZr53KkU,2
bc126pe0mzdh982txrfyapy3hjtws3apzwq6x2vc86,2
3nykoYy3xmZWcV9nJM5PABSJHUn6ug85g9,3
1wb1h8Q1KAGZ1ab7V2w9QNNmp9CVNxhNW,3
1hyZAH5ioQRwvcXcz2JbMp5W3r,2
1ycizxAPSrnMew1G3niHvPjGx,3
1YmBRjoYGh1Epv58QxiY6iUHYLtmW8,2
3op4TZEyMG8XmpR73TLVmpMdRm5g3ELDAy,3
39PgQbKtAFwSWC89wUAi3fw5DBSjk9pFQC,3
311DJj9HJFLyzQdPj5x2v1tSoes6xDAuGU,3
1uxBw6W3tZcz4rsVymT1u68Ryo,3
bc1qzchju37pm3k6p7237ns64c5g9z9re9q4z90hqw,3
bc1fcay23fd2yprcvs865uchtq398akur35qzlxley,1
bc13snyvfysdg4sx5sk0rvrcpusca20hy2gj83mymv,2
1faTzghVkSw5BKQmrWTXucxMUA,2
1V1WKvCokbyojeRnmgnVSFPzHdsm,3
3RjQTLDMMmC82TxCNBrurbauuNue3Mag3i,2
14epc7GZKKVzUi97q9ZDnX2iENZSGs8A,3
3qukGQ4hZFF9GtoESronXTkNm7c1MsnrJE,1
1eErxKuRNTsRgrMQQMLrofLfW1KpZW,1
1uWWC5bqSQvEcUK8sHXuVUjZZLkMQT,3
34JSvqaveobGebxvq835LEHEQU7BjXsy3z,2
bc1zeu76syrjvc9e9v9t7xqt8qze9q094fvy83vr27,3
3A36BbpbT8DxkaNDJ6y4Uej3DtiB95bg8y,2
1P3jDQC1NJqmSy353L7tAiS7Wm9y,3
3eyrgfZRMhn8WYfi2KFrhpgSSZ52dCJbnN,1
1jpp7ECPtvWgWkM9Xn794jgAfC,1
1faHP11Ue7ksLTV2G711X7PAiaRYU,2
1QkjrWw4fyXZeqrjv9Eau5zANmCF,1
bc16dzfp56p7h4xzv0rt5w6lm0qu9q7m0edsg70fqm,3
bc1yzeu973dzv0yxccw3eh2hpunk6hucnp5azl3cpn,1
1jS5zYZAhC5h6Cjd5rxKU7DLvfSVE1t,2
3Btd95yjD6C2bH4R3ugdQHKoZRCG3WKR7i,2
3oxACah8e3Lxugwg9SoPCFZgz1hKXQppRi,2
18JLULk17ggeGqZhDqrTV5C7Sd,1
1mn9pqWesCzB9U36qKcsgCVeEjZrSfopyh,2
11PagU6ThR7m3KDDcDyUHxD4U5awmYJx7,3
bc18jeynkshmhk9gy56c4t9tgvv6v80eje0g5egu8h,3
bc1wuxfr3w65evfnl9e04hxqxzar8wh8vje64ra7r0,2
1tXAK6ZfNYoyfWLpnUUiR6ARYE5dbxonGU,3
3FvCUNFRexhLed6uGxviXAL5Pa3p6Lmvyi,2
3P7ETBCceZp4zh9eCrHGS4Rr1zYzWGdcmV,1
1eghYWmP4w7gsGBP8jP87CNNg7i,2
bc19d0kpgyqwv3srkqxwrshx4heaag6gm78n5jmq65,2
11wf5SCKUvohBko2rKzJc156fw,3
bc1g85kj6473yj3qnwsl5p838rx0px4994xepn7p3n,2
1WgwzfYqkpPuv9UNHBH6k2Aq9gfoye,3
1NL2zhQTttknWXZrhtcU9WzyN5W4ghCAY,1
3hy5U4CkyfJq7dta56oG6CTJrMug9rzgjV,2
1Bgrk82F3XjPxAKykappAYDkzMY8,3
1kGcS7WBSTdHEP8SA6GFrRGQqZ2f1J,2
1ZQEETWg2orGvvQUwCrioiyBDP7X2jveLR,3
3hvVVhZi5DHQB8mvU5CAYphjFC8YfsxW5U,2
3VhZ8n5dn8t9L1XsbQ7ooz5NgnfMGat5kt,2
bc19sxqagv9y564yj8k4xkq4lesjy94784rze9lufz,2
17zF9cydZpFNuH3XUq5JvUBKiFPifyC,3
1B6hw4ZqevPAbRfmh7jEEMVsUQBSnza,2
34EbpgyLiwkLDP7Ns1oxGNJD6ZgFYMn6ec,3
13LdLcdXSqbvNMwDHacNRsDBE,3
3iff3uSSe2VEJFZXDzkiDD7LhkHMkJE5vx,2
1zvo8reYWsu3gukJrYBg6wC5F6w42,3
bc1w9a3clsf04kaajvtgu0l9kp9x2zmj6hk8mwsdk5,1
1wiYAxVYvezhUjq5ZfE5qVVNK7,2
33gKHf7ApHxG4A6zVmX62c2tm4HeR4PYkf,2
1FcQttmT16gMWozDSYENAsohhASwLnZD,2
37wv21iy5qpYs3Ed6Lpn4SPgLZ4F63ErTP,1
3yDRCrBYvQ5Hb1AZWvqGVJaZGxEn4mMG2R,1
3uVortsNfKkmc9ta21pNHHJvqMNgmct7VY,3
3EjC2VsjN9SYynANjjXM48U8sWc49f75bZ,2
1weVRKDnerJYoKrunkUx2dQGp9Ju8,2
3kmuzLqZAk1wjz1FbpY931fjwrMEQZujJF,2
1o34TaNLmTJXQa8WFBsSrQ5zBndup,3
bc1phlg6ceqhntzazyrxq9smhvvskk8uyw3xas9era,3
bc1rdnswqgkd608kmuvl0m9vt2zekyhmmetqe3r5rm,1
1oPJtcLhuCaGYhYiVrhQ5WmEpoz,2
1aYS84qjxxGquN9UpPxidapAJks,3
bc1leygz74smy2yvv9fsw40ndnejxpen6633eemxrl,3
3HbdCRuv37vFzDiPA3UpdCioSukrj9sqVg,3
31CZwgGtkT9sfN1eY3NNNANQuhA2DN561j,2
3fAGamwEjtjo8PeACaa91LidG862sYkZAn,2
3nxJk7BzsnjBARaeaWAQ1ecWQKzzsfvEoW,2
3U7Kd4VfSpnVe45f44r2SLbXjH1kaeGi5t,2
1yKb2XAdtQzfMtrm4PL2gVXs1X,1
1CJvwhisbhcCtLPGXQphAqKkXhQHU5R3e8,1
17MxUVextV9k7Sd49Ag6VCViB5BoJm,3
1774yeUgbTyckehiZm2jjbTcyQN3LwVhe,2
1VLCDLtJZK7xPCe4enFxFrCBda9,2
bc1w779zwjjrfcwp3qf7qvvcszwzue47gt6sjz304v,2
18huzAdhb8f4tPDehvbsKDzaXVt3,3
3Z2f5FXxuJgRRoAhLWNcUAfPMqgQvZ1gua,1
1tBKAvWz89c3U7bVWFVPsrLghkJW3Q,2
1d6PY7xwi3yc6wupniRnqWoUaWcFdu,2
3hmiDrKg49HZTGMPSdU5Hg6LWGPwKhdUuR,2
3XoWcDMLVwKbmCCbRRSrEykcJvQhqexyDQ,1
bc1ry8pxz9qmana0atw84mruzk8xskl2yphdhuh48k,2
1xbgtubQN6SyEEp7RzMNfEmpjejW,3
1owG12zqhViUKTzd4Kg3qWdEXTVNGR,1
1Uso7ZQrZgqLNuMWmMadDTtn7nSvQR,1
bc12g49wukzge43m04zv7twr6jnynj5ft9y0jlqfws,3
1432RkhRL2kJo7jRAArs6RLXWgdLo5,3
3vcPqHA2sjPAzUTugZkWK8KX1RoLafXq6o,2
1WSZJVohTVgM6ZughwTRB6yLs,2
bc13cfa2w0f6txepelqhp0r87zxlewlzk8lypyw8v5,3
1EQ9NN9warLLEeVWR6amPR7u8MNg,1
1HRkWgwXnu2z9iyJVQmaKLTZLzNqeL1WVf,1
17vDCvNZeNLvUYtBuzWLmD2aDB,2
bc1u6u2nttzqzwklcnxsxkwuthtgr2fwzcs3zjkq4x,1
1vpsvYBheTVcpyDSR7Vh7hSNhyzn7oX,3
13SqWELVJbNtZAVbJRxJhKYMBPR,2
bc1z0vnur0x22e8jl0l4gpx8upvk70zm2xuzqkmwrp,2
3ErWJ2UQ1Y7h9Q1qZhLhbjNWSTPtyaLDkZ,1
3Y8od8TRhptgYkAijqPk2jLehtMTgcTyHR,2
3zqZkFteMCkYSzdNERhTjSH1EDLhVTzuy6,3
bc169up56ctj4c58ty86k5n7cryeg7rnt4ektuy9nz,2
37rngovop9VpkSzY8QXFrMxSabkzEZrMYL,1
1MYKY28fHyzruXqzRaEsWP8Dzw5q1z8,3
3DxtbCT4MUwpeXaF4VvwzRcxvfy8A6KAtu,2
1ZNGRXBvw5TbWAL3TwAfmyXKrD,2
13fCEMHQDwuqA3LkaNGL1TasYa3ac,3
1Md8mtQfY9jpMA252W3mQQmFhCfGf389sH,2
38VY3HRtfLuYt6rJQPGiCJvNFKFhz5onNJ,2
1QYFXjZrvMaW7mT4HSrwvUCBi7j,3
bc108n4skk8lfvvr0lj6dygdj4n2kgqhl0hu336uud,1
31D5RVmy7RFMGRBxf4wbgnGjH4X6KWDxyR,3
1zDTHgzVk1sixUTCfKvQN4uNCFuFgxCCm,2
3HkJzwDVYTo4dcQLfE5nZjN6S9AZPxL56Q,2
1h4PPCH8n9PydbwXAUgVpbet1C9Z6LALxN,3
1qavEKtBgnBPGf7uZZjGQan2H,3
3eEP3kB2C8xD2C21mkY14H3YbLRLXtGJLy,1
13Mgc5zMrJpHkncpTUduMZQSeW66xHkgKL,1
bc1tmtzlecq6xk2ejfu2y2yd9hwe9hrnjn7dtkldxj,3
1Nv55c49mFrSxEvHYUnyY7ErqHz6DKKRyy,2
bc1h3y2r0pmt7w7f2sazr70x5use2sj0jmwnleqtme,3
bc1ndyec9kxnyzrvflalrvj7404qltpfpzfsrwhwcu,2
1iGRniC5iF6iu2EaSnAM4wL3i7oKd,3
bc1ruwdr4k7qm5trhmj0sxypdx3vu7ya93xhwekmfp,2
1hnnm4nUDkTMwbJhDDtbNnZB29t4u3QQ,1
1diHjkmXKuMs75Qsa83LaFpUnh7BWLT,3
1j2jMqXhfnZBDEUGdBvkKVisX89DW8gcj,2
15h82MvLvTo2wEth4QFSnUsmMP1w2F,3
1SvDTLcYFg4zaT3grxYUzDKdn72,2
bc1yqagzukcc2hgk9yq5guvkdtwg5u06z2g0hn9fd8,2
1TkGqxLW8Gw7LU3Y6YkBAF5ULewEZVv,2
3fSnexJ6mzU3RDqR1WgyrPQsEKdNt9Hgtm,2
1pXbhoyX5xrx2wiAnoZYe7Qoxce,2
1Qvvkf9CaTATz1nFgVx1yocP32FGbHFi3,3
3W9d8tB4oEuuWeP4CH8xCPJv84AVt63ABE,2
bc1zy0k27vf4sgtr9wfn0vpd2t9cr6xnygmzrexrm7,3
17DR1GkmqFr7qf3JXmMHPNwTfs7K,2
1JDQWM4p2ES37dMQyYtVTSHub3,3
bc16tcfnhmnsua439yzqly78rjvxkgage2qjfrc33g,1
3gfB4GAUU6q1A764W7agN21ujSmiKpjCHU,1
bc1h7rl0wv9zpdssxdxvzsfvyp5jhlw2fyqj408das,1
1QXi6GYq96a25ESim3LxWXigvq3Sf,2
11V4VqiMs2ZrB4QmbHQVs9WCrkrHp,3
1tGLDCFWyHDU4re979GXJXSC9mcn9jHw,3
3ciZTaCx7EDNJFoMdQesRGYDajC6R6LYvQ,3
36JuVz3WKq4nfrGsxYT5CyFejqrQqhBPqj,3
3v7sqRyfwEg6e7fesCaQWBRVXUZ8hZxPeo,3
1NmdaCCvcDAtrjAL47vE6utvK,1
bc17y0mk0crehasyx0x7qtk3u46r4rln2r3ujpewr5,3
31qoMbHRPrvakEDmSLAM4eAy7Pcf4pWc5w,3
bc18dxcesx5xjv8qmgvtlv0pwp2srt3jd7gufzmwqq,3
3pR4wCrA35xR2tBdoThAA98S95JRiZgnDe,2
1PUijsgUpRCLaQuLQAXg8upxAkTzP,1
1ccMtf3yCM4UhGfmCzM5iQZuVx,2
1bV34U8bPCJvCjy25Y2xitPE5LL8mABa,3
bc1d9nr2mdmq6ztw9suja9whyhmh6ek7y50az8ayav,1
12bKbcqemHMfsiKzcdk5T2HuutPtHTgj8o,3
3iFYsfbst1211QQUgLeVdQA3T62nR8cuAK,2
1WsgMxUdhhuDAFPqMqEKxWGcQMi4e4HKgR,2
1tpT6NCYavqmGQ4vkWfa2EGbNhUxP,2
185ADBXEzBFmgMm3Y4bco2mY2,1
1VpNwXufheeSkbtgEkc3LMyBKouCSohixs,2
1t3grjopnymKUz17eywNu4jHdb1ujn,1
1GEuU2a6BPe9KRgV7QJ6Gv6TWp,2
1RqKc3nc3dpGStNcyyJVdYvfrma,2
1FvM5ZwdDi9Usojmf58V3AsZf7JZ,2
1XsbY3Ttu8qk7RXib9Z5BBLD4UfMpbPD,2
3jkSCv6pafCxBjsieDkXz4WBjasF9Gs2pv,3
bc1ff33537ea9evurxagsrhcscgux4lah3xmpqdq79,3
1NA5QGmf5wtsZAMn4KF2DJt94,3
3pmVnZMmbDZgyAAi5AF88jNqdS4P3uCjNq,1
1BXphK2asr5hLuxgmztY39KB6,2
1DA93UmFa6rifSyxMNTKfu6dCuFSf4jQ,2
1dbVAnr74R8KkqffHxffudkeCpRJvZ7,3
37M7pNyREoFran17EAfV1jiDqxzjSHJnfv,2
12FXRdjFFP92rrCGv6xCUYtHZFJ7WUjG,3
1Bh7yB3aij7zM5zoJJ4nNXzBWYUG2QfMPQ,3
bc13fq8q49dhlsglpax7ztkyn4fgrw7gr5shj0sppv,3
1sADyEmFmZ3CaY65zUR1Tse7LND4,2
3H6FHvkY5s63X4XRbZtQdTzkmn69ELFoPa,2
3cfYG1w2osk3ryBJrqJbb6UTihBgTA5arh,3
1nuLUF9GrUHXSsmfKS2wWwuYGDK,2
3sx5PWNCswU7UPPAPZK2rBy6RLfTgU8V8K,1
1nh92UQcHTpAuyQaVA8arHY1VMki,3
1A8SJVe7YKLCYzHAeyHuUMN66QR,2
3sTQZCS7Tr9d6MnDpYfqEo5KHtR3USvwe2,2
3UpXKbVTJLyGnBEvHwzUiMipNWZR5mqjLL,3
3B5JCvhpvUYs858dbYEmaD4rFuC9gbjdfr,2
1PkDnn1p844xfYKYcgTtVL1751Ne3,3
1AHyTApeNRpiV45e53zXvtHpw2Jn,2
1ZoaKYguCbLaULzyj5ZCH2imR1EzXq,1
33F4396Z9vpr5zhR8SeUrqskViZF8uDQ7w,1
3dTEWw68wEzYBSUzoTEQjPhVZX1tgJUzuV,1
3BdWmb4uxqvh1WZd4Tmb5zmmMXDyMGKQgL,3
1XobuHnY22XmU7cmb73bnPanL,2
3qK8tAVjSLA5DEyUpN8Jyypdhey8cdKtVW,3
bc1gtancwew60ssj0nyxqduusx89fwek7h7c63a4fn,1
bc1fxe5c708l6daas3yhz6qjmw7sr5z42lmv48cmvn,1
bc1lqtzp77z9msyadwrvyxgcuf35avdc5jz800yk2e,3
3Mpo1GZTnJvi3kVQ4cnhGhoBja9LgQrQJf,3
11GYHqXvrLViePy2XNrtEYGLZ8Q,3
3nTa881ZbDkYBNmYq2gDZstY1EnMJARkes,1
1oqtnffR6tBXVtETaMzFeSkJpLb346dAzY,3
1j9J6AvNiPsp2Z1MYpcFUpTau,3
bc1evey9jsse6l08vtsz793anadnatlpjxkfn0f7ak,3
318yn57rHLYcd2YnehsnZXomDwAeExETkb,3
1Q2vPXEfQzZ3JcdsJH7apVnuiEvSED,3
1csj47VdFNBAvz84zJTuym94QtVoTyS,2
1gzMZyDNCvvRTTdWBCY9YK965NRb48QZn,2
3a4ZnjGsbYr6KoEY8VBqScZfQ5WLzv9G5g,2
1pPXWDBFTJaedBBsPdkFYVMbk3D,3
bc14kctrqvz8jf4jef8q9mawy7cr5ks9exkmkvz7p2,2
3jSJPvx8dAMXQCYW3hC59BGLnhoN9zr19t,2
1EoBkoKUZDVF1QW9qYM8uetqvB5C,2
17K9aM15dRJRxEkR6zZ8wCdeFT18JNguG,2
1NstcSQ4EProUkP2hB7hDj9ThgeY,1
1HAT1DRfVFQiMLRx6Mrcw25X62Ufe,3
bc1wsnm2ae638z4jkvr5mz8g2l0tzslk6mff9lg6gd,1
bc1dcu77e2qw9nf8yqltfyrrd4j7xp85chv26yr9lf,2
bc1fhgrrj58n8jhttcr76c6ed3ghpwynh65ccv604y,3
1C5WX78CTNg8Ud7mD2WhyaJSNK82,2
3yDyGZGEJTqWr1q5xiuB2x6q5uu9CXfxsA,2
1vauRnckJnobw46JwqWWTEKTeC,1
1kCb3QQbxLFmzTeMCNP95hrsUUR,3
3rtziFumqYV7LyY38i6xMu6hxwmWK7dCWf,2
1fjQFwhS75mScws1vpWAFbGaiDfwn59E,3
1NiqCBaKHQre4m4LQbk7dLgcSoRQh,3
1Q7ka533KPnLekeTi78jeRiScBtJ25vxUB,2
1A62abzLbVM9nQ7zbPcSyLHZz8Mf,2
1fVhqEzPs1Wp3BkkM3Ycd4fZwnvdRDeo,2
bc1s5rwulqummymdxqqx6eggszu05kd2kp0pan5ghg,1
bc12kc93p4d8xht0zgq420e5cjyfs3hwmmgjpv5zc2,2
14JrGkBdLoEe1cQQfJznTkXQbs9RwbLV,3
182CRbg9WeubXARCwgetV8Uzj6TCGr,2
1CDjAgosvXXHKCUyp9sasW3mytkCjq,2
1PacKNw79pEmPL5hDeAE5wij5sYB2eLZ7z,2
bc1rps3undtjdw7npa9qmf6paeckww8ldggg3k3jt4,1
1asScSmyuNjtQ1awwspykyNRto4i,3
3ypwKuTFaMnhrnZfY2DVYyjPb2LTSJEGJ7,1
1ESRZh6zSrHcQoEUF5eqK2FxWHxP,2
bc18gpgem93pcavzwq5e493fz33qfr8e0mlapgk2p4,3
1Jb9zaPiagHbCch8qDuUurGjgKh3iN,3
13MMmaiKPMCAXvvqj6DNB3YRvNrGd,2
3BPMGKz59hAh4LNAxk5nmne1DTFBQSdNmj,2
1vW2kLvEjUvUBXQaExvnPykHwi,3
bc1aw072suc6tu9fy6zsgrutcu8spplqet87wjvgsw,1
36o76x6G15oueLVxatReR7wch81yTFjpaE,2
bc1sywmrvmzj7nzkz44706v8z8r6x5l5jqaclt0e8e,2
1sjgc7oKwzcT5MzsvFSRccovyUE,2
1wWkfrDRdeC3U7tNf1e6HgWAwA1Rd,3
3tmnHsdybmfXjsRMYTHsy6KnmaXLdysDgD,1
17wy72zHS6iKe3mcgp2NWj9b8Q7YLqVVt,2
1xVgcsnDDsZ6mJq7ApHNiwqrFBoJR,2
1A6PVxgjr9mhcFPTRrCAFvjNA,3
1zC6B38tjmzY2zSbYgPebnnyc76KPJohUL,3
bc1kunplk2f2e5qxp9h8vuj0tlxuqaxqnssf35gwz0,1
3TpDZSXE5fiNyUDbD95Ke629UjtJaacK9T,3
1HWSR49um7nojmV9CLvhgeLPrtuW,3
1pytFeuknMJ4XYnHuZg8RxwnZi4vDVhY,2
1wuMEtYaVRab8VKMu83BEGDfJcaDN,1
39huGc6ax8jnZaEzTgwH9wwYGGfy5qhDVu,2
1qfA9UCMqstpX5pRvLxTwVX2JEKr7iQp,3
1GFjaJUd5reexUomgqzC6F6QY4dB9gZ8,2
1hmm5KVy5jLSWe8mZDX39EnmeMF3fsr93,2
1vDpdrnMeTrsPT4DLtB85VzBW5makQ7FVa,1
1S7mJEGMgSfsChCvPkcSzn4k3H,2
1NzAqZeUHdNshSt41jfr6DjcnnU,2
1LhcomLffEB3cumEBTn6vGF2Wn9MALqcBX,2
3DGLGkF7WLRPmwzU6nBGEZWLNAQTLZocQm,2
127r4nEMGneHQv8K7JL93Ftqj14Dtb,3
1tFsPkWrh6r2H2tSadaWrcWqeDU,1
bc1aq0q4w50jq34qremyv80s9qrqn7fjxuhcsrg30g,3
1gGRfgjbHcipUXpY51uvqLNR5bkQtuNGDx,2
bc10p0q0psh844v3zx3lj9vnvccm4er7vzlk87f8wa,3
1hGoq6arfhX5MxrEbA7BD47mhPwFW,1
bc1peq5tar84kj44hpy7aczg62dz2elunuetv4xphd,3
3P6do4ovpD3uZWWjaukW2D9dwhXmrRq6Ey,1
3DDwtQk4twd45sSLWspiYXCBx2D1aqoCvg,3
bc10varr8uq9vnxkp4wlxaj7zsejpevrec9phvjz7z,2
1oMfu2dZ5WGYsFWbm4fLELLN3Z7NKdF,3
1FuZpUNyDUu8tKm5oTE3HEyL7F8F,1
1gXDdrqdzzLunKe4RCiVrYtagx95dWuJ,2
1ZuRAf6dz1sXgTLyVpseJPePe35r,2
bc1nl3tjk24yyv4pfglshpeg9katz509qhap6ptgvl,2
1TYBMDaQ5noyqSh31UtndXVktbdLUVbv8N,2
1cMYDENEYfaCtUdaxrV45JmmCJhDjoipya,2
1F4gpWnrdFbGSvHLCe2VA7Mak2P,2
1eVoVQ5cyeA6cmaarWFd4RVsS,3
13QA5Zg6m484idqgN6ircAhZg55MJfnC,2
3GV1MzftWMQJSvHSsGKJ816oBagohm6AMT,1
1b3wUe4pXMLWpAWwv47vFEh6jwP,3
bc1v67xyx5wrrjcggg33a0hz7drhejxtgk80wxhn26,2
1QN47cD4k6mQsZiAfK93nRcoecz,2
1pWAnVvH8U5i9erzL5x7Eb4atifr,3
1YYTf3azhjwmHgdPPLEQir6ezRSJkkTfNq,3
1tBRgHs787rzBLeVkcG8LrLjFz,3
bc124nvenz3phycaa2we046q2fve2js49up6630c8x,2
3KwavWHMNn6iBN1JbHsm994K4dh6MVVuDB,3
1r2wtryLY3dyLWoA141Bmj6CCDrMSMt,2
3inEtEbWnNatERhKvWsykhrva5pYrfo7dd,1
1mAbx4bMLpH6qhH9Aiuw2yexTLQhabDJB,2
bc12qgrt7cnhx9pvu843mpa76czu7n36epteekd35f,3
bc13cnt0vg8ac0lql6me4zfssy9wfuhayh8s9unra3,2
1dTxAHR2q7wF2Fgw1J99KppfiVpHYjZ,2
1zJDTKJFvAhAZoD4pWLnfeejzZ,2
1gWpiwKUwXmnWHLhbQci1WkEpx93,3
1co1PNqthLTYKmJxPFX3w9oreLPJPiPfF,3
3XRqVNaa11oJHGncddq9gFd3i1QQXNqSnS,2
1WQ3Nz98uedGx4d1QwYWjPscE2pmuGQCM,2
1TfQuvq11cVKZ7DPR8fbeDSQoBVWG,3
1dXn9wezjaxtBdoXBRrQfKvErK,3
1MkN6sasTHDCUqUMd56BxuqGzDBbhP5RW,3
bc15mgn8y6ae38s8v2uqgutaql9xq9wl8hmurwjnvy,3
1khHiaapUjRgoq6NDzfNA6a9xNP,3
3kNZz4WdhTn23rbp64hHzVRn29zqzXq2RA,2
1c9MkEgm1sBKEnE8JU6kjHEEQQUnaTy,3
1keP42u6Rbo2DkJFJADACaTsh8f1c,3
1dopBxZjp8ioA1eUPW8QqFmNfWkH4dyTv,2
1xj6way4S7zSgPajjN5burWR4XbZTnm6p9,2
1Mo8YstLpw3irGkhQvvucetkU14,2
16qxbMmZ8pvX13T7JNPpWkMuZ7agmxS6,3
1R1yNxbrs69pWiGP3G8pPcjJm5V7tFy8zJ,3
bc1ynhqhktx625zh2xkf65g4lywtpyjylgwqrfuc66,3
3x21bkLvGZTBnrrm8rnK4j3qku4wdSR29G,2
3rNWPH1An6jnyguZmBRiN9Mo8PzioxDJ6Q,3
bc1a5sjfxty254plvrkeyccut46dtmdls5jxyee7tl,1
1bq1bGQtaTrCLdYCJs9ZCKNmaVj,1
bc1esapkudjaha9z706cygc4t2ntzagxmkhq05x8gx,2
1LREDT9kLuBfRM1t5K121kQ9o1T,1
1EGg2CyL5Ho6BLGQdBsQwcWLtvD,1
1RZzMw2sJG32GA9LNELtFLrAcNESRJ9D,2
1FCT7S5jkCiF4FfDsagWdYCJR2Mqa2mj,2
1xyQ1ne4jnUNFJ8C75pReaZspjqn6NM8Rb,2
3UUksWG954TNgaDSJxVPAtN44p7431pACM,2
1RCg6kkD6dk8HWjh61rHrjDPiuTfbAB3t4,1
bc1jfc7zpeh8cfdszgeckgl22yp8r8mgz6ts3s5ehr,3
1ydzbsdH4weo5jsmWVCetN8EvJNtHdwv,3
1bQR14XzLq2C1YQe1gJYMFk8ZTQwAPy,1
1aJtmWXQKDU7H7gWyZKNEhNivyEHF,3
3dfEDnXsG6QVHwnSR3TSTG8jpAUAGb5ZPo,3
bc1sm866few70n44fpj6ymmc2grwuudhhcmyfmpn0p,2
1ggKWnJoe2QCgYqXiAFsywwQwiSiV,2
3BxFPswH7ytAKDX2rpbGJyAJoR9daUY7yx,2
bc15hg6sdmqs203gq64s82m6nn9jns6v0jy6kjqe3d,2
1MG1UmRBwR6ASAB2HakVZYkzv,3
1V3xH3RXV2nEKjst8xKAJx6zxTgftbip,2
1KhB1Y66d7nn8P8Mc7C4z94ACJ3f4c3pg,2
1MWkfcHioE8ZGH1uCR5qJxt8ytNLpMuA9,2
1j1sCdw9fhtJNz5jr866DQj8w9VuCJ6r,1
bc1cfz9jjwyuwxmdz4728pyn3cavvmm38s6h5gekgf,3
bc1fjjgv8ma029m59668l5zu37dmxghy3w47u65lyw,3
bc1v76je78qred33y6utfx66dlq44z5726l7xrf4mt,1
bc1ch9w54w7eu57afp3p5y0q8xhvmn4lzl9djxsskx,1
3WXzVrVP1M1YPmTVg8wubRFFzVedtUoJsC,2
33PbGosbuQjHeErz615nsg2f9RvrPEVyHE,3
3RUCCuStmb7WZPXYDVC3Y3SMpnDPUADXCW,2
3AFv76z17JuDuaMCiKh3dVbNxreg2Ckn2U,3
1dEPPrrw9LkX3kyP5VWsaPAs2s,2
bc1de3yvw2vjwlmuxwpyr5x45x0p02dym90l9w0wce,1
3USnbkE4oxqjVhKNXPkP7SAh5Y5WwS8xyL,2
3rWWytkjgorMkd7A5s1Lyx4ptpjkNyKxmn,1
1b2Lp1LtzMaTHW5PE69bq5qvMdsbchJ,3
1UFCGWHG8u2goVWAfxwSa9Hads5JpDvu,3
1gYfwvFUN7Gct3Ac9ZFRuqJoqNjBEgrf,2
1Y1TtBKRCZYmRbk3X8xVizG2yF6,3
3sc4yhm1wdDjyZTBQMDU5U3nCaDVk8nGnL,3
3DD7y1A9qopqdos6ZKkEEhKsUtFidFUqU6,3
bc1u9swca3fwmx9ncqrwz40a3ca0xjy269hxpsf257,2
3MCCCd9pXGxckVQujFKHYhimf8gVRizVpt,2
1feyBU4UbNk6PBWf5p5Tfnns7k,2
1yK4AhgkcLtinoWU4aVJWKL1k73zeLaHc,1
bc1vslwvtt7rspwnvrlk4hns7hf7y4t64t23fqaeuk,3
3FzSEXP97LRboCGmH1kqfy1989JzE2vQjm,2
bc1dlmy3clqw94q3v4ze4h530k772r9rt9zv6sd9na,2
1EnZr9Dz82nWkyF6tr4oiHJmC7,3
3bZwVFGB4ZKs6jKQVeCg6aigVz9dFFyUTA,2
3QpcXPX1utWiNSea5bt7iTCaAFDzBe1TSH,3
3dtcRPCiXGcdea2r6Xm8QsGmDEsKbBUk6b,2
1BLezmSXc5sUrrk51iPrRhkzz7vqUrbw,3
1do5Sf3TPYqLfKQ9cu46yYnBp9D,3
bc18jzjms40w27j5m8j4l788uhxt95rpazkl0m4x0k,1
3gsj1XVqn4wVWdhfhb4sztxduBcB8m7K35,2
1Y8XxUZTadKYksRRNmmFMxdtK,2
1SVgdPgaadzPVzTXdpGJFkrp5YGLsQrp,3
1qmR65xmDcGPNfMxqwtUKgtXVVrBpGMJ,2
1Us6e86JEh6ii4HBHcBUY1DWM5qR,2
3HpY7cSn2byrdMo3Hu4dcnBSW4RHqCN46c,1
1mAqkEUjB23o5fRJjsh1qgoqhgABUrF7,1
1dwUDhdekyGc17A4z3veJe1hva,2
bc1yds7uwyw5vqje8d4p0g7gjz70yacdkc7xuggv0d,2
3kqud57peeTNfHfJw3B8HgiVeRwtyqNUqD,3
1on5mywGSgwMbXz19iHovHCVhnBS3cX,1
1wUetNgPhWgu8LuX3N9j6CkbAyu,2
132Psgz8X9wEF2vcMs46r7Y15CX2rPL9RM,2
1ULPai3vLojqUUPTVWTiAc4iwo2tYN,3
3VJooFTAVisMrFguxA6azbtUZomNFwTfrN,2
bc1ely6jpjgy6w3zwe0kuk938rssgenapk5lxudfw0,2
bc19utyyjwzvzpr3a8fsyx6dx7rjg6n8uf0evklfdy,2
1NKKrJWbYLuLwCyJu6LT7ZaDiYQG4,2
3vaqqyL1KZnquKvJZGKVjZhJXvDHo85HR6,1
3qBEb48LoLLeAJ6nVrqW99SSXEsKdWJA7k,3
bc1jxdt4lkwrawrpa7wgrkuw52mdx6tn88m9p6wmyp,2
1kTuGUE77n6A5e77bWckxcgbY8zEBesznU,3
1hnA615afDHFugxsQkUp9uLu4,1
bc1vwpas3luzcq8hng6927nknm9s9wjv8lnjqjsy4f,2
bc1h9yhs7ezjgz47hwqyf9thfgk6d5mgf9067t868f,2
1Bss4Xz6MBaGwfzUZvAZPXeJVinB,3
3xbY7FymC9C93tU7SxVfCCjW7qEFsMdj5s,2
3JvGVGmnSKAWCY5cBBvZ2uuGGqu2XGBJWb,1
39EnuXvPRG85WaxsYSsNgHEUkRXAnDnVzn,2
bc1pl4ev7htvhyvjjayng3plsmw0hg4q9ep58af6km,3
bc1ljumhp68t892k5xl9d322gkmczxydgzvfurz4tl,1
1KCzFhjuEcS8tDKSYGCfq55iyj,3
32BsW9CYXjV3JR1AcuYrVUgczujFVcpSkE,3
13exz7MRvy2c2c7JKvokb7HShUzbPE6,3
1mpwvKu9AMAyznU9WXgtSDRff,2
1v6MECdVLm6XUDpgzyzZyi88y6q,2
11zeHfd1Lkfk62cDCo4TGvQkSL7QV,2
1BTj6qqW74Cd9E9NawgZW76L7cv,3
1szsVMSKSMB8Uks2cK3vkH2A1cQsC9RUeC,3
3swRP2FgtCycgBVHM5rEfu2RG1tETYVWTv,1
3HVwx25GD1Zz2hPQvpqgXo7Cp6Mtns92y3,2
38W7HQan4DjboiLmPtA52fNEBmUGLG74Bz,2
1pEpNf6SZEfNyEmwKCoJMWSsHcy,2
3qveBkzNw83ggxvPi2mAZx1sdsNGKLjXoT,2
3WbzaCbf3TWGiJBaK3AYaGXxQoStaMHa22,2
31dtnbB7d3sebtXFPTqfA1V9Sw88XRHg2o,2
1v9HvoHSYttM1gTqXpBqEw6qgds5Z8g,3
1nQCfn4BKVzVXmXqRotgbvCY9Xr3L8QE,2
3QAaNKK5Vht9Gj7NWFJkVYBfGbJF4JCVRn,2
1TJEaLKdMqiCDSFe53D11x53P5Buz,3
1NqX6WH8t5w8ACNNrJCqY8B7WJ,2
bc1eje6yts94fwkkmqlewfr5c56yknzkzg3ysqtxd9,2
1DSjXZwfw9bt6FVUccziP1iHDmfY,3
bc1np30gxfz7vpw2taqgc5em2mflws3jstt668ghnw,3
bc1ywju6yycgtw992l5e2yh9eh67hyqnd26058a9mx,2
36waZQRFcZwvCVy8Wh9W81BFyq8hm6s8s2,2
bc1u05mlhm8qan3ratcf7038v530yfa9n25n9a6uz8,3
1mi33MgYPfNAzzUWgM1Tqv6mSeCpHiTaZh,3
1mv8QtLMhbYDac6D6xLL1AStBjBTfRFU7S,3
1yYs4VY1twFsLpSrY9uS1A23JP8AGh7,1
bc1ygrgdee7elhhcdtkdvfaj5yygwqj7fqgh802m4k,3
3FczCtcfmiRJvRWgTobTYNDGqvzGkZKcx2,2
1TzVPCfy7iNh83U2rnhhnSH5sqWQ36F,3
3oX47eJuhfPUyoy3dbs22PKtN6sUNFD1Jw,1
3ZHt27khLX2dkdx6LT44C92ytJNZPGixGK,2
1HhXziLQxCuKkfcqiWk2FVwzZ4z,2
3aq726Sgw3GsFHL1ijcgt8SJ5D8JaosWo3,3
3j42U646YKAPm3CDBukC63xiFoCwtxXGAi,3
3R8qaMdc8zapsUEZDJ1WKojMigNk4jjk6y,3
1JMhQyzka5fJoByQUax4AG8y44,3
1avPCUYjq5WNjrzJJNcA1WZGhS,2
1qurcF1PZqXxR4wjfREAPKMnbvNfULWNEM,2
3x1hkfaRdCii1uU81NrVWUiVxfDd2FCRsk,3
1xkGLP8bxFJmP5kgsGZBQfx5TLdgvv,1
bc136qvqp5knxz9622qh66uuf4nfs209uvfs8u8xvu,3
3bMw6KQgx6QctBufHt2yyDmscHsakFcDby,2
bc1e3w44rqw3wslq7me86r60jfvnp0jfrcy6n3jaud,1
3gG7qAdfFyeRtGu1nWTMes3GxewABYaUP1,3
3JXmcMmJwycEMPAL2UwqeDkSCsKnSdCtVi,2
1r3zF111Q38NGxTJH5zArMH3qiX4UUX,2
1PEeF9KGmq3EmXhAw7op6jvb3MtQSy,3
3d9esouSCrhbk32kVHt4fbPsUT7UTcfpvm,2
bc140erfx7w788az39nff3nts0zcpqw2rculx3t5g6,1
3yxzXMLH8rK4teiT85Cv34S661aRAzev2o,2
1X92LdKcyPTCUJ9QiEM9uR6WE4f,3
3H4MWiiAPBuEKoNLtMaobgVqAhJY5nnGeo,3
18KbpRgqcNaRkzdrysKCSS8BY,2
bc15f0u7rgl5rcwtm70f44fxhcglpzs8q4rghtgequ,2
bc196mnc0v7crt2ptu4c4ggkv03sv4v9nw8hvymxgh,2
3st99VoxdWZ117eqJYCgbgaeFXLiTtoNe2,2
112w2xpMunhin3hLeACQpszCQ7s,1
3vgJYoX69Em8KNTQShaqvhuqsfRBYSfSib,1
1MxadtdcKTRekJHwmSXq1RSNVb8aDC4XH,2
3HZPEooeovZ51TYjYVkuGND4ryQJm9T4dQ,2
14zvzfVmJA8sM5eDcUwhD8NL3J7sntVqa,1
1etse7wKboZSrJ4iubcycXyoF3xx,3
bc1nqel340yfxm7nd3uqns88qjsw7dywkyaexue790,1
1Gwd7ARxtKmBk7oBThahmkhHn87hZEJTxL,1
3nFwDGanviYNPByS416YgEcGKmi9UcwftY,3
1rAfHvqjXGp4iaoMkxCBKGjDxRJrDAo,2
bc1l999zys47an4q80w8gm9k8g7v7nh0xhwfcstdd6,3
bc1m362xyte40u7qljauc7lx6f9r8sezjysqksehtp,3
bc10k5vfpgp8wftsn9qre6t8fwxz2stddem7hykw30,3
1nm1nc4iAhGdRMUn57hxmA2PCpEFKfoN,3
1dErtVjv21PEd1g5UZVndXavvku7,1
16D3Zt7pGcj7Nddr8oFxiqiG8WGB,2
1w1jodt8RwNnDHF7FfuB5mtAe,2
3WBwnWwHDjcUHNnWHLWjrUK7G7UtKdEXQz,2
bc1em8u49xtaf7z050x2h8zee3zfxeg87etpz3m9yj,3
1WB23A6oCxxS4gQuaoaajnPmzeCF4YTu,3
35eWUqwmvwoF39rUR6HFKdohMgQ8UNodjr,2
bc16vs9klp6udkxtp6qhd7w4sfy9et8sdh53ar0prv,2
1fMtCGnKDtxCDy6c7btbdnY8yNoog3mQUS,2
1PW7LQsf13cp794tVguXi4uaahEk,2
15Nbsc84fQfVJFCtmFLj4CqN6AWT5iBD,2
bc1dwcm4z6g3k5ltqf9hzz3dyakvqfv5n28g0vvm74,2
bc10m8mpxlj3zjj5mwtn3dvhshtups3qum0ddyhtaf,1
13C6GbikdGHEefHZECMfFfqjyLdKgVV,3
bc12258d2elg9u5k42ga2pr4mzcwpxmxj93xkpqf9e,2
3fBy2doXpVMBocQBLgFstewPcmWrnEaWo3,2
1GUoM9TA9G3dHZ1vzMuXWstEZUWZ7ZT,3
bc1hjuvhsew97m7p0gx6ey6ljp60ljksmk6fkhmgrv,2
3Vui31eMirC7uaTw29HVyc3zGA4Pa6umb2,3
1t57aUsMSiiGReupGn8mUn3hw3DYtGe9h,2
1qDgF8CsVG3ptHvyzVrLpnHC1aNrMb,2
1j7osdteN11kt8ZPRr2CYVKRvf9hfip,2
1owYGFYYqKp4Snuj62K9x3EMDcGj3UUFwY,2
bc1n8xapq3ymvt8e0702v85z0y6zjaad8kw4kvq5q8,1
1TNrmaHwhyBxu3NGfNn995M7eP6wrj,1
bc177krfjg88ryqclr7rwtu8j5fe3aljlqjezcsf3n,3
3FVSqzNJVEPDwoh4MUyDPo1Bf6ZbPEdqhu,2
3DQbhk2yAcdsxniztXwJNuvg3ezxorVFMZ,2
1FzmCnCjCazgdNgGyTdn1XHoKhDdVBa,2
bc1ecmatklxsluuxqxz87jyrenwemwr4eeamk6y4a6,3
1Bw1fMe9AW7FpYcKkuoSn8VhAien,2
39CmC7PVzkkQamA41GnH6FZrphhJDUcvfq,1
1eQWzBPjnKgQ9xFTEmTNGgRr8,2
1g8KxB9dLnqChnzGJ9xZbw7W3Lo,3
3kxrHpyu4BJraT1VnHCLVMWPXkHY7rJ6oi,1
1aUsYL8vfsoeznqdY9Hjbp1VEv7DokjCvs,2
1fqMAy4S9FkHPWjz38Am89hMVoN,2
37NzTqZK1PSQccn4rbDszWgXBAThnvuCm3,1
15bFuua7a9i9Ua4wWGUQqQMzPvg8p1,2
1eHiQhQ7pGZhYyohqFWEFS48aSK,1
1CEJd8S5MEkhR6DYzHKGyt6CFM,3
1QdBUz4nHDxp2u9n5NzaiPwskvrGtsD7Kv,2
1RcXEvRrWwGir7iEPK8vBQ6bgC,2
1hntsh2Fiy8dauWJdvSrpKfUTuC,3
3PGfiHgsjix1mvt59kvZ37ErdNMUsfkuqx,2
1DzW9Tr9pybhCYb5UabWXmTMNbU844,1
1hGAEotJ8zrGEbmvexqXywcZdfpoPgfXB,3
1Dag33XULBEq38q5wWqnrfPKXjVN,3
bc1x27hudsar2u6zyhtp23ks3869egvkwyh46nx3rr,2
1c4UVt7XuyzumkYbq3xk5JouwQL,3
32TJRFjuREEyyvMJsCdmxGJZgMqRLpDm31,2
3oet3bBjwW5U48fKhxHnjwnVZtZxrANHqL,1
3nBHQPvVUdGHt1ycBnw646YwSzmwTDBbgP,2
3p2PgDHDpQQMi9fsg2nbmMuamWaZRFRBiy,1
bc1cfh0nl79sp5a2e3ce9xvrgpvape4y0u6wx303a0,2
31xBc2qNqAKqJfxiKJQcio6hj1vEjgEwXB,3
1uWwmr59f7f5UNyw5hzbeWoZh2mxAT,3
bc1l2stvmeqepkcr5aa46y4fzf2atz8utmxte7v6da,1
bc17anvc783vpddeenz0vpkf6hm8f55gwwzcr47kw0,2
36B7ZgJgNXrze6ykUVhtC4M3b9vkjY7Na9,1
3Fu5Y8UMgi9sCeRpyKfkjgFpKF8qXAdWCM,2
1cDJGMgzqiBBeuZcZenyMsi62HW,2
bc1dc4fhencylh09zz35a9a3u5t056t3gnsc0k4e04,1
1T1Js6uv1zs7m44A1qu9LXH4D2AtVWyP,2
1tdsBPWYcDnCupCMH52cQQjGMmeaeAdom,2
1vwnXWQLEjgHiZRTRT9PU9LGYbA,2
1W9t2fdaNA6QuZcM64EgnDVzMsDCB1J,2
131tDa88XYU4aecTdPuSqQjLuhfQh1Fgt,1
18PfYkBgPMAa147FwvndPNBgWCa,2
3r3uFD1eFqnyY36KUhAYRtA2j1u2wqeQjr,3
19Fire4qwA7eJ19qjDMhiYUiEken,1
1Yjsb4zSajgwAQmDCpnSaEZ7Xig1,2
142AaBxYoT2VBU28VhY86t4jqk,3
3n5UBLNWwGauH7KV59iSyWT3bndiW1CFSa,1
173iptKFfZLrqpYBGq5v6VnAG92N1DrQ,2
1sFWk6DVW4urgdRnFEsiGFq6MU,2
bc1f9w68taqw4e73fgngnvgy5e763u5gsy8uy3agf2,1
1BXHmSFaU8qt1HJudbRTc5rzEG1hpv,1
3tRh96om5NunhD1Dt9MwS92TREyRagGWR1,2
1brPgKezPRx5S9gqKREMsPjo254D39,1
3Fi4EKE5Mi7tY1ndN7nV9sXmkvCSLA6sfb,3
bc1z83npyr0m2ns9l58pray9ngdrt7787elknr6kpu,3
1LXYm37e6oj1q5tvPepxDxFSQdD,2
1EsniGLEaggErYBxvGHv5RDpW2B,3
bc1u5t0ydlh3w3ql007ftyrl4lq7n5efnrsjp0lldl,3
3JPfDu6EQABBjGLJSJCFWJbNLTXC2r8uok,2
3MkPPudDNo4mHumD2JA1smJJUdT9WX8DLi,2
bc1wnfs4t47rjkq7wfq35eem8tr3xy76yc9uf5lgxz,3
1urwVf6r47kU43u1ZzUALX6WMYkuW,3
1VtP8BdTH3EGbGBZqRpEGoJXL1KP5,2
bc1nqfw9gkvzmd2vaunltl7mdfmxwqt5a0r97dqsre,2
bc1qze3fvsvk39nslzd8a4dn97c267c6v750kpyvke,2
33SaCikvySi47HKFSiXcPPNvJheVg2Dce5,2
32fRmyL1duU2nhzabNkZMrRBd7wTowbHLa,3
3tgBgNb36ZQBr1BVfzs9LdvmX1DEKPXtxX,2
1Gy8ueKyBTGd6o7sp5EhQ5Df13mp,2
17KZYxykrwMSyckrWVYU2Lrv9oCYJ,1
1wNwYL4BhPESshypkJWjuDatJk9MPGMfii,3
3hHqHfcCW9kxVPbK98TuDH1GNsJE47uHUV,1
1Qy6YDogkVUNNBsiJQj2deYmFva7ag,3
bc18hraagkdcvwwcjcw2ez3pxyjxd0e2t0rhn98yg5,2
1Ai7PegHDNokSGQWu6e7e9pKvGNwD,3
bc19f3l3mqujwmmqku2gxu9kny6jt8gh0aa7dmjlc3,1
3WC8LG87wok9wtEXjB6Z96o1re5JpNH3su,2
1XT13yQ98nJvaLcycYz1kGfPkyoJR,1
1iG1djH1m5zN37iD5BKv6sCcWN,2
bc1jkzszvsnujcenvs8hf9nsyza7n58w9ngz8vxg2c,3
bc1hwrc3dl55jfy57t0sng7gxd85eq5fcgjf54uvh7,3
3nq6EPjFw2iGx2K7YaWvPzYkqYyMhcoVUw,3
1y5RFpahkAaMn9JNUyboNfXNavPocu,3
bc1lxd2v7rep2lf3c7mx83en3624462qq6xq7c0k7g,2
1Ki5gPG3w7s2egDDJucjSccoVsKx9p,1
bc1rdx0z46f7dy65cc6dswf6vyd73jpg8e067hw0rp,2
3xwfCidxTFHFhQnuE9NyJjyxHtfHQRstL7,3
bc1rtnerxe4dnwk3v3htaktxe5usz0z78cxs6vn7ch,3
1sVpkJKYCLYg6MJRbpsxmVeKGKK9,2
3W6MFG5CXwLDGXrX9pFurJnSr5zCrHfvjR,2
1PZMdkNnhqbnxeCNoz8zNbRQukkcoUgckC,3
3NR83sQhN9ZEYpL69sJy8pF2BtbL6gCkKd,2
1C66qyDju7Yrr8nS2yax4BVdLY1AX36t,3
3ohBPEYhYYgpSXAtV4f8PZ88h57dVJCysW,2
34j5qRQ75atPjUoHmq1qJqsHu1QkRsW14j,1
bc1ghvdawmpmyt3veu7rfjzkxqus73zxxvrduk0xxz,2
1GVGhXmc6FzzwwhYKXXdijJHYFwi,3
1KtUdG7VYdLUsf3VTn8gpGrtA6MKVWEdQ,1
1TwWHG4hrCKuDMwJtcerCzKeu,1
bc1xndn5d752jtygtls0svg2cythkjehvhf7hns53c,2
3fcw2Xbypz5smQk4NrhireBMWwRMjvDLTo,2
3gXr2LjSdC6i5bYne3666MDN6XcapN8s8h,2
1y2hKvkUc2NVDVuA5rdqjxgPkd7HekHP,3
bc104678lhm8k0r3d9h0tnxevxxtju4ndf7q5ernaw,2
1iFE5pP3xLKfj45UZw8DD6DLVs8rVjdSYE,1
3mjSjqsEMhLqnqQGc2qUntPC4cPHR6729v,2
1XcsupxtcedfKBDDKAK5rfqKwLEbN,2
3JXP15vYjLY4Sdoquv78aFYy8kq9jF7rji,3
1yHRbPcVjDJ3fHeeHhyz6a38nsE,1
bc1r200agnfsg095daplynvx8wfteh9fwwf0utdlaf,3
bc1zwfef6ethz6t0rud0uaq9473uy7f00y6xylmn0z,1
bc12gzadlyerg3q8az2t90t24p65k3smex32mrl0nq,1
18LJJhu3T9TyFndc6ADTCTgFSsDS,2
1Ha1SqgyxNX7a2YKMDxG3dQeZD7egDFf,2
373ZUbG5wdKHMMQ4iHqEYgpvXXmXYC4TB5,1
1Amydf4t9Ynvmqz5Da9TDaLkjG5f,2
1fQWVPhuUE5zdpSaggyXoYHejcLGyb8,3
bc1dgeayk4394ses24tkzpr6rk975y9zt0sl7t3c9a,2
3oMfsRk75nDUKDmKCPRKKZEWoFLs3dJshY,3
3KthPmz3ra8SWXkJVSQ3qqfttw3B4ebTxd,3
1pRS2X8dyd2ihtTaab5aQgQMS,1
1iTxzRVeatVufnP8vbKanxdrjc47zvJzJ,3
bc15v9c50f3my4dazdklfmepat687vwl8nrud5mju0,2
1B5nYpguioToPoGRGFK8hwmFoTab1f,2
bc1vf4stknm8h7t5yzgkpg654lu589js74ljj9yjsa,1
17RqfbZvS6L32cXK6XcK47sbumymTTc,1
bc1ttv0w0n39hpw6ctuug3jgk4u3xq972q5c49epmv,2
1q6gov1nrJQ8tJ1Cxr3Gt4VQtZAALCVz7Z,2
bc1jusshyyt5aw77me7n2de3sue8qg28w8gf3z7du2,2
bc1uakn33527fpenhwkkjnznjewvv2m8txghwkd9vq,2
bc1h8u3u0td9rga7p2ph4hdh4ukstrdkss75rsp0ec,2
1R9cXSiAQ2GXXZYP9jBCJFGMM5i2txfn,2
bc1l57w93zuj26qgc7wxfju3dsc3tlheqd2nrem4uk,3
bc1lpg4x302rkhnvj26w5t3zkk263k4zzgyrxcg9cf,3
bc144yvccdl40zsqsuej685efx4kxa7xuw3y4unlms,1
3qQj7HnmzTAsBtgs6Mt3gkUxy3DW655jsH,2
387vancgSLad8ekd6RmY4AtDyvNttWR7Xq,3
1Ho1asMigJq3oBucHUfdP8LznWGCMjiGBE,2
1ewhAD1Uu8Z4kqCfgkkYk426pU,2
36noX5ZGoQ7J7CwjRsTz9E6PZhprntfGgF,3
1am6NHTPLFwE1aCgmSmnUBp33e9SnaM,2
13MT7Akt2gmmku2H8SAXfuLSB,2
3n8oZYuw9zcZsr3JXogL1CjjjK4hVBEk2h,2
32T6WYccoPGfUcgkY2wn5zo7F8BeyU8VNQ,1
1DaVcAVQXMbcnSh3eF5eCuqVyV1SRAXEb,2
33rhNMx8LLpbQjPdt1pqkYAe4JiEW56aKy,3
1s2q4WvPeLkdKex62XYayUPBMNNk,3
3WafW8DbwRVQXyayggzt2rVsUYDt4BfqeC,2
3EqzBgcBVUtEmmbqs3QJAgDjX1anSv33DF,3
bc1c0xhjs0qwctu43fzpujarcs9jqgnlt95llsr4wy,2
1grHZEyti4vAruaPMEzzz7b7XZmz,1
1CJvsQwdBa1LMaEmGiCf58Njt,2
3VK2i2FDi1ecuUgvi1nGiQyjssfxPQCrYc,1
bc1dueqgytlugrnue52tg8jpnrr8slvz5guqpt498q,2
3jSpnDBUvD6TT4DTJXpxHUdL63YgHkMEdL,2
1ZEDP4f4zcdJHS99dRvBwvasXcchd,2
1sWV9uX5oW3DuxUS1o7mAZn7n5,3
1iEfdCCnjed3dNFSLa6pJw7S8iB8QkV,3
bc1vyldfx6da9666zrqxgcc0ds333xxr3wqftulfr8,1
bc1aexgckdeknyf4r5gclyuu3gnjyzf9fdguwawfur,1
34rfuboeVdgKZ1kCFahtQJ58AFWbSnYtTv,2
1XuUz7cxzcc5jysj3DQpeiUiJgbLg,3
1HkX1Vu2CBQUwGj8eme5LsPXWZrK2mMjS,3
11SsEhHAA7JhnVHFnJ3XXpUeAQzt6Pg,3
1ENoQoaAtWsqTsDRCwhHAx4NwU1nY3hf,1
3wknDDNMTxmagzHAYS88qGvoSYaLKtZqr9,3
bc16f8a9zap9tdcuzxrcv8wsuhwr4qs0evzny3rhue,1
bc1z6plehtwqzs79uw3a3umcu4mn0w0rjl490cxkay,1
3vPFgoYCe5kbxYwxjKWNuMDK1GABuK5Kbp,3
1XEF1uXVnUs77nG3vJtHhwTU4ySN,2
1JEYXvbf24Q6i5H8WLy1XtqmiWxu353qaZ,1
18nQGuq4PbousqpsiKtZcfhs9VH,2
3UxQA4VUdAzWuVFZ2HWYm9G62DhEMjZjZ1,1
bc1wl55wd0kww98uruw646up422uqm9mgs7cufdh97,3
1sWxmwLS9jpZa7xEyrNdPZhFF9,3
3kxQE4ZeYuNeddJzQw4hPuLHWaKqADyZzK,1
bc1pg3dpq4d7qzxr8kt0uv0qq8l5jls62gdydqqf63,2
bc1hat3au5zyy6w8vyjw6ak66rn7hc99jzncyrz495,3
37HEoJDEAcdDNHtQaGiSHGryqnoeSSB978,2
bc14nfwzdnw66zvgkpwa5stnrh5y94x663kehvx6gv,2
1o21grVsNxU49xUBrN3cSx5XJMUm13Jtk,3
1kXUokQHk3am8XEWiY9cmUTvZB8VRg,2
bc17ml4w9eq3xy3xjfqpqqcz0nqzkmcwa2p70nw9yn,2
bc1989hk8g3hwt0z7yqw6w37w4nx9empd3uspgzm0m,2
1F2vZa6FFPaoCpA5u5uyseZtRRvXV3yJT,3
3cs2PW3ABA3XQSTU47coXKgkTBPZV1EV6z,2
1TE3EfFNH2hWg9cr4TbDNyVKd2M6V,2
bc19tsxvyvu76xlfkcc9jqt7pxr60xfw2n22ylypdq,1
1ZoKw9eq7t3jNHL8k1NsW5CnobA,3
3ApiKdDFCAQbEeGdWes9jpfRzThwPWSnrK,2
bc1xnsc637a27x3ykqmlqk6vpekjqz3sqdmc2kglk2,1
1LgMffAH2LzjJXBfVE9AGZ5co4q,2
1fsZPwZ64b6x1nuZiDntVKxuJSxpxob5,3
3KTmdTXVimxQS9de8JDJTaiSEvNo69Km8V,1
bc1gu3zyp465pjeawm8ecavk9tv5kuy9v482vs0w8d,3
3QhHezvce3oZiexoiZCY6f8TBEUa3dcXnD,2
11g6bWdajPBZthZzDq8DnR3S9FUPkhByC,3
3uKHETFknAZTYtc8GCbhH87po52E1MmrEK,1
bc1qcyk5wwaesahyd49ue7k8tl6qpj9vwm0myncteu,2
1XApdUCTdDzv73Zrz29CGR7x8P,2
1DXqSvcFe93mshjik8rezF15yJQxLc,1
bc1wqd99a0lqtvm7zfhd2gxcy04lk5vywc6rs4fx7m,2
35exQhyfRRDrZMDTREBr7Kv6ukG5ykuW3P,3
3jGVzQJ1YzC4Cn3vTbrVeUtmLj3R5QPbcn,3
1bt1nFTqJqCq2UN4JoW3a2nFffD,2
3e5exBmtPJ1kAziH8oQG3sZ9h3GDVUpf1J,3
3twfxfRk9XpugrKAtLzZ2i43pWGgHg9m8J,1
bc1jg52d06sft94xm8jrcfg4rqcjvss5nz7h60gyx7,2
3V8TsGN4qiUGZtCCm3XhW4Ft7FPauZBWUF,3
3aWyCUkc7hJypNatHs4fq8kPh2BExAxBoJ,3
1jMdcFS8UQFUmzRhv3r4BoUjNFjFSadkf,2
1M3bAFd7wPEUXW1rX936iMCiLMm,3
3sws1vqvPenSWNzM5nczv7mAob3KBqbPsU,1
1ZNQnDJp7uQ8sAmJZeQ3D3F7LL4QtNEWu,3
bc1vsh3recatac6p6ukd7csm4mtstullj7hc6ymwsy,2
1PHXXRu67FbuvSy5MYPDDiSsEid,2
bc1k0e4jgfyqdsl4esj966emyhrtvyulgnzjd7ah8x,3
1KQ6XA8XRzWEJWP9QcRf6Vu3cJJ9V,3
3296QAZYXDkTx3cSN49BwRr5pS15cS6Mfh,2
1GPcuqgr5JTG5kEyL4eFTrQkKtbH,3
1b186T1M7oBixH87xTNTELqhZ,2
3kkfWEnzWjtBJHFuyhKbX73qVKfTxBHMu7,2
1ddDsJvBSCMe8kwLpbMtHtyJR3V8gzn,3
bc1seru8crv82ezs7dhmktc28dj4sw9ftll7s0k6zy,2
3cJAzKYKKA4iqHWWo5oR9cZCMR6CpT55Wi,3
3hJQA6sDQ6ELkfWrBVKYZ6t6LBGaLVa8zP,3
3VnGAXvNZrVxnqBRHoiSXrENZHFFZxsLWe,3
bc1ydmsts87ckkg7u9cpqqzdjhdke9reedzce3mp5f,1
bc1cejeee03pxanx0d80rq897fkkw6hj2hw7a3t429,3
1peDT8H24vY9XR5J6wmLM7skm3waKPKf9t,3
36vFHbNLzet8u2W1zdkJTUP8qsNVUeHz6a,2
bc10t5yy3r2ux5qlehury8cg3muxvnj9qtw55q0am6,3
1HDw5VekPd4KxG2nMAM4D4bK5UKTZi,3
3GVwuLqvfjyGgDKEQEUxp87Wkgm3dv5K9J,3
bc13wndchr0zfemht738e0ymq439qrg6uwcvf4p0ut,3
1LdiSsXXSsVcEH7KYeJw79sKxc8qrDSgby,1
1CzSUV9M7s5PDv7mGMtG2v2uHSpsUKpnk,2
1x8s5TxNtZESG1HDmD3CRZWopMd,1
3mBVcXSkkxaVJA3qLiY7oNXF6xyrcaP8fx,1
3ioeg1HRJoD9qt11SmU1P5QMGGxTLPdibP,1
35A5oRiSwN4Zi9RYYeQuxu8iHyr3W4AabV,2
1dPLTjAxe7gMcL2oJYr6u6Ms6YK,3
32awiJKQPBwDgeg2KzzmQu1QMQXAc2HWWi,3
3aV9A1cNUhG1GhudTsFnF4BRjGzR3cLRTM,2
1d7L43KzoQ7ZBt8XvU2gsEeQUGMUhDRQmS,3
1V4A7BcefygqwTHFAaASto3yHKjwtC92,1
bc17emvplwal369sct0m7ekqr2xejmpnaxdra75f9p,2
bc1cre5xu4d0y0atjprzgmgajl7jnp8j9un6n9c4q3,3
1A4GRk3ith9mTFoiEHPhZRiAzdgXUorV,2
1Ec1TYmH577ERK76rmCeb1zFvP2t,1
1iNBGVZ4FiF2azVV44v2pcsqmjsvP,1
bc18wqwca4f8272sewvgysyukpa2x8rdu6zqlytstp,3
bc1upcj26rr75ra2gyxw9t32s05ajayragpr97ezf7,2
15UjgCMcyP2Lw7aKvgbbrExGuPAtY,2
1sSgb6yj4SsAsmsnmocnTAawK,3
3hyRaYcpDsA9u8DDcwrVmr8hvM677jUQoi,2
3cD4yDWyr8P8FYjqELtSzPmme98FF6fASc,2
15fGx3YEAzbi6P3ykUPtHMRwyHNT4,3
1qcqKhH7XuWz1jdZzE1xMdV2SE,2
bc13sukhny6hy6xn5efnx0pxrk9qwpj69wjj4lmth5,1
bc1l9s7mt0eqv9ha0a8vz909taj44n44pcafwf6m4g,3
13tsmazcXZzFEdeVdf2Wcr7GXmmoQwW,2
bc10e925d7khdj8anmdj0drwrulmye9f24u74densf,3
16Z2PtACt9psvYiroLDAyiQGqnhG,3
1BKJuJwpSh8Z4VsC4nWV3nKX4MvwfypiU,2
34L31QTVxWXoHAMkYCFWvfG7pYCthSnQjz,2
188DYJMm1gAkoSULjA7DKgqUS,1
bc1lrh5tyw09az4dx5hk9x9dugmak7kw89nwq5e972,2
3GwBytydottirVnFZzUAMNHW1Nh6YSHeny,2
1FastCuvvz5xt2AXM5qt7htnskj,3
3gTdDMCf19tvr4cNLLp4oq8A1jZfuWVb6F,3
1N4UbSgSeUCMtFeM84XXNdgb5cdWX9Y,1
1ECjnuU1sB3hTAScF59WVCsXoqEy,3
3x1ZRsVtEDhWudD9Y5ASaANoYomn5bbFs1,3
1231QHtZDJbrRdecbz4DfEfRWpF,1
1XRiukJmZLmCz2xTva2w4xEJQmGqTpPcpK,2
bc1qrz5l7mekkepwt8akud0dxltvjsu73yaqd2nt9r,2
1zdbVidQwbqir4VGYnic7SUUwzRupYJCt,2
1hVxLXcevxdVtVZTCD7kSDmeHP1P,3
bc1hmknljppr7cjwx0mdc85aegn80vmcj7htxc9rlz,3
3RkGLbL3WsZyRxb6696qfxWqsViyobVE7Q,2
3ZsG2gGiWawZHYEhAbALoNi6NE3vRgfEc5,3
1GAHkh9NugCKFmgNXNZYmXVGq3d5D,3
3wJdTWpwYpvHLRaLVUKk8iwkbEMkVzSJ2E,2
3Pxo7hhKnCWz5JDiWG7AbKzH9CY3XSxppo,3
3Wp9BXNdX9Z79vGh4yLYq6LapKQfFcGLit,3
bc14czazlcuslafflerujh70veq4yyzgatqp5vdz0a,2
3WHKtLyZXWtmbCGMbY12QvHhKgCdprd7ZK,3
1XXyDxKJDjqniWRRuVUrpWKhf,2
1Vv8JeSoLuMvdtKmB2DgmxfxT,3
1dtGGiFLodYbTUwL2oYCv7AtegKQa,2
1FVtv3asZyjkqvgR89rJoM2DmVt5LCe6q,3
1vHwX1TQ5mmoZoP1whLsfHUngD,3
39ow5ANmstnhAXtqnrBeVDzcsKpHuoa1d4,2
3Bhi3dmZVbaz3xVck1iJFFCEfi7UZ6DjXL,3
3Y7jqkCBrX6nd6oPaZaUBURQDCsrLC3Pn8,1
1XV4Yz8AZgNxBay39dpz8nweUN2JV,2
bc1nzqtltdpxnewf7yh9fl8jh4pgf5yma7mvkzeqc5,3
3VTQmvJgTNKR4njKxuMr3qPZyHfGFhp9kq,3
bc15stpx72vthcd2yrt4ww9ms4qsaeka3g5udkrehp,2
1MkoshJLaYehMdwGg1yCB72wDiU,1
bc1kepvazudln2fvwqz9u040fc3zy6wgq736r63wfh,2
3BupN7wT2zkQjxWKVjvwFgujSVQRUVBPD1,2
bc1mw7ftgra90z5p2vuf5tpzt63eegsj7zyvqkvayn,1
16LHgDK86cf1Mo3ooL4rxziyLpsTAHv,2
1BkbUqkA1H23fFmqqJWjodon8sMipZFJ,3
1yRb61wneNLGCMoiZLxpDpbrroF6HsQC,1
3GMqDxGTfdzhkdEZAGJ667i4MBcFAojQSN,2
bc1x6f4nlgs3ke6yv0s6pkydyqz3syeu87lanpm39m,2
bc19mmlttl50k3fl2j299z075gkc2trx3dzpydvxuy,2
1Tukij9Vgexs7Ej4783BBQxskf,3
3uV4ujgMuCmcv1TwnYm6BMA2u7U4U3KU8Y,1
3B91mryAXX5cp65VS8q5RmLtw6vVdvWBTJ,3
bc1d3lpaj03x9njfmnd229lyr9w7zlwswr6w4u5mdn,3
1angpTEFR6ZVWZTFCWk1vw9aiy,3
1M9L9Rgrp9ZE2oiQuUhfF4TPVcQdUYo,3
1XVAbtp1QH7p7FPkWH4ogLJb5iYgoe,3
3LmX3KQwewnDBxKVaUc9HAoAdTdWKWxJpg,1
1nK7kukHDahZPnWkcJQ3SUffVjPYN,2
3PkRUdGWtMxzrvq7pCHgFVHH2XJoApq5NU,3
1DxqYNNRpXKMZa3NUz2xQjfZKpeL,1
bc1qreek6jp022a49ndw0kkp9denwpavhkxkdp62yf,3
1EPwVGNUJRx3CULwm66xufC6EWPE,2
1NfFj2YEDHvktZ5PfipgiMNFk6vU,3
1DUDzobqd6HtxtPbZd1hgoWC6kcJi6Vh,3
1aodhn8Dj7qdDVvnJNDM9zG4BSGE4JoxWC,2
bc1m0869uxa40pxvj78lcjazylgudrey3hrx46k75m,3
1AeANsKHWDVJCL1WrJtvQmCaeLsL75V,2
bc196hlrwx7nhn2w42egawlcx24ncmmch5dhjtsyfd,2
1Lh7KQebHyhxaprFtTbK4vjnLkpQpyAq1,2
bc1pgvh7ele37r47lmsq938l4ps7e7lsh05zffhpka,3
3wCk4GM7ToGdCYgbzxkUkoirjpMcP9DL5E,1
13zqQJNtYSEkEHprPHVqUktP2zonULf7N7,3
bc1hqm5pjg5295gmqyeg8vtetunwgcd4anl8wukqmt,3
bc1cwckgym9xqgudy9w65wchcrpq9s8hqej255zmug,1
1RXp3VvHr3SRtTtPhP9LVue9h1VRCT5,2
15MYbF37t3i4DKrVi27zzkGDFa3fvo7,3
3ncCYxnxQvPW95oNr8NbScREhFuwEb5To9,2
bc1mnfvqhyamcc6mlh9tjvf4savz3tdjyhx72kag8s,3
12QUAZqy7RLCBjvL2w6eSdkY31nb,2
3xfLqMjTUnmif8PwJSoT5y5DJj2wsqdtFJ,2
18FGwxvYR4ykN2vKWeanBKhw2fi8,3
1J9UvRhC2wzTMTUf4ndmn6MCfb,3
3HqV91uTsVRZ1wEKRa2P9JXgwsVfeGnzMT,2
bc1ytlpnv86ve039v5xztyrxqtvdvqsr2yu979gs4l,2
3pgD7KjnNxhNb5GcaTofE3eYAFbtbV8G1H,3
bc1xvn6e3zkhpez3369petg40dphdduq7nhq8ntmjx,1
1PRrY9hB2JSpF9FMFPhcmSFfVm,3
bc1ye0l3323xdgeda4cmgp9nn4ka9yyt8r5ujc2ldc,2
1hnsxcEFwXz3kFUyNwfWMbnLMT6gkS,2
bc15yy6gjajl74w4nm3x8u72yn55v0dcz45v6cq58k,1
1frVTMgEX1DbRqC3vyK5pqfeqAji4ASwx,3
1MVhpor4EWcSAYWzkgAjsi5UQSub,2
1G8YB9wSACvQmPqMNrJpztaVxGtpeRxB,1
1uBgU3T6BMz6r4bevRe3N3my8ouAkyJ,3
1AV2ArsZPpbuAYcYfN8ZMZtLsQvfi4oMg,3
1bFmShk2xuqesBs3jyQ1xTM4huzBHR3,3
1mydcMKS14CLdJ4gQSangY34KoF6,3
3VKqXLhEsUWrd3eHYu2cNThy47rgKFRqD9,1
bc1f6p5cucq88y92hvm5ctenchh820qvag7xghz2vw,2
166CtNbxSC6ye4ncJ8Nrky7Ya,2
1vBnu9fSzK6s3ThA7n3wmNMRz1EMdm8Y,2
bc19nkhp606t679szp4l5n84waxfs2stwg7mxjuyun,2
1nb26ZAwnQQDEAscNbBPnffwiKqvDdN,3
bc1alqzkrpe0886c0293e383c2ms5mqvlcu6c9drq5,2
1AcEAW8rs7X4z6uhgo6rZHNEVvZK1oU,1
bc1085g00hnajh8cl9flkj48gzc5jlyrvd3xnyrvq6,3
3crdqscS3741y3v4t1ookuEAVs1YdcKitE,1
1USy1S1DMZb6gNSDMt2wG7nc65BnTzt,3
3ALMYZhMsN3gdbn4zkNdWfgfH9HCeMsGdN,3
1kUgFzya4juc5ccesQa17pZXgk,2
3BfCCeygT2f7jEPDWtdJfxMPoPqfejcBt6,3
34M7DUgpDpdb98UiAq5tXocX9NUdMJeH8F,3
3JrHifLUYPtoyfuvymDu1Xd7ujpfeXE1Kp,3
1HVZMfwAuaX46t5e7yudQGSz6R7,2
bc13mg2npgusncgfz66xagef5hg2z4nm7e7lvyetx3,3
1cRR6oMNq8y5i8MZDYSHNShhkT,3
19u6TqKipp3D9tKotVmPF5eyP2wa,2
3cTpBtUFqU32j5QzxFQ4Mm5wdm4FoJZxiE,1
1tZw9tA6hmewVMjUQjvBsB28gUJm,2
1wZ6tZUtSTq4KyTugxtqiyKazN5v,2
1rcveVA53wDMc7K5oYhoVRQqxX8g,1
3KsC7zGjDQsTzAWkwRq8EdiEWwYMgm8QmJ,2
3quUGXgo4pJJTNrwsSbATSoZ15f47Zz8s7,3
186iiWvmVZBhS89GPY6gLj8BA21t8R,3
1pZah6i3JhZcZbEdsatnNMeRL2rsdjkA,2
3n3BDkFR3Jxrj3Pi3GWwM5RE3ej3beBE6i,2
33ougYMeXENXEerCHdvZTA45QKGDV3meGU,3
bc1lg7fhmcawen5yfesye4efcpws76nfwty7pjsm0p,2
3vPYGpcFiUV8cuTBMw7T3M3C5zBFcfFhYJ,1
3C1BZzEvrpvvhuL2uV1Fe3RWdo5p9snJT9,2
1rcTgcxhPc1p7np94hEXxt6rY,3
1xGNUFC6UjF36niha2ZkEc44f3N,1
bc1v46w90c72ft32lm9ehq39f4g5ymesvd09y6lkgw,1
3F1TGMZqGx98bg5EnWQnGTe7RokXWcvHbL,2
3mQtrXmgXPgVDXqs8HoTpaMkTvAtKyhhrc,3
3LHy5E9FPXzG8tcXecb7FH1vGh8RhzEZH1,3
1YTjRVvyMc2x38eM9hb9jorqn,2
1d5L5Gpw6uV5VbW32L989QmVWqJ9R,2
bc14fdpza3tdq0qvj4klwls6txgazk3x3sp9gus7tl,3
bc17wxdw682rylhe8zwp7np8g7yhakdpkxeg9ye7cn,1
bc144aauttx0nf4anjqesyzeq3ufv23qdc3hyjxxa0,2
bc15dur9ypdkgw4g4ul9mk0aqs5mvvvp47u8jeg0md,3
3F38pCTgLCH9FkQZqeaVGZjBdGzcKTasY6,3
bc177nmykl7ngt607t4kqg729e597430hl58u3kg0x,2
39HAyk2KVpvY7ABN9TE7aLR5iiK8oG1WAT,2
1FuYmm2J3TWWbaJdQjVUnUZPrE5QiHEVp,2
3S7eWjkDKH8hAqfng57cKHLbEbmQWuy4H5,2
1eSYAwRwQi3Th4AqTHTcd3DMq,2
18kq9qAePNDMyFBDEgb1pPRma,2
1GVn61ysMf1N8wHf9aBaNMk5igHV8Rq,2
bc1zpe75hvrlz55ljw6yhhhjp5jnmww046nrursz49,2
1ZMMPJdS8gqRMTfsuHmYCHKtagMQRPS,3
1smNTSvLh75pj8AJnmwpZFx3KGnkdnHVvR,2
3ShwrB3MyYd8F4z5mZ9BhmX6z8iGqCFQsb,2
bc1gwvuzukmpq7hklsksawjdmnjvus5mee4ka2fvkc,1
1XfpXUq2avYiieCwnmNUJWFEPYgW12,3
1HHGX5UgvDq3R6bpzLSw5MnCqnW,1
3MA1J2XGAfTshH28qzyeSkZToEPrtfhJSn,1
3cXfkzz8fzxrS2yPTNYeCKivTBvGTS833A,3
3JTc4BWDpKm7HAmRUB1BnpEPD4zu15439J,1
1vLg8byPWswfPUd2QfmFf8Nd2M9Z3z,2
bc173p008zld8cmfer3qpsyjk9tvxcs92rs38nlcxw,3
37QCUyEUxym6dFegrGnuJAAdYB4nDgXk2z,3
1kozWJxQ3YtpnFho74kkyVW6zj9uwaR,1
1Ptb9CpcDUBqeMpagNdAAnzdkiP9,1
3Xz81r6mMd1YBDXAYhR5Ns2XyXtWpFRE1q,2
3XBEcA56r9VLzJ871Z2TSjTaA7ix6nymb5,1
1QexCTLBsG9FicEHcVXrU3YrQCuVZ4JWs,2
33QiEUJSe1ma2ZWscG5b6PiKkEWaGn5zCS,3
1fmz8VXHkG698ds5cCazDhHpU,3
1bPBYkWneZ2QgEQF5DDax6gzX,3
1h56SykBdBMKpurY4ArdudPrrbC,2
3DaaccDmECTafDsgN3xbH9hyHFDU38ZYZc,1
1HkynMiDASdCkgNiku1eZsDoGcq2ngJWf6,2
3nEbdtMt8N55rDUxzMDnB4my8ECUU4QUZp,2
1hWfVG225f1TxxiQSJbBu5BLijsbTj,2
1qah5w5dxxd3wSxDNvVyZPFkpY,2
3gvtzAkabxnwYm8YmWHqC2pzh3kicQMeKL,2
3HbKMZQng5WmVUQkeRPzSDtf1XZAAuMnZC,2
3KLS4s6qngpkeGn8nF4DNtfVqfVkXQsJT2,1
3ZqP97LZBoJeSjnHvw2rwp19hh5PLmbfcB,2
1VYDoUgL5FpvhfiuX4sVSzBvAjnDMRhZj,2
1QUzNCNtSRz8EvK82SxzrojCjCYqeLG,2
3er7oQsTUgug9tVVAtfx8pNfEFyCBs9LMd,3
bc1wyvne4yecuaymswskjpz2klw99v7l0uryplrnfe,3
34h2Rha8aLV9wyCuPpwSr2Ru8sLS4Yjw8b,1
1ZW2QvkbqsG98D6H6Vu2aYn5o,1
1PKRMVkUcveBQ13jLj45R7AY5iy2Mn,1
bc1nqkh9j0ykfggr3dyfram7msmk4rv38pyr38x9cd,3
1rX78u66ZQZKcwZ8KWhvvnfEzFhqePhF,3
1WPeombkSszqx2Grr1zvXWkRXY,3
1TZLFHDFZhA1UeC7cxYvp4RaWE,2
bc1qdc7847x8p3h6z6y60fhzkd7txeqpjdpjv78c8f,3
145odFg2VQ4iJWcwxyyvGGHBxtu2,3
356cjeH8zFa4fjikMNQssCgw63Np4oaVFj,3
bc1hymqsu0ekfxhlztcx633uezlw5twvzg3ktv3ql9,3
17Cisq629qxfKPLPVeEQBBVRSG8,2
3qg7vzCnkfYmLtjKXMxgpmohhGiLcsU6UB,2
bc1cxh07wgdd9htl76tgta38wxg3d37vct742830tt,2
bc18waf8zej23aeha7wgsmukrxcrx2cpksccldfxru,2
39hJKydXhnJcDjcT9fipnmWxvnJCXCETqh,3
1nmv9WWCJgEhwrV7SafmDUp265j18jsF,3
1ot6Z9od7KAjUWpnDizSKRZsvpwPfifcWm,1
3zJhWcjm4nEN4BuHTbZXnB3A3ENLzmFqJ2,2
34cmspBahSqgeDAShRLxyyoRN1pjPLRdNe,3
1fwnnZpqD5fR5WivSnjkxrFdWrXEb,2
3ZSuZiQepjhnfVvaHZL73v1PtAas6ARsQm,1
1XsSwPTLovBB81pHK1Y1oUxogjjD,2
1JnFPQvGsV2wrNipj9NVAJrgVigSAv,3
332zKZ4xLzcp4M1eZ9JXmaGVXq6T4KZ1js,2
16wSsu8WDtXe5mMCPkSaW5c11doFf,2
1JKF9MBgeJMJYurnRDDHL2Ctahx,2
bc1st8andk2v7ru538ntr7uw7klkar0fqj5pkeku4u,3
bc1ys2r7lp74svymycd0rvyha0hz7x8dujn4j0qrxl,2
1S4T562zRCjoMqbwh3CA9BWFt2j3sof,2
1vXF3tMuPFtDfinAVsCTKrb9Uq,1
3VRuAVUpmGPSarH4UK1DrPsC4sUr2bVjqj,2
bc1dcp68eu3z2yk7365hj422qq80rvwtmferk7t4xv,3
3vVAcWKeTDE2BzextHg84LRu4bPuP4ePke,2
1tY5PSd5T8HUnB7JUtxwAa22w746yU9,3
1Ybg67EGpQaC8SN2wKmrNNmxBfR5Ngbv4,1
3NMaGzTC6Q3C9rdEyEh6EH6jy6EJqY8AeQ,2
1t3E7ZkvYAT1Aq8Y4g3bLWvaN3yK2,2
3iTWdUJR4VrNJFU9zwuNCpWZzCbzAWdSnt,2
bc13wvnz993hchfpzkvdjljt3y9xujy4s2husrzw0y,2
1hpiwHBHPkVbiK2eSb92bSB46K2DH14R,2
34aBcS25vB57aUkSzYXRPHnqr6jo3z9she,3
3UzBoQNqQYn5iPRSZwpHgP5tpNULYWZnHn,2
1cFGHwEoWLs8yV1ZVWfmatPLSyHYc,2
1TiLmUJEhkxhb37tQhozFh1aPdmnNm9Xj,2
1Gz4F7JLBmFe6qz9Jvu4hEDFBE,2
3LRESmdHrMYweMXmHBrzJSzVSDMu7zppT9,3
3YQ2LZaRUfKDvkMzg2wgAQVEtZESUCqd5T,2
1cdMXJZRftbrrs5dANnQbQG6XdLzfw19H,3
1YvLXxAUkVuKo5e54FNBXuhu1TFy4TXsB,2
1gVpLq35H1fbU5vwb43DNvA4Ydk7,3
3eaBkgBYs2rfKfCvB4Rkt1yx9rvnwBM56o,3
1eFHuMV1XWCyBpzt8BnX8JFrxrAQe5qP,2
1XPnYmHAcTowoCSJeH72zMMfj,1
bc1pd5jyf0f7q0yjktm9yygcttn6qp2dm0fk6h94at,3
1wk9JFY6czF4zcKyndDbuABMTQCBTKvgbL,2
3pagBD3e3xVhXiiYVKftVXgAyaDWi2p51R,2
bc1yh0mxq6y3yahr24t9880ythvgaruspwzmh9zan3,2
1517Mb1v6cdroHBvDN6krWLPQQvjY73Lw,3
bc1crc0mmh0dr2yn8hrl9df2k5xxma7c65vdy7qhuf,3
1Lvy72eZ3MUAq8nvmvcJVmAnBMT1X2cz,3
39m5t1d4w2xaeWmiSsFMa8MoQ8cZ15pqN6,3
1wZBFz22Q2uHGHqiz2Ui1B1PFCcrrgdwR6,1
1FwCaWJUpWYk7YqkrXFD7iytm3,3
1stFnGrbuBqmMD8fqBZy339684vkY6,1
128TTcaWLyBV436aJ9zgtwMpjuzBvXyE8j,1
3gWrC2XY4FAccByWtDmhhxe8SGLgneQkvx,2
1X8p1Bywtv1BdaVaEAvk7uMHb3RzhP,3
1JsgVJSitgS5Mcpgb8nn7LyLEjG,1
1JRq2UV4FHbEjWwFBVfmjeskYqEhc,1
1gQksDqgyrgrUCMaswkoT6C5KFrArWwX,2
3yaZDCeqUqwHSe4KJfR4zw5zcvG5JKEqaW,2
bc1pclrhfpn22zlvxxe274ef9uze4awpk6qc3hrd3u,3
3r5gHyUEmMeAcLiTBtBG78auKaCxLy5DZ2,2
bc1232nykm7a6ew683zwlgtz9pratvrafvcsuk4jel,3
1WufsxieYp9tjVpqB1WH13hSNELx6Bf,1
bc1jj7gc2w3z6c7pve3svavwzxf8l99px8khh52cm7,2
1mS6JGzbANuHDSAbvD2eaQN747yhWqckf,2
3cxegXQEcW8UVYxHnyPoRpQYMfkaJDpzen,1
34CjD61VqxpGdbWirYN8V2npZwQZ4wnN4i,3
3BXdk7FhqSdyVPLYvtA8miuWgdodyssAq5,3
1wkgX6qeefMyEQuxZr2XcrR6rXs,2
14WQMfBhrMmZLFomo6Xd9mBVi5pY,3
1S5d2LJ9MziMUfAHZeiDqwK2wc2p1By7aP,3
bc1xsxl48l3made0hnqd63y0ux7whwuyn70gprlf7y,2
1p6GNqZgYywN5Wd4TeXRWQshHjJzqQH,3
bc1h5cpn5y37ctsalmd26rxs9hyjeftteuet32q4zc,3
1aATrGHseYuLDose24YYMwLFtpji2M,1
3rty5mtciWKysf8voSUYizy6Gm6sf1AXsk,2
1s6Qjv3DoCscSFsoXtbStUpgMN,3
1toT1fx9csCpRUpSPVrqzdBJZ,3
bc167w3v4er8jp5g687axkd49335jx28f83vynv6vg,1
1C39FkMToSBgMya5vc7FtDX8rv2hMX,3
19ptZ5NWkpxNkEzXyqcZMEqWMxt,1
3GSSquruoGcnXSmDgpkFwphrFDyB3KuQ7m,3
3GhMW7tAMmUw15f2CzH5PoTHYEegtGEE8L,3
39DizyMA4DHNp5v42roHc1HHiTqLUBaknz,2
1nMo31SxthLooV8iQPU1CtHNfxHtHtbaT,2
1mzJ4sEBJL4MzufRjqQdhsqW8ffJfC3N,3
1fQoe3qSN442tAdGbaaYwLC95PtgFxFequ,2
1qW7NQCrM45xF62vkXEquJ1jDLdhvjB,1
bc15u98rrr3ws6qp8kvevcpkxt60ayuague84ly5j2,3
1PRhW741aVW5UWfMqq8MFbzidHcb8Y4R,1
1eUjKU6ZDERUingoTEB4QS9jkYtbN,3
33uXdx8MD2MhtrzfyJgwBpZ8swHcUxqYVN,1
3xvDdxAnQsuNM9toDCj6us3ugpAe71p3HJ,2
1eMTFZjpct8BmM9KJvRNv8etZSrJpyC,3
31SzUDjPEquLr6xuKxmFHaVMkRj8oNDrSN,2
19ZfgTYAMEXLH8xu31Kq29S9BjY,3
3MwFmqtsVpUqBHVPVZRnKPNUT1LuZceBuE,1
1KNLRdNTnJbaYL4hxUQGGUWJL,3
1u7X6mWb2ARXrbpnRUjuNigMdctWYWX9,2
1h2fAhgfRA9B74CoJpe1R1xNS,3
3fn2jVVt763hPzjTFmpMJjwTUUApMGTC1c,1
1uFk5M5xaMXoxdPshuu8s4EYrU6Karc3m,1
bc18xrd9rjf68c9feqcf76nhwl3cx7028jeukhyyfm,2
1n3e6hJSTNgFukpwSKhd8tZ3ogSVAsa,2
bc1r4h240nuuq9r5a6n4vxl2r7j8tsvnf7rwwnt02q,2
1kE6Cbt3oEVoqQxUc7PsWmdyZTm1k,1
365SSR436MUp2aLrW7sK3ctRCWJeisqppZ,2
bc1qs9apzkhrlck04y8v0jtyftjsv7lmhfn3gw2kwl,1
1XknwGUzG7KZTuynHaZWw1yCh,2
3FEu3cqUNTwX8q24ycxfJ7BYsZ9ChRPxLP,3
bc174y6jr20drn7cnafyrel7demr83rxq2ka3dtru8,3
1mc3j7K2nBGXoZ8sw1serN4HA,1
3Lj3jhm448QKLVeZV8TSoeQcqhRwqzT2JP,3
3HbcCP1nh2yRKetdtHSchBjaRQsJrSvuiL,2
1pDD2GxAQPauXTrxpker96LAFc,1
1f7akybvBQJtYGtdMhiikx78tkfUC,2
1oopJiU6zHyem2XBLQefEgMhyE4v,2
bc1568xyx6mf535zj4hmee2jex9yt8gzacu3pgcj09,1
bc1d866mqel09s9k3y32gvdx2l59qk407l9qdqsh82,1
3eKGTdh4XDeXy1obRhJsEjmuBxdpvKY8hX,3
1iwyKQd9PmgQzhAjuVGhRfgY1X7boc,2
1ZAxBYhWZUh39LSu6poW7op1z138zcE9Z,2
3vpquuTu4rhewfHPparXmvJiJW4MniWdVM,2
bc1llc29rt5r4chn55z095l4n60eqqs7dhpcedwh4k,1
1U1gG3NRQUfhgJZTVjqGuJJcxrM,3
1dr6pBLCUN7Brr6dWLoCHkFRRDxaNzcF,2
1Xib4FNqtZH4RbU6fnYe14nV3J3pcR,2
bc1tmvrg4lztwt3z05tzsz8edsm6u9250ml5edxmza,2
1FQdL6fSy2LfhUyLbCAuku5zY2hrU9YA,3
bc1qxv7xr669ckq4hp85llcwh9whcvxmhq6ws9carw,2
3DziQUEQEPauBxytenFj3metFgdEWBYngW,2
1hNn6mfB2jE6MCarXc6sc4w2isyQGe,1
3ArTcBaKAZUHHbxRKTvVUyzGEUVmbtcvSN,1
354qpFxUnXNbAYrNrviYq932kHr69BpqPX,2
12ho8CLVfPC1rJykqM9249HHs24JgBHrqq,2
bc1ld05cm9hz08856a5xrp26w3ja4vp8vtne9nct3r,3
3TghBo149huzr6ggtBK1E6CVyXkVtYPpQp,1
1disc5ngnAW88ycRtTDchdNtTe3d6BV,2
3sCfeKpMMkxrCwXZo6FgBRT2766SN5g2YG,2
1xoMnLhKpiWnnhckboQqRtVnCcteoN,3
bc1awva8qd4ugedzt3c6vfyqp9se3p200a8c9rhv33,1
bc1r0en0xgf8f8gaq4tuh73ccchsqw3jj4dky4dls6,2
1rL39pt3sLBsPibrDHWsa7j21v,1
1uQsXRsjCJeMmFjSXa9aD1udXBxJC,2
3aVYXADyVBVmvRnQrF1Vop9hfPGuDesTgf,1
3iR1MiRiDiRKEaAJghjgpMLBsQRHkSh99F,2
1wJnu8WNB7LKmNBS6W4rv84TGT3,3
bc1078nr7ea4cjef9l040u8q94lvrzuk62m352e9ex,2
3RZ6d5arUwyz8EbgdVGMzDzL3iB2t82wHy,3
1FrEp5Qf4HSfBvJ1hGuM2TUVS8XsE9cUqD,1
1Ys714G7x2nJ8RydFXyW3cYxS5B8uaF,2
1o9HVnKJyYu7TGgTSpmTntaVWVjWY,3
1sWVidzTwao1HNrczLtCuQayX,1
1K2EvUx6T9SMAYXshUUFVkSGvmn,2
3L3Nmdm2MG4kLdk2Tu5wFLnBweHdUHbUXM,2
bc1patwkvt2estpekcwerrk45q4wg5npa6uuael6z4,2
3PtCfgyMEGg3bTB4sS2ZHw2mYt4958pBsR,3
1zsBMYifPxbBemfgC79a4Z9xd,3
33VcYBfwhGpzasNU6Xd1VSoYG8GmQKM8FN,3
3TbUdHYyEpHGXAWmxya298g2bhGEYPVYx3,2
3QJmqBFtYjYz7gPtXMzLzMyAYZG98mHXh5,3
1e1W5NpvoASKzGkLd8LSWUD6P479mN3iou,3
37Rddsjt3h4TXPtMuX3Ak7fCwsjjV7sDrY,3
3W7HAJB8PZW79y1MeZoQ3QN8jJm7pc78w1,1
3QHqf9gJsb6usw4HDjGSdKmQbiRaPKUxrQ,3
1ncQj5nwnfDeQ4dEY7HgLm1fcaJrnR,3
bc129gl78txxwdmyu8ekkc4m8hr97x5jnt7weg3ce8,3
3q3cpBEdrJcwoRe4ukC39g2x3rrUJTf6jG,2
bc12t002kce44zfzx9ahkraxn25p9zrexv9zh6puj4,3
3ukGsrSrbcBsDSb3oFrmgnetymmCpM22fr,1
1LM3y8UQXSyUNPvzwcxQJSH1P3Yh9Wcum,2
1SX6bHka6qsf8T4gviq4Xb6NTBXjM,3
1kT9Wr8U4pjmaPrxTkxdHQc4Tk4i,2
3C8Trx34Up4ZcYZiUPvQM14FrEKHRhvZy1,3
1zHzjudbhhRcK4Vjro9Q3UeNR,2
3f7B5RJ1c2GEh8K6cyuNcCsHBn9dWUfno7,3
16ZxrTiZ6edXAhqLawWMFQhtNoTdLXAvK,2
1YK1q4tLE3brjktshU1N5zj1Yd2Dh,1
1qpXuzegLFFVT6SFPNP32ZiEUMedmhhEb,1
bc1d9tuhdgpr6c0559mv8cvy5vwfw5m27r3cheydcr,2
bc1mgvp042gqc9sk4sdcvrxgq0zafdpus8p48fluvs,3
1YvqWtZde8r3RF3PznjutoJS7Nu69,2
1PXvejoWbfRWoTwynR2oABkkca1mUTk2r7,2
1QZDjGjHaaEBXCxTAcmYRgv2jTRK,2
3FdCbZYXKHSTFhcKFusbQJTcaB8F27PUyo,2
1mkmLdiKBjLmfwLSAnVHqta8H1fuDme4,2
1WLFjJqSwwrBeWQ1bmhCR3NE7hc8c7go,2
bc13el3zc6nemyer0c49ruwt7wwhu44603amnxx9ly,1
39dEdQrKkrj6syfxrpQUugrjB5K6xY1Bpj,3
bc1qhm9mlmk4trmfhnl97al8rkgcv4thsg4v7qfts4,3
3VoPtRZPCkabwpv1cwR7VEa2Eo25745J6F,2
3VrwNQ3oH6JHjZM9wLfv24Sei26B9eDg5F,2
bc1d9acppexqq5tvedxcmwdnvwql5xdf9etl9k3tpm,2
1EzCiHSZw47wrpymzuQ8ZyY2L2DKnsuaAG,1
3CKe7W2cZzmxb4cPUpbJJLhCMWZMyEwpSq,1
1eNKquaygj1CPZ66EfUUUJBmGyEyTGrFhw,1
3PvXak54hGFtYBuvcd3jhQKvcLc6rT5Xsc,2
1spqD66Bqiga4LSrjsry1HYnfaW1Wo,2
3umPUQ8NyQKNjFdPF7kcfwiMBwRGQ6apVV,2
bc1tuj950tsrza6vu77mpqqc7huyh79p2vq0273943,3
1Qu2Tbu2VQespAGcj2uFrSPfDcm,1
3XRQ7FwkHq79FbwjPzQLaQbjTBtgKTqK4b,1
bc127e7pxpy472vzje3kxm9vxetlptz8s5vz7auyxd,2
3JwbWDZ13ANUGfqoM4peE2doLPmuXBsVYy,2
1kptK7QXdE757tZesjCjxf1xA,2
3xq4bNQsTtJsvJhR6gykLbM19itzxQexsa,1
3LDuhJxdGRFiusyJa3P1wXCjrsiR8SaLdQ,2
19SYwEc4Ye6M4mN8LKKmPB4PXfsvAHPob,3
1Z6cJemm1Qge1qRVYGfCSr9bef,2
bc1jzjhdhz4y2sdl8cpfvv7h6mxlkqnhthkuuhsvha,2
1uL5KNhxRV3znMHbCEGZuZYEff1qwvncP,2
1Kn4HqpXhWAHy6A9oqDLYfSrk4bMb,3
bc190knrmmg0hugps80p8mycxjr4m0r2g3dlmu0jn6,2
1SnkHWofjD1ydasjZAtmeWR21m,3
1zYmpNtf4gM8Airajbmdb3kQnw2X,1
bc1q90tqwv0xvfxvlhzpdfnf5hvhtcl5p080fnv279,3
1y5vmXf2MyQyJ85VyR2CRqVp25dSgR8D,2
bc1glguqm3s6yhaqgapyna29pxuz64zntnlgq9lerw,2
3jK3JoSw6RrkfWfK7U7QbdwLNhTNP7SUeB,1
bc1fe6eu3hr34waqcxry96esrd3pmzvysk09qnk7l6,3
1BJkk8dgSFQSGprpB543ndVWY,3
1p2U7BhsDSZtz78DJYKiDFC7w7AE,3
1XTGVzurX14TuXzoXgjhw24Kx6R8sa,3
bc19l4u9zghkhqg5rmap86tfwlyy96vcess5d7rajd,1
1MBeLjJh6vsMm7zwUAT5YYUMDrgn,3
1LD1i1REMfs2LkK2oYiYe6ung8gr,3
1ZJnCumUkVUM78dJMdV2L5Gaf,3
3BCppp5iFByfVpa5b6uBeNyWqghrTxkN64,2
3vqWqGj164Dce3bZzpeaWg1bPm92i7Gv1x,3
bc1gq5jxk5netfrh7xw38wn05es6dugm4324r4plqf,3
1TdvwUkTG5hgoij72B8GFK2tqCos,1
1qM7uhSiRvxpviFwRjDTLFRFbaL,1
bc14szlcw0hp3qhl03wk63se3zelgjsu5ff0y4mnh3,3
3Crv5CCnz19TzCxk4W24n3hgeXGLHep61g,2
3YpTCSAUVFMbRPQyB9FUWGyyoDyudYBDhC,2
bc1df48yy7k96mt2dhmvqr76f8wutn085tk6gah3mx,2
18YW1EAfj8o2bmXGK5wLsn8TaWY1,3
bc1tnjl8uys5pkc2u8rzg0cvqqrcycdmudhm3ghvy8,3
3VUuoaBP6DrUhxNbju6FcBjXcQWjqGjYbc,2
18v4kx6TsWg7NvL5pQ61c5VLTZ3b,3
1vJznXX2WBFmKVAb9mX1eFW2FMKxy,1
3do39oN1NBKTWNQBTuEa7ogJVHgGBCx2At,2
1UAjThmw3bi2eSZUdDe397RvBo,1
1493XZWf8gt9rHw3VkkrcwrgLsDqE,2
1iGBUzdXznXvYigWwDPtVVWFbn3z,3
19BmEJaP2MRiv4s7iDy6VKZy3UP8QtwoyY,3
1BfAgvymgQ2NC254CsWFbbE9H,2
1UCuLYuc3drr8yU3DHkqCvQyn,2
3TJuDP6SDtJ35srgQfz3SKUtb3BWBKL8Bf,3
bc1uwyt3v4pdd3ex0l8ezcftrn9t8zuedhuxwr5sfs,1
1HrzkBDfaoaeZUWuHAqEyiwkEJEj6W,2
17y7Fn6sJLaJd8gMhJ3mpqY3Nf,3
1yy5kAvGffrtmD4ESJxcy5nMyAoWTj,3
1Q5WGKmn1ifoKLezR6J7HQbHKom6bup,3
358WGgNipCiobP1SyxmptzNkJZLjPpwfZ7,3
1BDk9GAgEnRY7dtDu8qM8rFZKujbNaEx4,1
3AQe7uY1YxezwTs6wP1xJ6ALK3cqA5pqj6,2
1cU4gZkhMr6d5mqBR57grLL1hYgBmje,3
1Ujte6BPmfUQEGZMJx3ovSoujkHZQtpaF,3
bc1fzzafvtaxkl56us7dvhkv9dall20mu0lujuqlnn,2
bc1cktaxycun59tj3zqpq5ewv6vwkvh48n78zlgtgn,1
1UiquU1NtRydmisW3BLsExcNtmAL3QhQa,1
bc1ltucskfj2790y0sgt6s8gz74j4pa0wlwwkwcdrm,1
1fCLwzybvYPd8rBNrJrriWuRF,2
1kLLik1eQtuD2meZFpPYEBdX4zVf5Vf7H,2
1nytw2oEE6z9b58LjKzps5AtsQvca7L,2
3Kx3g7FbzjUSY78eVRPi3Kh7qdv1rpan1x,3
3F7qfj1yNDRxbpT7hTWjqxiDuaBZPk2vK4,2
15oiRxUjTTas1dnfCVqwYchKmJEvaJAZ,3
3asVvdweRGucvHN6TGWBgnkwb59RJm6Xrw,3
1wEdrhKYepqKyPv6FAsQTnqbDaW81,2
3fcrkGNJuJ7TV29pEuhE3BDWyTbjNaVjTy,3
bc1rzf6auzelcgl0tneag9gemtrw2kpn5zt74u5hj4,2
bc17ytc40x7dky0e2w0fm93adpld4sw6zqevv47q97,2
13M7jC6d9GoAvAGvbUvKZGoMh1u,2
15BFXVaCRVS2kQ3udcWdnM4GXeCc,1
1ivznU1LyRjNSvQbf921wibARyC,3
bc1fg5d8lzmdymmqr3hptp5qdu9wc0vchezjfsmh6f,3
1A96xagJqN2xemHBZ652JvmBH5XTpFxiU,2
1gUokAz9YfsQ6FmwUS9JfFec1CdwNqJQ,2
3cBmu1t9K7fMpHNrRKHJ6pEosYLQ2eggHu,3
bc1a3l8cgz60d0xc0nnj62tk256vxyufp8pxmldyea,2
bc1q923yz29pqzttcdfcfffahdpgl924rq3784hv32,3
1GaggAc66uijB1SMteVwocbUZkQPHRHGe,3
3XayWKQBnHsg9H25YCj49U7gUSi4q2u4WB,3
bc15cp7v7fk5ze2aan26wq8zmzqzj0j8ftk0vxcs37,2
bc1hf7c8nkg5p2rmmja6cjhv4f7x60r75z2qk7tmqf,3
1Dt9cS5Ntc91kMhRJP8LAAHmUMhU5U,2
3sfYyTtSBo3dUcPV5g4ZoWsFjaDorTyJXP,2
1BWesvMYnf2DvpT2idLbSBP5Xn6bZetvs,3
3yLtGPx9orxw97tjHtvYQg9FD991GepyQd,2
1ffX7xJNGQmobvxxNE94RUpXN9p,2
3G8iT6jehT1dXhnNvsfb5LRZrZjTehgrRe,2
1PVcdjzeDnn92cNf1B6Eone533ms4,2
1RUqiT4DVvRFhK7mJ2nX9pVa7DfuQtEQ,2
34WsCtA4WqjVmXx58A5s77EVtZqZjXGyv6,2
bc1qvenghvsc7lt6k5euef4qjj0tr75na4sa2wdw89,3
bc1wvtguhes7gcmtyglr03yjpx0cwnwp0y27cj3xyx,1
bc16tep8tsp7fj8ekpuz068v4zgynjs520tywnf6xw,3
18Gej152LdqVt57gPHzbrCQsv3iGWm,3
3fZqytJRTxC1LT6SCbpUaEWr6KniFuXz7t,3
bc13jjhx3jrqm5zdyn7s8cr6qqa3dx6uh4286ccyz5,2
bc13mcj3jja883flnq8xrlghestwrl34r0eae35unp,1
3LnKDQvDhQ9YpQhcLbYj2YFUnS8vhkoeUW,1
bc19zvnlrdegq4ssgx756w38kykyq8s05krxef3msl,2
1smfRjy7CtWTNy6FYpMs9zwkHShN,2
1R1WK1SoMKdZdN7dTrphQ7deQEoesNAmk,2
bc167wavft02ucc4eqzzd8rwgw5qvxhvsvra99lmw3,2
39ubDYZ6xTZCZr5qg5WgFQhFG4QpN6omQZ,1
1d2Yy5KnbAr3rkzH7u1Jy5vS2MHBT8Py,3
1sPGiQPB4JAihJedDGqFPCSKkeMrjoJ9,2
3zpu2rTJRfyyXn78sViAuGBQFy1TQfKS65,3
3U3nEky1876PqWg3Lxy8uBKJGmhAZY6NRs,2
1hU4JMbquiyC9ZKJwXtXhGNJZRrJ,3
3GEp2QSQpwopC1eAir8NhzQGpo1qQyxR9g,2
36RktpYhRsSbd4ZENisu31rtLfmQBJNX1T,2
3o6GREuwR4AjzLdajAosVkDYoUonNJo2dR,2
3jNcTHpWggDs1TwxXRvUcXhLCA9ueiyVy6,2
3M2cnLj1a5DxpTmkAVhF8tEQoMRki9jxtK,2
bc1dh66mvty9ex3pc4njks3xk7ldv2y73c5wuv5456,1
1S5sqh8tQ4js9uH98igtS4H15X6nYokSyh,3
bc1r0qh04mafsk3tmmmukhp6tclw3exvt2ck6lr70j,1
1EhHK8HTCcnnByY968kCkN1YiCZDXL4Gte,2
1jZwGkKu38c83Kp3tvrQ81eLUA7Kx9,3
3f3X4AoTcGrZ7iFGmk6GbsNgZG2fQ5bTYr,2
bc1g44tmv5gh3e08vt2szpxatmp5yfnrzu5pmjyg62,2
1HS95tuuzqwpsKsMC2QG5ajxKRWcSfEoWp,3
1EKsCK8TTPmbLJLUsDmyzXb7iw9kzyqWQe,2
1kgDfjdT1Nr1GNTyR515G4LTKW5,3
3eTHyZ9oqqFesnahqHFV8fnTsjSrA5kMD3,3
bc1xd357xr7p7ck6ph0h39qyuym3ca28cj2rdc2rne,2
3KjUADvo1NKYUud2m7Wgp6KTqJQWjhwmFs,3
3sWbxxkpv1bXKrPmfzXukWLtrNJ8awfmdG,2
3UEABEdUVWjLGhLcQFsSB9W6vB9ZS61G4S,2
1zUuDcL4224xuUSNzovSZaqPMAgscBK,2
3z84F6W9oSmBNpfXFBfYCLTypvhSojvyRp,3
12gxbLqxX51RBVDSuFE6H5fAFcQ6UXP3G,3
339mPvRrhxQx7LwNUTaeCR84GwTJmFZyGJ,3
15gLggoJEcYMBtpQwuDZjAbFyL5PxC,1
31zWU6f6xxgCCche3ZMEpbVZqDGfbQdkas,2
1QjhaQySteV9owMQt2p2agSzXeS6qb9Q,1
1xwyNCDuVADCrFtUVgWsEyqdxyiGR9K7,2
3mR9fuhHW8kFNDcXMCK6J3PuyEGTDTCm6s,2
bc12meehvta05j5w9lppz843f7w9q5sxytjehtfvj4,1
32xvde1181pLEwJc3R3icoBEoQRVdRtZ49,1
bc1n6l4udhyr6up6pqs3u7gcgzunkxf93kcphks9ke,2
3VyACeiTaDPyKur9L8UpkXeB6mftGxvV6Q,2
3UHKiTbtKe54i9GxCjPMGbL7fQwY5hyvV2,3
1nLDun2FTCTjZXvygU5P1q7TLJ3b5S,3
1MbXrhyqpmWZA1wRB7UozKzzBwdLSD1K,2
1YEp4mUyQj7LqUYpQQGK6r3KG2W,2
3sGUKTiobrhu8p7JL1aeVMtqtdV2CrKsnk,3
1YagVBzqwCMFGaksZmpqM2zztAD1u613h,1
1hDVXMz2rhEzgYrWytcEn4iqoN3C,2
1LTDPKYop8UPgTCtH1aED8C1Vot,1
bc1h4a356jca732utnkqkjeks42qqcrphatf2uc34c,3
3jUSZ8q812Q6mbHuFmZsbP5GC2VS8kZD9Z,2
bc1nnmzmkaj6plyw52ac84mc6hdrl8g7hpsqne540f,2
3htgrXb76QkEWtK68pfpZ4mfynGC6PHoo8,3
3JqW8SXun6tpkfHhDT1sDzzrAqjLEyJ2ea,3
3zgFetzh6xQFybA6q6qfi22ko4XMD82ay7,2
1ekw2MYua1PnJVNP3CKDFT9JN,3
3gTqwWfMVZuGBNrhajQp7mn3gaXoz1JTFc,2
16kGuSuB6QhAwuD41zssZcTk79g,1
1PxHTeEbgFgPMRgrDjYzwDRQP4HCh9q3,2
12xv59jtwLNUWgdws7U94obPNdXTw,2
3mM85Nt9wuNcX9YwYn3QusDUdbrRWDqsWq,1
11neTxXmivapu2h4rPr98C3TvRZfDs,2
1FnZZug55hNvicZf1GbZ5CChyQq5TnhiHB,1
1EutJsUTXCiHzcn6WESe6C9RXYj3ML,1
3G6umWXCuz31yMCVMtSc4K5U5oDy3BaBeF,1
34X4BLC7aN5uHDqey4DsBzqfgEHp1S6B2b,1
1pgYofuHijFzp5et4EQgsqN9catVXN,2
1bZj5GeQCNDv1mqr9RiAKp178W,1
3LjNxiajwG2GGMdtj1FRnnGkbqQayWpVZU,2
1ECprf3E2Cntb62WtZwY7F72ZkX,3
bc10xkfhwn0mzxvkkw863el0rc239zldeg9jg3ew3h,3
3R7J8kM4r6HJ4R5Jn35LZ56C1Bqe9BRCwW,2
1oHF8qyWFoLxiu9BKiMePEyRBUVLp4v9,2
1nHubjm74WjiSswCYHcwZGe9G3sPbgKx4f,2
31qLX8v9Zv7iajZJuYKoKPjSkxQQP5SL6B,1
1UT2dwCc4ZfUQNd89iXDXNj3i7,2
1vLVbjAFkHz4nADWRq2P9SLP4kp,3
bc1e3gjhffdge9nhte6s09rz28gpcgwyw6dhun2ts2,3
14tRMyhZUmvDujT6ho4fB9oSe,2
1VRPnw9zZE4S14vxC4JBRMqAXoG,2
bc1sjga4s6sy2gw24cdxz6fc2zmwe9lwzte7wkjfvk,1
393WfnsyQDyhxWq7eg6dn9ev8rSEdRsFYJ,2
3rNCeWkdjSYspvASgRm5G78w6TfdHtdbKk,2
1Mxwnm4b58xZCMtWJ5FCJyRKT,3
bc1f4l8ychs9dhadgq5ggyjyp8zusu4na5q62ysagn,2
3JKquLP397t6er78sXmQDYxkurLzC232tK,3
1pjSZhTK3kY4Ujic4ZTXNnB1NbN,2
1odCZQqbDxtVhmaEVbaANjz41LUDAituve,2
3QBJq5ABj4yZTvysy5yJur1N5HyLzfakYf,2
111L7p3CMLcikewNtgHPUqi4Bh4,3
3znK3mng15mjXEWFYxrBsbWq9tkp9jXNrn,3
3R3fYfEPcu4orFvoXokZDkSyPFmcdtefeV,2
1WgHWM9BD87my3VnYDpogVDnH,3
1QoiaNzADuVt3BZbuLhPqA2TYCukkS,2
3nXByn1G3Gmza4pnQTWMZFxBqiKQj2K83m,2
1cimY918Lqcv8AtRQ4eAqaXW1FrtA6StdL,2
bc1q02em5wysvpgp6knsl48jc24hvfv5we753jyjxq,3
1j82HZfdfJDNVsjnhiUi3UY8cPAkfPvGT,2
bc10ev76ha9h5n2c2jrpwfn8fhq89dy7g6cl56cu9d,1
1NqFjhiwgWCCJQbKDANeZ7sjni5iFtH4,2
13P1FSPZMsimFbnPjLpaWwoCrkz6,1
1JbG3RhKKMHGoy6DnmYTt4HYuKZPUn1KgD,1
1DWgDRH7grcYDKBSnrvVoTDp1Ctcv,3
bc1wy9sejd8ndvwu9ucq3a74mwwjswty8khtw9nxsa,2
1WA8Wy5sQq9mvmZFEb6FxQrfDubu,2
1AMoACmNTwT5VGLxG2yKzFRi8mQccH4Uv8,1
32rGgouzQYe3wj3RmeQPbTWb9QV4esRbpg,3
1iRBRsHgFJqRJQFEUwkzvV9xG8Ka3psY4B,1
bc1cxc334epvxy746axsn6dyka9ej4s8jx7cnmelyr,3
1YKKnk3hXaaYL7mqff7gtmPP6Q7DBsQmg3,3
3cDuieTALeVXm44LjAqirxfPKzCg4oZ6eU,2
3sCn94igsFWbaCNCYa8eHnxXZGXV1jR6aP,2
1ZEHFQBykzYZn7buKe8PLRpGmL,1
3CEvjRBAonypffg7wNVqRWswpjpVcjcSU8,2
17wqxjLmWjZiAGDgzVpbbs8pQJb,3
1U2t5p14eEhYBfz6JJWRXwaHsY,2
1HE9Nip3oF7Wp6h1mTdfXWARviyUnyk8G,1
1VG3twdPegGULo3xPwzuuhwXa53eNXe,1
3XNqSwKQ6tUjoeRP5M25MoWCb1QdoPK4N6,3
bc15v25zg9wzgfvh765yf2g4ups5u9u05u95t8vgg7,3
bc1zjc3a0krxxxvvxepd6un3uzr2fcsklvleutxvhc,3
1EA9AaYmmKm7BEVLScamqCcsY9H,3
1t7ARig37UvqmqYnaUiAVKK53,3
1ebS9PraaV5kcer8EPYqNUHhvZRBM,2
bc1hn6ure5cnuug5vcy954sajgj86dmphvpja7vlq5,3
3eXx8oXFiWTtsqzWNGkbxRFPU1ehaB9iMa,3
14a55exbMv6cZWWBgZmLaN1MAjxM2GH,2
3TiiLY2hhkhPSQNad6XU6ZDNfSRr4odtax,2
1ts6pwJ6LniinBEJ4rT37KzhM,3
1TCPcD2YRrnaL81tbbr17hdtyzSM,2
1cFz2fsTVMe4mgYGmD1ECtso6yXiwbo,2
1fAJTfzV3ADc4jmqLwJ5GyMvwKKWG3dK7,1
1u33d77zHx2GKn4aWDC2bUjmXw3UKQiog2,2
bc1vvxnpyytezrkl3hzqrl2fmnqlrrzmskemrzhwd2,2
bc1kgy48yulypcxmg7h0a6dajr26tj6u0zgkdysef6,3
bc10n7esj9eklhscahncyzx0v2wuhppe92yqegxw0d,3
1vSCj9d7V2EB9h9qVsXGqwY1p4WGD,2
bc1j7wechejru84pc0twxpmt9fyclsml8f0ud6zyme,3
1oQ4CqHXgDvmdyUZPvRUpz1esh,1
39uJF5XgMNYqqDMs2MduFLH6BekhQFeL3s,2
bc16r9mexdk5nuuv06p454gfeshmsru00dnces7fwp,3
bc1mh0dpvvkejgn6lfk73l6d3ugsks3zu74qq03ze5,1
1FWfUEPvxZsxkor23eFiVK7nJQK,1
1DNZ9jgdxqv4gXQz3hgaafMA8k,1
16vMJ4yfiEwEGncFBX6ZkYiH6YXb1BQ8,2
3zSUb1CMNDwYy8fCJoeDu3CTE1YrRyhdXK,2
bc1qmwfftzzc5hf88q99zf6lejxlksj89hn3epwnzh,1
3yvAnS5byVjfwYZ3NpkmnnfyQLkspeHMh7,3
3Y18MXLJ9fzuNbA9njFBsd8yg69z7MAACZ,2
3mxWd5fWSxRCK6iTU3N1jTZUHTGKf83N44,1
1jaEK67C2oy8uY2t6223xfUHKXqthff,2
1V1tzkPRC9v3vSgjY7cZcsB4z,3
bc1k6lteja49navedje73lzhl6azydn659aznn6r0f,2
3ydSiViJVaUmfrx5o6QyqR5Ybboe6ADEov,1
3ysxHJGUqinDRt6rLu3rcCXcSC1eQgiMu7,2
3pRVg61Wvsy3AvDsuMu8F4sxbd4LrmeX2V,3
3PhEcEGp9HCVxVMNveRM17dqYT5Vh7Z4YT,3
1pjxAECrhDu1YGVb1g9G87i3vF7Ur4r,2
bc1t6t0fc3kcd3av8hv46stltr74hw392t4ac8c0q9,3
37biXwKbWdMNV6wjCsT5vXqcJsqhVYggsk,2
1EMRDd9BkW5v1AfmDhhuARSmFcc,1
bc1s7htz4t0czyfhw3vcjchsjkr0vjeveplfj9n99d,3
1vDJ2cK4wZuQkA85fnggWMFnaV2,2
3vF21vgyAa9ouaMi65Ps8Tah6ouBQ1WGGv,1
157LJZEw2gJVopo6QhcFZLFSi,2
3WF4TREB5ZKdqov2nc8cMaVDdhRACDAGCN,2
bc1309r0pjxc0388rg6tlcp2ajyayes0pa65nex3s2,3
1sy2Bf4roipMQCeP2gZgoNGBo68w869,1
1Q1VkWmK7SoXJEHXwpiggzEmmqNv56e3,3
bc1ezeqsjdafr6hryzhkhfkaf82ux9kyhgel6eu45h,3
3r7f29VYMHrrmNcn16LJgQ9L3UwoL81uou,1
1M2fhGgZQV5PNzUqqCy2GwoMs,2
1EAjadP4mkxdJFZ9q7LEwEqz4mvu9,2
bc1g2sw94jp6n7y50gfmxyhhzta70fxmwverj9pz3y,3
3pHY93j5pkRUtSWSP29nWBGyDTEWpwE5zV,1
bc19luhsv3pcpyrhda8yecsf0hdkxf4s34g9z028xx,3
3HpSi2v66vnV87WhswrNLB7J4o2RSVasiZ,3
3D1S6D5uTzEE1hNfHAXwd7vo6ujoGZCD2B,2
39eFzB1vcSGQ2X1Q6QDmXFH3JSCDVKSX2S,3
1Ew7qNv89puNKHSN3ci61UHHVqShR,2
1v8xAAEGLpqdSXC19rDbAbt8Fk5Xqh,1
1rMp2QHoqkYG1Zzk9fxvHA18qNbubJ9S,2
3saJHNjW5UkqanbQUoEGEcQb5xdVL95M8o,2
bc1d3e3jd344uzwyd7ywvzlq3yskxn2kwrrns0txa0,1
bc1v90g23xphyzw475jc6v0zcelcn5uqq7wl7srdcm,2
1T2bfz4ZPbHgo5Wf8YWyoojKd9zyELfL,3
3jMy1h3fGmpUmFNSNi3yfaouB73te9gqaG,2
3BUeSuPvQAavUryXoJhvpkMSEWeyvEMBqi,2
bc17xa70efqpm03egnjvjkrhcqff72pzxc5kn8f2je,3
32frjCFFewyAoXSRGVYNvvryEEqBYudD6v,2
341DAjYbpzEoCMmqAenR5PWGHDKu55v1Hy,3
1YaQksQfMfEoui2iZP5RZtHbtGFQj,3
1ePcgratmuNUqv5hHb71wc1uGvs4zuG,3
3FkwAdBacaKWZBekcCJR9tETp5kN4DvjUh,2
1xBUvKcQoA32NdpUd1GcE4HHHX,2
bc1hqdpgsd840awmf9nqk7aanzqu5tg339uaytp2g3,2
3FPsY9gV1Kcb5CXpKCNczLrJZJBARgcQsg,3
3ZM9RXg3P1ymMM527XQnEgwH54Voj36mMs,1
1MVoiDsYnCm7agB18NwCwykoRCXMGLam,2
bc1vxcptrrwsyndx6ejrlsddeman3vn0rjsm20wmgu,2
3HuGEfE26fUnuEVauiiUHYLzuoE3QooqCW,1
3jno9bAc5sZgYQrLbC6S4WBHUdxH8YFH3N,3
1wPqtgdSn2vFR89ckojpGV5Doov4pYu,3
1GmDXi7F1s74e2xK6gWEjedA6Ftq1MAG,2
3hknk1e8cZPrLooAjV4MWkXPBTnRbve4aG,1
1EAY2w9KemKzwxu483wkD5oVZxijz8r,2
3scqyF7mAJT7pNLxjv6bNMsnk4bUUrfsML,1
1NR13jeQ9HmcoswkwTA5nSZJXdpCcWa,3
1eq3VLyf5aV6P8ycrzPRiQ8aLXvY2,2
3iqKsPGu9wP8iyFepebTE7hQ2JjhG9Piec,3
3T8wwMGnL2LfYLczBhfi1teMfB3AVYa7s1,1
1tsRnBJuiTPafm5R7m2BMdcbTm4,1
16CbuLUzWPQSiQd99efacxk1c,2
3i8NduFJR7BmjffjJ3VKafiHnv8HFXkk19,3
bc1nm3qlg73m7fvt2kf9c67d8ssrshz33asetaj3y9,2
1kG8iw2BsrX4Hqnt8prbdQV8VWp7o,2
bc1ylsgeg95tht2fv5hu4cxjjpr77htznydmkch0j0,3
1birtZxNe6ta7gzDaoKB9it16A32X,3
1frkx7AzKVrStzSzLXW8Yi1KxCqv,3
3LV4vs1wZibHjaBDVG3Rx72MztkzTmQi8f,3
1ttzpiVBruUKu4VB6S1Rwcbw7Htacp,1
1rTr7oQR1NhyzGHSdqaX4S9tJGEVyV,1
bc123lkuqlvv72d07nl0lv79l7v3vyuewcmd0gk6uu,3
1tAYLHGnJQBo83p6iB5ofo2NmL94,3
bc1jhwz9cfcwrdchklxj22ne9urcx63u65gfrm5856,1
1uNCLoAqTpGCEAd9WsVxJfen1HZMCCKpof,2
1kUTPp57VEAoiQNWz8syXHFcTNMoNt,2
1FEJv6sBFRuwWs1qFWTtnmW6VgsPngfCV4,3
1QuaYCZvxrT7xJMkXRWU26VRs7m5hGx,3
33aQv6CKkmp6NhB1pUz5A2dWMsrzCgijtW,2
1zc1fnp5pwrAhPmUevyhyNTWsB6,3
1vRKdZedGZaL3zP4yz32hCEcv5z,2
bc1a2vjz36m5hj72sp8p2akm0fxvqw7wle2ykskqg8,3
3Vr5Y7FEtkfa5jP9qWVu1uqC74iGknFUkL,3
1VhF3ZMwcfma9RXmSTPpRQnV4Lt2us,1
3CiSdW2BgrzWKmKGoKjmAtfeFFr8bnmvz6,3
bc177rymrhjdrvz8ytqzwdqudpsn7n67qdunm9hhpg,1
bc13eqp04rzhhk04pj7g5hv7wnskc7psnc9gvcu88t,3
3rmZnVrXqsvH3zSpa2wGrwXWN9MV3M5r6E,1
1JqDwD5jN2w69j5Aq35UvYGg5W4cNZ1cua,1
3PugDBjDF4vXQLmuQXj9ihDfbJ4owMZWTk,3
34NyghuJDkFFhZn79VA67qDbHvbc7vwb4E,3
1FatzYp1ZxB4fA9Ey2f6KiZyWsXxo7jMN,3
1RVBYnmBTageNpx9Qfhn9b7ZRvHpM5muYk,2
32ULgS3SgnrKiAg2E8bh7eyz6yW32BXS7Y,1
3QAwaN1CzVdRneHBjMG2ETsXYXnJdsQd6j,3
1Nt5KFbvXgvXUKKpZwkYmLqpSmFDzQ99kb,2
bc12ynaey3qh7zx5ztzctgzt0rfyxtcemc0yrq22cy,2
1iUGaYpZqrpmroTPPuJoPixBF,1
1Sjd7us2tApuCAv77FvMQEt7mYyf,2
1TsTgKMrsyc92fJ7jFmmyq3wJKh,3
3WHN6fMH8R6dJPAc4j1318FSkCSyE52WdZ,2
3xU5xUMBuEk1TeYHoJhty5t3TNcsEvcjeX,2
1KQabVrhsqHeJ9kujahCML8BN3,2
1KoVqjNRWMCbtFa5xgG5YnZ4QkjnoBSHZ,2
1wKychKTNC5JcUhoPCgPBP5gf,2
3yv8Rt1naTaqGbGLPiCsruEvGxrjL5vRqY,1
3mz8bsyXJR7xfVnV2zDeJRAUcmMBUH1rxc,1
3LF17NV7eCyYVjSn2r1a23Sh34YgUD1ZsK,1
34j25iuoT6E4yuwVAAxhXEPxDtuYtNpeDb,1
17cju33pxuyY31iMpbF57JUJh,3
1JAGF7rhcbojx1DST9RBWTYkoEvz,3
3cHrjhZHogb6WvAkC9to4XsTmQ4dDMG5pv,3
bc1tthzed6zaf3qj74pcpjudeyydfmm084gwpxxczj,3
3wPCeNwRGAbtXVT2WMfTk3Y8pSqiG6Ff7N,2
3NxHccoDhpUDZyotNCoDiMfEfgU2u7Yxw5,1
bc15n78ekysngrlakjhtfkll9u0hehhu85whyvcyw4,3
1Dq2xG8hCpEMveWfEAHTw3VxFeg,3
3PuQHQa2DsjCfkqviG3pRdxFpYiYQsPA4F,2
3SwBWEFxLo1A7dyrAiJ4HMdP6S9ssLL55U,2
37pScb4uvQE9yuyhVfNzSK7oehvDVgCSKG,3
1Yhhs6TzqyEg37htQVH9YuyAeqUi,2
1kWCw3G1HEJFbGye6DuUcWjiyDgLgo,2
1WZatcAqivYy6RgiwVWHm8quyhSadKU,3
1dGa2RMqwSyrqWNwXT3ksQm6LaMg,1
1SdxLBRDwp3DZwXd1Qnkir5n2bmDd,3
191pNuFSBAAhep6F2VUDKHYqs,2
1mVEZmDDRgeNKUXrxk6eekFkmazSwq5H,1
3tNutSZ8hxbiWjcKa3uA4NhtqcZQSAnhtu,2
132p9RT8jmXwVBKiJSZtf1kv6nJtDF,2
3BAa1kivgrFVViLnPWcx2GETRxvpT2KekE,2
1bGDWmXNvA2MC8AoKK3neTgnwQoT,2
bc162l7j3gjkv0kssga35w28qunwzuxkazx9yqge48,1
3Ri3uSDLRgAf9vv7ZwiC9AEmooWdj3HNZp,3
1vC3qNBM73X4nGFMFvTWkxuLcMaogGv4,1
bc18m3f7a3df8vfhc9sdqzufwe9wlkln97falj00fh,3
3PcipxZXEMZFZtA2Zc5CQ3yYi8sxa8A4im,2
bc107p7fpfq056rqc2thngecffhugjenu0ge3jqm3s,1
1FXDi52x9zotBvSq7wh5gYPUKq5hf,3
1BiRsmbzsXyecAXxqiho8iMRyKbU,2
1cG8wmL3PpgvURWW9bBGRPhGrpqsUQpQK,2
1edyE7aw15BgUVnDRr2XTmFnBMiL1RcxB,3
1YAr8vuSSAPokEVXaE7mKtLqXtuEhbufw6,3
3UaFenNWe5nDM6o1uHLTGPvqb9jZe4p3j8,2
13sth9Q5DjRu9ZBha5WeW5AQsGWb,3
116Hef9okUUVEzjib5MMdHrenDup6cMrN,2
1qHgxf9N6VTG2p7bp6tx8PqGCX,3
1PshGa2HTEocDrkkS1J5cyW167kmFZZ2,3
18PzCU69Su5Cpfgysa57EayNU,3
17LmuYR6naBVeV4B2k2Ri1Tt9L5crfHaja,2
3Zf66BPnDSFPW5LRvfFAbQugJAb6Jp54Cr,2
1cKzkNVC7scNQr63WGgn9vXHoRZW,1
bc1sj7m2kmnnnacdzd3heyan97tz4w6cp26r96ny96,2
1xQ5XzjMa2P9PTUaazZ9CdBTtKBPhU4,3
bc133nkejyft2qfuxcqk022k5klzzzhgyshp8cwlag,2
3VJT5V8U9ZqPVvbr8z5EvvJqbwHkKL41HD,3
1PPrAqUYunr95g2nRSMXPstcue,3
3yxXojdD2XwUkRWP5ResGGqYdY4UrNALUh,3
bc14vmfatht0t7qvu2afc7gsvmzpjchf6x6gwm2avu,3
1iJZNaEnjRTyVuafYeT74jr28,1
3HwYCTEqbLYXcEv4tVKgZWMotLMv1zfyFx,2
bc1q8amktpgc3skqqhwdlx8vdx0rc86tmff9zhtl2n,3
3zMDfvfkHVroukLkAJ3DpHuqDV5VK48sYN,3
13faJMWTi6y8zHUSGTf9q71tpaf4Qw,2
3fvhiuwWV7o68zTm5ChBr2u1SyHkPgUGRa,2
1CqHVUqb6mt5qTKEa6WuZz8DP33Hu29U,3
3oFx7z1FDJnD1rtBXdKQS5iMdii77DmJqx,3
1xZmmaYRTEtvHYsrDe2gw73x1LgX6pg,3
15fzs7xMQbt9zrxrTEHBJMWnobfTTu5Pr,3
3QpAriUc6HmDEsJFZJZe8mnb3XWt9TgKA5,3
1pkNaXouh2V8eJ5BXqfJ8WNqpkKPSyY,1
1PJW2kqpqCMYUN4CRJiNtzqGHT,1
35G1WBsANgfURXomJuK3cYXB27R2RSuwE4,3
1KuC9Wsj1nbuZiya5dqQLfH5SmyrvQC3PB,3
36KDajUGLMN9j2KFMaN4pEeFR22z54fPcL,3
3pG48UQpYsrLxwcK9aiToEwqgojdKuTHKV,2
3Sts2CWWMTsCYzifFFHj5tsZ5ZQaZ2JqTB,2
1QsUZHkaxFJgA2WMHSRVfmhMpEMeJwc,3
bc1gpccl0u8cfxy6ejzfs03enrck832j8gjw09mtu7,3
3wP7zZXS5WfhVjeobcNotKvpfbKimVhA3e,3
1hPFJtMKiKafRCJQtyJf47Bm1,2
3kjXyQpS91onqdpo2wBB6kLhRH8yGZNDcL,3
bc1s8sl8wls4vexpu7fectqaef76pjs6t9upq8xngr,1
1HMYDEAyuajjLn1QMx64H23kqUC1Mnf39,2
3Pw1YuoVMRfaBgZj877WJUetRdV5QF7arr,1
bc1mxgpvmq8kfzzkr237uyt9d9sjxgy6qxs2s8tmw9,2
1XG4YvQbkBgUsBTP4VScRxQGJcXYm6VBSx,3
3oPDTqE2UMjkqYgdUPBEGfJGg4yHRwV6KF,3
1SMuKU8vXe14Z1QhnaUMQzuDxVgs,3
bc1xl88qmphyaak8etlfqe2zntfa9fw4ywa5gtvy0u,2
1dYhSsUAGzxMS1XR33wFuscMDqk,2
1sj4yHhZRY58wsYYc9KDRSamVF,2
3dPmk2spUwkRu3xAMFu9E4xctTbgc6ZktK,3
3d61M2QGmC4YcRNhpdK6Ju1DYcft8ZS3iT,3
3V181NTD6o7oiZsEEpPua3t6pgJH5eC3pE,2
3XJrwAtXdFhozfXCaKSk3NSh8ueNySgtwf,1
bc1g4gp0y0258ymtrnypv0vamt898t6m9qq7yyupje,3
bc1ss935387vzrh86ezwtlty7tw9xlnygqyq62m3dz,2
1RfxfGstNK7iFLsh2owobq9wYbg,3
1NrqRS5iQpr7xwLqJ6DuGyMdy12,3
1pQpqLGmx6rV5CwMu6iSjVuLsFvbJ7WMW9,3
bc167qawgslpz3htvzjrd4mt2zzhv209e0l9vmg6d7,2
1g2ihyB17soMUCtPjrLd8cog3kVh,2
bc1acw488cv429sx9u8ldhc73ctncmdxqt8yyjpfgc,2
38UHr1GtAiBLzqPFT2oZ1tJ4NQfhR4hxZ6,2
36gmZ8CRJLXT4NbNXnT9Tq5NVmaTWAF8X9,2
bc127suce835l6w985dgmh4ujxv8rtkz5j2q3n903p,3
1Ld3FmWERFtqs8RPLGrp7nRD8u,3
1ib8Y3r3YYXFuRPufV7kdDMu7eJk,3
bc1n8nkjsmavqzh9yed8g4xme7mkgt9d83tnwgnu94,3
3H22WQP5HhEuawZXpgAsVEz5ziW5cAUk7r,2
1HxCFRYyhTFpWTZgkz5gWvuSFnyHXoy2,2
3GRkf2gVNKpUN499GMXGoQojqhC8JHdtS7,3
3yvEsHRpJ5VQJmT8ttaRaXnZy1yVSafToB,2
3CX5ccGvZ2zCiwNPxgAfiN5PhDuRsGb7F4,1
38GvZxQdL23bUnGFvqzEh8mEnfztGbXErv,1
16Bcpdcb3gNqPia3DahoZTjtR3QWwbQ,2
1fGZottvNA7yqA6fzuRDHKCnq3F4iKvKR,3
15JGDNHHfXzRDXpHRwd9fmPZL1,2
38jbkALkeRkhAcyqiEim3axnjtxxogPXdv,3
1MV4uLoMxbMCXBVov99YCr5cfgmb,3
bc10zpnel4llmel2m8hsqny6kztgkct98rtr3qzyqs,1
17VuRzhfrjg5PBuKhjFLBtLEZo,3
bc1easrdfdhjrf9gkwg2ay6maxtyl94nuus8wmpvpl,2
3x8wAqc3PwdXCgU8fqeQ4HVPLDwnFhX9v3,1
3NGrvjFgsBXncPizvx1oDLX1vBdXEpRBya,2
1jrLspU9JyTuwFchMbr5D5YotyX,3
3faSq2pJDuXysdH4KCkarLWxDZGbDJFw1L,1
16ReiPDch728WtnSMwsXrz2hRe3ojup,2
32GxxwjVzQ4QSTHhTz6kFpEupcSFZcDCUQ,3
1VvBWo1tHhvBmZbPyp3CSjL19hYQL3DjP,1
11La2XQrBrSkM4ntWQpVUuzNr,2
3CMTZJd2h42Md7VCmdDT4jJ1EdCJYDvWFb,2
1fGvaRUsH2ZKdbP7gr9rxNU4v,2
bc1dyuxq93ca2fuxcvpmke0v7dalewn2027592erw9,2
1cLRgex7dJg2GAEs3xACGTu9HfiVREK5Mz,3
1JgvohZsqnTNdEjLjGNxj6vtGY7,2
1yNgFCygXyQjLu5G9qtKtNjjw,1
1V3hRvtz3WBnYs9eehcGa16yCyJJ,3
bc16nmcy2vyfcesymzt4hjn3ptfgt9lyph5y3s638h,2
38hkMMf43PLMW4hCQn77mh5szDSatfB4QZ,3
1uXnkJL4nroFq7QmUSEoVA7Csc9BxWquFf,3
1JkSxAc1Sjsu1ZDkyCjm4822je7SG9fn,2
3N6qyuXAArmuBFmoKLuvQssV7vut92pSAk,2
bc19uz34m9kawaykut74apnvm0zl582xfrhrj8c7l9,2
15q61JVDKoNByC37vpCmEri1JpcU,1
bc1ma85pus9apk8kal93atrqe4qs3mkvfhwdjvywss,2
1iPfY3dp4FCavdpbfhEdspziCdSWhH1e3x,2
13VdsSYsg7V2m3FuRLwmEosYQQeNjaj,2
bc1jhz43uhumeytr5fcefvzt0hk45tucsyywz67t4k,1
bc1qn80k5neyvl4x5f0pqqag9wuzsg6uj03ru86gea,3
1QiSbujTqUtvpHa2k5neCvmw8HV2iWic,2
bc1jf9q5tlv4cvdl4a9724eg8f3xeveews0zq7fc8e,1
1FYK6XmLEpQPxGXv5tXjog8tH13,2
1UDpb4Kg6GrH4XZBvUHtoeR9vm5geXxq,2
bc18lrnpd5tut2zp8cph4l0ekg9mxls2yg5uef4zqn,3
11J76wYp4rNLKav75NaH8Fc2sFuTRDMyeA,3
bc1fydenj2cra6rg6x4qzmj32tv2sraqafqkdxy6dw,3
1eiiZ6f4N2inHX1j8fmeFMy2TzAF,2
1TKHKrCZYuWWWXSEs4DigEGMZsQN6g6,3
bc1q966ctkac6s0rray0xw82x5u6um7qcjq0jl8ktd,2
1p2QYYZBKMNWBx4G2rwBr8i8H2QwZZf2NH,2
19Fgf9zm9yuezLYnDoqAmhhTra6wu,1
1rGx74bH9H9nNzrDwyzuAaHxjG8R7GwSB,3
1W25hXGFPjafpyY7wr5jfrMZMPG7LCv,1
3quq5y3ZTvsvzBXcSGinaXgqTaLW5H1HKz,2
1fBzEmM34tbMFgQVJzeZmCATaXPrjMcW,1
bc1nywjaz5hm5jhv607lu8xlske692wea8s28y07t2,2
14zi3haHDyvHhNVuUq7CoL5YqYY,2
1249VV2n6bvVGAoR7K8vmf8vcH3XTaC3W,2
1ksC7uunDxUTJ2mKW8yCYyHYfRcPr,1
1AVzn3s9WgrXg37kDQKue353FXDq2iCem,1
bc1wtelek9dwta6gye9p8md9jstlxhragz3upjwc3c,3
3gEUeAGU1nTVtbRcND56QEF2A2ok91fo3P,2
1C3TCHaGpzYumBCgN62VPdcae,2
35qxycB99uen5xfvhoocTiuQgCUo7wwJeH,2
1MzCVVKEivU1DsxRPV5SiFuu7UGb,3
1qgpKyvzd8bjE5aw9wGc9mVodo,2
1Tr1F8EL1wofBB8ETZySvNZWNR3NA,2
1v6x929Nmf57igXtKFRT2EAYfmyod2SwN,2
bc182q4sjj79r992ptxehzn7zquumzsnuf2kkkzpsj,2
bc1rtqfm8f8tx4nfsfjgdgaqyazd2ylfr5txrt53f9,3
bc13mcwpqa0g3mtzke7t6pwyknpwsucp65h04zf0td,3
1svhbfzRrSBoWSEwmmeVS6V3hejdrx,3
bc1gh3097vd7gjcq7rx6kuf8epnvn7l3c6gjur4cc9,1
bc1n7ftt9ej3pqg7w66fq72y846u5qchlq33428an4,2
1sDfoXnLPNaACuDM84tqVNBpB,2
3gszYdagW5v5NzVHPtJHPYMF6AiBDGitJb,3
bc13j2wf30qythyrn46g5m3n9zwtfc0gcnqv9ycj8s,2
1Vzv9niumSTZLF6xoPCGMWcJ9YY,3
3M4LF8CJ8Y92K2z5Kd42866gUFgeat35yg,3
36Yn6KBtrpRSVXjVbFCpZHq17qHW5nLrFx,2
3hy2ojyRQDkfRA6ne5uWghtzXvcP1JpUi6,3
1M1v7HDscKARULMEn2SkJtCLSRs,3
1mCJ5exvyLhjiEVWPc8Hd2sBANpERrY,3
bc12lpg35ad4x53t8p4czkvjce6tg0m056796jz7ft,2
bc1jxrfvcmkv7ffmwz05rckawa9q38e5gsast02wxk,1
1nHWTKvcoZ3bPUjvq3JXt36JE,3
bc1nvr6nq372wsmf9wxcu2txazhm09c5c8rpz7qyzx,1
16aEukaSdiRZ2e8zSz3288AKYG7wnJ,1
bc16ps78k78s5mt2kr90pkp7ht7lkp7rl2fnmx4v4h,2
3ARUBH36hYYXBgL3V5fZGn9782no5F2y9u,3
1HSequn1dQCvZDeaBkpLErVPtGQMG8WM,1
34NCQxi9RxeftAiu94vUoHPFdCDt8ywnQK,2
bc1avgjlgecz0ltdry8hyez9qs4uqfgl9t0wzweg9a,3
1YxEobWyv6detvkeh8rXjGmsdAbU,2
12Gufff9Y7nTYPRwMq8MpL7gCEvPJ,3
3fJoWGXCPCKZnfoam7jaZKTpS6WJefnHNu,1
1BQLpaVuoAyBEohUZDsFotvKWZYqp,3
bc1xjjdxup0dlc9h7l5w4nf3upfrfh00pexq0xnl4q,3
3UsPc3A3dBVfeGsxLX45sy6m5jGVQPuyAN,1
1sTPemW2ZhvpxMCrYMYYTM9891tRj2P,2
3kn86Lq8AD2NCuiwqejKT7ncS245cJXQGF,3
13WcEDbinQYddeBr8WiPgMBGL7TTiN7RCi,2
1mxz8srVUsPB6QXeAVWxAaWjNzFafsG2R,2
bc1y3nl82txqvtmj5s6z5qfmmcrpv7pvfzu03m7fyt,3
1M1wPEKp9kDj9qzmNnQqFzeSZy7,3
33YJbjGmMpEgM1EJmpJX3NR6YdJbyjZibg,2
bc1yc6ccg2x4y36luwpje6px39hpakktrw592dp0s6,1
1nxtkdRbAhn41GuUqYqXcejUEMxUFveivZ,3
1NEgpUsN7yQ9njqsspv9cHxehyZKF1ToaW,1
bc1hdszrglnyndzq9ukmd8eh48t0efksgm85hxzmcc,3
1xXX39oBWP2F9DQBq4QiVWFQiu2Th,3
31hSawH5byUCXARYrzttbYaa7e5adt49rM,3
1Aots45GzLmqWcSbb7fLQrn9iFKg9c,1
bc160563lylfum855y9wyfz8kx078nnz73z0ye87c5,3
3bxQLZ7Zzzz1wE57gjdqt3jqTJoRB6v6AJ,2
1E9ULgPHv4Pcak29SKBAoKURwaFm,1
1Zmq79UsmD7scKBy9MWgQamiy7LgsPk,3
3NFmNFyZTckG2gj3jQnBz1v7NnhGUPupkq,2
1BGLbCfANPQVLu6Bh7iZr42HEz6JQxf,2
bc1e67pft7zsan0278gzkj0fwnpvznrpmjlgq2yg7y,2
1PmKAjYzPK2CPQCTjfS8cgsvEMosUsQrC,3
1wBCDP3Q1YA3Z1MYTjWwYbNW8yXT,2
1Ckj9rpiWQDr3DHBWM78sA9Apz6uH5zHJ,2
1SGZ298L2CfoLjzamir5Gq5WgWf,1
1NRgJ2nx5bcehL4BmRPUUCU34qhE,1
1w9wt4uz7GsRE21jbDbHqcXNLeFQVyLH9,3
1wNt9CzMeMhq12QFY4vVNwNMHrtb,1
1JZn5rFUKALoYXmHtUHgD1HtTocKjC,2
1AeBrrv5LxD4JfKbDgduHb4uM7,3
3M5bkcbQctmYb6AV19Y9eUj5n7b5YbKmRB,3
1RVNjS67o48Ttu2a76qPTsuzYqpF,3
37HwpzMei4QKme2Q6eQ1qmjMiaa8D1re1d,2
bc1747yrz2r5v4fnwvlaftfgp7ls0v0thrk53rzeqa,2
bc1ehy4jltx56f0kdxj4wzyqvuvn7tqwwyfshkgmm7,1
13AvsVCgtEoPQoVpM2wS2cPkd8uguFhza,3
1S4TqjKRQjqebWxWaibBoh1aTWjJ,1
3C27tD4PX24GYa7nZ2odNcJ8m4bCH4rGnZ,3
1vsBkkPGgqmNyPTKLzWrvH1woa,3
1aacPtTJrFxWa6wCtMe1TJgYX435,3
1ohCjELvt9xR7Wd9SYQQwGVAAs,1
bc1n6cxners6mnnmupk394es3kdejscz0uhg2cfgms,2
1euexZvMXJppFqqrN4SpQtmqxdgMF,2
1CFZYcM8Gex823KqS4rZU4K3tHQ,2
1hu9envAPv4toGoNjVYP65mLW,2
1odrBPMQk4he43FVELdNgj8q1sgRJU64u,1
1wsHAkmdH45ACSrCFwqYXepMkyp7k,2
1hLCgo4kptbYBPQPU2jFsRCNNea,3
1GuQsvXMpm4y9gcXbx676QwiatnrjHhrq,2
3t1ZYwhm4Bk7DxEdBdPVEagcRon2EzH5py,2
3De1Cg1pRRnUqwmc2nyr8XmruaDosJ2s3V,3
1mbVknXhj7NPQKyvCxpe5ywjxh6wbZN,3
3GcHbC4J7DtmsJcoxhFf3Qd3sQAEKnpqVj,3
1ypBqhT9AHdVguknFBuDQ2E8FY9,2
1kdNs2RKiQcqsPzJNTmeqStvP24Q,2
1VQ3pHyxNspA1iXyP9bXDxMax,2
3YJFTJcT4akW8C1w6rsXGX2GG9re6JqgZs,3
3oQaLVySiq5k9LcMYQHwrmj2oznrDdxK9J,2
3PTwCWn5ozhpnD98syWVFumwKampyQVE5i,3
1zemYdCXMdQDdxb8gssU6TaunP2WbNu4G,1
1eAYfVGs2wTZMnLh1yYCYG2SXKCyiTa,2
1fzGZarkMoezD1qE4tmNwZZz7nUNJSV,3
1nAsnAX4iUwy6z6LytSEALt6nYa8,2
3SePmpfiB2QBBy4vwAbhnt7XCC8vvzisSH,2
3YDB5gwLfmb7TYx3sEqzSR9EHnWn3GcsGC,3
1KpZDaXqVGmef6YsXmFNKKHAhV,1
3RCnEufYrQWrpdCCKvLaMeorB6bUGfrKNA,2
1iUGv7tLt9BHfVLHwXLiSpqU2Frtr5B,1
1nkAG77KnxQ8GY6c4TNUAojWw8PYqbye,2
3mgrvr5HbXk2VNZUwKjCW3qma47GaQgkMb,3
1KyHYBeXo27sot9FKSgAEYmGdC,1
17BtMfDsZic1KX9y7P5WRA9suWU5VY,1
3mRxMinBBSvpGe1Rc52bHbWVPz9dPNkXe3,3
bc1kxvm2rvl83kq3p20xr5q2jw5szqvq2m2wjvj3g0,1
1V4aZNCwWPCJJ8QeHBX2ETRWnUv6d3E2U,2
1QwgrAhc6MBYNsPtR4JD1GddmJ3KPn,3
1gWX6ZixVDsPpDppd5XLsWMt7q,2
1x19R9eNNGYaCUQc6EBXoMicdGBS5,3
11swyoj9mSjWqPxdXXZWYMJQSjE,2
1kVhFPWWA5iLXNNSf1zipxnHGE73QAMFmr,3
3Jypw3BFgmQm8tSNqoaNNkEiyByhmUy9W5,3
1qm63VQEfRpwr6YNdbCA7R6JSRLtRMdbV,2
13mPEECCuuiuZkyYN4RP8TLpDHqFqAmR,3
3kShV9Nx6avedXs3ZoNs4eqfKZkHLYFrDG,1
3PArvwuekZ63aUwiAnvRq8oWJT58sYBhWf,2
bc19ttt69cncw5vwya4mks6zfqhjuq46uzps39pfz9,3
1BjhwgiUwEyw8LCnLQ4TiaVE3LKcp,3
13rd7CsJx2bnuQUheYA58qq677ymK4X,3
1DmsfrL4XrvndUS7BZKZNdovQsbPr,3
1eHNj2E7nCG7sU18Qbib9ot1R69r,2
1WyCjeapcQHYqXYvFmnmtkwJQ,3
1MYVUCVsrJBe7946sTtYEQqFidNJ,3
bc192ev59c3sjf5vvdzjw797wx3lt5wcm05g5f5lty,2
1NapGb4ytsBiSKaWTVbRjQhacY,3
1SpsdexvvM89bZUsxkGK8Xdt7JBnvzfp,3
1KXvuod1VGvPiWu8rBTBd9vYwa28bS,2
1Lt8fAbiD2iqUozdoQBdPb4kGrV,1
1mdpRbfsbhvi67hM8TJyiaDvBeVCbqxexV,3
17jgihHWqazt9cKBhBZCh59BuQsENrif98,3
3zn7hud8DziEMLWrMd1Gbe6SC4hBi7zjab,3
3Krfqi9s2ygnmGkHv3dgZj4svhmuycQdY8,2
3ybUuTquUPvS4d5pHpHe76BXQLo8Koy9fY,2
3bij65VbvZXFmdtw2uuxM36iSn5t6kSkgv,3
1HdCCrcbkHihSWc7DnqNVXzB13EswU,3
1nqd1uT1LWDRPxZbVJPUtVBK1tT7neNH8,2
bc1d9y44889x3ds4myfhg9q37d5u7399lzmfcetcam,3
3rgpBS4oPSx97AqjiTXjUrR67XiWJ7hFfC,3
3tw6117xDmzTMMYwL4rP8NVosdrtf68WFn,3
1QNE6PaBjnvTVLTJkGHwrgnm4Vx1tJM,3
3oXboC92nm1Qo6mbrTpatcXxLH9u6kdDzr,2
1txhm8hG1q7kceYexwkKkvTnq1L5DRh,2
39DofYEKvV15cCE96SjaFVUeVDNF1BVj6b,2
1U1LMdHSBWL7p49hPpPFtAM7fFfhMAXzE,3
14fwEwNpYcLTKDnB9CBM8tji6ZGpLkgYV,3
bc1jv8e7892q99e7tgxn5quz9ztwmxll9478etw39n,2
1tJnuK8wNRrkwVARefmQhzWQJkXoo4,3
1wzW9ypiQEjHaqBrWtjeDu7hW5rK,3
bc1at2gexled5ephjl8yutj9gd6y4fyl0zyzfqvp54,2
13t2EEREVTPFRrGiUvv5oqxCAcDbC,2
3KecohukpMkEVbqoiJWZ4SoZweLqr9YV7k,2
bc174m0ecnewnfngmtvqzyp984rnm9k5z9t63l0hhj,1
18dydUwpwmqdPTte9NyTZdpWNBFa,2
1kCAsxm9mURkMv6oMhS6PKGy43ud2A,3
3R1feY4k9eafJ6EjpN93VMDMxxuU5t1BFK,3
1Xrj9xDpeSzcwYf3UDv2SKJsqp9ZmuZJm,2
13k9JWqCRDBLg3qDFiCBSngU94medLmz,3
bc1uwjvn632wt9xd26c3duuc849dckys20jchyp0ck,3
3SB1zDqPTaxD9C4or6ohDEMHXdyZ7G5VdP,3
3RuPwECAwL9dubTGCmoGab2pb1zhTcxtUY,3
3vn9VtXtGAsXYJmVUhjZW8CFAcKG1Gb9M5,3
bc15l37chnvlc994kul72pwmmqzckrrhha37y4906p,2
bc1dzj4dqfzvhngzn3atv0r4frh7xm2n6r2kcfyn6f,2
3mJ5175VYWEJHdopZqY55MPCtfGqqS5vtP,2
bc17z7rt7r9tqqlsc4pa4jzj2qxf3yze06tv4cx8cu,3
3ry5J2Pcm8m2Tjd9uPBc1uLcY3unm2Vx9e,1
1oJ5pkatUiDCXi1meiFwtSoMraX,3
1yYr5Uu8HUmN6byuAmDwBmLcSgi,3
bc1pd7mtgjcjudzjg6phmjajmjjt937d9x6mf2llak,2
199MS989giCdPRoe6z35ZfjqNpFBfNM,2
1KpDdUMmeKkeXpT8Vft7QKrpfr8K9Mo,2
164DJ8pExBK4hAPL63uGbF5z6x,3
bc1yr2l2948jjsel4eghtzvqja4augwrkfmqh8g9m8,3
39dHCj9L4kxdT2cRZtA4N7ytEQXKTNTxYC,3
bc1fqlsnr9yp9ulk5x42uy0dlj3f47yratnrv8wz0d,1
bc1cpvwkkr0zl072njvpnraf64hjwqj2m0zqfsdv4h,3
1KbmVC7mo25y7Vr67k6KbHd9EkZ6jQ9E,3
1rxfSZ6QWU8JkatoatS3EYuSJebFNYMg,2
1K3nisx2hgQoQ6xK57iCBJWPU2eMyt,2
3sLBk5vdtenq3VibQTgH3X8NaHotMps2ps,1
bc1cwdf258vjm5yl2usuxe8dpnrdha2ephpapce30g,2
3zQDNrBR4sVmDMBh8fSuRPR5fGViYTpVtG,2
1gSo7c7PxfwGJyRvmq59ZQewjhGz28kczL,3
1VL2vZ49gkY5iBi6u8FbU3L58yRCq,2
bc1ytyrjy8azvue54twnsy69r2z763v4em7k52e9zd,2
1TeBtW4qjfqFigbTYWn5BFcyjZHNsj,3
3R4NLwmnvimc7JGUBtghGGtHGQSn8HQULW,3
38xouyWWU8Dp6MDkqnNjwUBYBp9izcEEqe,1
1rNSFQjLzUCsPoswG7C6P214ahE8Kb3,1
1C4nQH1PPDxbc14rNisEitPjHuxmbji,3
bc1m6ad038n25kaphrvc7hhxskz9rsp2lzj6vdvyrz,3
3zww4mQ9J3DYLTy6Ke6imNwowyYMyN3f2Z,1
1Hnqc1MZYDnQecs742hsGKyhgT6PRpdTK,3
1tn3pCPta9riJGD1KHGHkt9SdipXBbB9B,2
bc17ykg6ygztp9w2xuag9q7v5q9rjlctj80e8ykm8p,3
3hPN38vNUtuz7AZiyi7A2UFtsb3836wgRg,2
1KhdbXVxSMJ7cY5C6Z2k6fxiJw,1
bc1ldmqc6ty5ystu4n6ynjxq236lra498ftc99pgf9,3
16B8vYer8MwSDgzcATaNbt7eJ,3
36Woqh3UHYsdJtSuQRm7a9rMMxygnWpbxx,2
3pW4xFSwdrrdk1AzLEXr3PbAQJSunDQmFH,2
3wKjyyvxkK1cxmPnL4fcNYzMF2d7RsJ8xi,3
bc1qkmsrlqh744cvwy0arrzr76svdj7nuu09saelzg,2
bc1eckywuttwt0as6vsfhjdhw5f3l4pgvtt4mch9e2,2
3ov4L1bZfPCT68HC4EWxWnTLK8TGh1mbAf,2
1UxkZCS4ohYGQFtGJMrfo2CTHmdUj1oefx,2
bc177ahg7e045pxtd9guhdr3es6vx86jafaggd56xc,2
bc1mptel242zhncsu02s6r75rj5h49rtfsjda5k3nr,3
3D1tr2FkEJuGearwXmaMt1ycKkg5pDaLoH,1
3qmoWdsm2TCkZ5ob6gRRwXP7bzLLKXLB9H,3
3TYndC6Y9oDBWpWTzFT6pY55byjy3vtn3v,2
bc1hz6jh3yh3xykd9cwgeuc24w42avph7f0zqwpfft,2
1Xa1W2BHTSmWdruSKmgDjD1qxx,2
3M1T74xGtW2joE1EXFnxz1VPLKH25Cbp89,3
3yEQ2MWgfy3xcDSCKcSuQrFwQ8As8XHcFD,2
1BY4PK2GqGUjQdhjQRdcubrPccu8bvNm,1
1gxzqTZoqbyyXXXWmCWii6dnpu,2
bc1ayxjqeeeh79v73dq2twfal80p7egr0x0rsemthy,3
1FMCYZKNzMsmuuMqHy2odRmF6,3
1MSKRmB7jTnxPErLcp8jRqSAJTh,1
138hD2sCjp58KFBSsdm6wh19k,3
1Vd2GVC9iRk7bcMyu8GS2Bd5Evwr5,3
1voiiLsxQTHeeH9yj2uvMkimY4z1cs,3
1rXZQfZict9kEnJqcQRJud2LF2cXbhno52,2
3ekxNXTjsgYgq9gxeyETTWdcQTuexrXu1u,1
1eYEq6cw2dFMt8cniqwqipwxSi9b,2
3K3bvmfXR4cTxqw4nrhdxr3GjPSKvWgVpQ,1
1wzviBLsjUENE54aD4TGjxjugbtUm9LG6g,3
1kpTUXrx8aeNaWqDdbwZJCmi7jqfdL,3
bc1c94dsndylydlv5c95ly86pyuwx8k0t3x6sg6lrw,2
3EnZqV8KqxUkCn7ZfAvA3SfQm1LDHh4swQ,1
bc18j23fs6x2tfw2h73e0ad970t5kzfsyg4dgzfc7n,3
3ywxFE3RrPr5qgrEhKsmgRjPRfj2DYmJVv,3
15oVs7oriijmibKEEXTVa1t9nPSu,1
bc1pj5vpqeh96eylguvefrnkuplar7x4m3s39pvcd3,2
1gJ4EAVZEaDXyKxyvxceRtzzBJDezyV,3
13LWHJULcfBZBgqGQf81H8QgsE,2
bc15uvflrws3gm9k62jzck3c470t2tgpre8ez65cm9,2
bc12pvyvgmu9fg9e8trhd35xru2h6q7ewmxvfcwssz,2
bc1qd2vuucld36des67xzw6eqqxfp35ndwqph2pavr,3
bc14tzkwt7pr74y7kcyz3rc2slgenl3400yelhd6r0,1
1vbM5ZGR1gCuBNXKvuzckcjpW6ipstzX,1
3MFke97DeTnw4iV3kPQr5y11pcM43TMXeL,2
39vVyxnUm122ZeeKQsNcwLt2MRokQe3BsU,3
17ZNFhJwJwWf4XNfGGdEEdqEYPp,3
11tNzTmQ7kq3XaXDehcYv5iEGnDB,2
1h83xdicdjubGEr4Hm6MPVwMbHxJXaVtoW,2
bc1afvhaap8emrpcsteaugk6nrj0u2dccyt0h6ajrr,2
1sHntaBPWDxFom73WZm1y9MRcfzs,3
1opvT5mefiG5StqoUNWqtCmJWJ4n8Pzcs,3
1HHJHpF9S52vUtVho4oaCv6tD52avXE,2
1kP1MvNJyZycHaEym475nDaRW,3
1PXK8WV6qXavxkQDvhUTK4DHv,2
1hoMDJcgioFsaWVQdF8bqGjqZu99,1
1xc38spKstMcwbtvqnVAZDSdHuKnRH,2
1WcpfEkLiTm7x2BGJj49fjxvEuU8dPTddb,3
1wSEzuf8wrJdcdmk7Jp3eD7KWX,3
1QyEhbczCMcqEAWPnWmZPS9mpm,3
bc1d99keehmpssngxapqnvyksd2lw9sus4vxrqctsp,2
1Sq9ECdYeCo4vc6PAUsYFvRiZX6W,3
1AGWYZ93cquKXH2XwKwLWaVGtx1qF,3
1zhopL1cycr5N8m6q3wAuMUmZMzGR3b,3
bc1nfdecvfp5swjgt7mkwvgjwxrkjasml2u5tmjvsf,2
3D32CJwWrcap4Y3NBVeqcZ6pzXT8sFTmLX,2
1Gv5VSppiYkfhCHkC1H9Gv1dB55swuwA6V,2
1uYbuLh2aSyVnRiZMTcfNSfv37P2rtTLZ,2
1ziAVuNjofuACQogEQJCQFh2b,3
35X2yrucxnUZnrCLmc79xG6fvnoL1qfsE3,3
bc1j52gyapaesfvat6wu4yldxaerkf69x79awmfdv3,3
11xPmkJsksueQggFKccijFQYirTT,2
1t5Q1JQ9PFJd7jdjyLh5ZMhc9LxhiZE,3
1VCRzfqBtMnxk2s3TQveWbFnebHjjw,2
3caCHPJ9L3qSoDeuatx4EWFTtKXsSqBRR2,3
1VMEL2akgahEvFGELR3jdvo2XsqB79o,3
1Q6K7ghzEfVjwzLMd4vt7C84viGcSr,1
1u6Zi4o8X4Q6EZD6ctwA6rsfN76qD,1
bc18nk923lnglwnpyw0tnmh0r8x087nqf5f3e8h8up,3
3GBfLVsE3WdefyQXpbg4kyddxcM4NTFMc4,2
1ab72cokDcwiVa5LWPUuEyv5nDboJE7A1p,1
1d4jddT7qPouMM5ErwTASYnm4J,3
1EeWz9MTMB5xbdgXQvhtJRhwmV59Ne,2
1nRCaJHukJFyz8gjbqvkupm9nKTPPL7v,2
3DBa98j2EhsBjUL5cAMHNFSoWVdKZQzjhj,1
1db377ydSZNe5vdiwKy48F8Mx,3
3JnGkeWNJVNCifH2MPnZzyaAgdfhUeSgsU,1
1MJAAQefgJfe5bCZLJ5dSX6oZR,2
1e42zpzB7ZyJDpmk9abZNsA7HidBo4,3
1oPYvKrXkkGBLHuXUNFPHKZ86D7,1
1678TPftFbD8u4uS4zt96Q7zA,2
3LdymqQbeYUyu7Hr4u7gP59v3Bymb6mVLi,2
3nUfVUXqn1HBWY63veQhKkSJbe6vEzsG6Y,3
bc14tpvmt0hpayv4ja5eyaln8a0kyc500m99l5slsd,3
1XrWxb6yVsR7m1LvQrumjFJRZM,1
3uHFeyNgwwWpBfDpToGqxBH27mpNoyCefU,2
17WeJXLg9unCt5GZDihKhQ76Byge,2
bc1vv5rkwuu3jg03ctah3twzxw2g3rhx0vs3f3kd6e,3
1nPNu7wFuHbKtJsLWbNgC5CAUiy,2
1xbAsYnM2tTUBnGrQG6quHjnQDE4,1
1KQgjBMwj2RpDRHVsGDtmCxeqcKnvxEMF,3
1gXCUj1SJFT3ZPubHJYw3e9Tnnuoz4,2
bc1gpkpvvxwvurrsdx95fhk7jhgk0hsen73g5j0t30,3
1dVptnARNAevuNHoC4VtvKnzJPbZ4X,3
11aHM49kZgkcwLdxyDXVHKWV7rsnwV,3
1ec5u1pUU9YNUEJrifRp97Vub43,2
3hJQEQsqhsr47Hunt5NCiopotgJtRNfe4q,2
bc1va9ll7ql2779ug6cjjk628gjcqhal68tggen89k,2
3LVrGx7FhaA2hnqQHYivRu55rPuqXX3vxx,1
bc1p2sc25ktfvt80g6psm6dlv0r0rmydv3dscvtwec,3
1yfT39JxaxByz67FGDe2pTA1R1FkEJfhoF,3
1Wg96ghHjjBh4UNUq145nnqVxEATN7,3
1PSRY3SF76tfcut2QBPWAe6ek3,2
3GCzuPfvA574dkFCKkKoMPBXL9qp7EYN8b,2
1iRthAzG1ZeDq1sPzcwSMMwJ3,2
bc1gtd7vkl7ywpn4xfkygzf4sfnf600tl4w8vepaap,1
1iVknvLyvPs3tkrAFrq4AMxCJT4V,3
1gzRGPYvQV8nbwgdKEkGW7fvhipJE,1
1USk4v72aGH9Z2TNT142yppKC4qrLUr,2
bc1ntmdw385gzxqrcs0j7npwf8e70wdxf9fl3ha7xp,3
3vFvq1M5UPq5mFzi4Kzw4Nt5bZ3H42aTcC,2
bc1lz95td06z0cr755y8svmhnhh777pxwcmjuzuese,3
3u2XwJw6ggE7pBLLkfXWfsuT1Eqy83R32E,2
3LTeDmgJRFp1UB6fTELzyLufJqrwqrahKJ,2
16yFUA1bbATU5AYHFw7ztoSXkFPZa,2
39524GatuWpf9MsobjF4BFccH6opk1dEUt,3
1qy6FvvKw9D9pb42UcvZ5vTqa8,2
1H3NJPrUT16w2FjEhF7MhgvyWd9T,3
3fFRSDrjH1qh3Gf7hnLHuGrgfbigBn7iXm,3
1xP4zTNnhvqMnired1FzcpYz4vmbc,3
bc1qaa7a64jw85uq5umpdvre4fmav3e3eehckg08p5,2
1FdB3YHwADAYqmk8n1XcUjui8mdyWM,3
3BH2mYrc2pScWSrYabZHWg5JBHUvGrRyaX,2
3hEvie2RxseAfusZ1ZsQCYdp1jVLSPSSz6,2
35SeyRxdapZ9pV3wJZXNqsnyUigBctN2QV,3
1oDAr5twqdTKbSsXV4s8uaMx7ozwN3jXq,2
1fKFSDpBeP6mwU6TfW4SAkiSy7HytU3S2g,2
3jxNNJ2ec6jrU6VfiuJvqApNURkZLTXG2Z,1
bc1sr8qnpcscsc34dp2ump3x2nvcj7ndp025crkm5q,3
bc12m6sgc9mcw9mlgk3kk0rz297cp26tt3vhz475hs,2
1hajdAqDAP2DKP72n859A9j7TQLP,2
18DrjyYf1cw6TAn5wS1aTVLEoeW8aWA2,2
3XgGjRnQxcixr9psw7RGJs4xjEs7k85Xfr,1
bc1qq8gd7ysudhv2u2wtsqq3tjs34rpm3jayg8srcu,2
bc1ucre3l4wt78j5x8p7pt2mmtygdk9ws589kj2a9q,3
3Yt2T1sxHKKC3S3ntv2gqavaQ9UKZ76twu,1
1ogXtsiXUWjG3t2AmSBicUonPZq,2
1ZowPkDe9pqpxqfcedbeNcxXZcM,2
bc1ukksvx2qlx8p0xfemac34gxmcx36tugxxreef7a,3
35C4jLhd2rYmVcFfZ57RCJi6c9tYZ8A9B8,2
1GJ22B3mJdheJYAjh6M5x1RPC1qZVn,2
3xkgcaTfHDjxzCqKM7QH11KAuGhkJZzwUX,1
1QVpCsFaxWx9mqiUNoTUwKtzw,2
1XpRrUxGkL89EYfisviXGxmvfrY,3
bc1mqxfc4sfwcdml0yzl8jd86dnq7qq686t9agp8y8,2
bc1xuwnwkfup45lh67m72ygwflldzskgyqjzdtze04,2
13F9tFs4BfZdu3DKbcaP6rv2625xCiEjAS,2
3fSFVzcVL9w2yh3yXEFrUUki1VaJKb11iw,2
bc12x7avvmhdealxq2nt4ns9f52ypzhhue5w3m72n3,1
3gQDWAnaeWSjFeHtnzsv8THcoSNaqFMJZx,2
37Z5NmZXY6f4kgVBVidTui6ZwZrhxjabAw,2
1JB9R6sYhuWcDhpCbDK1v2H5Xf,1
1FJ8MC61d6QwcHdFvtDdBosDHyQox,1
3Py4DZT2bSgaSDRZNLPHMWtgW2HPvfuM38,1
bc1r59ltftcq2jf0d96u8lxgpervg2nxtfm9z0u5lx,2
bc16hmuv24wc5l2qjkr4nqrzujkqu90pnqd325nkf9,3
3iNk77ujGpgE4ZX4EPmeRmbMYjyAjBdbZD,2
bc1y0scfz8adpex4p6v64ucpenefxq0ptzw60xt0pg,2
3AF7HFq8rrDsV1XueyVv1FLpSWVkM2MtdD,1
1ewmAKr3J1vd6bgia2Y4WtSSWnJc2i5bD8,2
14BaxFF99tTKmqAdGdapVj4MMoBt5HK8,3
3XKG72wKAiJsGxJEDCZAEXVThULsLsbxje,3
1xnKJKqbfUC1u9kFSX1fF3rRf,2
3KQzWf8oVZci3kDzYeoNcz9BdExaiLtdYH,3
1zgUbE6FFuFmeCtjv5GvmUL3PpJW,2
1NmPdJARBaXW3ENzPXqB8drgNuBWoScWNf,2
1bVHFJdijY3xw5Y9KUXQP8Xgx,2
1xZLz125DXB2rTPk9jHgZrdJPUbpg5K1Jg,2
bc1r8tu2cvkt8qtfds7hmukqa3hg4k3tne4fhlaa76,3
196ruyERPg7goTSsNxGS93HkyhQq2,3
1NcH1svsYLFLnsAtxJzonW9vzjhFR7kDxf,2
1TYMwfJcyhAeNCc4L8mQcBxSiBzu9hF,2
bc1suapzlr20axlfzdc6f2j0jfuk2u6756649qwsvw,2
1fkx7Gg6Pkrrt1xP744Ks2fYxtPYfZV,1
bc15nlvtq9x9k4vu5zwxvt8djw9pff26qf865tn9f2,1
1Y2nFpa6mQh9LV3wj3oPY2sMcpbpZm,1
3LnhtNpq3xAWrnCu8MGdoUggECRitMQDnT,1
1mmyU3pihTtNBzr8kfZACFNCXfJLRp9J,3
bc1rsa9snwmasetfkd28tr09649d4gga7lumj39tre,1
1hvm5iu8YyqTyNMTTYzBQryZ4a9,2
3E4CmVrFVV8gEg1oq7qYXTf2MC3jpCShZi,3
3tocrJfkvGJKpqCWycTZEyZVoW5Ynf88tZ,2
3eMiVZ1Sm3RNfudsaxcYmvfbTbRApqE7Ys,1
1hcZJ3gsdGMmUWJKnWijVkaXgTuJTj,1
13WNZTzvBcyYmmsjByW3KcYfHnZQ,3
bc1mmdkyl22q7h5gt536y0xdu2t5dferuw0eqafkej,2
1QurtRjpze4VTBeNFiypa98VSaa,2
bc1g8tvgv6qaf3fecl0cph9htxggxs9p0hdj80vt3s,2
1nSqZkZzuqkraqdCzRzP5uXtgKQpnp,2
bc18eph07ukgy0qfk6jc6g2mqsl9uqkcw5mqef2sg9,2
bc179vqsatzfhnh7uk6sj3cew44lj282l2wf5emvxm,3
1wodyzJcxNUovW8UGyjDYYAXBzKbe,2
3Fn2ojad4P2k1bQiNfwNS1bju8bBVU7Uph,1
3iGzc9wJJe2vo28NhpeMEfULiCXDxEibWj,1
3P1xR1cyQgMieQ9PjgnuPe2j8iAHeBg3tG,2
3XJhHVBdbYMnSQCMhVZTwcpP7F5vHEzq7q,3
3g3eoo8MNxCgqxN4XUqw23oLFUZtecccS8,3
13bK2VsRu83KtrwgFLmpy16xCGApV,2
1uDzt6nR7augYM82Mt2yVoWjFWg,3
bc1m5hgpqqg392znn3n44z4ky5ygs2ewx707phh7ss,3
1aiuQqHX6QuycqqrQAt7r3mQw6LSA,2
bc10uua9j82uf7vrz6w5z9whty6y3g97h8fg3y8mzf,1
1ok6BBJy9HrwZNLMgbG2qaa42PVYvosw,2
bc194c09kcxd53wcjuyrl7gj0p26vczamy5pqevhwh,3
1C4LzER1bo6Lbsxz7K4NSwDSY8u7RczsMC,3
1Gy7BUZZQBVf13gcsUYJ511graAGGuL,3
bc17ca8nw37t5jp20ftvvfmycdrhdwxjftddz7xmm6,2
3HoimLihrNpez7jHQqxvQz7eWUm4WeeDzc,2
1XuJf56ziK4ddTG4rEws6eF718,3
3DjGqQCDoBzrhCiZmFCWVKUSUyX39YE7sw,3
3Lq1iUCg9d12zGCndLNWWY83ZH9nkujBqx,1
3nqo36QRYVvzqcZkrsRTHaWw8GMNTgJhcb,3
1xnmSj8mik7RCczD3RFerXpwhg8tUbCLL2,1
34Zwmre67ccFjExSPZS9R2Kq72157NrSZ8,2
bc1nm5r9aj0epak5k9qjyczt0sn9mxr8zgqk69gz2s,2
1AddWrzaJ3ubqRcBzz9zXUed4bDuy,3
3BVAi5QRg3u4QB2aXUCUbVMFcXEGr1qWWq,3
143SYJHDU5Q9wNc3ZLjUWYUfdrs,2
bc1kkkeyy8ra4fks4qdpt9dw327nsjr9kn93lc4r9z,1
3wKhp8M43TvF5cN5LPuK1mFmPZPPzjo9rq,2
14sErAu6rEiFKVkqfxwMjDyWtEwR,3
bc1pfn6yauth8ynwwuwk65mc7pcelzddnvz5vq4hh9,2
3eoqSuHi7zAfVDXrUJuux612LTye7e397P,2
1iMAGoRsEYiMzjes6CVo3ieMwLqj,2
3QmANYC2dchR5nGzHhFRcWSAnp9vw36X8K,2
1bc4gTLKMKocJKs5REaedVRmHq1sAitK,1
1tMYjMaHm4M29rdycwKEUF395Fbq,3
